id_registro,fecha_publicacion,fuente_verificadora,url_origen,texto_crudo,categoria_original
1,2026-04-23T17:10:06,boliviaverifica.bo,https://boliviaverifica.bo/falso-dockweiler-no-anuncio-alianza-con-jp-velasco/,Falso: Dockweiler no anunció alianza con JP Velasco,Falso
2,2026-04-23T15:55:02,boliviaverifica.bo,https://boliviaverifica.bo/el-deber-no-publico-imagen-que-atribuye-a-otto-ritter-una-declaracion-sobre-angelica-sosa/,El Deber no publicó imagen que atribuye a Otto Ritter una declaración sobre Angélica Sosa,Falso
3,2026-04-19T18:37:44,boliviaverifica.bo,https://boliviaverifica.bo/es-falsa-la-publicacion-con-datos-preliminares-atribuida-a-red-uno-sobre-la-segunda-vuelta-en-chuquisaca/,Es falsa la publicación con “datos preliminares” atribuida a Red Uno sobre la segunda vuelta en Chuquisaca,Falso
4,2026-04-19T18:00:22,boliviaverifica.bo,https://boliviaverifica.bo/falso-imagen-de-mamen-saavedra-y-jp-velasco-fue-generada-con-ia/,Falso: imagen de Mamen Saavedra y JP Velasco fue generada con IA,Falso
5,2026-04-19T17:28:31,boliviaverifica.bo,https://boliviaverifica.bo/esta-no-es-la-cuenta-de-luis-ayllon-candidato-de-gente-nueva-de-chuquisaca/,"Esta no es la cuenta de Luís Ayllón, candidato de Gente Nueva de Chuquisaca",Falso
6,2026-04-19T16:25:04,boliviaverifica.bo,https://boliviaverifica.bo/la-encuesta-que-posiciona-a-oscar-chambi-con-45-en-oruro-es-falsa-y-no-esta-autorizada-por-el-tse/,La encuesta que posiciona a Óscar Chambi con 45% en Oruro es falsa y no está autorizada por el TSE,Falso
7,2026-04-19T15:17:16,boliviaverifica.bo,https://boliviaverifica.bo/encuesta-difundida-en-redes-que-posiciona-a-soruco-en-primer-lugar-es-falsa/,Encuesta difundida en redes que posiciona a Soruco en primer lugar es falsa,Falso
8,2026-04-19T13:50:20,boliviaverifica.bo,https://boliviaverifica.bo/audio-atribuido-al-candidato-luis-ayllon-fue-generado-con-inteligencia-artificial/,Audio atribuido al candidato Luis Ayllón fue generado con inteligencia artificial,Falso
9,2026-04-19T13:09:02,boliviaverifica.bo,https://boliviaverifica.bo/es-falso-que-mamen-saavedra-haya-pedido-votar-por-libre-el-video-fue-alterado-con-ia/,"Es falso que Mamen Saavedra haya pedido votar por Libre, el video fue alterado con IA",Falso
10,2026-04-19T09:34:47,boliviaverifica.bo,https://boliviaverifica.bo/este-audio-de-adrian-oliva-fue-manipulado-con-ia-incluso-el-video-de-unitel/,"Este audio de Adrián Oliva fue manipulado con IA, incluso el video de Unitel",Falso
11,2026-04-19T09:00:56,boliviaverifica.bo,https://boliviaverifica.bo/las-plantas-nucleares-modulares-si-generan-residuos-y-no-pueden-enterrarse-simplemente-como-afirmo-otto-ritter/,"Las plantas nucleares modulares sí generan residuos y no pueden enterrarse simplemente, como afirmó Otto Ritter",Falso
12,2026-04-15T18:30:58,boliviaverifica.bo,https://boliviaverifica.bo/es-falso-el-audio-atribuido-a-juan-carlos-medrano-que-circula-en-redes-tras-el-debate-electoral/,Es falso el audio atribuido a Juan Carlos Medrano que circula en redes tras el debate electoral,Falso
13,2026-04-15T16:47:24,boliviaverifica.bo,https://boliviaverifica.bo/deepfake-audio-atribuido-a-medrano-sobre-un-financiamiento-a-juan-pablo-velasco-es-falso/,Deepfake: Audio atribuido a Medrano sobre un financiamiento a Juan Pablo Velasco es falso,Falso
14,2026-04-14T20:26:53,boliviaverifica.bo,https://boliviaverifica.bo/es-falsa-la-encuesta-que-otorga-60-de-intencion-de-voto-a-tito-eguez-para-la-segunda-vuelta-en-el-beni/,Es falsa la encuesta que otorga 60 % de intención de voto a Tito Égüez para la segunda vuelta en el Beni,Falso
15,2026-04-14T19:54:28,boliviaverifica.bo,https://boliviaverifica.bo/no-hay-evidencia-de-que-luis-revilla-haya-sellado-una-alianza-con-santos-quispe/,No hay evidencia de que Luis Revilla haya sellado una alianza con Santos Quispe,Falso
16,2026-04-14T19:43:31,boliviaverifica.bo,https://boliviaverifica.bo/cristobal-colon-no-fue-el-primero-ni-el-unico-en-afirmar-que-la-tierra-es-redonda-ni-quien-lo-demostro/,"Cristóbal Colón no fue el primero ni el único en afirmar que la Tierra es redonda, ni quien lo demostró",Falso
17,2026-04-12T12:40:55,boliviaverifica.bo,https://boliviaverifica.bo/santa-cruz-es-falso-que-el-tribunal-supremo-electoral-haya-inhabilitado-al-candidato-juan-pablo-velasco/,Santa Cruz: Es falso que el Tribunal Supremo Electoral haya inhabilitado al candidato Juan Pablo Velasco,Falso
18,2026-04-11T19:20:21,boliviaverifica.bo,https://boliviaverifica.bo/juan-pablo-velasco-no-elogio-a-evo-morales-como-aseguran-en-un-video-en-tiktok/,Juan Pablo Velasco no elogió a Evo Morales como aseguran en un video en TikTok,Falso
19,2026-04-06T17:35:18,boliviaverifica.bo,https://boliviaverifica.bo/falso-no-existen-encuestas-de-segunda-vuelta-para-la-gobernacion-de-santa-cruz/,Falso: no existen encuestas de segunda vuelta para la Gobernación de Santa Cruz,Falso
20,2026-04-06T15:47:40,boliviaverifica.bo,https://boliviaverifica.bo/no-gente-nueva-no-estaba-haciendo-campana-politica-sino-de-limpieza/,"No, Gente Nueva no estaba haciendo campaña política, sino de limpieza",Falso
21,2026-04-06T04:01:20,boliviaverifica.bo,https://boliviaverifica.bo/la-paz-imagen-de-reaccion-de-yahuasi-por-determinacion-de-ngp-fue-generada-con-ia/,La Paz: imagen de reacción de Yahuasi por determinación de NGP fue generada con IA,Falso
22,2026-04-05T18:01:38,boliviaverifica.bo,https://boliviaverifica.bo/audio-atribuido-a-jp-velasco-con-terminos-racistas-fue-creado-con-inteligencia-artificial/,Audio atribuido a JP Velasco con términos racistas fue creado con inteligencia artificial,Falso
23,2026-04-04T12:26:07,boliviaverifica.bo,https://boliviaverifica.bo/oruro-votacion-digital-para-segunda-vuelta-no-tiene-validez-legal/,Oruro: votación digital para segunda vuelta no tiene validez legal,Falso
24,2026-04-02T09:19:50,boliviaverifica.bo,https://boliviaverifica.bo/circulan-sin-aval-del-tse-encuestas-sobre-la-segunda-vuelta-electoral-en-facebook/,Circulan sin aval del TSE encuestas sobre la segunda vuelta electoral en Facebook,Falso
25,2026-04-01T16:18:42,boliviaverifica.bo,https://boliviaverifica.bo/sondeos-sin-aval-en-tiktok-usan-el-logo-del-tse-para-desinformar/,Sondeos sin aval en TikTok usan el logo del TSE para desinformar,Falso
26,2026-04-01T10:25:35,boliviaverifica.bo,https://boliviaverifica.bo/esta-encuesta-sobre-la-segunda-vuelta-en-la-paz-no-tiene-autorizacion-del-tse/,Esta encuesta sobre la segunda vuelta en La Paz no tiene autorización del TSE,Falso
27,2026-03-30T17:48:03,boliviaverifica.bo,https://boliviaverifica.bo/luis-ayllon-no-dijo-que-se-debia-pagar-a-los-comunarios-para-ganar-la-segunda-vuelta/,Luis Ayllón no dijo que se debía pagar a los comunarios para ganar la segunda vuelta.,Falso
28,2026-03-28T13:48:46,boliviaverifica.bo,https://boliviaverifica.bo/el-excandidato-del-movimiento-tercer-sistema-mts-pretende-acercarse-a-los-candidatos-que-obtuvieron-mas-votos-y-que-se-habilitaron-para-la-segunda-vuelta-desde-las-cuentas-en-facebook-chasqui-tv/,Segunda vuelta: Patzi no indicó que pretende inhabilitar a Revilla,Falso
29,2026-03-26T13:45:21,boliviaverifica.bo,https://boliviaverifica.bo/es-falso-el-memorandum-que-habla-de-controles-para-evitar-la-fuga-de-leonardo-loza/,Es falso el memorándum que habla de controles para evitar la fuga de Leonardo Loza,Falso
30,2026-03-25T15:21:34,boliviaverifica.bo,https://boliviaverifica.bo/imagen-falsa-difunde-una-declaracion-inexistente-de-leonardo-loza-sobre-edmand-lara/,Imagen falsa difunde una declaración inexistente de Leonardo Loza sobre Edmand Lara,Falso
31,2026-03-24T19:12:05,boliviaverifica.bo,https://boliviaverifica.bo/santa-cruz-el-candidato-juan-carlos-subirana-no-dijo-que-voto-por-orlando-pena/,Santa Cruz: El candidato Juan Carlos Subirana no dijo que votó por Orlando Peña,Falso
32,2026-03-23T22:15:19,boliviaverifica.bo,https://boliviaverifica.bo/tarija-johnny-torres-no-anuncio-su-renuncia-a-la-carrera-electoral/,Tarija: Johnny Torres no anunció su renuncia a la carrera electoral,Falso
33,2026-03-23T21:58:52,boliviaverifica.bo,https://boliviaverifica.bo/carece-de-validez-la-encuesta-sobre-la-alcaldia-de-oruro-difundida-por-la-cuenta-tu-voto-oruro/,Carece de validez la encuesta sobre la Alcaldía de Oruro difundida por la cuenta Tu Voto Oruro,Falso
34,2026-03-23T19:13:25,boliviaverifica.bo,https://boliviaverifica.bo/falso-resultados-de-boca-de-urna-en-la-paz-carecen-de-validez-y-sustento-tecnico/,Falso: resultados de “boca de urna” en La Paz carecen de validez y sustento técnico,Falso
35,2026-03-23T18:32:41,boliviaverifica.bo,https://boliviaverifica.bo/es-falso-que-el-vicepresidente-pidiera-cuidar-el-voto-en-el-exterior/,Es falso que el vicepresidente pidiera cuidar el voto en el exterior,Falso
36,2026-03-23T18:32:02,boliviaverifica.bo,https://boliviaverifica.bo/esta-boca-de-urna-de-candidatos-a-la-gobernacion-del-beni-no-es-valida/,Esta boca de urna de candidatos a la gobernación del Beni no es válida,Falso
37,2026-03-23T17:28:33,boliviaverifica.bo,https://boliviaverifica.bo/la-paz-es-falso-que-el-candidato-jhonny-plata-haya-sido-inhabilitacion-para-las-elecciones-subnacionales/,La Paz: Es falso que el candidato Jhonny Plata haya sido inhabilitación para las elecciones subnacionales,Falso
38,2026-03-22T19:17:49,boliviaverifica.bo,https://boliviaverifica.bo/resultados-de-boca-de-urna-que-favorecen-a-albarracin-no-tienen-aval-del-oep/,Resultados de boca de urna que favorecen a Albarracín no tienen aval del OEP,Falso
39,2026-03-22T19:07:19,boliviaverifica.bo,https://boliviaverifica.bo/el-tse-no-autorizo-la-realizacion-de-estudios-ni-publicacion-de-resultados-a-boca-de-urna/,EL TSE no autorizó la realización de estudios ni publicación de resultados a boca de urna,Falso
40,2026-03-22T18:00:16,boliviaverifica.bo,https://boliviaverifica.bo/es-falso-que-existan-resultados-de-boca-de-urna-para-la-alcaldia-de-la-paz/,Es falso que existan resultados de “boca de urna” para la Alcaldía de La Paz,Falso
41,2026-03-22T17:20:53,boliviaverifica.bo,https://boliviaverifica.bo/unitel-no-publico-estos-resultados-en-boca-de-urna-sobre-candidatos-a-la-gobernacion-de-oruro/,Unitel no publicó estos resultados en boca de urna sobre candidatos a la Gobernación de Oruro,Falso
42,2026-03-22T16:49:37,boliviaverifica.bo,https://boliviaverifica.bo/el-alto-es-falso-que-el-candidato-david-vargas-volvio-a-ser-habilitado/,El Alto: Es falso que el candidato David Vargas volvió a ser habilitado,Falso
43,2026-03-22T16:28:36,boliviaverifica.bo,https://boliviaverifica.bo/imagenes-creadas-con-ia-muestran-falsas-alianzas-de-candidatos-con-eva-copa/,Imagenes creadas con IA muestran falsas alianzas de candidatos con Eva Copa,Falso
44,2026-03-22T16:17:40,boliviaverifica.bo,https://boliviaverifica.bo/tarija-votar-en-casilla-sin-fotografia-en-papeleta-departamental-no-anula-el-voto/,Tarija: votar en casilla sin fotografía en papeleta departamental no anula el voto,Falso
45,2026-03-22T16:08:53,boliviaverifica.bo,https://boliviaverifica.bo/es-falso-el-video-de-sogliano-maltratando-a-un-perro-fue-generado-con-ia/,Es falso el video de Sogliano maltratando a un perro; fue generado con IA,Falso
46,2026-03-22T14:12:56,boliviaverifica.bo,https://boliviaverifica.bo/falso-difunden-frases-inexistentes-de-rodrigo-paz-sobre-luis-revilla/,Falso: Difunden frases inexistentes de Rodrigo Paz sobre Luis Revilla,Falso
47,2026-03-22T13:37:11,boliviaverifica.bo,https://boliviaverifica.bo/es-falso-que-leonardo-loza-haya-sido-inhabilitado-por-violar-el-silencio-electoral/,Es falso que Leonardo Loza haya sido inhabilitado por violar el silencio electoral,Falso
48,2026-03-22T12:58:41,boliviaverifica.bo,https://boliviaverifica.bo/es-falso-que-el-ted-haya-inhabilitado-a-jp-velasco-como-afirma-un-video-en-tiktok/,Es falso que el TED haya inhabilitado a JP Velasco como afirma un video en TikTok,Falso
49,2026-03-21T13:17:40,boliviaverifica.bo,https://boliviaverifica.bo/es-falsa-la-encuesta-sobre-la-gobernacion-de-santa-cruz-atribuida-a-unitel/,Es falsa la encuesta sobre la Gobernación de Santa Cruz atribuida a Unitel,Falso
50,2026-03-20T18:07:11,boliviaverifica.bo,https://boliviaverifica.bo/un-comunicado-falso-atribuido-al-tse-circula-por-whatsapp-y-anuncia-la-inhabilitacion-de-tres-candidatos-en-la-paz/,Un comunicado falso atribuido al TSE circula por WhatsApp y anuncia la inhabilitación de tres candidatos en La Paz,Falso
51,2026-03-19T16:36:39,boliviaverifica.bo,https://boliviaverifica.bo/es-falso-que-dos-vocales-del-ted-oruro-hayan-sido-destituidos-como-afirma-una-publicacion-atribuida-al-diario-la-patria/,"Es falso que dos vocales del TED Oruro hayan sido destituidos, como afirma una publicación atribuida al diario La Patria",Falso
52,2026-03-19T14:32:35,boliviaverifica.bo,https://boliviaverifica.bo/oruro-es-falso-que-la-alianza-jacha-sol-haya-sido-anulada/,Oruro: es falso que la alianza Jach’a-SOL haya sido anulada,Falso
53,2026-03-18T23:23:35,boliviaverifica.bo,https://boliviaverifica.bo/es-falso-que-maria-galindo-se-reunio-con-garcia-linera-para-atacar-a-waldo-albarracin/,Es falso que María Galindo se reunió con García Linera para atacar a Waldo Albarracín,Falso
54,2026-03-18T19:39:31,boliviaverifica.bo,https://boliviaverifica.bo/usan-el-logo-de-unitel-para-difundir-una-declaracion-falsa-de-rodrigo-paz-sobre-luis-revilla/,Usan el logo de Unitel para difundir una declaración falsa de Rodrigo Paz sobre Luis Revilla,Falso
55,2026-03-18T19:36:31,boliviaverifica.bo,https://boliviaverifica.bo/encuesta-electoral-difundida-en-redes-sobre-la-gobernacion-de-la-paz-no-presenta-ficha-tecnica/,Encuesta electoral difundida en redes sobre la Gobernación de La Paz no presenta ficha técnica,Falso
56,2026-03-18T18:51:12,boliviaverifica.bo,https://boliviaverifica.bo/luis-fernando-camacho-no-dijo-que-el-pueblo-cruceno-le-debe-tres-anos-de-gestion/,Luis Fernando Camacho no dijo que el pueblo cruceño le debe tres años de gestión,Falso
57,2026-03-18T12:28:27,boliviaverifica.bo,https://boliviaverifica.bo/carece-de-validez-el-sondeo-final-para-la-alcaldia-de-la-paz-difundido-en-facebook-con-logo-de-las-elecciones-subnacionales-2026/,Carece de validez el “sondeo final” para la Alcaldía de La Paz difundido en Facebook con logo de las elecciones subnacionales 2026,Falso
58,2026-03-17T14:45:53,boliviaverifica.bo,https://boliviaverifica.bo/imagen-viral-atribuye-a-urgente-bo-una-afirmacion-falsa-sobre-luis-revilla/,Imagen viral atribuye a Urgente.bo una afirmación falsa sobre Luis Revilla,Falso
59,2026-03-17T11:34:10,boliviaverifica.bo,https://boliviaverifica.bo/imagenes-de-andres-gomez-y-samuel-doria-medina-son-falsas/,Imágenes de Andrés Gómez y Samuel Doria Medina son falsas,Falso
60,2026-03-17T11:05:03,boliviaverifica.bo,https://boliviaverifica.bo/se-difunde-una-encuesta-falsa-y-sin-respaldo-para-santa-cruz-en-una-cuenta-de-facebook/,Se difunde una encuesta falsa y sin respaldo para Santa Cruz en una cuenta de Facebook,Falso
61,2026-03-16T13:56:39,boliviaverifica.bo,https://boliviaverifica.bo/es-falsa-la-publicacion-que-perfila-a-jhonny-plata-como-ganador-del-debate-y-que-utiliza-logos-de-unitel/,Es falsa la publicación que perfila a Jhonny Plata como ganador del debate y que utiliza logos de Unitel,Falso
62,2026-03-16T12:26:35,boliviaverifica.bo,https://boliviaverifica.bo/es-falso-que-jhonny-plata-participe-por-primera-vez-en-una-contienda-electoral-municipal/,Es falso que Jhonny Plata participe por primera vez en una contienda electoral municipal,Falso
63,2026-03-14T13:51:01,boliviaverifica.bo,https://boliviaverifica.bo/mario-cossio-no-esta-habilitado-para-postular-a-la-gobernacion-de-tarija/,Mario Cossío no está habilitado para postular a la Gobernación de Tarija,Falso
64,2026-03-13T12:46:18,boliviaverifica.bo,https://boliviaverifica.bo/video-viral-usa-fragmentos-de-un-noticiero-de-unitel-para-difundir-informacion-falsa-sobre-vinculos-entre-mamen-saavedra-y-marset/,Video viral usa fragmentos de un noticiero de Unitel para difundir información falsa sobre vínculos entre Mamén Saavedra y Marset,Falso
65,2026-03-12T11:42:54,boliviaverifica.bo,https://boliviaverifica.bo/imagen-usa-el-logo-de-unitel-para-atribuir-una-frase-falsa-a-luis-revilla/,Imagen usa el logo de Unitel para atribuir una frase falsa a Luis Revilla,Falso
66,2026-03-10T19:29:51,boliviaverifica.bo,https://boliviaverifica.bo/es-falso-video-afirma-que-mamen-saavedra-declino-asistir-al-debate-convocado-por-el-tribunal-electoral/,Es falso: video afirma que “Mamén” Saavedra declinó asistir al debate convocado por el Tribunal Electoral,Falso
67,2026-03-10T17:14:02,boliviaverifica.bo,https://boliviaverifica.bo/luciana-campero-no-anuncio-su-renuncia-a-su-candidatura-a-la-alcaldia-de-tarija/,Luciana Campero no anunció su renuncia a su candidatura a la Alcaldía de Tarija,Falso
68,2026-03-09T22:37:41,boliviaverifica.bo,https://boliviaverifica.bo/difunden-una-encuesta-falsa-atribuida-a-unitel-sobre-la-alcaldia-de-la-paz/,Difunden una encuesta falsa atribuida a Unitel sobre la Alcaldía de La Paz,Falso
69,2026-03-09T20:05:06,boliviaverifica.bo,https://boliviaverifica.bo/imagen-manipulada-atribuye-a-luis-revilla-una-declaracion-falsa-sobre-el-50-50/,Imagen manipulada atribuye a Luis Revilla una declaración falsa sobre el 50/50,Falso
70,2026-03-09T18:56:47,boliviaverifica.bo,https://boliviaverifica.bo/usan-el-logo-de-bolivia-verifica-elecciones-para-difundir-una-encuesta-falsa-que-no-tiene-aval-del-oep/,Usan el logo de Bolivia Verifica Elecciones para difundir una encuesta falsa que no tiene aval del OEP,Falso
71,2026-03-08T08:10:24,boliviaverifica.bo,https://boliviaverifica.bo/unitel-no-presento-nuevos-datos-de-encuestas-en-el-eje-central/,Unitel no presentó nuevos datos de encuestas en el eje central,Falso
72,2026-03-04T17:01:24,boliviaverifica.bo,https://boliviaverifica.bo/unitel-no-publico-esta-encuesta-de-intencion-de-voto-para-gobernador-de-beni/,Unitel no publicó esta encuesta de intención de voto para gobernador de Beni,Falso
73,2026-02-27T17:20:59,boliviaverifica.bo,https://boliviaverifica.bo/es-falso-que-unitel-haya-difundido-una-encuesta-electoral-para-la-alcaldia-de-sucre/,Es falso que Unitel haya difundido una encuesta electoral para la Alcaldía de Sucre,Falso
74,2026-02-27T17:00:21,boliviaverifica.bo,https://boliviaverifica.bo/es-falsa-la-encuesta-para-la-alcaldia-de-oruro-que-circula-en-redes-sociales-con-el-logo-de-unitel/,Es falsa la encuesta para la Alcaldía de Oruro que circula en redes sociales con el logo de UNITEL,Falso
75,2026-02-27T13:55:59,boliviaverifica.bo,https://boliviaverifica.bo/es-falsa-la-publicacion-que-atribuye-a-rodrigo-paz-un-condicionamiento-de-votos-para-luis-revilla/,Es falsa la publicación que atribuye a Rodrigo Paz un condicionamiento de votos para Luis Revilla,Falso
76,2026-02-27T10:11:31,boliviaverifica.bo,https://boliviaverifica.bo/desinformacion-en-redes-encuesta-electoral-en-unitel-cumplio-con-requisitos-tecnicos/,Desinformación en redes: encuesta electoral en Unitel cumplió con requisitos técnicos,Falso
77,2026-02-25T17:21:22,boliviaverifica.bo,https://boliviaverifica.bo/esta-encuesta-de-intencion-de-voto-para-la-gobernacion-de-tarija-es-falsa/,Esta encuesta de intención de voto para la Gobernación de Tarija es falsa,Falso
78,2026-02-24T11:45:42,boliviaverifica.bo,https://boliviaverifica.bo/falso-usan-un-video-del-explainer-para-difundir-acusaciones-personales-contra-mamen-saavedra/,Falso: Usan un video del Explainer para difundir acusaciones personales contra Mamen Saavedra,Falso
79,2026-02-23T16:33:44,boliviaverifica.bo,https://boliviaverifica.bo/encuesta-para-gobernacion-de-la-paz-atribuida-a-red-uno-es-falsa/,Encuesta para Gobernación de La Paz atribuida a Red Uno es falsa,Falso
80,2026-02-23T11:41:27,boliviaverifica.bo,https://boliviaverifica.bo/es-falsa-encuesta-que-muestra-a-merlo-y-yahuasi-liderando-intencion-de-voto-en-la-paz/,Es falsa encuesta que muestra a Merlo y Yahuasi liderando intención de voto en La Paz,Falso
81,2026-02-22T15:07:01,boliviaverifica.bo,https://boliviaverifica.bo/fotografia-de-jhonny-fernandez-y-mamen-saavedra-fue-creada-con-la-ia-de-google/,Fotografía de Jhonny Fernández y Mamen Saavedra fue creada con la IA de Google,Falso
82,2026-02-21T17:24:51,boliviaverifica.bo,https://boliviaverifica.bo/tse-no-autorizo-aun-realizar-estudios-de-opinion-en-tarija-esta-encuesta-es-invalida/,TSE no autorizó aún realizar estudios de opinión en Tarija; esta encuesta es inválida,Falso
83,2026-02-21T09:56:48,boliviaverifica.bo,https://boliviaverifica.bo/sucre-cristian-sanabria-no-dijo-que-cerrara-el-albergue-para-mascotas-puka-puka-si-llega-a-la-alcaldia/,Sucre: Cristian Sanabria no dijo que cerrará el albergue para mascotas Puka Puka si llega a la alcaldía,Falso
84,2026-02-20T18:41:12,boliviaverifica.bo,https://boliviaverifica.bo/santa-cruz-alfredo-solares-no-propuso-nuevas-rutas-para-que-micros-lleguen-a-zonas-exclusivas/,Santa Cruz: Alfredo Solares no propuso nuevas rutas para que micros lleguen a zonas exclusivas,Falso
85,2026-02-20T15:09:06,boliviaverifica.bo,https://boliviaverifica.bo/audio-atribuido-a-javier-bellott-en-tiktok-no-es-real-fue-creado-con-ia/,"Audio atribuido a Javier Bellott en TikTok no es real, fue creado con IA",Falso
86,2026-02-20T12:22:49,boliviaverifica.bo,https://boliviaverifica.bo/chuquisaca-es-falso-que-exista-un-distanciamiento-entre-los-candidatos-ayllon-y-tardio/,Chuquisaca: Es falso que exista un distanciamiento entre los candidatos Ayllón y Tardío,Falso
87,2026-02-19T17:45:29,boliviaverifica.bo,https://boliviaverifica.bo/encuesta-que-circula-en-redes-para-la-alcaldia-de-santa-cruz-es-falsa/,Encuesta que circula en redes para la Alcaldía de Santa Cruz es falsa,Falso
88,2026-02-17T14:50:52,boliviaverifica.bo,https://boliviaverifica.bo/atb-no-publico-este-contenido-ni-guarda-relacion-con-su-linea-informativa/,ATB no publicó este contenido ni guarda relación con su línea informativa,Falso
89,2026-02-17T14:47:55,boliviaverifica.bo,https://boliviaverifica.bo/el-oep-no-realizo-ni-difundio-esta-encuesta-de-intencion-de-voto-para-la-alcaldia-de-sucre/,El OEP no realizó ni difundió esta encuesta de intención de voto para la Alcaldía de Sucre,Falso
90,2026-02-16T13:55:36,boliviaverifica.bo,https://boliviaverifica.bo/usan-ia-para-clonar-la-voz-de-pepe-pomacusi-y-atribuirle-ataques-contra-mamen-saavedra/,Usan IA para clonar la voz de Pepe Pomacusi y atribuirle ataques contra Mamen Saavedra,Falso
91,2026-02-16T13:03:14,boliviaverifica.bo,https://boliviaverifica.bo/elecciones-subnacionales-2026-el-tribunal-supremo-electoral-no-inhabilito-a-juan-pablo-velasco/,Elecciones Subnacionales 2026: el Tribunal Supremo Electoral no inhabilitó a Juan Pablo Velasco,Falso
92,2026-02-15T17:58:34,boliviaverifica.bo,https://boliviaverifica.bo/es-falsa-la-encuesta-que-posiciona-a-riony-villarroel-para-la-alcaldia-de-sacaba/,Es falsa la encuesta que posiciona a Riony Villarroel para la Alcaldía de Sacaba,Falso
93,2026-02-10T17:36:51,boliviaverifica.bo,https://boliviaverifica.bo/encuesta-de-databol-sobre-la-gobernacion-de-santa-cruz-circula-sin-respaldo-oficial-ni-ficha-tecnica/,Encuesta de “Databol” sobre la Gobernación de Santa Cruz circula sin respaldo oficial ni ficha técnica,Falso
94,2026-02-09T17:59:15,boliviaverifica.bo,https://boliviaverifica.bo/falso-circula-encuesta-inexistente-sobre-la-intencion-de-voto-en-la-ciudad-la-paz/,Falso: Circula encuesta inexistente sobre la intención de voto en la ciudad La Paz,Falso
95,2026-02-09T13:34:33,boliviaverifica.bo,https://boliviaverifica.bo/video-generado-con-ia-usa-la-imagen-de-brissa-pabon-para-difundir-informacion-falsa/,Video generado con IA usa la imagen de Brissa Pabón para difundir información falsa,Falso
96,2026-02-09T13:30:40,boliviaverifica.bo,https://boliviaverifica.bo/gobernacion-de-la-paz-unitel-no-publico-una-encuesta-que-situa-a-revilla-y-patzi-lideres-en-intencion-de-voto/,Gobernación de La Paz: Unitel no publicó una encuesta que sitúa a Revilla y Patzi líderes en intención de voto,Falso
97,2026-02-06T17:52:51,boliviaverifica.bo,https://boliviaverifica.bo/encuesta-que-muestra-a-mamen-y-solares-liderando-intencion-de-voto-en-santa-cruz-es-falsa/,Encuesta que muestra a Mamen y Solares liderando intención de voto en Santa Cruz es falsa,Falso
98,2026-02-06T15:32:46,boliviaverifica.bo,https://boliviaverifica.bo/red-uno-y-captura-consulting-no-publicaron-ninguna-encuesta-de-intencion-de-voto-para-la-gobernacion-de-santa-cruz-2/,Red Uno y Captura Consulting no publicaron ninguna encuesta de intención de voto para la Gobernación de Santa Cruz,Falso
99,2026-02-06T12:24:45,boliviaverifica.bo,https://boliviaverifica.bo/red-uno-y-captura-consulting-no-publicaron-ninguna-encuesta-de-intencion-de-voto-para-la-gobernacion-de-santa-cruz/,Red Uno y Captura Consulting no publicaron ninguna encuesta de intención de voto para la Gobernación de Santa Cruz,Falso
100,2026-02-05T22:25:37,boliviaverifica.bo,https://boliviaverifica.bo/no-existen-encuestas-oficiales-este-titular-no-le-pertenece-a-el-deber/,No existen encuestas oficiales; este titular no le pertenece a El Deber,Falso
101,2026-02-05T17:47:14,boliviaverifica.bo,https://boliviaverifica.bo/circula-encuesta-falsa-de-la-alcaldia-de-el-alto-no-tiene-ficha-tecnica-ni-aval-del-tse/,"Circula encuesta falsa de la Alcaldía de El Alto, no tiene ficha técnica ni aval del TSE",Falso
102,2026-02-05T12:02:43,boliviaverifica.bo,https://boliviaverifica.bo/usan-ia-para-fabricar-un-video-de-la-candidata-fatima-tardio-con-declaraciones-falsas-sobre-la-usfx/,Usan IA para fabricar un video de la candidata Fátima Tardío con declaraciones falsas sobre la USFX,Falso
103,2026-02-03T12:24:57,boliviaverifica.bo,https://boliviaverifica.bo/cochabamba-encuesta-a-nombre-del-centro-de-proyeccion-de-datos-no-tiene-aval-tecnico/,Cochabamba: encuesta a nombre del Centro de Proyección de Datos no tiene aval técnico,Falso
104,2026-02-02T19:12:01,boliviaverifica.bo,https://boliviaverifica.bo/foto-de-evo-morales-que-se-comparte-como-si-hubiera-reaparecido-es-de-2024/,Foto de Evo Morales que se comparte como si hubiera reaparecido es de 2024,Falso
105,2026-02-02T19:06:25,boliviaverifica.bo,https://boliviaverifica.bo/es-falsa-la-encuesta-de-intencion-de-voto-atribuida-a-datum-internacional-para-la-alcaldia-de-la-paz/,Es falsa la encuesta de intención de voto atribuida a Datum Internacional para la Alcaldía de La Paz,Falso
106,2026-02-02T18:17:09,boliviaverifica.bo,https://boliviaverifica.bo/es-falsa-la-encuesta-sobre-intencion-de-voto-atribuida-a-el-deber-para-la-gobernacion-de-santa-cruz/,Es falsa la encuesta sobre intención de voto atribuida a El Deber para la Gobernación de Santa Cruz,Falso
107,2026-02-01T17:23:08,boliviaverifica.bo,https://boliviaverifica.bo/cochabamba-uif-no-vinculo-al-candidato-javier-bellott-en-la-lista-de-empresarios-ligados-al-banco-fassil/,Cochabamba: UIF no vinculó al candidato Javier Bellott en la lista de empresarios ligados al Banco Fassil,Falso
108,2026-01-17T11:30:16,boliviaverifica.bo,https://boliviaverifica.bo/databol-no-es-una-empresa-autorizada-por-el-tse-para-difundir-encuestas-electorales/,Databol no es una empresa autorizada por el TSE para difundir encuestas electorales,Falso
109,2026-01-12T16:18:50,boliviaverifica.bo,https://boliviaverifica.bo/es-falso-que-harol-lora-sea-candidato-a-concejal-junto-a-oscar-sogliano/,Es falso que Harold Lora sea candidato a concejal junto a Óscar Sogliano,Falso
110,2026-01-12T08:08:52,boliviaverifica.bo,https://boliviaverifica.bo/captura-consulting-no-difundio-encuesta-electoral-para-la-alcaldia-de-el-alto/,Captura Consulting no difundió encuesta electoral para la Alcaldía de El Alto,Falso
111,2026-01-06T16:37:01,boliviaverifica.bo,https://boliviaverifica.bo/encuesta-en-la-que-mendoza-lidera-la-intencion-de-voto-en-la-alcaldia-de-porongo-es-falsa/,Encuesta en la que Mendoza lidera la intención de voto en la alcaldía de Porongo es falsa,Falso
112,2025-12-09T10:31:28,boliviaverifica.bo,https://boliviaverifica.bo/el-gobierno-anuncio-una-reduccion-del-30-del-deficit-fiscal-no-del-gasto-del-estado-como-dijo-doria-medina/,"El Gobierno anunció una reducción del 30% del déficit fiscal, no del gasto del Estado, como dijo Doria Medina",Falso
113,2025-11-02T18:20:18,boliviaverifica.bo,https://boliviaverifica.bo/unitel-no-presento-estos-datos-para-la-alcaldia-de-la-paz-este-contenido-es-falso/,Unitel no presentó estos datos para la Alcaldía de La Paz; este contenido es falso,Falso
114,2025-11-02T14:06:45,boliviaverifica.bo,https://boliviaverifica.bo/102901-2/,El vicepresidente electo no propuso ser socio de TikTok a China,Falso
115,2025-11-01T18:21:11,boliviaverifica.bo,https://boliviaverifica.bo/este-reclamo-de-lara-a-paz-fue-generado-digitalmente/,Este reclamo de Lara a Paz fue generado digitalmente,Falso
116,2025-10-30T17:46:01,boliviaverifica.bo,https://boliviaverifica.bo/es-falso-que-edmand-lara-haya-ido-con-chinelas-a-la-reunion-con-choquehuanca-por-la-transicion-de-gobierno/,Es falso que Edmand Lara haya ido con chinelas a la reunión con Choquehuanca por la transición de gobierno,Falso
117,2025-10-30T16:46:35,boliviaverifica.bo,https://boliviaverifica.bo/rodrigo-paz-no-dijo-que-la-nacionalizacion-de-vehiculos-chutos-sera-solo-para-automoviles-electricos/,Rodrigo Paz no dijo que la nacionalización de vehículos chutos será solo para automóviles eléctricos,Falso
118,2025-10-30T11:48:37,boliviaverifica.bo,https://boliviaverifica.bo/no-existe-un-revocatorio-ni-encuestas-de-tercera-vuelta-para-las-presidenciales-esta-imagen-que-da-por-ganador-a-lara-es-falsa/,No existe un revocatorio ni encuestas de tercera vuelta para las presidenciales; esta imagen que da por ganador a Lara es falsa,Falso
119,2025-10-29T16:37:26,boliviaverifica.bo,https://boliviaverifica.bo/es-falso-que-el-presidente-electo-rodrigo-paz-haya-anunciado-un-bono-para-la-mujer-de-bs-950/,Es falso que el presidente electo Rodrigo Paz haya anunciado un bono para la mujer de Bs 950,Falso
120,2025-10-28T19:45:10,boliviaverifica.bo,https://boliviaverifica.bo/en-este-video-paz-no-se-refiere-a-lara-sino-a-morales-la-grabacion-es-de-2024/,"En este video, Paz no se refiere a Lara, sino a Morales; la grabación es de 2024",Falso
121,2025-10-28T15:48:05,boliviaverifica.bo,https://boliviaverifica.bo/el-gobierno-estadounidense-no-condiciono-ayuda-economica-a-bolivia-a-cambio-del-retorno-de-la-dea/,El gobierno estadounidense no condicionó ayuda económica a Bolivia a cambio del retorno de la DEA,Falso
122,2025-10-27T19:57:32,boliviaverifica.bo,https://boliviaverifica.bo/eva-copa-no-asistio-a-votar-en-el-balotaje-por-motivos-de-salud-no-por-participar-en-una-entrada-folclorica/,"Eva Copa no asistió a votar en el balotaje por motivos de salud, no por participar en una entrada folclórica",Falso
123,2025-10-23T16:03:37,boliviaverifica.bo,https://boliviaverifica.bo/el-presidente-electo-de-bolivia-no-advirtio-con-procesar-por-racismo-y-discriminacion-a-quienes-hagan-memes-sobre-su-proyecto/,El presidente electo de Bolivia no advirtió con procesar por racismo y discriminación a quienes hagan memes sobre su proyecto,Falso
124,2025-10-22T16:05:21,boliviaverifica.bo,https://boliviaverifica.bo/nicolas-maduro-no-felicito-a-rodrigo-paz-por-las-elecciones-en-bolivia/,Nicolás Maduro no felicitó a Rodrigo Paz por las elecciones en Bolivia,Falso
125,2025-10-21T16:53:35,boliviaverifica.bo,https://boliviaverifica.bo/un-video-creado-con-ia-usa-la-imagen-de-rodrigo-paz-para-promocionar-un-proyecto-falso-de-inversion/,Un video creado con IA usa la imagen de Rodrigo Paz para promocionar un proyecto falso de inversión,Falso
126,2025-10-21T12:45:24,boliviaverifica.bo,https://boliviaverifica.bo/no-es-verdad-que-jorge-quiroga-se-fue-a-eeuu-despues-de-la-segunda-vuelta/,No es verdad que Jorge Quiroga se fue a EEUU después de la segunda vuelta,Falso
127,2025-10-20T20:31:02,boliviaverifica.bo,https://boliviaverifica.bo/imagen-que-muestra-a-jorge-quiroga-como-ganador-de-la-segunda-vuelta-fue-alterada/,Imagen que muestra a Jorge Quiroga como ganador de la segunda vuelta fue alterada,Falso
128,2025-10-19T20:10:01,boliviaverifica.bo,https://boliviaverifica.bo/video-de-morales-en-el-que-menciona-que-lara-lo-traiciono-y-pidiendo-voto-nulo-fue-creado-con-ia/,Video de Morales en el que menciona que Lara lo traicionó y pidiendo voto nulo fue creado con IA,Falso
129,2025-10-19T19:26:52,boliviaverifica.bo,https://boliviaverifica.bo/ee-uu-no-anuncio-eliminacion-de-visas-para-bolivianos-si-gana-tuto-quiroga/,EE.UU. no anunció eliminación de visas para bolivianos si gana Tuto Quiroga,Falso
130,2025-10-19T18:13:36,boliviaverifica.bo,https://boliviaverifica.bo/cnn-no-informo-que-bolivia-seria-mas-pobre-que-venezuela-con-paz-y-lara-en-el-gobierno/,CNN no informó que Bolivia sería más pobre que Venezuela con Paz y Lara en el gobierno,Falso
131,2025-10-19T16:16:54,boliviaverifica.bo,https://boliviaverifica.bo/102593-2/,Es falso que organismos internacionales hayan acordado retirar su apoyo a Bolivia si Paz y Lara asumen el poder,Falso
132,2025-10-19T15:30:24,boliviaverifica.bo,https://boliviaverifica.bo/no-el-voto-de-juan-pablo-velasco-no-fue-anulado/,"No, el voto de Juan Pablo Velasco no fue anulado",Falso
133,2025-10-19T14:51:18,boliviaverifica.bo,https://boliviaverifica.bo/unitel-no-anuncio-resultados-preliminares-a-media-jornada/,Unitel no anunció resultados preliminares a media jornada,Falso
134,2025-10-19T12:32:26,boliviaverifica.bo,https://boliviaverifica.bo/la-cob-no-anuncio-conflictos-en-la-ciudad-de-la-paz-si-quiroga-gana-las-elecciones/,La COB no anunció conflictos en la ciudad de La Paz si Quiroga gana las elecciones,Falso
135,2025-10-19T12:17:00,boliviaverifica.bo,https://boliviaverifica.bo/es-falso-que-el-tse-haya-prohibido-ingresar-al-recinto-de-votacion-con-celulares-con-camara/,Es falso que el TSE haya prohibido ingresar al recinto de votación con celulares con cámara,Falso
136,2025-10-19T12:15:48,boliviaverifica.bo,https://boliviaverifica.bo/es-falso-el-video-que-muestra-el-conteo-de-votos-de-japon-en-favor-del-pdc/,Es falso el video que muestra el conteo de votos de Japón en favor del PDC,Falso
137,2025-10-18T12:07:06,boliviaverifica.bo,https://boliviaverifica.bo/esta-publicacion-sobre-el-voto-nulo-no-fue-difundida-por-bolivia-verifica/,Esta publicación sobre el voto nulo no fue difundida por Bolivia Verifica,Falso
138,2025-10-17T21:07:49,boliviaverifica.bo,https://boliviaverifica.bo/circulan-falsas-instrucciones-de-voto-que-buscan-perjudicar-a-los-binomios-en-el-balotaje/,Circulan falsas instrucciones de voto que buscan perjudicar a los binomios en el balotaje,Falso
139,2025-10-16T20:16:05,boliviaverifica.bo,https://boliviaverifica.bo/no-es-cierto-que-el-subsidio-a-los-hidrocarburos-tal-como-rige-hoy-haya-empezado-en-el-gobierno-de-quiroga/,"No es cierto que el subsidio a los hidrocarburos, tal como rige hoy, haya empezado en el gobierno de Quiroga",Falso
140,2025-10-13T15:47:32,boliviaverifica.bo,https://boliviaverifica.bo/evo-morales-no-ordeno-a-sus-bases-votar-por-edmand-lara/,Evo Morales no ordenó a sus bases votar por Edmand Lara,Falso
141,2025-10-12T15:48:13,boliviaverifica.bo,https://boliviaverifica.bo/lara-no-asistio-al-cierre-de-campana-en-la-paz-por-problemas-de-salud-de-su-esposa-no-por-la-altura/,"Lara no asistió al cierre de campaña en La Paz por problemas de salud de su esposa, no por la altura",Falso
142,2025-10-11T17:17:52,boliviaverifica.bo,https://boliviaverifica.bo/declaracion-de-lara-sobre-venezuela-e-impresion-de-billetes-fue-manipulada-con-ia/,Declaración de Lara sobre Venezuela e impresión de billetes fue manipulada con IA,Falso
143,2025-10-10T17:29:10,boliviaverifica.bo,https://boliviaverifica.bo/son-falsos-los-videos-donde-jorge-quiroga-y-yassir-molina-se-expresan-de-manera-discriminatoria/,Son falsos los videos donde Jorge Quiroga y Yassir Molina se expresan de manera discriminatoria,Falso
144,2025-10-10T17:25:57,boliviaverifica.bo,https://boliviaverifica.bo/no-hay-evidencia-de-que-trump-haya-mencionado-que-espera-que-quiroga-gane-las-elecciones/,No hay evidencia de que Trump haya mencionado que espera que Quiroga gane las elecciones,Falso
145,2025-10-09T17:37:34,boliviaverifica.bo,https://boliviaverifica.bo/lara-no-dijo-que-tienen-el-apoyo-del-expresidente-morales-y-que-por-eso-no-invirtieron-millones-en-su-campana/,Lara no dijo que tienen el apoyo del expresidente Morales y que por eso no invirtieron millones en su campaña,Falso
146,2025-10-09T16:34:53,boliviaverifica.bo,https://boliviaverifica.bo/la-directora-del-fmi-no-dijo-que-los-impuestos-subirian-hasta-en-un-50-si-jorge-quiroga-gana-las-elecciones/,La directora del FMI no dijo que los impuestos subirían hasta en un 50% si Jorge Quiroga gana las elecciones,Falso
147,2025-10-09T10:48:35,boliviaverifica.bo,https://boliviaverifica.bo/lara-niega-propuesta-sobre-controlar-las-redes-sociales-pero-rodrigo-paz-se-refirio-al-tema-en-una-entrevista-pasada/,"Lara niega propuesta sobre controlar las redes sociales, pero Rodrigo Paz se refirió al tema en una entrevista pasada",Falso
148,2025-10-08T20:38:26,boliviaverifica.bo,https://boliviaverifica.bo/las-sesiones-de-la-alp-si-se-transmiten-pese-a-lo-dicho-por-edmand-lara/,"Las sesiones de la ALP sí se transmiten, pese a lo dicho por Edmand Lara",Falso
149,2025-10-08T19:33:59,boliviaverifica.bo,https://boliviaverifica.bo/edmand-lara-si-dijo-que-tendra-mas-poder-que-rodrigo-paz-pero-lo-nego-en-el-debate/,"Edmand Lara sí dijo que tendrá más poder que Rodrigo Paz, pero lo negó en el debate",Falso
150,2025-10-08T16:48:49,boliviaverifica.bo,https://boliviaverifica.bo/jorge-quiroga-no-dijo-que-eliminara-los-bonos-sociales/,Jorge Quiroga no dijo que eliminará los bonos sociales,Falso
151,2025-10-07T18:39:38,boliviaverifica.bo,https://boliviaverifica.bo/mauricio-urquidi-fernandez-gerente-de-negocios-del-banco-bisa-no-es-el-suegro-de-rodrigo-paz/,"Mauricio Urquidi Férnandez, gerente de Negocios del Banco Bisa, no es el suegro de Rodrigo Paz",Falso
152,2025-10-07T16:51:57,boliviaverifica.bo,https://boliviaverifica.bo/audio-en-el-que-se-escucha-a-jorge-quiroga-con-junior-arias-fue-generado-con-inteligencia-artificial/,Audio en el que se escucha a Jorge Quiroga con Junior Arias fue generado con inteligencia artificial,Falso
153,2025-10-07T16:19:01,boliviaverifica.bo,https://boliviaverifica.bo/este-comunicado-no-fue-difundido-por-la-federacion-boliviana-de-futbol/,Este comunicado no fue difundido por la Federación Boliviana de Fútbol,Falso
154,2025-10-05T09:02:58,boliviaverifica.bo,https://boliviaverifica.bo/confidencias-del-pueblo-presenta-como-encuesta-un-sondeo-sin-respaldo-tecnico-ni-aval-del-tse/,Confidencias del Pueblo presenta como encuesta un sondeo sin respaldo técnico ni aval del TSE,Falso
155,2025-10-04T10:00:43,boliviaverifica.bo,https://boliviaverifica.bo/cuenta-de-tiktok-difunde-videos-falsos-generados-con-ia-que-imitan-a-jp-velasco/,Cuenta de TikTok difunde videos falsos generados con IA que imitan a JP Velasco,Falso
156,2025-10-01T23:22:18,boliviaverifica.bo,https://boliviaverifica.bo/rodrigo-paz-no-dijo-que-quiere-un-pueblo-ignorante-como-se-difunde-en-una-cuenta-de-tiktok/,Rodrigo Paz no dijo que “quiere un pueblo ignorante” como se difunde en una cuenta de TikTok,Falso
157,2025-09-30T21:47:36,boliviaverifica.bo,https://boliviaverifica.bo/la-distribucion-de-escanos-considerando-los-votos-nulos-y-blancos-no-es-valida/,La distribución de escaños considerando los votos nulos y blancos no es válida,Falso
158,2025-09-30T12:05:55,boliviaverifica.bo,https://boliviaverifica.bo/la-encuesta-de-unitel-no-posiciono-a-rodrigo-paz-en-primer-lugar-con-el-755-de-apoyo/,"La encuesta de Unitel no posicionó a Rodrigo Paz en primer lugar, con el 75,5% de apoyo",Falso
159,2025-09-30T12:01:50,boliviaverifica.bo,https://boliviaverifica.bo/manipulan-una-publicacion-de-el-deber-y-atribuyen-otra-frase-a-jorge-quiroga/,Manipulan una publicación de El Deber y atribuyen otra frase a Jorge Quiroga,Falso
160,2025-09-29T19:21:28,boliviaverifica.bo,https://boliviaverifica.bo/samuel-doria-medina-no-dijo-que-el-pdc-deberia-elegir-otro-candidato-a-vicepresidente/,Samuel Doria Medina no dijo que el PDC debería elegir otro candidato a vicepresidente,Falso
161,2025-09-28T19:08:40,boliviaverifica.bo,https://boliviaverifica.bo/la-encuesta-atribuida-a-neokgb-carece-de-validez/,La encuesta atribuida a Neokgb carece de validez,Falso
162,2025-09-28T18:13:26,boliviaverifica.bo,https://boliviaverifica.bo/difunden-predicciones-de-apuestas-como-si-fueran-encuestas-de-intencion-de-voto/,Difunden predicciones de apuestas como si fueran encuestas de intención de voto,Falso
163,2025-09-23T17:26:53,boliviaverifica.bo,https://boliviaverifica.bo/binomio-de-alianza-libre-no-expreso-su-apoyo-a-edmand-lara/,Binomio de Alianza Libre no expresó su apoyo a Edmand Lara,Falso
164,2025-09-23T16:31:32,boliviaverifica.bo,https://boliviaverifica.bo/jose-gabriel-espinoza-no-promueve-inversiones-por-un-sitio-web/,José Gabriel Espinoza no promueve inversiones por un sitio web,Falso
165,2025-09-23T12:34:01,boliviaverifica.bo,https://boliviaverifica.bo/imagenes-de-una-tienda-vietnamita-se-usan-para-acusar-de-guerra-sucia-a-jorge-quiroga/,Imágenes de una tienda vietnamita se usan para acusar de guerra sucia a Jorge Quiroga,Falso
166,2025-09-22T19:34:16,boliviaverifica.bo,https://boliviaverifica.bo/trump-no-rechazo-reunirse-con-paz-ni-lo-vinculo-con-narcotrafico/,Trump no rechazó reunirse con Paz ni lo vinculó con narcotráfico,Falso
167,2025-09-22T16:36:25,boliviaverifica.bo,https://boliviaverifica.bo/mexico-no-anuncio-una-ruptura-de-relaciones-con-bolivia-pero-si-observo-la-legalizacion-de-los-autos-chutos/,"México no anunció una ruptura de relaciones con Bolivia, pero sí observó la legalización de los autos chutos",Falso
168,2025-09-20T19:42:31,boliviaverifica.bo,https://boliviaverifica.bo/doria-medina-no-dijo-que-con-paz-y-lara-habra-hambruna/,Doria Medina no dijo que con Paz y Lara habrá hambruna,Falso
169,2025-09-19T11:34:35,boliviaverifica.bo,https://boliviaverifica.bo/encuesta-en-whatsapp-que-favorece-a-quiroga-no-fue-avalada-por-el-tse/,Encuesta en WhatsApp que favorece a Quiroga no fue avalada por el TSE,Falso
170,2025-09-19T11:17:02,boliviaverifica.bo,https://boliviaverifica.bo/jorge-quiroga-no-hablo-con-desprecio-del-occidente-del-pais-el-video-esta-manipulado/,"Jorge Quiroga no habló con desprecio del occidente del país, el video está manipulado",Falso
171,2025-09-16T19:29:32,boliviaverifica.bo,https://boliviaverifica.bo/el-tse-no-acuso-a-lara-de-promover-la-guerra-sucia-en-contra-de-quiroga-y-velasco/,El TSE no acusó a Lara de promover la guerra sucia en contra de Quiroga y Velasco,Falso
172,2025-09-16T19:27:21,boliviaverifica.bo,https://boliviaverifica.bo/morales-no-dijo-que-los-periodistas-desinforman-para-promover-el-odio-a-lara/,Morales no dijo que los periodistas desinforman para promover el odio a Lara,Falso
173,2025-09-15T18:10:08,boliviaverifica.bo,https://boliviaverifica.bo/paz-no-pidio-que-se-controle-a-lara-en-las-redes-sociales-el-titular-de-unitel-fue-alterado/,Paz no pidió que se controle a Lara en las redes sociales; el titular de Unitel fue alterado,Falso
174,2025-09-15T16:54:19,boliviaverifica.bo,https://boliviaverifica.bo/el-gobernador-de-tarija-no-pidio-recaudar-bs-2-millones-para-la-campana-de-quiroga/,El gobernador de Tarija no pidió recaudar Bs 2 millones para la campaña de Quiroga,Falso
175,2025-09-14T12:46:31,boliviaverifica.bo,https://boliviaverifica.bo/es-falso-que-el-tse-haya-acusado-a-edmand-lara-y-al-pdc-de-hacer-guerra-sucia/,Es falso que el TSE haya acusado a Edmand Lara y al PDC de hacer “guerra sucia”,Falso
176,2025-09-12T18:01:45,boliviaverifica.bo,https://boliviaverifica.bo/falso-no-existe-rechazo-a-la-segunda-vuelta-del-19-de-octubre/,Falso. No existe rechazo a la segunda vuelta del 19 de octubre,Falso
177,2025-09-10T18:38:13,boliviaverifica.bo,https://boliviaverifica.bo/jorge-quiroga-no-dijo-que-si-llega-al-gobierno-desconocera-a-los-pueblos-originarios/,Jorge Quiroga no dijo que si llega al gobierno desconocerá a los pueblos originarios,Falso
178,2025-09-10T16:31:48,boliviaverifica.bo,https://boliviaverifica.bo/la-imagen-de-una-reunion-entre-alvaro-garcia-linera-y-edmand-lara-no-es-real/,La imagen de una reunión entre Álvaro García Linera y Edmand Lara no es real,Falso
179,2025-09-09T17:51:10,boliviaverifica.bo,https://boliviaverifica.bo/el-gobierno-chileno-no-anuncio-que-rompera-relaciones-diplomaticas-con-bolivia-si-gana-rodrigo-paz/,El gobierno chileno no anunció que romperá relaciones diplomáticas con Bolivia si gana Rodrigo Paz,Falso
180,2025-09-08T17:53:29,boliviaverifica.bo,https://boliviaverifica.bo/juan-pablo-velasco-no-dijo-que-le-incomoda-debatir-en-el-mercado-abasto-el-audio-fue-creado-con-ia/,Juan Pablo Velasco no dijo que le incomoda debatir en el Mercado Abasto; el audio fue creado con IA,Falso
181,2025-09-08T03:22:47,boliviaverifica.bo,https://boliviaverifica.bo/audio-donde-tuto-quiroga-anuncia-fin-de-la-renta-dignidad-fue-creado-con-ia/,Audio donde Tuto Quiroga anuncia fin de la Renta Dignidad fue creado con IA,Falso
182,2025-09-08T03:18:04,boliviaverifica.bo,https://boliviaverifica.bo/es-falso-que-tuto-quiroga-haya-anunciado-gestiones-para-liberar-a-arturo-murillo/,Es falso que Tuto Quiroga haya anunciado gestiones para liberar a Arturo Murillo,Falso
183,2025-09-08T03:13:57,boliviaverifica.bo,https://boliviaverifica.bo/el-video-de-la-proclamacion-de-jaime-dunn-por-el-pdc-en-santa-cruz-es-antiguo/,El video de la proclamación de Jaime Dunn por el PDC en Santa Cruz es antiguo,Falso
184,2025-09-05T16:22:52,boliviaverifica.bo,https://boliviaverifica.bo/es-falso-que-quiroga-haya-invertido-bs-1-millon-den-facebook-para-atacar-a-paz-y-lara/,Es falso que Quiroga haya invertido Bs 1 millón den Facebook para atacar a Paz y Lara,Falso
185,2025-09-04T17:25:00,boliviaverifica.bo,https://boliviaverifica.bo/leonardo-loza-no-confirmo-ninguna-reunion-entre-edman-lara-y-evo-morales/,Leonardo Loza no confirmó ninguna reunión entre Edman Lara y Evo Morales,Falso
186,2025-09-03T15:25:03,boliviaverifica.bo,https://boliviaverifica.bo/encuesta-que-circula-en-tiktok-es-falsa-no-hay-estudios-de-opinion-publicados-para-la-segunda-vuelta/,Encuesta que circula en TikTok es falsa; no hay estudios de opinión publicados para la segunda vuelta,Falso
187,2025-09-03T14:39:35,boliviaverifica.bo,https://boliviaverifica.bo/no-hay-evidencia-de-que-ipsos-ciesmori-haya-hecho-este-estudio-de-intencion-de-voto/,No hay evidencia de que Ipsos Ciesmori haya hecho este estudio de intención de voto,Falso
188,2025-09-03T12:39:28,boliviaverifica.bo,https://boliviaverifica.bo/jorge-quiroga-no-hablo-de-privatizar-ni-de-subir-el-pasaje-del-teleferico/,Jorge Quiroga no habló de privatizar ni de subir el pasaje del teleférico,Falso
189,2025-09-02T16:35:58,boliviaverifica.bo,https://boliviaverifica.bo/es-falso-el-video-que-muestra-a-rodrigo-paz-promoviendo-inversiones-se-trata-de-estafas-financieras/,Es falso el video que muestra a Rodrigo Paz promoviendo inversiones; se trata de estafas financieras,Falso
190,2025-09-01T17:43:26,boliviaverifica.bo,https://boliviaverifica.bo/reynaldo-ezequiel-no-es-diputado-suplente-por-el-pdc/,Reynaldo Ezequiel no es diputado suplente por el PDC,Falso
191,2025-09-01T17:37:26,boliviaverifica.bo,https://boliviaverifica.bo/este-post-que-dice-que-lara-negocio-cargos-con-morales-y-sus-bases-es-falso/,"Este post, que dice que Lara negoció cargos con Morales y sus bases, es falso",Falso
192,2025-09-01T16:47:27,boliviaverifica.bo,https://boliviaverifica.bo/esta-encuesta-publicada-por-atlas-electoral-no-esta-regulada-por-el-tse/,Esta encuesta publicada por Atlas Electoral no está regulada por el TSE,Falso
193,2025-08-30T17:50:40,boliviaverifica.bo,https://boliviaverifica.bo/jorge-quiroga-no-dijo-que-quitara-los-bonos-a-los-adultos-mayores-para-darselo-a-los-jovenes/,Jorge Quiroga no dijo que quitará los bonos a los adultos mayores para dárselo a los jóvenes,Falso
194,2025-08-30T16:38:41,boliviaverifica.bo,https://boliviaverifica.bo/jaime-dunn-no-se-unio-a-la-campana-de-jorge-tuto-quiroga/,Jaime Dunn no se unió a la campaña de Jorge Tuto Quiroga,Falso
195,2025-08-29T17:50:12,boliviaverifica.bo,https://boliviaverifica.bo/alianza-unidad-no-emitio-un-comunicado-en-desacuerdo-con-doria-medina-sobre-su-apoyo-a-paz-y-lara/,Alianza Unidad no emitió un comunicado en desacuerdo con Doria Medina sobre su apoyo a Paz y Lara,Falso
196,2025-08-27T17:58:37,boliviaverifica.bo,https://boliviaverifica.bo/rodrigo-paz-no-menciono-que-cambiara-a-su-candidato-a-vicepresidente/,Rodrigo Paz no mencionó que cambiará a su candidato a vicepresidente,Falso
197,2025-08-27T11:28:53,boliviaverifica.bo,https://boliviaverifica.bo/es-falso-que-rodrigo-paz-este-impedido-de-ser-candidato-por-ser-extranjero-como-sostiene-norma-pierola/,"Es falso que Rodrigo Paz esté impedido de ser candidato por ser extranjero, como sostiene Norma Piérola",Falso
198,2025-08-26T17:10:43,boliviaverifica.bo,https://boliviaverifica.bo/jaime-dunn-no-expreso-su-apoyo-a-rodrigo-paz/,Jaime Dunn no expresó su apoyo a Rodrigo Paz,Falso
199,2025-08-24T14:49:44,boliviaverifica.bo,https://boliviaverifica.bo/morales-usa-cifras-de-abstencion-blancos-y-nulos-para-declarar-una-victoria-con-mas-del-50/,"Morales usa cifras de abstención, blancos y nulos para declarar una victoria con más del 50%",Falso
200,2025-08-22T20:32:05,boliviaverifica.bo,https://boliviaverifica.bo/evo-morales-no-dijo-que-sera-candidato-para-la-alcaldia-de-shinahota/,Evo Morales no dijo que será candidato para la Alcaldía de Shinahota,Falso
201,2025-08-22T10:59:13,boliviaverifica.bo,https://boliviaverifica.bo/video-donde-quiroga-menciona-que-eliminara-la-educacion-y-la-salud-publica-es-un-deepfake/,Video donde Quiroga menciona que eliminará la educación y la salud pública es un deepfake,Falso
202,2025-08-21T17:15:43,boliviaverifica.bo,https://boliviaverifica.bo/no-luis-arce-no-renuncio-a-la-presidencia-de-bolivia/,"No, Luis Arce no renunció a la presidencia de Bolivia",Falso
203,2025-08-19T17:09:31,boliviaverifica.bo,https://boliviaverifica.bo/no-se-quemaron-papeletas-que-favorecen-a-rodriguez-y-del-castillo-este-video-es-una-creacion-audiovisual/,No se quemaron papeletas que favorecen a Rodríguez y Del Castillo; este video es una creación audiovisual,Falso
204,2025-08-18T19:39:43,boliviaverifica.bo,https://boliviaverifica.bo/andronico-rodriguez-no-lidero-resultados-en-boca-de-urna/,Andrónico Rodríguez no lideró resultados en boca de urna,Falso
205,2025-08-18T15:49:19,boliviaverifica.bo,https://boliviaverifica.bo/video-que-asegura-una-segunda-vuelta-entre-jorge-quiroga-y-samuel-doria-medina-es-falso/,Video que asegura una segunda vuelta entre Jorge Quiroga y Samuel Doria Medina es falso,Falso
206,2025-08-17T19:27:16,boliviaverifica.bo,https://boliviaverifica.bo/el-comandante-policial-augusto-russo-no-renuncio-a-su-cargo/,El comandante policial Augusto Russo no renunció a su cargo,Falso
207,2025-08-17T19:22:20,boliviaverifica.bo,https://boliviaverifica.bo/manfred-reyes-villa-no-fue-anunciado-como-ganador-en-encuesta-a-boca-de-urna/,Manfred Reyes Villa no fue anunciado como ganador en encuesta a boca de urna,Falso
208,2025-08-17T18:05:14,boliviaverifica.bo,https://boliviaverifica.bo/es-falso-el-video-que-muestra-un-escrutinio-donde-gana-el-voto-nulo/,Es falso el video que muestra un escrutinio donde gana el voto nulo,Falso
209,2025-08-17T17:36:02,boliviaverifica.bo,https://boliviaverifica.bo/falso-juan-pablo-velasco-si-emitio-su-voto/,"Falso, Juan Pablo Velasco sí emitió su voto",Falso
210,2025-08-17T15:19:36,boliviaverifica.bo,https://boliviaverifica.bo/es-falso-el-audio-en-el-que-jorge-quiroga-habla-de-privatizar-mi-teleferico/,Es falso el audio en el que Jorge Quiroga habla de privatizar Mi Teleférico,Falso
211,2025-08-17T14:05:06,boliviaverifica.bo,https://boliviaverifica.bo/andronico-rodriguez-y-samuel-doria-medina-no-se-reunieron/,Andrónico Rodríguez y Samuel Doria Medina no se reunieron,Falso
212,2025-08-17T13:08:48,boliviaverifica.bo,https://boliviaverifica.bo/es-falso-que-en-tokio-gano-el-voto-nulo/,Es falso que en Tokio ganó el voto nulo,Falso
213,2025-08-17T11:07:58,boliviaverifica.bo,https://boliviaverifica.bo/no-hay-un-sistema-paralelo-al-tse-para-el-conteo-de-votos/,No hay un sistema paralelo al TSE para el conteo de votos,Falso
214,2025-08-17T09:56:51,boliviaverifica.bo,https://boliviaverifica.bo/carlos-mesa-no-hizo-publico-su-apoyo-a-favor-de-algun-candidato-presidencial/,Carlos Mesa no hizo público su apoyo a favor de algún candidato presidencial,Falso
215,2025-08-16T21:08:21,boliviaverifica.bo,https://boliviaverifica.bo/el-tse-no-anuncio-la-habilitacion-de-evo-morales-como-candidato-presidencial/,EL TSE no anunció la habilitación de Evo Morales como candidato presidencial,Falso
216,2025-08-15T20:29:13,boliviaverifica.bo,https://boliviaverifica.bo/este-video-de-boletas-marcadas-a-favor-de-doria-medina-es-falso-el-tse-garantiza-la-seguridad-del-material-electoral/,"Este video de boletas marcadas a favor de Doria Medina es falso, el TSE garantiza la seguridad del material electoral",Falso
217,2025-08-15T19:59:01,boliviaverifica.bo,https://boliviaverifica.bo/101678-2/,Una cuenta de TikTok difunde tres encuestas falsas que promueven el voto nulo,Falso
218,2025-08-15T18:09:44,boliviaverifica.bo,https://boliviaverifica.bo/rodrigo-paz-es-boliviano-nacio-en-espana-pero-por-ascendencia-la-constitucion-le-otorga-este-derecho/,"Rodrigo Paz es boliviano; nació en España, pero por ascendencia, la Constitución le otorga este derecho",Falso
219,2025-08-15T12:12:39,boliviaverifica.bo,https://boliviaverifica.bo/no-es-cierto-que-haya-asientos-electorales-fantasmas-en-el-mapa-de-codificacion-de-las-elecciones-2025/,No es cierto que haya asientos electorales fantasmas en el mapa de codificación de las elecciones 2025,Falso
220,2025-08-14T18:55:54,boliviaverifica.bo,https://boliviaverifica.bo/el-voto-nulo-no-anula-las-elecciones-como-dijo-un-dirigente-de-la-csutcb/,El voto nulo no anula las elecciones como dijo un dirigente de la CSUTCB,Falso
221,2025-08-14T17:16:51,boliviaverifica.bo,https://boliviaverifica.bo/audio-de-leonardo-loza-en-el-que-menciona-un-bloqueo-tras-las-elecciones-fue-generado-con-ia/,Audio de Leonardo Loza en el que menciona un bloqueo tras las elecciones fue generado con IA,Falso
222,2025-08-14T16:19:53,boliviaverifica.bo,https://boliviaverifica.bo/jorge-quiroga-no-cuestiono-los-bonos-y-rentas-ni-advirtio-con-suprimirlos/,Jorge Quiroga no cuestionó los bonos y rentas ni advirtió con suprimirlos,Falso
223,2025-08-13T20:04:56,boliviaverifica.bo,https://boliviaverifica.bo/rodrigo-paz-pereira-no-aparece-primero-en-la-intencion-de-voto-del-estudio-de-spie-consulting/,Rodrigo Paz Pereira no aparece primero en la intención de voto del estudio de Spie Consulting,Falso
224,2025-08-13T14:12:24,boliviaverifica.bo,https://boliviaverifica.bo/el-candidato-presidencial-jorge-tuto-quiroga-no-lleva-mas-de-30-anos-en-el-sector-publico/,El candidato presidencial Jorge Tuto Quiroga no lleva más de 30 años en el sector público,Falso
225,2025-08-12T19:24:44,boliviaverifica.bo,https://boliviaverifica.bo/el-presidente-javier-milei-no-envio-un-mensaje-a-los-bolivianos-a-dias-de-las-elecciones/,El presidente Javier Milei no envió un mensaje a los bolivianos a días de las elecciones,Falso
226,2025-08-07T18:40:21,boliviaverifica.bo,https://boliviaverifica.bo/es-falso-que-la-incidencia-de-la-pobreza-en-bolivia-bordee-el-75-como-afirmo-medrano/,Es falso que la incidencia de la pobreza en Bolivia bordee el 75% como afirmó Medrano,Falso
227,2025-07-29T13:12:23,boliviaverifica.bo,https://boliviaverifica.bo/la-foto-que-muestra-a-jorge-tuto-quiroga-junto-a-jeffrey-epstein-es-un-montaje/,La foto que muestra a Jorge Tuto Quiroga junto a Jeffrey Epstein es un montaje,Falso
228,2025-07-29T13:02:10,boliviaverifica.bo,https://boliviaverifica.bo/encuesta-en-facebook-que-promueve-el-voto-nulo-no-esta-autorizada-ni-regulada-por-el-tse/,Encuesta en Facebook que promueve el voto nulo no esta autorizada ni regulada por el TSE,Falso
229,2025-07-29T09:32:14,boliviaverifica.bo,https://boliviaverifica.bo/elecciones-video-que-alerta-sobre-un-lapicero-que-se-borra-con-fuego-es-de-mexico/,Elecciones: video que alerta sobre un lapicero que se borra con fuego es de México,Falso
230,2025-07-28T09:18:46,boliviaverifica.bo,https://boliviaverifica.bo/doria-medina-y-reyes-villa-dieron-2-datos-incorrectos-sobre-el-litio-chileno-en-el-debate-presidencial-de-unitel/,Doria Medina y Reyes Villa dieron 2 datos incorrectos sobre el litio chileno en el debate presidencial de Unitel,Falso
231,2025-07-28T04:27:40,boliviaverifica.bo,https://boliviaverifica.bo/radio-kawsachun-coca-vuelve-a-difundir-encuestas-falsas/,Radio Kawsachun Coca vuelve a difundir encuestas falsas,Falso
232,2025-07-25T21:51:06,boliviaverifica.bo,https://boliviaverifica.bo/no-hay-evidencia-de-un-acuerdo-para-que-dunn-sea-ministro-de-doria-medina-si-la-alianza-unidad-gana-las-elecciones/,No hay evidencia de un acuerdo para que Dunn sea ministro de Doria Medina si la Alianza Unidad gana las elecciones,Falso
233,2025-07-25T12:05:50,boliviaverifica.bo,https://boliviaverifica.bo/no-es-oficial-encuesta-que-posiciona-a-evo-morales-en-primer-lugar-no-tiene-aval-del-tse/,No es oficial: Encuesta que posiciona a Evo Morales en primer lugar no tiene aval del TSE,Falso
234,2025-07-17T17:45:45,boliviaverifica.bo,https://boliviaverifica.bo/es-falso-que-eva-copa-haya-dicho-que-financia-su-campana-con-sus-ahorros/,Es falso que Eva Copa haya dicho que financia su campaña con sus ahorros,Falso
235,2025-07-15T19:02:35,boliviaverifica.bo,https://boliviaverifica.bo/es-falso-que-se-deba-presentar-el-carnet-digitalizado-para-votar-en-las-elecciones-del-17-de-agosto/,Es falso que se deba presentar el carnet digitalizado para votar en las elecciones del 17 de agosto,Falso
236,2025-07-14T16:21:34,boliviaverifica.bo,https://boliviaverifica.bo/no-hubo-filtracion-de-los-resultados-de-la-segunda-encuesta-de-unitel-jorge-quiroga-no-lidera-la-intencion-de-voto/,No hubo filtración de los resultados de la segunda encuesta de Unitel; Jorge Quiroga no lidera la intención de voto,Falso
237,2025-07-11T17:53:53,boliviaverifica.bo,https://boliviaverifica.bo/desmienten-a-andronico-autoridades-chilenas-niegan-haber-ofrecido-el-puerto-de-tocopilla/,Desmienten a Andrónico: Autoridades chilenas niegan haber ofrecido el puerto de Tocopilla,Falso
238,2025-07-10T11:55:49,boliviaverifica.bo,https://boliviaverifica.bo/la-red-uno-no-le-corto-el-microfono-a-manfred-reyes-villa-por-hablar-de-las-encuestas/,La Red Uno no le cortó el micrófono a Manfred Reyes Villa por hablar de las encuestas,Falso
239,2025-07-08T13:45:46,boliviaverifica.bo,https://boliviaverifica.bo/sondeo-de-desempeno-en-el-debate-presidencial-atribuido-a-red-uno-es-falso/,Sondeo de desempeño en el debate presidencial atribuido a Red Uno es falso,Falso
240,2025-07-05T00:13:44,boliviaverifica.bo,https://boliviaverifica.bo/el-tse-no-anuncio-la-habilitacion-de-jaime-dunn-como-candidato-presidencial/,El TSE no anunció la habilitación de Jaime Dunn como candidato presidencial,Falso
241,2025-07-03T11:11:23,boliviaverifica.bo,https://boliviaverifica.bo/imagen-que-presenta-a-evo-morales-con-un-35-de-preferencia-electoral-no-corresponde-a-ninguna-encuesta-autorizada/,Imagen que presenta a Evo Morales con un 35% de preferencia electoral no corresponde a ninguna encuesta autorizada,Falso
242,2025-07-03T10:39:22,boliviaverifica.bo,https://boliviaverifica.bo/usan-declaraciones-de-hassenteufel-para-fabricar-un-bulo-el-presidente-del-tse-no-dijo-que-doria-medina-pago-por-las-encuestas/,Usan declaraciones de Hassenteufel para fabricar un bulo; el presidente del TSE no dijo que Doria Medina pagó por las encuestas,Falso
243,2025-07-03T10:26:43,boliviaverifica.bo,https://boliviaverifica.bo/manipulan-la-encuesta-de-unitel-para-incluir-a-dunn-pese-a-que-no-esta-habilitado/,Manipulan la encuesta de Unitel para incluir a Dunn pese a que no está habilitado,Falso
244,2025-07-02T18:26:55,boliviaverifica.bo,https://boliviaverifica.bo/jaime-dunn-no-esta-habilitado-como-candidato-a-la-presidencia/,Jaime Dunn no está habilitado como candidato a la presidencia,Falso
245,2025-07-02T15:24:18,boliviaverifica.bo,https://boliviaverifica.bo/luis-arce-no-elogio-el-trabajo-de-samuel-doria-medina/,Luis Arce no elogió el trabajo de Samuel Doria Medina,Falso
246,2025-07-01T20:13:34,boliviaverifica.bo,https://boliviaverifica.bo/audio-en-el-que-samuel-doria-medina-dice-que-le-piden-medio-millon-para-manipular-encuestas-es-falso/,Audio en el que Samuel Doria Medina dice que le piden medio millón para manipular encuestas es falso,Falso
247,2025-07-01T17:31:37,boliviaverifica.bo,https://boliviaverifica.bo/reflota-un-audio-falso-de-2021-sobre-manipulacion-del-sistema-de-computo-del-tse/,Reflota un audio falso de 2021 sobre manipulación del sistema de cómputo del TSE,Falso
248,2025-07-01T09:48:29,boliviaverifica.bo,https://boliviaverifica.bo/felicitacion-de-nayib-bukele-a-jaime-dunn-fue-creada-con-ia/,Felicitación de Nayib Bukele a Jaime Dunn fue creada con IA,Falso
249,2025-06-30T15:08:24,boliviaverifica.bo,https://boliviaverifica.bo/andronico-rodriguez-no-dijo-que-ira-a-una-segunda-vuelta-electoral-con-manfred-reyes-villa/,Andrónico Rodríguez no dijo que irá a una segunda vuelta electoral con Manfred Reyes Villa,Falso
250,2025-06-30T11:58:19,boliviaverifica.bo,https://boliviaverifica.bo/no-este-video-que-denuncia-a-samuel-doria-medina-por-pagar-encuestas-no-le-pertenece-a-univision/,"No, este video que denuncia a Samuel Doria Medina por pagar encuestas no le pertenece a Univisión",Falso
251,2025-06-28T19:04:29,boliviaverifica.bo,https://boliviaverifica.bo/deepfakes-en-la-campana-electoral-videos-falsos-promocionan-a-candidatos/,Deepfakes en la campaña electoral: videos falsos promocionan a candidatos,Falso
252,2025-06-26T22:53:13,boliviaverifica.bo,https://boliviaverifica.bo/encuesta-que-favorece-a-jaime-dunn-no-tiene-ficha-tecnica-ni-aval-del-tse/,Encuesta que favorece a Jaime Dunn no tiene ficha técnica ni aval del TSE,Falso
253,2025-06-25T16:42:37,boliviaverifica.bo,https://boliviaverifica.bo/las-autoridades-electas-no-estan-obligadas-a-renunciar-para-postular-a-las-elecciones/,Las autoridades electas no están obligadas a renunciar para postular a las elecciones,Falso
254,2025-06-25T10:32:00,boliviaverifica.bo,https://boliviaverifica.bo/encuesta-de-el-deber-no-posiciona-a-jaime-dunn-como-primero-en-la-intencion-voto/,Encuesta de El Deber no posiciona a Jaime Dunn como primero en la intención voto,Falso
255,2025-06-25T00:17:49,boliviaverifica.bo,https://boliviaverifica.bo/evo-pueblo-no-figura-en-la-papeleta-oficial-de-las-elecciones-2025/,Evo Pueblo no figura en la papeleta oficial de las elecciones 2025,Falso
256,2025-06-24T18:41:19,boliviaverifica.bo,https://boliviaverifica.bo/evo-morales-no-esta-habilitado-para-las-elecciones-2025-como-se-asegura-en-tiktok/,Evo Morales no está habilitado para las elecciones 2025 como se asegura en TikTok,Falso
257,2025-06-20T20:54:51,boliviaverifica.bo,https://boliviaverifica.bo/sin-acuerdo-formal-evo-morales-aun-no-oficializo-su-candidatura-con-ucs/,Sin acuerdo formal: Evo Morales aún no oficializó su candidatura con UCS,Falso
258,2025-06-20T19:24:49,boliviaverifica.bo,https://boliviaverifica.bo/rubrum-no-realizo-esta-encuesta-que-refiere-un-empate-tecnico-entre-manfred-reyes-villa-y-andronico-rodriguez/,Rubrum no realizó esta encuesta que refiere un “empate técnico” entre Manfred Reyes Villa y Andrónico Rodríguez,Falso
259,2025-06-20T09:28:11,boliviaverifica.bo,https://boliviaverifica.bo/la-exesposa-de-jorge-tuto-quiroga-no-fue-entrevistada-en-un-podcast-mexicano/,La exesposa de Jorge Tuto Quiroga no fue entrevistada en un pódcast mexicano,Falso
260,2025-06-19T20:37:55,boliviaverifica.bo,https://boliviaverifica.bo/el-diputado-gualberto-arispe-difundio-una-portada-falsa-sobre-los-conflictos-en-llallagua/,El diputado Gualberto Arispe difundió una portada falsa sobre los conflictos en Llallagua,Falso
261,2025-06-17T20:18:48,boliviaverifica.bo,https://boliviaverifica.bo/el-comandante-general-de-la-policia-no-renuncio-a-su-cargo/,El Comandante General de la Policía no renunció a su cargo,Falso
262,2025-06-16T17:19:44,boliviaverifica.bo,https://boliviaverifica.bo/radio-mamore-difunde-un-video-antiguo-y-de-otro-pais-como-si-se-tratara-de-bolivia/,Radio Mamoré difunde un video antiguo y de otro país como si se tratara de Bolivia,Falso
263,2025-06-16T16:54:36,boliviaverifica.bo,https://boliviaverifica.bo/rodrigo-paz-y-edman-lara-siguen-en-carrera-electoral-y-el-pdc-va-al-sorteo-de-ubicacion-en-la-papeleta/,Rodrigo Paz y Edman Lara siguen en carrera electoral y el PDC va al sorteo de ubicación en la papeleta,Falso
264,2025-06-15T19:17:46,boliviaverifica.bo,https://boliviaverifica.bo/comando-general-del-ejercito-no-se-pronuncio-en-contra-del-gobierno-de-luis-arce/,Comando General del Ejército no se pronunció en contra del gobierno de Luis Arce,Falso
265,2025-06-14T19:00:52,boliviaverifica.bo,https://boliviaverifica.bo/diputado-hector-arce-no-anuncio-su-participacion-en-una-lucha-armada/,Diputado Héctor Arce no anunció su participación en una lucha armada,Falso
266,2025-06-08T19:32:05,boliviaverifica.bo,https://boliviaverifica.bo/enrique-mamani-niega-haber-amenazado-a-vocales-del-tse-pero-existe-un-video-que-prueba-lo-contrario/,"Enrique Mamani niega haber amenazado a vocales del TSE, pero existe un video que prueba lo contrario",Falso
267,2025-06-07T16:53:45,boliviaverifica.bo,https://boliviaverifica.bo/samuel-doria-medina-no-pago-la-fianza-de-arturo-murillo-ni-fue-investigado-por-lavado-de-dinero/,Samuel Doria Medina no pagó la fianza de Arturo Murillo ni fue investigado por lavado de dinero,Falso
268,2025-06-06T19:34:58,boliviaverifica.bo,https://boliviaverifica.bo/red-uno-no-esta-elaborando-encuestas-mediante-formularios-de-google/,Red Uno no está elaborando encuestas mediante formularios de Google,Falso
269,2025-06-02T20:17:40,boliviaverifica.bo,https://boliviaverifica.bo/resultados-de-intencion-de-voto-presentados-por-infobol-son-falsos/,Resultados de intención de voto presentados por Infobol son falsos,Falso
270,2025-06-02T19:24:32,boliviaverifica.bo,https://boliviaverifica.bo/la-red-uno-no-realiza-encuestas-de-intencion-de-voto-via-whatsapp/,La Red Uno no realiza encuestas de intención de voto vía WhatsApp,Falso
271,2025-06-01T02:06:12,boliviaverifica.bo,https://boliviaverifica.bo/no-es-verdad-que-evo-morales-y-luis-arce-vayan-juntos-como-candidatos-del-mas/,No es verdad que Evo Morales y Luis Arce vayan juntos como candidatos del MAS,Falso
272,2025-05-31T11:52:43,boliviaverifica.bo,https://boliviaverifica.bo/no-hay-anuncio-oficial-de-que-andronico-rodriguez-sea-candidato-por-morena-junto-a-jorge-richter/,No hay anuncio oficial de que Andrónico Rodríguez sea candidato por Morena junto a Jorge Richter,Falso
273,2025-05-29T09:21:23,boliviaverifica.bo,https://boliviaverifica.bo/andronico-rodriguez-no-renuncio-a-su-candidatura-a-la-presidencia-por-la-alianza-popular/,Andrónico Rodríguez no renunció a su candidatura a la presidencia por la Alianza Popular,Falso
274,2025-05-28T18:05:31,boliviaverifica.bo,https://boliviaverifica.bo/la-encuesta-de-intencion-de-voto-difundida-por-cqc-noticias-no-es-oficial-y-no-tiene-ficha-tecnica/,La encuesta de intención de voto difundida por CQC Noticias no es oficial y no tiene ficha técnica,Falso
275,2025-05-26T21:13:08,boliviaverifica.bo,https://boliviaverifica.bo/bolivia-opina-no-esta-entre-las-empresas-registradas-para-realizar-estudios-de-opinion/,Bolivia Opina no está entre las empresas registradas para realizar estudios de opinión,Falso
276,2025-05-25T15:15:48,boliviaverifica.bo,https://boliviaverifica.bo/el-tcp-no-emitio-una-resolucion-que-impide-la-postulacion-de-andronico/,El TCP no emitió una resolución que impide la postulación de Andrónico,Falso
277,2025-05-24T10:04:29,boliviaverifica.bo,https://boliviaverifica.bo/eva-copa-y-jorge-richter-se-mantienen-como-candidatos-por-morena/,Eva Copa y Jorge Richter se mantienen como candidatos por Morena,Falso
278,2025-05-23T16:42:58,boliviaverifica.bo,https://boliviaverifica.bo/luciana-campero-no-renuncio-a-la-alianza-libre/,Luciana Campero no renunció a la alianza Libre,Falso
279,2025-05-23T13:54:01,boliviaverifica.bo,https://boliviaverifica.bo/jorge-richter-no-renuncio-se-mantiene-como-candidato-a-la-vicepresidencia-por-morena/,"Jorge Richter no renunció, se mantiene como candidato a la vicepresidencia por Morena",Falso
280,2025-05-22T13:59:32,boliviaverifica.bo,https://boliviaverifica.bo/captura-consulting-y-red-uno-no-publicaron-esta-encuesta-que-da-como-favorito-a-jorge-quiroga/,Captura Consulting y Red Uno no publicaron esta encuesta que da como favorito a Jorge Quiroga,Falso
281,2025-05-21T10:38:17,boliviaverifica.bo,https://boliviaverifica.bo/el-binomio-morales-alanoca-no-fue-inscrito-en-el-sistema-informatico-de-candidaturas-del-tse/,El binomio Morales – Alanoca no fue inscrito en el sistema informático de candidaturas del TSE,Falso
282,2025-05-19T21:05:03,boliviaverifica.bo,https://boliviaverifica.bo/no-es-verdad-que-36-millones-de-personas-participaron-en-la-marcha-que-respaldaba-la-inscripcion-de-morales-como-candidato/,"No es verdad que 3,6 millones de personas participaron en la marcha que respaldaba la inscripción de Morales como candidato",Falso
283,2025-05-19T14:29:34,boliviaverifica.bo,https://boliviaverifica.bo/andronico-rodriguez-no-fue-inscrito-como-candidato-de-ucs/,Andrónico Rodríguez no fue inscrito como candidato de UCS,Falso
284,2025-05-19T13:17:12,boliviaverifica.bo,https://boliviaverifica.bo/evo-morales-no-declino-su-candidatura-durante-una-conferencia-de-prensa/,Evo Morales no declinó su candidatura durante una conferencia de prensa,Falso
285,2025-05-18T17:37:31,boliviaverifica.bo,https://boliviaverifica.bo/esta-lista-de-candidatos-a-la-asamblea-legislativa-por-parte-de-sumate-no-es-la-oficial/,Esta lista de candidatos a la Asamblea Legislativa por parte de Súmate no es la oficial,Falso
286,2025-05-18T09:46:16,boliviaverifica.bo,https://boliviaverifica.bo/yango-la-app-gerentada-por-el-precandidato-de-libre-no-expulso-del-servicio-a-burger-king-de-doria-medina/,"Yango, la App gerentada por el precandidato de Libre, no expulsó del servicio a Burger King, de Doria Medina",Falso
287,2025-05-16T17:19:59,boliviaverifica.bo,https://boliviaverifica.bo/el-presidente-del-tse-no-se-pronuncio-sobre-la-sentencia-del-tcp-que-ratifica-que-la-reeleccion-indefinida-es-inconstitucional/,El presidente del TSE no se pronunció sobre la sentencia del TCP que ratifica que la reelección indefinida es inconstitucional,Falso
288,2025-05-14T21:38:03,boliviaverifica.bo,https://boliviaverifica.bo/doria-medina-no-anuncio-a-la-tiktoker-layme-como-su-candidata-a-la-vicepresidencia/,Doria Medina no anunció a la tiktoker Layme como su candidata a la vicepresidencia,Falso
289,2025-05-12T11:35:57,boliviaverifica.bo,https://boliviaverifica.bo/andronico-rodriguez-y-su-familia-no-fueron-expulsados-del-tropico-de-cochabamba/,Andrónico Rodríguez y su familia no fueron expulsados del Trópico de Cochabamba,Falso
290,2025-05-09T17:27:58,boliviaverifica.bo,https://boliviaverifica.bo/los-audios-con-los-que-se-acusa-a-la-diputada-veronica-challco-de-cobrar-coimas-fueron-generados-con-inteligencia-artificial/,Los audios con los que se acusa a la diputada Verónica Challco de cobrar coimas fueron generados con inteligencia artificial,Falso
291,2025-05-07T18:54:27,boliviaverifica.bo,https://boliviaverifica.bo/almagro-no-dijo-que-bolivia-enfrentara-duras-sanciones-si-arce-suspende-las-elecciones-para-autoprorrogarse/,Almagro no dijo que Bolivia enfrentará “duras sanciones” si Arce suspende las elecciones “para autoprorrogarse”,Falso
292,2025-05-07T08:49:08,boliviaverifica.bo,https://boliviaverifica.bo/jorge-quiroga-no-busca-a-un-tiktoker-como-su-candidato-a-la-vicepresidencia/,Jorge Quiroga no busca a un tiktoker como su candidato a la vicepresidencia,Falso
293,2025-05-07T08:45:57,boliviaverifica.bo,https://boliviaverifica.bo/doria-medina-no-dijo-que-invitara-al-hijo-de-camacho-para-conformar-su-binomio/,Doria Medina no dijo que invitará al hijo de Camacho para conformar su binomio,Falso
294,2025-05-06T05:37:44,boliviaverifica.bo,https://boliviaverifica.bo/encuesta-presentada-por-atlas-electoral-no-tiene-validez-tecnica-ni-legal/,Encuesta presentada por Atlas Electoral no tiene validez técnica ni legal,Falso
295,2025-05-04T21:56:49,boliviaverifica.bo,https://boliviaverifica.bo/no-es-real-que-en-chapare-y-yapacani-se-elige-un-diputado-con-300-votos/,No es real que en Chapare y Yapacaní se elige un diputado con 300 votos,Falso
296,2025-05-02T20:18:31,boliviaverifica.bo,https://boliviaverifica.bo/el-tse-no-elaboro-ni-difundio-una-encuesta-de-intencion-de-voto-que-favorece-a-jorge-quiroga-2/,El TSE no elaboró ni difundió una encuesta de intención de voto que favorece a Jorge Quiroga,Falso
297,2025-05-02T18:54:10,boliviaverifica.bo,https://boliviaverifica.bo/el-bunker-no-denuncio-que-reyes-villa-uso-bots-desde-la-alcaldia-de-cochabamba-para-manipular-las-primarias-digitales/,El Bunker no denunció que Reyes Villa usó bots desde la Alcaldía de Cochabamba para manipular las “primarias digitales”,Falso
298,2025-04-29T18:58:57,boliviaverifica.bo,https://boliviaverifica.bo/usan-la-imagen-de-jaime-dunn-y-el-deber-para-promocionar-un-sitio-de-inversiones-no-confiable/,Usan la imagen de Jaime Dunn y El Deber para promocionar un sitio de inversiones no confiable,Falso
299,2025-04-26T13:26:14,boliviaverifica.bo,https://boliviaverifica.bo/jhonny-fernandez-no-nombro-a-evo-morales-como-su-candidato-por-ucs/,Jhonny Fernández no nombró a Evo Morales como su candidato por UCS,Falso
300,2025-04-24T12:00:22,boliviaverifica.bo,https://boliviaverifica.bo/el-mnr-no-anuncio-a-evo-morales-como-su-candidato/,El MNR no anunció a Evo Morales como su candidato,Falso
301,2025-04-21T18:54:01,boliviaverifica.bo,https://boliviaverifica.bo/el-gobierno-no-anuncio-la-postergacion-de-las-elecciones-presidenciales-por-una-crisis-social-y-energetica/,El Gobierno no anunció la postergación de las elecciones presidenciales por una “crisis social y energética”,Falso
302,2025-04-20T18:34:47,boliviaverifica.bo,https://boliviaverifica.bo/el-vocal-tahuichi-no-fue-proclamado-ni-juro-como-candidato-a-la-vicepresidencia-por-la-organizacion-evo-pueblo/,El vocal Tahuichi no fue proclamado ni juró como candidato a la vicepresidencia por la organización “Evo Pueblo”,Falso
303,2025-04-18T19:58:50,boliviaverifica.bo,https://boliviaverifica.bo/las-elecciones-generales-no-fueron-postergadas-como-alerto-un-periodista/,"Las elecciones generales no fueron postergadas, como alertó un periodista",Falso
304,2025-04-17T01:55:14,boliviaverifica.bo,https://boliviaverifica.bo/reunion-de-la-organizacion-evo-pueblo-no-determino-que-andronico-sea-el-candidato-a-vicepresidente/,Reunión de la organización Evo Pueblo no determinó que Andrónico sea el candidato a vicepresidente,Falso
305,2025-04-14T13:22:13,boliviaverifica.bo,https://boliviaverifica.bo/luisa-gonzales-no-fue-declarada-como-ganadora-de-las-elecciones-en-ecuador/,Luisa Gonzáles no fue declarada como ganadora de las elecciones en Ecuador,Falso
306,2025-04-13T17:38:26,boliviaverifica.bo,https://boliviaverifica.bo/unitel-no-difundio-este-arte-ni-evo-declaro-que-esta-convencido-de-ganar-con-el-80-de-apoyo-electoral/,Unitel no difundió este arte ni Evo declaró que está convencido de ganar con el 80% de apoyo electoral,Falso
307,2025-03-24T16:59:24,boliviaverifica.bo,https://boliviaverifica.bo/audio-atribuido-a-doria-medina-sobre-coimas-fue-creado-con-inteligencia-artificial/,Audio atribuido a Doria Medina sobre coimas fue creado con inteligencia artificial,Falso
308,2025-03-22T18:13:04,boliviaverifica.bo,https://boliviaverifica.bo/encuesta-de-intencion-de-voto-compartida-por-gary-prado-es-falsa/,Encuesta de intención de voto compartida por Gary Prado es falsa,Falso
309,2025-03-03T21:28:54,boliviaverifica.bo,https://boliviaverifica.bo/este-perfil-en-instagram-no-le-pertenece-al-presidente-del-tse-oscar-hassenteufel/,Este perfil en Instagram no le pertenece al presidente del TSE Oscar Hassenteufel,Falso
310,2025-03-02T04:03:35,boliviaverifica.bo,https://boliviaverifica.bo/renuncia-de-militantes-no-pone-en-riesgo-personeria-del-mas/,Renuncia de militantes no pone en riesgo personería del MAS,Falso
311,2025-02-27T20:42:14,boliviaverifica.bo,https://boliviaverifica.bo/el-vocal-tahuichi-no-declaro-que-la-renuncia-de-militantes-del-mas-es-un-acto-antidemocratico/,El vocal Tahuichi no declaró que la renuncia de militantes del MAS es un acto antidemocrático,Falso
312,2025-02-20T06:09:36,boliviaverifica.bo,https://boliviaverifica.bo/luis-arce-no-anuncio-un-binomio-con-mario-cronenbold-por-el-mas/,Luis Arce no anunció un binomio con Mario Cronenbold por el MAS,Falso
313,2025-01-29T18:08:32,boliviaverifica.bo,https://boliviaverifica.bo/encuesta-que-indica-que-manfred-reyes-villa-lidera-la-intencion-de-corrupcion-es-falsa/,Encuesta que indica que Manfred Reyes Villa lidera la “intención de corrupción” es falsa,Falso
314,2025-01-28T05:07:15,boliviaverifica.bo,https://boliviaverifica.bo/reynaldo-ezequiel-acuso-de-violencia-de-genero-al-hijo-de-manfred-reyes-con-material-manipulado/,Reynaldo Ezequiel acusó de violencia de género al hijo de Manfred Reyes con material manipulado,Falso
315,2025-01-15T09:33:49,boliviaverifica.bo,https://boliviaverifica.bo/manfred-reyes-villa-no-presento-a-carol-ilievski-como-su-binomio-para-las-elecciones-generales/,Manfred Reyes Villa no presentó a Carol Ilievski como su binomio para las elecciones generales,Falso
316,2025-01-14T12:25:00,boliviaverifica.bo,https://boliviaverifica.bo/este-no-es-el-calendario-oficial-de-las-elecciones-presidenciales-la-sala-plena-del-tse-aun-lo-revisa/,Este no es el calendario oficial de las elecciones presidenciales; la Sala Plena del TSE aún lo revisa,Falso
317,2024-12-15T11:11:23,boliviaverifica.bo,https://boliviaverifica.bo/comunicado-que-informa-la-inhabilitacion-de-los-candidatos-martinez-castillo-y-canedo-es-falso/,"Comunicado que informa la inhabilitación de los candidatos Martínez, Castillo y Canedo es falso",Falso
318,2024-12-14T15:50:50,boliviaverifica.bo,https://boliviaverifica.bo/el-tse-no-inhabilito-a-2-candidatos-en-las-ultimas-horas-el-video-donde-el-vocal-tahuichi-habla-al-respecto-fue-creado-con-ia/,El TSE no inhabilitó a 2 candidatos en las últimas horas; el video donde el vocal Tahuichi habla al respecto fue creado con IA,Falso
319,2024-12-13T21:48:43,boliviaverifica.bo,https://boliviaverifica.bo/el-comunicado-del-tse-que-inhabilita-a-un-candidato-a-las-elecciones-judiciales-es-falso/,El comunicado del TSE que inhabilita a un candidato a las elecciones judiciales es falso,Falso
320,2024-12-10T19:28:57,boliviaverifica.bo,https://boliviaverifica.bo/las-elecciones-judiciales-no-se-postergaron-para-el-29-de-diciembre/,Las elecciones judiciales no se postergaron para el 29 de diciembre,Falso
321,2024-12-06T15:37:04,boliviaverifica.bo,https://boliviaverifica.bo/encuestas-ocd-bolivia-no-es-una-cuenta-manejada-por-la-alianza-observacion-ciudadana-de-la-democracia/,“Encuestas OCD Bolivia” no es una cuenta manejada por la alianza Observación Ciudadana de la Democracia,Falso
322,2024-12-05T18:12:28,boliviaverifica.bo,https://boliviaverifica.bo/elecciones-judiciales-esta-encuesta-no-fue-elaborada-por-jubileo-ni-la-ocd/,Elecciones Judiciales: esta encuesta no fue elaborada por Jubileo ni la OCD,Falso
323,2024-12-03T09:49:37,boliviaverifica.bo,https://boliviaverifica.bo/evo-morales-no-acuso-a-andronico-rodriguez-de-ser-traicionero-y-prebendalista/,Evo Morales no acusó a Andrónico Rodríguez de ser traicionero y prebendalista,Falso
324,2024-11-30T14:40:44,boliviaverifica.bo,https://boliviaverifica.bo/fundacion-jubileo-y-ocd-no-realizaron-esta-encuesta-sobre-las-elecciones-judiciales/,Fundación Jubileo y OCD no realizaron esta encuesta sobre las elecciones judiciales,Falso
325,2024-11-29T17:38:16,boliviaverifica.bo,https://boliviaverifica.bo/juan-ramon-quintana-no-dijo-que-andronico-rodriguez-sera-candidato-por-el-movimiento-tercer-sistema/,Juan Ramón Quintana no dijo que Andrónico Rodríguez será candidato por el Movimiento Tercer Sistema,Falso
326,2024-11-07T09:46:36,boliviaverifica.bo,https://boliviaverifica.bo/informate-y-decide-bolivia-no-es-una-cuenta-oficial-del-organo-electoral-plurinacional/,Infórmate y Decide Bolivia no es una cuenta oficial del Órgano Electoral Plurinacional,Falso
327,2024-11-06T15:01:12,boliviaverifica.bo,https://boliviaverifica.bo/este-video-no-prueba-un-fraude-electoral-en-estados-unidos/,Este video no prueba un fraude electoral en Estados Unidos,Falso
328,2024-11-04T16:48:36,boliviaverifica.bo,https://boliviaverifica.bo/elecciones-en-estados-unidos-donald-trump-no-anuncio-que-prohibira-los-videojuegos/,Elecciones en Estados Unidos: Donald Trump no anunció que prohibirá los videojuegos,Falso
329,2024-10-29T18:32:45,boliviaverifica.bo,https://boliviaverifica.bo/el-deber-no-publico-esta-encuesta-sobre-las-elecciones-judiciales/,El Deber no publicó esta encuesta sobre las elecciones judiciales,Falso
330,2024-10-24T02:43:52,boliviaverifica.bo,https://boliviaverifica.bo/cuidado-esta-encuesta-sobre-las-judiciales-no-es-legal-ni-le-pertenece-a-la-iniciativa-tu-voto-cuenta/,¡Cuidado! Esta encuesta sobre las judiciales no es legal ni le pertenece a la iniciativa “Tu voto cuenta”,Falso
331,2024-10-10T19:16:23,boliviaverifica.bo,https://boliviaverifica.bo/tiktok-unitel-beni-bo-no-es-una-cuenta-oficial-del-medio-televisivo/,TikTok: Unitel.beni.bo no es una cuenta oficial del medio televisivo,Falso
332,2024-10-08T11:10:54,boliviaverifica.bo,https://boliviaverifica.bo/esta-frase-sobre-las-ninas-en-el-tropico-no-es-de-evo-morales/,Esta frase sobre las niñas en el Trópico no es de Evo Morales,Falso
333,2024-09-27T16:06:40,boliviaverifica.bo,https://boliviaverifica.bo/jubileo-no-publico-una-encuesta-sobre-las-elecciones-judiciales/,Jubileo no publicó una encuesta sobre las elecciones judiciales,Falso
334,2024-09-22T12:30:49,boliviaverifica.bo,https://boliviaverifica.bo/maria-corina-machado-nunca-dijo-que-la-oposicion-venezolana-solo-obtuvo-4-millones-de-votos/,María Corina Machado nunca dijo que la oposición venezolana solo obtuvo 4 millones de votos,Falso
335,2024-09-16T20:07:14,boliviaverifica.bo,https://boliviaverifica.bo/el-vicepresidente-choquehuanca-no-pidio-que-se-adelanten-las-elecciones/,El vicepresidente Choquehuanca no pidió que se adelanten las elecciones,Falso
336,2024-09-03T02:18:21,boliviaverifica.bo,https://boliviaverifica.bo/esta-encuesta-de-intencion-de-voto-no-fue-realizada-por-la-agencia-colombiana-datexco/,Esta encuesta de intención de voto no fue realizada por la agencia colombiana Datexco,Falso
337,2024-09-02T20:55:09,boliviaverifica.bo,https://boliviaverifica.bo/esta-encuesta-de-intencion-de-voto-no-fue-realizada-por-la-universidad-mayor-de-san-simon/,Esta encuesta de intención de voto no fue realizada por la Universidad Mayor de San Simón,Falso
338,2024-08-30T18:07:26,boliviaverifica.bo,https://boliviaverifica.bo/la-encuesta-difundida-por-tactic-consulting-no-tiene-aval-del-tse/,La encuesta difundida por Tactic Consulting no tiene aval del TSE,Falso
339,2024-08-29T17:43:51,boliviaverifica.bo,https://boliviaverifica.bo/el-empadronamiento-es-solo-hasta-el-30-de-agosto-en-todo-el-territorio-nacional/,El empadronamiento electoral biométrico es solo hasta el 30 de agosto en todo el territorio nacional,Falso
340,2024-08-23T09:26:58,boliviaverifica.bo,https://boliviaverifica.bo/la-empresa-excle-no-fue-contratada-por-el-tse-para-el-empadronamiento-como-denuncio-la-senadora-gallo/,"La empresa ExClé no fue contratada por el TSE para el empadronamiento, como denunció la senadora Gallo",Falso
341,2024-08-08T02:19:56,boliviaverifica.bo,https://boliviaverifica.bo/helicopteros-militares-no-arribaron-a-colombia-tras-elecciones-en-venezuela/,Helicópteros militares no arribaron a Colombia tras elecciones en Venezuela,Falso
342,2024-07-30T15:28:12,boliviaverifica.bo,https://boliviaverifica.bo/telesur-publico-una-grafica-con-resultados-de-las-elecciones-de-venezuela-que-suman-un-total-de-132/,Telesur publicó una gráfica con resultados de las elecciones de Venezuela que suman un total de 132%,Falso
343,2024-07-28T12:39:38,boliviaverifica.bo,https://boliviaverifica.bo/venezuela-son-falsos-los-boletos-aereos-a-ee-uu-a-nombre-del-candidato-presidencial-edmundo-gonzalez-y-su-esposa/,Venezuela: Son falsos los boletos aéreos a EE.UU. a nombre del candidato presidencial Edmundo González y su esposa,Falso
344,2024-07-27T19:37:31,boliviaverifica.bo,https://boliviaverifica.bo/elecciones-en-venezuela-los-electores-no-necesitan-firmar-un-registro-de-participacion-cuando-vayan-a-votar/,Elecciones en Venezuela: Los electores no necesitan firmar un registro de participación cuando vayan a votar,Falso
345,2024-07-27T09:35:41,boliviaverifica.bo,https://boliviaverifica.bo/es-falso-que-maduro-se-haya-retirado-de-las-elecciones-presidenciales-en-venezuela/,Es falso que Maduro se haya retirado de las elecciones presidenciales en Venezuela,Falso
346,2024-07-26T19:55:28,boliviaverifica.bo,https://boliviaverifica.bo/opositor-venezolano-no-dio-un-discurso-que-incentiva-el-voto-por-nicolas-maduro/,Opositor venezolano no dio un discurso que incentiva el voto por Nicolás Maduro,Falso
347,2024-07-25T22:09:11,boliviaverifica.bo,https://boliviaverifica.bo/venezuela-ningun-candidato-fue-anunciado-oficialmente-como-presidente-electo/,Venezuela: ningún candidato fue anunciado oficialmente como presidente electo,Falso
348,2024-07-23T18:47:37,boliviaverifica.bo,https://boliviaverifica.bo/nicolas-maduro-no-reconocio-que-puede-perder-las-elecciones-del-28-de-julio/,Nicolás Maduro no reconoció que puede perder las elecciones del 28 de julio,Falso
349,2024-07-22T18:23:42,boliviaverifica.bo,https://boliviaverifica.bo/esta-credencial-de-la-cia-no-es-del-candidato-venezolano-edmundo-gonzalez/,Esta credencial que usa el nombre de la CIA no es del candidato venezolano Edmundo González,Falso
350,2024-07-17T03:24:40,boliviaverifica.bo,https://boliviaverifica.bo/kaplex-no-fue-proclamado-como-uno-de-los-candidatos-del-mas/,Kapléx no fue proclamado como uno de los candidatos del MAS,Falso
351,2024-07-03T20:33:36,boliviaverifica.bo,https://boliviaverifica.bo/presidenciales-ningun-candidato-fue-proclamado-aun-como-ganador-en-venezuela/,Presidenciales: ningún candidato fue proclamado aún como ganador en Venezuela,Falso
352,2024-06-24T17:08:20,boliviaverifica.bo,https://boliviaverifica.bo/red-uno-no-informo-que-evo-haya-dicho-que-los-taxistas-y-las-bartolinas-lo-estan-obligando-a-ser-candidato-para-las-elecciones/,Red Uno no informó que Evo haya dicho que los taxistas y las bartolinas lo están obligando a ser candidato para las elecciones,Falso
353,2024-06-24T14:18:11,boliviaverifica.bo,https://boliviaverifica.bo/el-alteno-no-informo-que-la-alcaldesa-eva-copa-analiza-postularse-a-las-elecciones-2025/,El Alteño no informó que la alcaldesa Eva Copa analiza postularse a las elecciones 2025,Falso
354,2024-06-17T17:15:45,boliviaverifica.bo,https://boliviaverifica.bo/elecciones-en-mexico-la-participacion-de-la-poblacion-no-fue-del-727/,"Elecciones en México: la participación de la población no fue del 72,7%",Falso
355,2024-04-10T22:15:28,boliviaverifica.bo,https://boliviaverifica.bo/organo-electoral-no-remitio-una-nota-que-avala-la-supervision-del-x-congreso-del-mas-ipsp/,El TSE no remitió una nota que avala la supervisión del X Congreso del MAS-IPSP,Falso
356,2024-03-28T11:43:07,boliviaverifica.bo,https://boliviaverifica.bo/el-youtuber-mrbeast-no-se-postulo-para-las-elecciones-presidenciales-de-estados-unidos/,El youtuber MrBeast no se postuló para las elecciones presidenciales de Estados Unidos,Falso
357,2024-03-25T11:50:36,boliviaverifica.bo,https://boliviaverifica.bo/luis-arce-y-manfred-reyes-villa-no-iniciaron-una-campana-con-miras-a-las-elecciones-de-2025/,Luis Arce y Manfred Reyes Villa no iniciaron una campaña con miras a las elecciones de 2025,Falso
358,2024-03-02T11:46:45,boliviaverifica.bo,https://boliviaverifica.bo/evo-morales-no-acuso-al-senador-andronico-rodriguez-por-promoverse-como-candidato/,Evo Morales no acusó al senador Andrónico Rodríguez por promoverse como candidato,Falso
359,2024-02-27T19:03:42,boliviaverifica.bo,https://boliviaverifica.bo/diputado-cuellar-no-denuncio-que-el-tse-luis-arce-y-evo-morales-urden-un-fraude-electoral-para-2025/,"Diputado Cuéllar no denunció que el TSE, Luis Arce y Evo Morales urden un fraude electoral para 2025",Falso
360,2024-01-24T18:58:31,boliviaverifica.bo,https://boliviaverifica.bo/el-diputado-juan-jose-jauregui-no-dijo-que-tiene-la-orden-de-inviabilizar-las-elecciones-judiciales/,El diputado Juan José Jauregui no dijo que tiene la orden de inviabilizar las elecciones judiciales,Falso
361,2024-01-04T16:14:51,boliviaverifica.bo,https://boliviaverifica.bo/santa-cruz-mario-aguilera-si-fue-electo-vicegobernador-por-voto-directo/,Santa Cruz: Mario Aguilera sí fue electo vicegobernador por voto directo,Falso
362,2023-12-18T23:54:41,boliviaverifica.bo,https://boliviaverifica.bo/evo-morales-y-andronico-rodriguez-no-son-los-candidatos-del-mas-para-los-comicios-de-2025/,Evo Morales y Andrónico Rodríguez no son los candidatos del MAS para los comicios de 2025,Falso
363,2023-11-29T19:59:54,boliviaverifica.bo,https://boliviaverifica.bo/vicente-cuellar-no-dijo-que-hara-dupla-con-evo-morales-para-las-elecciones-2025/,Vicente Cuéllar no dijo que hará dupla con Evo Morales para las elecciones de 2025,Falso
364,2023-11-17T19:26:15,boliviaverifica.bo,https://boliviaverifica.bo/argentina-candidato-sergio-massa-no-declaro-que-conoce-a-los-narcos/,Argentina: candidato Sergio Massa no declaró que conoce a los narcos,Falso
365,2023-11-17T13:13:26,boliviaverifica.bo,https://boliviaverifica.bo/circula-antigua-denuncia-sobre-contratacion-del-tse-de-empresa-vinculada-al-fraude/,Circula antigua denuncia sobre contratación del TSE de empresa vinculada al fraude,Falso
366,2023-11-12T18:56:31,boliviaverifica.bo,https://boliviaverifica.bo/este-video-no-es-de-una-protesta-en-argentina-por-un-supuesto-fraude-electoral/,Este video no es de una protesta en Argentina por un supuesto fraude electoral,Falso
367,2023-10-23T16:48:46,boliviaverifica.bo,https://boliviaverifica.bo/elecciones-en-argentina-aun-no-se-difundieron-los-resultados-del-voto-en-el-exterior/,Elecciones en Argentina: aún no se difundieron los resultados del voto en el exterior,Falso
368,2023-10-22T22:25:03,boliviaverifica.bo,https://boliviaverifica.bo/javier-milei-no-gano-las-elecciones-presidenciales-en-argentina-con-mas-del-50-de-los-votos/,Javier Milei no ganó las elecciones presidenciales en Argentina con más del 50% de los votos,Falso
369,2023-09-16T19:19:35,boliviaverifica.bo,https://boliviaverifica.bo/encuesta-de-diagnosis-no-coloca-a-evo-morales-con-la-mejor-intencion-de-voto/,Encuesta de Diagnosis no coloca a Evo Morales con la mejor intención de voto,Falso
370,2023-09-01T18:00:57,boliviaverifica.bo,https://boliviaverifica.bo/en-bolivia-las-mujeres-no-ejercen-el-derecho-al-voto-desde-1938-como-se-dice-en-un-video/,"En Bolivia, las mujeres no ejercen el derecho al voto desde 1938 como se dice en un video",Falso
371,2023-08-27T20:28:20,boliviaverifica.bo,https://boliviaverifica.bo/la-oea-no-informo-que-hubo-fraude-electoral-en-las-elecciones-de-ecuador/,La OEA no informó que hubo fraude electoral en las elecciones de Ecuador,Falso
372,2023-08-22T20:09:08,boliviaverifica.bo,https://boliviaverifica.bo/lionel-messi-no-sigue-al-candidato-javier-milei-en-instagram/,Lionel Messi no sigue al candidato Javier Milei en Instagram,Falso
373,2023-08-12T11:47:46,boliviaverifica.bo,https://boliviaverifica.bo/argentina-infobae-no-informo-que-lionel-messi-expreso-su-apoyo-al-candidato-presidencial-javier-milei/,Argentina: Infobae no informó que Lionel Messi expresó su apoyo al candidato presidencial Javier Milei,Falso
374,2023-04-24T17:35:26,boliviaverifica.bo,https://boliviaverifica.bo/morales-no-tuiteo-que-no-se-postulara-en-las-elecciones-de-2025/,Morales no tuiteó que no se postulará en las elecciones generales de 2025,Falso
375,2023-04-18T17:58:55,boliviaverifica.bo,https://boliviaverifica.bo/romero-no-dijo-que-morales-confia-en-el-como-su-candidato-a-la-vicepresidencia-en-2025/,Romero no dijo que Morales confía en él como su candidato a la vicepresidencia en 2025,Falso
376,2023-04-02T22:31:27,boliviaverifica.bo,https://boliviaverifica.bo/reynaldo-ezequiel-no-anuncio-que-sera-el-proximo-candidato-a-la-gobernacion-crucena/,Reynaldo Ezequiel no anunció que será el próximo candidato a la Gobernación cruceña,Falso
377,2023-02-12T18:11:41,boliviaverifica.bo,https://boliviaverifica.bo/ni-unitel-ni-red-uno-difundieron-fotocitas-de-calvo-sobre-elecciones-civicas-en-santa-cruz/,Ni Unitel ni Red Uno difundieron fotocitas de Calvo sobre elecciones cívicas en Santa Cruz,Falso
378,2022-09-06T18:59:38,boliviaverifica.bo,https://boliviaverifica.bo/el-candidato-del-mas-si-gano-la-eleccion-municipal-en-la-guardia/,El candidato del MAS sí ganó la elección municipal en La Guardia,Falso
379,2022-05-30T16:35:39,boliviaverifica.bo,https://boliviaverifica.bo/video-del-conflicto-chileno-de-2019-circula-como-actual-tras-recientes-elecciones-en-colombia/,Video del conflicto chileno de 2019 circula como actual tras recientes elecciones en Colombia,Falso
380,2022-04-11T12:08:19,boliviaverifica.bo,https://boliviaverifica.bo/no-es-verdad-que-nadia-cruz-incremento-su-salario-como-senala-este-candidato-a-defensor/,No es verdad que Nadia Cruz incrementó su salario como señala este candidato a defensor,Falso
381,2021-10-28T15:24:55,boliviaverifica.bo,https://boliviaverifica.bo/no-la-att-no-esta-contactando-para-anunciar-premios-por-whatsapp/,"No, la ATT no está contactando para anunciar premios por WhatsApp",Falso
382,2021-10-05T14:55:29,boliviaverifica.bo,https://boliviaverifica.bo/evo-morales-no-tuiteo-felicitaciones-a-eduardo-cortez-candidato-a-rector-de-la-uajms-en-tarija/,"Evo Morales no tuiteó “felicitaciones” a Eduardo Cortez, candidato a rector de la UAJMS en Tarija",Falso
383,2021-07-31T17:18:15,boliviaverifica.bo,https://boliviaverifica.bo/carlos-valverde-dijo-que-no-hubo-fraude-pero-se-refirio-a-las-elecciones-generales-2020-no-a-las-del-2019/,"Carlos Valverde dijo que no hubo fraude pero se refirió a las Elecciones Generales 2020, no a las del 2019",Falso
384,2021-07-29T16:00:20,boliviaverifica.bo,https://boliviaverifica.bo/falso-edgar-villegas-no-salio-a-afirmar-que-nunca-hubo-fraude/,"Falso, Édgar Villegas no salió a afirmar que “nunca hubo fraude”",Falso
385,2021-07-28T17:48:03,boliviaverifica.bo,https://boliviaverifica.bo/rector-de-universidad-de-salamanca-no-nego-informe-sobre-el-caso-fraude-de-2019/,Rector de la Universidad de Salamanca no negó informe sobre el caso “fraude” de 2019,Falso
386,2021-06-24T18:16:17,boliviaverifica.bo,https://boliviaverifica.bo/alteran-publicacion-de-bolivia-verifica-sobre-frase-de-luis-arce/,Alteran publicación de Bolivia Verifica sobre frase de Luis Arce,Falso
387,2021-06-16T14:54:54,boliviaverifica.bo,https://boliviaverifica.bo/carlos-mesa-no-se-refirio-a-keiko-fujimori-y-la-acusacion-de-fraude-en-peru/,Carlos Mesa no se refirió a Keiko Fujimori y la acusación de fraude en Perú,Falso
388,2021-06-09T16:08:45,boliviaverifica.bo,https://boliviaverifica.bo/es-falso-que-el-ministro-de-gobierno-recibio-el-voto-de-confianza-de-la-asamblea-legislativa/,Es falso que el ministro de Gobierno recibió el “voto de confianza” de la Asamblea Legislativa,Falso
389,2021-06-08T17:28:17,boliviaverifica.bo,https://boliviaverifica.bo/el-ingeniero-villegas-no-denuncio-supuesto-fraude-en-las-elecciones-de-peru/,El ingeniero Villegas no denunció supuesto fraude en las elecciones de Perú,Falso
390,2021-05-13T16:46:06,boliviaverifica.bo,https://boliviaverifica.bo/luis-arce-no-ofrecio-el-tri-bono-de-ayuda-durante-su-campana-los-reclamos-en-redes-no-tienen-fundamento/,"Luis Arce no ofreció el “tri bono de ayuda” durante su campaña, los reclamos en redes no tienen fundamento",Falso
391,2021-04-29T12:38:55,boliviaverifica.bo,https://boliviaverifica.bo/la-red-uno-no-publico-que-ivan-arias-y-eva-copa-hayan-realizado-una-alianza/,Red Uno no publicó que Iván Arias y Eva Copa hayan realizado una alianza,Falso
392,2021-04-22T18:10:48,boliviaverifica.bo,https://boliviaverifica.bo/camacho-no-aseguro-que-se-reunira-con-eva-copa-para-las-elecciones-del-2025/,Camacho no aseguró que se reunirá con Eva Copa para las elecciones del 2025,Falso
393,2021-04-19T12:41:15,boliviaverifica.bo,https://boliviaverifica.bo/carlos-valverde-no-menciono-que-tarija-siempre-elige-a-la-misma-lacra/,Carlos Valverde no mencionó que Tarija siempre elige a la misma ‘lacra’,Falso
394,2021-04-19T11:13:21,boliviaverifica.bo,https://boliviaverifica.bo/falso-salvador-romero-no-presento-un-libro-sobre-fraudes-electorales/,"Falso, Salvador Romero no presentó un libro sobre fraudes electorales",Falso
395,2021-04-18T13:18:56,boliviaverifica.bo,https://boliviaverifica.bo/creemos-no-esta-realizando-subasta-de-la-camiseta-de-luis-fernando-camacho/,Creemos no está realizando subasta de la camiseta de Luis Fernando Camacho,Falso
396,2021-04-16T15:52:36,boliviaverifica.bo,https://boliviaverifica.bo/dos-datos-falsos-sobre-los-vocales-del-tse-en-una-transmision-de-facebook/,Dos datos falsos sobre los vocales del TSE en una transmisión de Facebook,Falso
397,2021-04-14T15:25:59,boliviaverifica.bo,https://boliviaverifica.bo/es-falso-que-el-alcalde-electo-de-potosi-dijo-que-evo-morales-no-tiene-pisada-en-su-ciudad/,Es falso que el alcalde electo de Potosí dijo que Evo Morales “no tiene pisada” en su ciudad,Falso
398,2021-04-12T15:05:24,boliviaverifica.bo,https://boliviaverifica.bo/falso-el-mas-no-gano-en-tarija-como-indicaba-una-publicacion-de-alvaro-ruiz/,"Falso, el MAS no ganó en Tarija como indicaba una publicación de Álvaro Ruiz",Falso
399,2021-04-12T14:07:15,boliviaverifica.bo,https://boliviaverifica.bo/falso-en-tarija-no-hubo-resultados-en-boca-de-urna/,Falso: en Tarija no hubo resultados en boca de urna,Falso
400,2021-04-11T18:46:49,boliviaverifica.bo,https://boliviaverifica.bo/no-no-hay-anforas-de-bermejo-instaladas-en-la-provincia-cercado-de-tarija/,"No, no hay ánforas de Bermejo instaladas en la provincia Cercado de Tarija",Falso
401,2021-04-11T15:59:50,boliviaverifica.bo,https://boliviaverifica.bo/el-presidente-luis-arce-no-revelo-que-voto-por-jallalla-la-paz/,El presidente Luis Arce no reveló que votó por Jallalla La Paz,Falso
402,2021-04-11T15:36:46,boliviaverifica.bo,https://boliviaverifica.bo/usan-imagen-de-senadora-del-mas-para-pedir-voto-por-el-mts-en-pando/,Usan imagen de senadora del MAS para pedir voto por el MTS en Pando,Falso
403,2021-04-11T13:28:21,boliviaverifica.bo,https://boliviaverifica.bo/esposa-de-candidato-oscar-montes-no-recibio-la-vacuna-contra-la-covid-19/,Esposa de candidato Oscar Montes no recibió la vacuna contra la Covid-19,Falso
404,2021-04-11T12:56:40,boliviaverifica.bo,https://boliviaverifica.bo/comunicado-falso-el-tse-no-informo-sobre-la-suspension-del-certificado-de-sufragio-en-tramites-post-electorales/,¡Comunicado falso! El TSE no informó sobre la suspensión del certificado de sufragio en trámites post electorales,Falso
405,2021-04-11T12:23:26,boliviaverifica.bo,https://boliviaverifica.bo/unitel-no-difundio-encuestas-para-la-segunda-vuelta-electoral-en-la-paz/,Unitel no difundió ninguna encuesta para la segunda vuelta electoral en La Paz,Falso
406,2021-04-11T11:22:17,boliviaverifica.bo,https://boliviaverifica.bo/alcaldesa-electa-de-cobija-no-pidio-apoyar-al-mas-en-la-segunda-vuelta-electoral/,Alcaldesa electa de Cobija no pidió apoyar al MAS en la segunda vuelta electoral,Falso
407,2021-04-10T19:03:07,boliviaverifica.bo,https://boliviaverifica.bo/la-youtuber-warmi-rosa-no-publico-una-imagen-apoyando-a-franklin-flores/,La youtuber Warmi Rosa no publicó una imagen apoyando a Franklin Flores,Falso
408,2021-04-10T18:56:53,boliviaverifica.bo,https://boliviaverifica.bo/la-universidad-tarijena-no-publico-ninguna-encuesta-electoral/,La Universidad tarijeña no publicó ninguna encuesta electoral,Falso
409,2021-04-10T11:47:40,boliviaverifica.bo,https://boliviaverifica.bo/el-deber-no-publico-que-franklin-flores-posee-tierras-en-ixiamas/,El Deber no publicó que Franklin Flores posee tierras en Ixiamas,Falso
410,2021-04-09T14:34:06,boliviaverifica.bo,https://boliviaverifica.bo/global-politica-y-tu-voto-no-estan-habilitadas-para-elaborar-y-difundir-estudios-de-opinion/,Global Política y Tu Voto no están habilitadas para elaborar y difundir estudios de opinión,Falso
411,2021-04-08T09:18:06,boliviaverifica.bo,https://boliviaverifica.bo/atribuyen-una-falsa-frase-a-periodista-andres-gomez-vela/,Atribuyen una falsa frase a periodista Andrés Gómez Vela,Falso
412,2021-04-07T19:27:03,boliviaverifica.bo,https://boliviaverifica.bo/encuestas-electorales-de-redes-sociales-no-estan-permitidas/,Encuestas electorales de redes sociales no están permitidas,Falso
413,2021-04-07T17:47:06,boliviaverifica.bo,https://boliviaverifica.bo/rafael-quispe-no-poso-en-una-fotografia-junto-a-franklin-flores-y-lidia-patty/,Rafael Quispe no posó en una fotografía junto a Franklin Flores y Lidia Patty,Falso
414,2021-04-07T16:26:55,boliviaverifica.bo,https://boliviaverifica.bo/cadena-digital-sucre-no-es-una-entidad-autorizada-por-el-tse-para-realizar-estudios-de-opinion-en-materia-electoral/,Cadena Digital Sucre no es una entidad autorizada por el TSE para realizar estudios de opinión en materia electoral,Falso
415,2021-04-07T12:34:43,boliviaverifica.bo,https://boliviaverifica.bo/oscar-montes-no-se-escapo-del-debate-electoral-en-tarija/,Oscar Montes no se “escapó” del debate electoral en Tarija,Falso
416,2021-04-07T11:30:14,boliviaverifica.bo,https://boliviaverifica.bo/no-es-verdad-que-franklin-flores-mas-afirmo-que-los-medicos-se-contagian-a-proposito/,No es verdad que Franklin Flores (MAS) afirmó que “los médicos se contagian a propósito”,Falso
417,2021-04-05T18:38:56,boliviaverifica.bo,https://boliviaverifica.bo/unitel-no-presento-encuesta-para-la-segunda-vuelta-en-tarija/,Unitel no presentó encuesta para la segunda vuelta en Tarija,Falso
418,2021-04-05T17:53:45,boliviaverifica.bo,https://boliviaverifica.bo/concejal-electo-de-cochabamba-no-fue-condenado-a-diez-anos-de-prision/,Concejal electo de Cochabamba no fue condenado a diez años de prisión,Falso
419,2021-04-05T16:49:56,boliviaverifica.bo,https://boliviaverifica.bo/imagenes-con-militantes-de-unidos-y-del-mas-en-tarija-no-son-de-un-pacto-entre-ambos/,Imágenes con militantes de Unidos y del MAS en Tarija no son de un “pacto” entre ambos,Falso
420,2021-04-05T12:20:39,boliviaverifica.bo,https://boliviaverifica.bo/unitel-no-difundio-encuestas-para-segunda-vuelta-a-la-gobernacion-de-la-paz/,Unitel no difundió encuestas para segunda vuelta a la Gobernación de La Paz,Falso
421,2021-04-04T12:22:03,boliviaverifica.bo,https://boliviaverifica.bo/falsa-encuesta-de-intencion-de-voto-en-tarija-da-como-ganador-al-candidato-del-mas/,Falsa encuesta de intención de voto en Tarija da como ganador al candidato del MAS,Falso
422,2021-04-03T13:20:48,boliviaverifica.bo,https://boliviaverifica.bo/circula-declaracion-falsa-de-luis-fernando-camacho-a-santos-quispe/,Circula declaración falsa de Luis Fernando Camacho a Santos Quispe,Falso
423,2021-04-02T16:36:24,boliviaverifica.bo,https://boliviaverifica.bo/jallalla-la-paz-no-hizo-alianza-con-somos-pueblo/,Jallalla La Paz no hizo alianza con Somos Pueblo,Falso
424,2021-03-30T13:03:45,boliviaverifica.bo,https://boliviaverifica.bo/rafael-quispe-no-menciono-un-acuerdo-con-santos-quispe-para-la-segunda-vuelta-a-la-gobernacion-de-la-paz/,Rafael Quispe no mencionó un acuerdo con Santos Quispe para la segunda vuelta a la Gobernación de La Paz,Falso
425,2021-03-28T18:40:31,boliviaverifica.bo,https://boliviaverifica.bo/candidato-del-mas-no-insulto-a-dirigente-segundina-flores/,Candidato del MAS no insultó a dirigente Segundina Flores,Falso
426,2021-03-28T14:22:03,boliviaverifica.bo,https://boliviaverifica.bo/franklin-flores-no-critico-al-ciudadano-frances-alexis-dessard/,Franklin Flores no criticó al ciudadano francés Alexis Dessard,Falso
427,2021-03-25T16:14:35,boliviaverifica.bo,https://boliviaverifica.bo/manipulan-titular-de-opinion-para-atribuir-una-declaracion-falsa-a-santos-quispe/,Manipulan titular de Opinión para atribuir una declaración falsa a Santos Quispe,Falso
428,2021-03-23T12:27:48,boliviaverifica.bo,https://boliviaverifica.bo/falso-luis-fernando-camacho-no-menciono-que-financiara-a-santos-quispe/,Falso: Luis Fernando Camacho no mencionó que financiará a Santos Quispe,Falso
429,2021-03-22T16:43:38,boliviaverifica.bo,https://boliviaverifica.bo/la-universidad-de-massachusetts-no-se-pronuncio-sobre-las-elecciones-de-2019-en-bolivia/,La Universidad de Massachusetts no se pronunció sobre las elecciones de 2019 en Bolivia,Falso
430,2021-03-18T15:32:46,boliviaverifica.bo,https://boliviaverifica.bo/falsifican-comunicados-de-jallalla-para-desinformar-a-la-poblacion/,Falsifican comunicados de Jallalla para desinformar a la población sobre supuestas alianzas,Falso
431,2021-03-16T18:02:21,boliviaverifica.bo,https://boliviaverifica.bo/manipulan-imagen-de-la-entrevista-de-evo-morales-en-canal-televisivo-argentino/,Manipulan imagen de la entrevista de Evo Morales en canal televisivo argentino,Falso
432,2021-03-16T11:32:31,boliviaverifica.bo,https://boliviaverifica.bo/circula-falso-mandamiento-de-aprehension-en-contra-del-tata-quispe/,Circula falso mandamiento de aprehensión en contra del “Tata” Quispe,Falso
433,2021-03-15T19:34:05,boliviaverifica.bo,https://boliviaverifica.bo/el-pais-de-tarija-no-publico-que-el-candidato-del-mas-usara-recursos-de-tariquia-para-pagar-bonos/,El País de Tarija no publicó que el candidato del MAS usará recursos de Tariquía para pagar bonos,Falso
434,2021-03-15T15:43:27,boliviaverifica.bo,https://boliviaverifica.bo/el-joven-que-aparece-con-candidatos-del-mas-no-es-funcionario-del-tribunal-electoral/,El joven que aparece con candidatos del MAS no es funcionario del Tribunal Electoral,Falso
435,2021-03-12T18:17:34,boliviaverifica.bo,https://boliviaverifica.bo/no-es-cierto-que-el-padron-crecio-30-en-provincias-para-favorecer-al-mas/,No es cierto que el padrón creció 30% en provincias para favorecer al MAS,Falso
436,2021-03-12T12:40:28,boliviaverifica.bo,https://boliviaverifica.bo/falso-ivan-arias-no-dijo-que-el-acoso-es-algo-normal/,"Falso, Iván Arias no dijo que el acoso “es algo normal”",Falso
437,2021-03-11T15:25:23,boliviaverifica.bo,https://boliviaverifica.bo/el-tribuno-de-argentina-no-titulo-sobre-el-supuesto-voto-gaucho-en-bolivia/,El Tribuno de Argentina no tituló sobre el supuesto “voto gaucho” en Bolivia,Falso
438,2021-03-11T13:39:42,boliviaverifica.bo,https://boliviaverifica.bo/periodico-beniano-no-publico-que-ivan-arias-invito-a-jeanine-anez-a-trabajar-en-la-alcaldia/,Periódico beniano no publicó que Iván Arias invitó a Jeanine Áñez a trabajar en la Alcaldía,Falso
439,2021-03-10T12:52:33,boliviaverifica.bo,https://boliviaverifica.bo/la-union-juvenil-crucenista-no-convoco-a-defender-el-voto-afuera-de-la-feria-expocruz/,La Unión Juvenil Cruceñista no convocó a defender el voto afuera de la feria Expocruz,Falso
440,2021-03-10T12:15:11,boliviaverifica.bo,https://boliviaverifica.bo/nota-sobre-una-supuesta-encuesta-de-unitel-no-paso-por-el-radar-de-bolivia-verifica/,Nota sobre una supuesta encuesta de Unitel no pasó por el radar de Bolivia Verifica,Falso
441,2021-03-09T19:15:00,boliviaverifica.bo,https://boliviaverifica.bo/imagen-de-la-papeleta-de-sufragio-no-es-un-requisito-para-acceder-a-bonos-sociales/,Imagen de la papeleta de sufragio no es un requisito para acceder a bonos sociales,Falso
442,2021-03-09T17:10:39,boliviaverifica.bo,https://boliviaverifica.bo/es-falso-que-focaliza-este-parcializada-con-gary-anez/,Es falso que Focaliza esté parcializada con Gary Añez,Falso
443,2021-03-09T12:05:47,boliviaverifica.bo,https://boliviaverifica.bo/ivan-arias-no-fue-denunciado-por-acoso-en-su-mesa-de-votacion/,Iván Arias no fue denunciado por acoso en su mesa de votación,Falso
444,2021-03-08T14:56:53,boliviaverifica.bo,https://boliviaverifica.bo/tuit-falso-evo-morales-no-publico-que-las-encuestas-son-pagadas-por-el-imperio/,Tuit falso: Evo Morales no publicó que “las encuestas son pagadas por el imperio”,Falso
445,2021-03-08T14:52:24,boliviaverifica.bo,https://boliviaverifica.bo/circula-una-cadena-de-whatsapp-con-informacion-falsa-sobre-resultado-electoral/,Circula una cadena de WhatsApp con información falsa sobre el resultado electoral,Falso
446,2021-03-08T12:42:53,boliviaverifica.bo,https://boliviaverifica.bo/manipulan-portada-de-pagina-siete-con-informacion-sobre-juan-ramon-quintana/,Manipulan portada de Página Siete con información sobre Juan Ramón Quintana,Falso
447,2021-03-07T22:50:02,boliviaverifica.bo,https://boliviaverifica.bo/evo-morales-da-datos-falsos-sobre-resultados-en-boca-de-urna/,Evo Morales da datos falsos sobre resultados en boca de urna,Falso
448,2021-03-07T22:18:18,boliviaverifica.bo,https://boliviaverifica.bo/no-es-cierto-que-la-ocd-detecto-840-mesas-electorales-observadas/,No es cierto que la OCD detectó 840 mesas electorales observadas,Falso
449,2021-03-07T20:49:07,boliviaverifica.bo,https://boliviaverifica.bo/es-falso-que-quienes-no-pudieron-ejercer-su-voto-podran-sufragar-la-siguiente-semana/,"Es falso que quienes no pudieron ejercer su voto, podrán sufragar la siguiente semana",Falso
450,2021-03-07T17:27:30,boliviaverifica.bo,https://boliviaverifica.bo/falso-la-empresa-peruana-de-investigacion-imasen-no-realizo-encuestas-en-bolivia/,"Falso: La empresa peruana de investigación, Imasen, no realizó encuestas en Bolivia",Falso
451,2021-03-07T15:59:29,boliviaverifica.bo,https://boliviaverifica.bo/subnacionales-2021-no-son-las-papeletas-oficiales-sino-las-informativas/,"Subnacionales 2021: No son las papeletas oficiales, sino las informativas",Falso
452,2021-03-07T15:22:06,boliviaverifica.bo,https://boliviaverifica.bo/usan-imagen-de-la-patria-para-publicar-falsos-anuncios-aludidos-a-un-candidato-de-oruro/,Usan imagen de La Patria para publicar falsos anuncios de un candidato en Oruro,Falso
453,2021-03-07T14:51:23,boliviaverifica.bo,https://boliviaverifica.bo/atribuyen-una-publicacion-falsa-a-pagina-siete-sobre-nelson-cox-y-el-supuesto-bono-de-bs-1500/,Atribuyen una publicación falsa a Página Siete sobre Nelson Cox y el supuesto bono de Bs. 1500,Falso
454,2021-03-07T14:23:09,boliviaverifica.bo,https://boliviaverifica.bo/marcelo-medina-candidato-a-la-alcaldia-orurena-no-declino-su-candidatura/,"Marcelo Medina, candidato a la Alcaldía orureña, no declinó su candidatura",Falso
455,2021-03-07T12:16:25,boliviaverifica.bo,https://boliviaverifica.bo/evo-morales-no-tuiteo-que-si-humberto-sanchez-gana-la-gobernacion-tiene-garantizado-un-regalo/,Evo Morales no tuiteó que si Humberto Sánchez gana la Gobernación tiene garantizado un regalo,Falso
456,2021-03-07T10:04:26,boliviaverifica.bo,https://boliviaverifica.bo/cecilia-huanca-desmiente-ser-candidata-a-concejal-y-tener-contacto-virtual-con-ivan-arias/,Cecilia Huanca desmiente ser candidata a concejal y tener contacto virtual con Iván Arias,Falso
457,2021-03-06T18:54:03,boliviaverifica.bo,https://boliviaverifica.bo/las-4-falsedades-para-danar-el-proceso-electoral-que-se-difunden-en-la-plaza-24-de-septiembre/,Las 4 falsedades para dañar el proceso electoral que se difunden en la plaza 24 de Septiembre,Falso
458,2021-03-06T14:07:50,boliviaverifica.bo,https://boliviaverifica.bo/activista-melisa-ibarra-no-publico-agresivo-tweet-contra-las-mujeres/,Activista Melisa Ibarra no publicó agresivo tuit contra las mujeres,Falso
459,2021-03-05T18:32:42,boliviaverifica.bo,https://boliviaverifica.bo/con-un-video-de-puerto-quijarro-aseguran-que-gary-anez-paga-bs-100-a-sus-seguidores/,Con un video de Puerto Quijarro aseguran que Gary Añez paga Bs. 100 a sus seguidores,Falso
460,2021-03-05T16:52:37,boliviaverifica.bo,https://boliviaverifica.bo/es-falso-que-se-eliminaron-los-metadatos-de-las-actas-de-votacion-de-las-elecciones-2020/,Es falso que se eliminaron los metadatos de las actas de votación de las elecciones 2020,Falso
461,2021-03-05T15:27:56,boliviaverifica.bo,https://boliviaverifica.bo/los-recibos-que-indican-que-elio-montes-envio-dinero-a-camacho-y-arias-son-falsos/,Los recibos que indican que Elio Montes envió dinero a Camacho y Arias son falsos,Falso
462,2021-03-05T11:35:44,boliviaverifica.bo,https://boliviaverifica.bo/circula-una-falsa-encuesta-de-intencion-de-voto-para-la-gobernacion-de-santa-cruz/,Circula una falsa encuesta de intención de voto para la Gobernación de Santa Cruz,Falso
463,2021-03-04T18:04:40,boliviaverifica.bo,https://boliviaverifica.bo/jallalla-la-paz-no-anuncio-que-se-retira-de-las-elecciones-en-la-paz/,"Falso, Jallalla no anunció que se retira de las elecciones en La Paz",Falso
464,2021-03-04T17:08:20,boliviaverifica.bo,https://boliviaverifica.bo/no-es-verdad-que-la-gobernacion-de-santa-cruz-no-construyo-ningun-instituto-tecnologico-como-afirmo-adriana-salvatierra/,Es falso que la Gobernación de Santa Cruz no construyó ningún instituto tecnológico,Falso
465,2021-03-04T14:45:33,boliviaverifica.bo,https://boliviaverifica.bo/eva-copa-es-victima-de-una-noticia-falsa-sobre-la-tragedia-suscitada-en-la-upea/,Eva Copa es víctima de una noticia falsa sobre la tragedia suscitada en la UPEA,Falso
466,2021-03-04T12:15:52,boliviaverifica.bo,https://boliviaverifica.bo/jhonny-fernandez-no-aprobo-el-poa-2021-como-aseguro-angelica-sosa-en-el-debate/,Jhonny Fernández no aprobó el POA 2021 como aseguró Angélica Sosa en el debate,Falso
467,2021-03-04T12:07:19,boliviaverifica.bo,https://boliviaverifica.bo/el-hombre-que-acosa-a-una-mujer-en-un-ascensor-no-es-ivan-arias-el-video-es-de-otro-pais/,"El hombre que acosa a una mujer en un ascensor no es Iván Arias, el video es de otro país",Falso
468,2021-03-03T18:05:47,boliviaverifica.bo,https://boliviaverifica.bo/samuel-doria-medina-no-publico-un-tuit-en-apoyo-a-candidatos-de-tarija/,Samuel Doria Medina no publicó un tuit en apoyo a candidatos de Tarija,Falso
469,2021-03-03T16:29:37,boliviaverifica.bo,https://boliviaverifica.bo/zacarias-maquera-no-pidio-que-voten-por-el-mas-porque-le-debe-favores-a-wilma-alanoca/,Zacarías Maquera no pidió que voten por el MAS porque le debe favores a Wilma Alanoca,Falso
470,2021-03-03T14:33:23,boliviaverifica.bo,https://boliviaverifica.bo/evo-morales-no-tuiteo-que-es-una-obligacion-votar-por-nelson-cox/,Evo Morales no tuiteó que es “una obligación” votar por Nelson Cox,Falso
471,2021-03-03T12:19:11,boliviaverifica.bo,https://boliviaverifica.bo/cesar-dockweiler-postergo-el-acto-de-campana-del-2-de-marzo-la-imagen-que-circula-en-redes-es-falsa/,"César Dockweiler postergó el acto de campaña del 2 de marzo, la imagen que circula en redes es falsa",Falso
472,2021-03-03T11:34:11,boliviaverifica.bo,https://boliviaverifica.bo/luis-fernando-camacho-no-dijo-que-pretende-eliminar-los-examenes-escritos-para-los-universitarios/,Luis Fernando Camacho no dijo que pretende eliminar los exámenes escritos para los universitarios,Falso
473,2021-03-02T18:23:12,boliviaverifica.bo,https://boliviaverifica.bo/helicoptero-estatal-no-fue-utilizado-durante-el-cierre-de-campana-del-mas-en-yapacani/,Helicóptero estatal no fue utilizado durante el cierre de campaña del MAS en Yapacaní,Falso
474,2021-03-02T18:09:40,boliviaverifica.bo,https://boliviaverifica.bo/manfred-reyes-villa-no-ha-sido-rehabilitado-como-candidato-para-la-alcaldia-de-cochabamba/,Manfred Reyes Villa no ha sido rehabilitado como candidato para la Alcaldía de Cochabamba,Falso
475,2021-03-02T18:05:08,boliviaverifica.bo,https://boliviaverifica.bo/no-esta-comprobado-que-la-ivermectina-baje-la-carga-viral-del-coronavirus-como-afirma-un-candidato-en-tarija/,"No está comprobado que la ivermectina baje la carga viral del coronavirus, como afirma un candidato en Tarija",Falso
476,2021-03-02T13:25:05,boliviaverifica.bo,https://boliviaverifica.bo/circula-comunicado-falso-sobre-la-alcaldia-pacena/,Circula comunicado falso sobre la Alcaldía paceña,Falso
477,2021-03-02T13:04:54,boliviaverifica.bo,https://boliviaverifica.bo/encuestas-falsas-de-intencion-de-voto-en-cochabamba-benefician-a-nelson-cox/,Encuestas falsas de intención de voto en Cochabamba benefician a Nelson Cox,Falso
478,2021-03-01T18:14:59,boliviaverifica.bo,https://boliviaverifica.bo/encuestas-falsas-de-intencion-de-voto-en-tarija-benefician-a-adrian-oliva/,Encuestas falsas de intención de voto en Tarija benefician a Adrián Oliva,Falso
479,2021-03-01T17:14:17,boliviaverifica.bo,https://boliviaverifica.bo/atribuyen-a-cesar-dockweiler-una-declaracion-falsa-sobre-eva-copa-y-santos-quispe/,Atribuyen a César Dockweiler una declaración falsa sobre Eva Copa y Santos Quispe,Falso
480,2021-03-01T14:28:17,boliviaverifica.bo,https://boliviaverifica.bo/eva-copa-no-dijo-que-si-habla-de-arce-y-el-partido-ambos-se-caen-a-pedazos/,"Eva Copa no dijo que si habla de Arce y el partido, ambos ‘se caen a pedazos’",Falso
481,2021-03-01T11:36:55,boliviaverifica.bo,https://boliviaverifica.bo/bolivia-verifica-no-publico-ninguna-afirmacion-sobre-una-encuesta-en-oruro/,Bolivia Verifica no publicó ninguna afirmación sobre una encuesta en Oruro,Falso
482,2021-02-28T15:20:48,boliviaverifica.bo,https://boliviaverifica.bo/usan-fotos-antiguas-de-las-hijas-del-candidato-tarijeno-oscar-montes-para-desinformar/,Usan fotos antiguas de las hijas del candidato tarijeño Oscar Montes para desinformar,Falso
483,2021-02-28T12:29:16,boliviaverifica.bo,https://boliviaverifica.bo/el-tuit-en-el-que-samuel-doria-medina-brinda-su-apoyo-a-ivan-arias-es-falso/,El tuit en el que Samuel Doria Medina brinda su apoyo a Iván Arias es falso,Falso
484,2021-02-28T10:44:39,boliviaverifica.bo,https://boliviaverifica.bo/encuesta-falsa-muestra-resultados-que-benefician-a-ivan-arias-en-la-paz/,Encuesta falsa muestra resultados que benefician a Iván Arias en La Paz,Falso
485,2021-02-27T12:21:14,boliviaverifica.bo,https://boliviaverifica.bo/circula-falsa-publicacion-sobre-eva-copa-y-una-frase-del-movimiento-pitita/,Circula falsa publicación sobre Eva Copa y una frase del movimiento ‘pitita’,Falso
486,2021-02-27T08:01:35,boliviaverifica.bo,https://boliviaverifica.bo/encuestas-falsas-de-candidatos-a-la-alcaldia-crucena-circulan-por-facebook/,Encuestas falsas de candidatos a la Alcaldía cruceña circulan por Facebook,Falso
487,2021-02-26T17:45:16,boliviaverifica.bo,https://boliviaverifica.bo/difunden-video-de-protestas-en-ecuador-como-si-fuese-una-proclamacion-del-mas/,Difunden video de protestas en Ecuador como si fuese una proclamación del MAS,Falso
488,2021-02-26T14:32:40,boliviaverifica.bo,https://boliviaverifica.bo/encuestas-falsas-de-candidatos-a-la-alcaldia-crucena-favorecen-a-johnny-fernandez/,Encuestas falsas de candidatos a la Alcaldía cruceña favorecen a Johnny Fernández,Falso
489,2021-02-26T14:24:04,boliviaverifica.bo,https://boliviaverifica.bo/difunden-falsas-encuestas-de-intencion-de-voto-en-tarija/,Difunden falsas encuestas de intención de voto en Tarija,Falso
490,2021-02-26T14:03:55,boliviaverifica.bo,https://boliviaverifica.bo/franklin-flores-no-se-refirio-al-recibimiento-que-tuvo-evo-morales-en-el-alto/,Franklin Flores no se refirió al recibimiento que tuvo Evo Morales en El Alto,Falso
491,2021-02-25T15:59:58,boliviaverifica.bo,https://boliviaverifica.bo/las-encuestas-realizadas-a-traves-de-facebook-no-estan-autorizadas-por-el-tse/,Las encuestas realizadas a través de Facebook no están autorizadas por el TSE,Falso
492,2021-02-25T14:28:21,boliviaverifica.bo,https://boliviaverifica.bo/usan-imagen-de-erbol-para-difundir-declaraciones-falsas-de-segundina-flores/,Usan imagen de Erbol para difundir declaraciones falsas de Segundina Flores,Falso
493,2021-02-25T12:47:35,boliviaverifica.bo,https://boliviaverifica.bo/falso-tuit-de-morales-indica-que-si-el-mas-pierde-en-el-alto-no-habra-obras-para-esa-ciudad/,Falso tuit de Morales indica que si el MAS pierde en El Alto no habrá obras para esa ciudad,Falso
494,2021-02-25T08:57:09,boliviaverifica.bo,https://boliviaverifica.bo/es-falso-que-johnny-fernandez-entrega-celulares-como-regalo-de-campana-electoral/,Es falso que Johnny Fernández entrega celulares como regalo de campaña electoral,Falso
495,2021-02-24T15:49:10,boliviaverifica.bo,https://boliviaverifica.bo/circula-una-falsa-encuesta-que-muestra-renida-eleccion-para-alcalde-en-tarija/,Circula una falsa encuesta que muestra reñida elección para alcalde en Tarija,Falso
496,2021-02-24T15:36:33,boliviaverifica.bo,https://boliviaverifica.bo/ivan-arias-no-dijo-que-eliminara-los-telefericos-en-la-paz/,Iván Arias no dijo que eliminará los teleféricos en La Paz,Falso
497,2021-02-24T13:23:53,boliviaverifica.bo,https://boliviaverifica.bo/eva-copa-no-dijo-que-arturo-murillo-es-alteno-ni-lo-defendio/,Eva Copa no dijo que Arturo Murillo es alteño ni lo defendió,Falso
498,2021-02-24T10:44:31,boliviaverifica.bo,https://boliviaverifica.bo/alumbrado-publico-no-coloco-banderas-de-la-campana-de-santa-cruz-para-todos/,Alumbrado público no colocó banderas de la campaña de Santa Cruz para Todos,Falso
499,2021-02-23T17:57:48,boliviaverifica.bo,https://boliviaverifica.bo/focaliza-no-realizo-encuestas-de-intencion-de-voto-para-la-alcaldia-de-potosi/,Focaliza no realizó encuestas de intención de voto para la Alcaldía de Potosí,Falso
500,2021-02-23T16:55:16,boliviaverifica.bo,https://boliviaverifica.bo/manipulan-un-titular-de-anf-para-atribuir-declaraciones-falsas-a-eva-copa/,Manipulan un titular de ANF para atribuir declaraciones falsas a Eva Copa,Falso
501,2021-02-23T14:05:36,boliviaverifica.bo,https://boliviaverifica.bo/cayo-el-techo-del-coliseo-de-arani-pero-no-fue-por-falta-de-pago-a-la-empresa-constructora/,Cayó el techo del coliseo de Arani pero no fue por falta de pago a la empresa constructora,Falso
502,2021-02-23T12:16:54,boliviaverifica.bo,https://boliviaverifica.bo/franklin-flores-no-menciono-nada-sobre-trabajar-con-alcaldes-de-oposicion-si-es-electo-gobernador/,Franklin Flores no mencionó nada sobre trabajar con alcaldes de oposición si es electo gobernador,Falso
503,2021-02-23T11:40:33,boliviaverifica.bo,https://boliviaverifica.bo/falsas-encuestas-de-votacion-para-la-gobernacion-y-alcaldia-crucena-circulan-en-facebook/,Falsas encuestas de votación para la Gobernación y Alcaldía cruceña circulan en Facebook,Falso
504,2021-02-22T18:04:09,boliviaverifica.bo,https://boliviaverifica.bo/realizan-montaje-en-una-portada-de-el-pais-de-espana-para-denunciar-a-candidato-tarijeno/,Realizan montaje en una portada de El País de España para denunciar a candidato tarijeño,Falso
505,2021-02-22T17:13:49,boliviaverifica.bo,https://boliviaverifica.bo/encuesta-falsa-de-candidatos-a-la-alcaldia-cochabambina-favorece-al-mas/,Encuesta falsa de candidatos a la Alcaldía cochabambina favorece al MAS,Falso
506,2021-02-22T14:43:31,boliviaverifica.bo,https://boliviaverifica.bo/falsifican-un-tuit-de-jeanine-anez-para-indicar-que-respalda-a-ivan-arias/,Falsifican un tuit de Jeanine Áñez para indicar que respalda a Iván Arias,Falso
507,2021-02-21T17:23:43,boliviaverifica.bo,https://boliviaverifica.bo/supuesta-encuesta-de-intencion-de-voto-pone-en-primer-lugar-a-cesar-dockweiler/,Supuesta encuesta de intención de voto pone en primer lugar a Cesar Dockweiler,Falso
508,2021-02-21T10:32:23,boliviaverifica.bo,https://boliviaverifica.bo/data-inspiron-supuesta-encuestadora-no-aparece-en-el-listado-de-registro-del-tse/,"“Data inspiron”, supuesta encuestadora no aparece en el listado de registro del TSE",Falso
509,2021-02-20T19:58:05,boliviaverifica.bo,https://boliviaverifica.bo/falsa-encuesta-crucena-posiciona-en-primer-lugar-a-gary-anez/,Encuesta falsa posiciona a Gary Áñez en primer lugar de intención de votos para alcaldía cruceña,Falso
510,2021-02-20T16:17:45,boliviaverifica.bo,https://boliviaverifica.bo/intentan-enganar-a-la-poblacion-sobre-supuesta-cancelacion-del-perroton/,Intentan engañar a la población sobre supuesta cancelación del “Perrotón”,Falso
511,2021-02-19T14:23:54,boliviaverifica.bo,https://boliviaverifica.bo/circula-fotografia-alterada-que-intenta-vincular-a-mario-cronenbold-con-un-candidato-de-creemos/,Circula fotografía alterada que intenta vincular a Mario Cronenbold con un candidato de Creemos,Falso
512,2021-02-19T11:58:18,boliviaverifica.bo,https://boliviaverifica.bo/jeanine-anez-no-dijo-que-reyes-villa-ayudo-a-salir-del-pais-a-lopez-y-a-murillo/,Jeanine Áñez no dijo que Reyes Villa ayudó a salir del país a López y a Murillo,Falso
513,2021-02-19T08:54:50,boliviaverifica.bo,https://boliviaverifica.bo/denuncia-de-cesar-dockweiler-sobre-el-cierre-de-un-centro-de-salud-es-falsa/,Actualizado: Denuncia de César Dockweiler sobre el cierre de un centro de salud es falsa,Falso
514,2021-02-18T16:54:55,boliviaverifica.bo,https://boliviaverifica.bo/encuesta-de-validata-y-opinion-cruzada-sobre-candidatos-de-cochabamba-no-es-oficial/,“Validata” y “Opinión Cruzada” no son reconocidas por el TSE,Falso
515,2021-02-17T17:55:00,boliviaverifica.bo,https://boliviaverifica.bo/luis-revilla-no-afirmo-que-la-continuidad-de-su-gestion-estara-representada-por-ivan-arias/,Luis Revilla no afirmó que “la continuidad de su gestión estará representada por Iván Arias”,Falso
516,2021-02-17T15:58:51,boliviaverifica.bo,https://boliviaverifica.bo/no-carlos-mesa-no-menciono-que-con-su-presencia-se-podria-construir-una-nueva-y-mejorada-santa-cruz/,"No, Carlos Mesa no mencionó que con su presencia se podría construir una “nueva y mejorada Santa Cruz”",Falso
517,2021-02-17T12:07:35,boliviaverifica.bo,https://boliviaverifica.bo/falso-manfred-reyes-villa-no-agradecio-el-apoyo-de-jeanine-anez/,"Falso, Manfred Reyes Villa no agradeció el “apoyo” de Jeanine Áñez",Falso
518,2021-02-17T11:09:16,boliviaverifica.bo,https://boliviaverifica.bo/imagen-sobre-fallas-en-sistema-informatico-del-tse-no-corresponden-a-bolivia/,Imagen sobre fallas en sistema informático del TSE no corresponde a Bolivia,Falso
519,2021-02-16T13:59:54,boliviaverifica.bo,https://boliviaverifica.bo/ivan-arias-no-entro-ebrio-a-entrevista-con-atb/,Iván Arias no entró ebrio a entrevista con ATB,Falso
520,2021-02-15T18:15:20,boliviaverifica.bo,https://boliviaverifica.bo/jeanine-anez-no-felicito-a-ivan-arias-por-ultima-encuesta/,Jeanine Áñez no felicitó a Iván Arias por última encuesta,Falso
521,2021-02-15T12:00:00,boliviaverifica.bo,https://boliviaverifica.bo/ivan-arias-no-mando-a-paralizar-obras-del-tren-metropolitano-cuando-era-ministro-pero-si-hubo-un-retraso/,"Iván Arias no mandó a paralizar obras del tren metropolitano cuando era ministro, pero sí hubo un retraso",Falso
522,2021-02-15T11:52:04,boliviaverifica.bo,https://boliviaverifica.bo/gonzalo-torrez-no-renuncio-a-su-candidatura-a-la-alcaldia-de-tarija/,Gonzalo Torrez no renunció a su candidatura a la Alcaldía de Tarija,Falso
523,2021-02-13T17:01:58,boliviaverifica.bo,https://boliviaverifica.bo/el-deber-no-publico-una-encuesta-que-muestra-a-angelica-sosa-en-primer-lugar/,El Deber no publicó una encuesta que muestra a Angélica Sosa en primer lugar,Falso
524,2021-02-12T14:04:09,boliviaverifica.bo,https://boliviaverifica.bo/difunden-falsas-encuestas-de-intencion-de-voto-de-la-paz-y-santa-cruz-para-beneficiar-a-los-candidatos-del-mas/,Difunden falsas encuestas de intención de voto de La Paz y Santa Cruz para beneficiar a los candidatos del MAS,Falso
525,2021-02-12T13:21:50,boliviaverifica.bo,https://boliviaverifica.bo/unitel-no-presento-encuesta-de-candidatos-a-la-gobernacion-de-tarija/,Unitel no presentó encuesta de candidatos a la Gobernación de Tarija,Falso
526,2021-02-11T09:04:24,boliviaverifica.bo,https://boliviaverifica.bo/cc-desmiente-que-guido-nayar-sea-jefe-de-campana-de-gary-anez/,CC desmiente que Guido Nayar sea jefe de campaña de Gary Añez,Falso
527,2021-02-10T18:22:33,boliviaverifica.bo,https://boliviaverifica.bo/encuestas-no-autorizadas-sobre-las-subnacionales-circulan-en-redes-sociales/,Encuestas no autorizadas sobre las Subnacionales circulan en redes sociales,Falso
528,2021-02-09T18:26:30,boliviaverifica.bo,https://boliviaverifica.bo/presidente-del-senado-no-afirmo-que-las-elecciones-no-se-postergarian-por-ordenes-de-los-cocales-del-tropico/,Presidente del Senado no afirmó que las elecciones no se postergarían por órdenes de los ‘cocales del Trópico’,Falso
529,2021-02-09T15:30:28,boliviaverifica.bo,https://boliviaverifica.bo/publican-fotografia-antigua-de-eva-copa-para-vincularla-con-otras-personas/,Publican fotografía antigua de Eva Copa para vincularla con otras personas,Falso
530,2021-02-08T18:24:48,boliviaverifica.bo,https://boliviaverifica.bo/falso-china-hace-mas-de-35-anos-que-no-construye-carreteras-no-construye-puentes-todo-es-inversion-extranjera/,"Falso: “China hace más de 35 años que no construye carreteras, no construye puentes. Todo es inversión extranjera”",Falso
531,2021-02-08T15:39:46,boliviaverifica.bo,https://boliviaverifica.bo/con-un-video-del-2019-aseguran-que-el-candidato-franklin-flores-no-tiene-apoyo-en-los-yungas/,Con un video del 2019 aseguran que el candidato Franklin Flores no tiene apoyo en los Yungas,Falso
532,2021-02-06T15:08:00,boliviaverifica.bo,https://boliviaverifica.bo/arias-no-hizo-cerrar-negocios-durante-su-campana-como-candidato-el-video-es-antiguo/,"Arias no hizo cerrar negocios durante su campaña como candidato, el video es antiguo",Falso
533,2021-02-05T15:49:59,boliviaverifica.bo,https://boliviaverifica.bo/adriana-salvatierra-no-menciono-devolucion-de-tractores-en-debate-televisivo/,Adriana Salvatierra no mencionó devolución de tractores en debate televisivo,Falso
534,2021-02-05T14:33:30,boliviaverifica.bo,https://boliviaverifica.bo/encuestas-falsas-de-intencion-de-voto-para-la-alcaldia-de-santa-cruz-circulan-en-redes-sociales/,Encuestas falsas de intención de voto para la Alcaldía de Santa Cruz circulan en redes sociales,Falso
535,2021-02-04T16:20:38,boliviaverifica.bo,https://boliviaverifica.bo/crean-una-pagina-falsa-de-facebook-con-el-nombre-de-ciesmori-chuquisaca/,Crean una página falsa de Facebook con el nombre de “Ciesmori Chuquisaca”,Falso
536,2021-02-03T18:17:34,boliviaverifica.bo,https://boliviaverifica.bo/cuidado-un-sitio-web-difunde-informacion-falsa-mediante-facebook/,¡Cuidado! Un sitio web difunde información falsa mediante Facebook,Falso
537,2021-02-02T16:19:16,boliviaverifica.bo,https://boliviaverifica.bo/creemos-desmiente-publicacion-referida-a-camacho-sobre-vacunas-anti-covid-para-candidatos/,“Creemos” desmiente publicación referida a Camacho sobre vacunas anti covid para candidatos,Falso
538,2021-02-01T18:17:16,boliviaverifica.bo,https://boliviaverifica.bo/jallalla-la-paz-desmiente-postulacion-de-chi-en-reemplazo-del-mallku/,“Jallalla La Paz” desmiente postulación de Chi en reemplazo del Mallku,Falso
539,2021-01-30T16:22:20,boliviaverifica.bo,https://boliviaverifica.bo/termometro-de-falsedades-gobierno-candidatos-y-exautoridades-mintieron-sobre-coronavirus/,"Termómetro de falsedades: Gobierno, candidatos y exautoridades mintieron sobre coronavirus",Falso
540,2021-01-29T15:02:41,boliviaverifica.bo,https://boliviaverifica.bo/subnacionales-2021-difunden-una-encuesta-con-resultados-falsos-de-tarija/,Subnacionales 2021: Difunden una encuesta con resultados falsos de Tarija,Falso
541,2021-01-28T12:07:56,boliviaverifica.bo,https://boliviaverifica.bo/falsas-encuestas-de-votacion-para-la-alcaldia-de-trinidad-circulan-en-redes-sociales/,Falsas encuestas de votación para la Alcaldía de Trinidad circulan en redes sociales,Falso
542,2021-01-28T12:02:46,boliviaverifica.bo,https://boliviaverifica.bo/nelson-cox-no-dijo-que-la-gente-de-la-zona-sur-de-cochabamba-es-ignorante/,Nelson Cox no dijo que la gente de la zona sur de Cochabamba es ignorante,Falso
543,2021-01-28T11:35:08,boliviaverifica.bo,https://boliviaverifica.bo/circula-falsa-encuesta-que-da-preferencia-electoral-a-adriana-salvatierra/,Circula falsa encuesta que da preferencia electoral a Adriana Salvatierra,Falso
544,2021-01-27T17:36:21,boliviaverifica.bo,https://boliviaverifica.bo/falso-evo-morales-no-dijo-que-con-muerte-del-mallku-tienen-ganada-la-gobernacion-de-la-paz/,"Falso, Evo Morales no dijo que con muerte del Mallku tienen “ganada” la Gobernación de La Paz",Falso
545,2021-01-26T17:41:25,boliviaverifica.bo,https://boliviaverifica.bo/crean-cuenta-falsa-de-waldo-albarracin-en-twitter/,Crean cuenta falsa de Waldo Albarracín en Twitter,Falso
546,2021-01-26T15:08:14,boliviaverifica.bo,https://boliviaverifica.bo/se-difunde-falsa-encuesta-de-intencion-de-voto-para-la-alcaldia-de-la-paz/,Se difunde falsa encuesta de intención de voto para la Alcaldía de La Paz,Falso
547,2021-01-26T12:11:25,boliviaverifica.bo,https://boliviaverifica.bo/la-paz-bus-no-realizo-campana-por-el-candidato-cesar-dockweiler/,La Paz Bus no realizó campaña por el candidato César Dockweiler,Falso
548,2021-01-23T19:23:47,boliviaverifica.bo,https://boliviaverifica.bo/la-encuesta-que-muestra-como-favorito-a-zacarias-maquera-en-el-alto-es-falsa/,La encuesta que muestra como favorito a Zacarías Maquera en El Alto es falsa,Falso
549,2021-01-20T17:20:56,boliviaverifica.bo,https://boliviaverifica.bo/no-es-verdad-que-hay-que-dejar-de-usar-mascarillas-en-las-calles-como-dice-un-candidato-en-beni/,No es verdad que “hay que dejar de usar mascarillas en las calles” como dice un candidato en Beni,Falso
550,2021-01-20T13:15:48,boliviaverifica.bo,https://boliviaverifica.bo/encuesta-que-favorece-a-eva-copa-no-es-oficial/,Encuesta que favorece a Eva Copa no es oficial,Falso
551,2021-01-19T17:34:11,boliviaverifica.bo,https://boliviaverifica.bo/dos-encuestas-falsas-de-la-paz-y-santa-cruz-circulan-en-las-redes-sociales/,Dos encuestas falsas de La Paz y Santa Cruz circulan en las redes sociales,Falso
552,2021-01-19T15:24:51,boliviaverifica.bo,https://boliviaverifica.bo/falso-yassir-molina-lider-de-la-rjc-no-postula-a-la-alcaldia-de-cochabamba/,"Falso: Yassir Molina, líder de la RJC, no postula a la Alcaldía de Cochabamba",Falso
553,2021-01-17T17:52:39,boliviaverifica.bo,https://boliviaverifica.bo/falsas-declaraciones-atribuidas-el-ministro-del-castillo-y-al-ex-candidato-reynaldo-ezequiel-se-difunden-en-whatsapp/,Falsas declaraciones atribuidas el ministro Del Castillo y al ex candidato Reynaldo Ezequiel se difunden por WhatsApp,Falso
554,2021-01-17T13:52:52,boliviaverifica.bo,https://boliviaverifica.bo/circula-falsa-encuesta-sobre-intencion-de-voto-para-la-gobernacion-de-santa-cruz/,Circula falsa encuesta sobre intención de voto para la gobernación de Santa Cruz,Falso
555,2021-01-16T19:16:48,boliviaverifica.bo,https://boliviaverifica.bo/es-falso-que-el-tse-prepara-un-anuncio-para-suspender-las-elecciones/,Es falso que el TSE prepara un anuncio para suspender las elecciones,Falso
556,2021-01-16T18:04:17,boliviaverifica.bo,https://boliviaverifica.bo/comunidad-ciudadana-no-se-unio-al-mas-para-las-elecciones-subnacionales-en-santa-cruz/,Comunidad Ciudadana no se unió al MAS para las elecciones subnacionales en Santa Cruz,Falso
557,2021-01-15T16:24:49,boliviaverifica.bo,https://boliviaverifica.bo/usan-un-video-del-extranjero-para-culpar-a-felix-patzi-por-el-estado-de-las-carreteras/,Usan un video del extranjero para culpar a Félix Patzi por el estado de las carreteras,Falso
558,2021-01-13T12:36:19,boliviaverifica.bo,https://boliviaverifica.bo/falso-rodriguez-no-dijo-que-si-hay-150-muertos-se-evaluara-la-suspension-de-elecciones/,Falso: Rodríguez no dijo que si hay 150 muertos se evaluará la suspensión de elecciones,Falso
559,2021-01-13T12:15:50,boliviaverifica.bo,https://boliviaverifica.bo/falsa-encuesta-posiciona-en-primer-lugar-a-indecisos-en-santa-cruz-de-la-sierra/,Falsa encuesta posiciona en primer lugar a “indecisos” en Santa Cruz de la Sierra,Falso
560,2021-01-12T16:14:25,boliviaverifica.bo,https://boliviaverifica.bo/eva-copa-no-relego-su-candidatura-a-la-alcaldia-de-el-alto/,Eva Copa no relegó su candidatura a la Alcaldía de El Alto,Falso
561,2021-01-08T17:03:49,boliviaverifica.bo,https://boliviaverifica.bo/circula-falsa-encuesta-de-intencion-de-voto-en-santa-cruz/,Circula falsa encuesta de intención de voto en Santa Cruz,Falso
562,2021-01-07T11:53:16,boliviaverifica.bo,https://boliviaverifica.bo/cesar-dockweiler-no-realizo-campana-en-instalaciones-de-mi-teleferico/,Cesar Dockweiler no realizó campaña en instalaciones de Mi Teleférico,Falso
563,2021-01-06T17:11:41,boliviaverifica.bo,https://boliviaverifica.bo/es-falso-que-evo-se-disculpo-por-causar-conflictos-por-un-supuesto-dedazo/,Es falso que Evo se disculpó por causar conflictos por un supuesto ‘dedazo’,Falso
564,2021-01-06T14:53:41,boliviaverifica.bo,https://boliviaverifica.bo/es-falso-arias-no-dijo-que-concedera-los-buses-pumakatari-a-los-transportistas-si-es-alcalde/,"Es falso, Arias no dijo que concederá los buses PumaKatari a los transportistas si es alcalde",Falso
565,2021-01-04T17:21:17,boliviaverifica.bo,https://boliviaverifica.bo/eva-copa-no-declino-su-candidatura-y-tampoco-decidio-apoyar-al-postulante-del-mas/,Eva Copa no declinó su candidatura y tampoco decidió apoyar al postulante del MAS,Falso
566,2020-12-18T18:52:31,boliviaverifica.bo,https://boliviaverifica.bo/ivan-arias-no-acordo-entregar-los-buses-pumakatari-a-los-transportistas/,Iván Arias no acordó entregar los buses PumaKatari a los transportistas,Falso
567,2020-12-17T11:59:32,boliviaverifica.bo,https://boliviaverifica.bo/pumari-no-confirmo-su-candidatura-para-las-elecciones-subnacionales/,Pumari no confirmó su candidatura para las elecciones subnacionales,Falso
568,2020-12-15T12:17:18,boliviaverifica.bo,https://boliviaverifica.bo/creemos-no-designo-a-mario-cronenbold-como-candidato-a-la-alcaldia-de-warnes/,Creemos no designó a Mario Cronenbold como candidato a la alcaldía de Warnes,Falso
569,2020-12-15T09:14:09,boliviaverifica.bo,https://boliviaverifica.bo/militantes-de-cc-y-creemos-no-se-pelearon-en-santa-cruz/,Militantes de CC y Creemos no se pelearon en Santa Cruz,Falso
570,2020-12-09T18:43:45,boliviaverifica.bo,https://boliviaverifica.bo/circula-encuesta-falsa-de-posibles-candidatos-a-la-alcaldia-crucena/,Circula encuesta falsa de posibles candidatos a la Alcaldía cruceña,Falso
571,2020-12-07T15:23:35,boliviaverifica.bo,https://boliviaverifica.bo/falso-la-zona-norte-de-cochabamba-no-proclamo-a-yassir-molina-como-candidato-a-alcalde/,Falso: La zona norte de Cochabamba no proclamó a Yassir Molina como candidato a alcalde,Falso
572,2020-12-03T11:34:44,boliviaverifica.bo,https://boliviaverifica.bo/evo-morales-no-anuncio-su-candidatura-a-gobernador-de-cochabamba/,Evo Morales no anunció su candidatura a gobernador de Cochabamba,Falso
573,2020-12-02T13:32:34,boliviaverifica.bo,https://boliviaverifica.bo/mario-cronenbold-no-advirtio-con-irse-del-mas-si-procesan-a-murillo-y-anez/,Mario Cronenbold no advirtió con irse del MAS si procesan a Murillo y Áñez,Falso
574,2020-11-27T13:35:07,boliviaverifica.bo,https://boliviaverifica.bo/continuan-las-teorias-de-fraude-electoral-en-estados-unidos/,Continúan las teorías de fraude electoral en Estados Unidos,Falso
575,2020-11-26T17:47:10,boliviaverifica.bo,https://boliviaverifica.bo/no-es-verdad-que-bolivia-fue-victima-de-una-operacion-masiva-contra-la-democracia/,No es verdad que Bolivia fue víctima de una “operación masiva contra la democracia”,Falso
576,2020-11-25T13:35:26,boliviaverifica.bo,https://boliviaverifica.bo/es-falso-que-soros-esta-preso-y-que-admitio-fraude-en-bolivia/,Es falso que Soros está preso y que admitió fraude en Bolivia,Falso
577,2020-11-23T17:35:18,boliviaverifica.bo,https://boliviaverifica.bo/el-mas-aun-no-eligio-a-sus-candidatos-para-las-subnacionales/,El MAS aún no eligió a sus candidatos para las subnacionales,Falso
578,2020-11-20T14:19:35,boliviaverifica.bo,https://boliviaverifica.bo/el-ministerio-de-gobierno-no-contacta-por-whatsapp-para-entregar-canastas-ni-bonos/,El Ministerio de Gobierno no contacta por WhatsApp para entregar canastas ni bonos,Falso
579,2020-11-19T19:18:07,boliviaverifica.bo,https://boliviaverifica.bo/falso-no-se-usaron-las-maquinas-de-smartmatic-en-las-elecciones-en-bolivia/,"Falso, no se usaron las máquinas de Smartmatic en las elecciones en Bolivia",Falso
580,2020-11-14T14:49:40,boliviaverifica.bo,https://boliviaverifica.bo/arce-no-menciono-un-plan-de-reactivacion-economica-que-involucre-a-las-afps/,Arce no mencionó un plan de reactivación económica que involucre a las AFPs,Falso
581,2020-11-13T12:55:05,boliviaverifica.bo,https://boliviaverifica.bo/manipulan-fotografia-usando-la-imagen-del-presidente-del-tribunal-electoral/,Manipulan fotografía usando la imagen del presidente del Tribunal Electoral,Falso
582,2020-11-12T16:27:36,boliviaverifica.bo,https://boliviaverifica.bo/el-mas-no-propuso-impuesto-cero-a-nuevos-emprendimientos/,El MAS no propuso “impuesto cero” a nuevos emprendimientos,Falso
583,2020-11-12T10:47:41,boliviaverifica.bo,https://boliviaverifica.bo/tres-datos-falsos-en-una-cadena-de-whatsapp-sobre-las-elecciones/,Tres datos falsos en una cadena de WhatsApp sobre las elecciones,Falso
584,2020-11-11T15:14:28,boliviaverifica.bo,https://boliviaverifica.bo/no-existe-una-alianza-entre-venceremos-y-soledad-chapeton/,No existe una alianza entre Venceremos y Soledad Chapetón,Falso
585,2020-11-04T19:37:23,boliviaverifica.bo,https://boliviaverifica.bo/falso-el-sistema-informatico-del-tse-no-tiene-ninguna-relacion-con-venezuela/,"Falso, el sistema informático del TSE no tiene ninguna relación con Venezuela",Falso
586,2020-11-04T17:59:07,boliviaverifica.bo,https://boliviaverifica.bo/el-cabildo-de-santa-cruz-del-2-de-noviembre-no-exigia-la-libertad-del-amor-gay/,El Cabildo de Santa Cruz del 2 de noviembre no exigía la libertad del amor gay,Falso
587,2020-11-04T15:22:37,boliviaverifica.bo,https://boliviaverifica.bo/aun-no-se-lanzo-convocatoria-para-elecciones-subnacionales-circula-encuesta-falsa/,"Aún no se lanzó convocatoria para elecciones subnacionales, circula encuesta falsa",Falso
588,2020-10-30T13:51:52,boliviaverifica.bo,https://boliviaverifica.bo/falso-no-hay-ningun-simbolo-bolivariano-en-los-certificados-de-sufragio/,"Falso, no hay ningún símbolo bolivariano en los certificados de sufragio",Falso
589,2020-10-29T16:37:39,boliviaverifica.bo,https://boliviaverifica.bo/es-falso-que-una-diputada-del-mas-revelo-que-entregaron-actas-firmadas-a-los-candidatos/,Es falso que una diputada del MAS reveló que entregaron actas firmadas a los candidatos,Falso
590,2020-10-29T14:57:29,boliviaverifica.bo,https://boliviaverifica.bo/no-es-cierto-que-cuatro-personas-firmaron-las-actas-de-un-municipio-en-potosi/,No es cierto que cuatro personas firmaron las actas de un municipio en Potosí,Falso
591,2020-10-28T17:34:57,boliviaverifica.bo,https://boliviaverifica.bo/la-aduana-no-se-contacta-contigo-a-traves-de-llamadas/,La Aduana no se contacta contigo a través de llamadas,Falso
592,2020-10-26T19:32:26,boliviaverifica.bo,https://boliviaverifica.bo/continua-la-difusion-de-supuestas-actas-electorales-manipuladas/,Continúa la difusión de supuestas actas electorales manipuladas,Falso
593,2020-10-25T08:29:24,boliviaverifica.bo,https://boliviaverifica.bo/falso-no-le-quitaron-votos-a-creemos-para-aumentarlos-al-mas-en-una-mesa-de-warnes/,Falso: No le quitaron votos a Creemos para aumentarlos al MAS en una mesa de Warnes,Falso
594,2020-10-25T08:27:51,boliviaverifica.bo,https://boliviaverifica.bo/voto-en-el-exterior-el-padron-no-se-duplico-y-solo-representa-el-411-del-electorado/,"Voto en el exterior: El padrón no se “duplicó” y solo representa el 4,11% del electorado",Falso
595,2020-10-23T18:23:31,boliviaverifica.bo,https://boliviaverifica.bo/elecciones-generales-circula-un-archivo-de-excel-con-falsos-datos-de-votacion-en-espana/,Elecciones Generales: Circula un archivo de excel con falsos datos de votación en España,Falso
596,2020-10-23T17:23:47,boliviaverifica.bo,https://boliviaverifica.bo/el-comite-civico-de-santa-cruz-no-solicito-la-anulacion-de-las-elecciones-de-2020/,El Comité Cívico de Santa Cruz no solicitó la anulación de las elecciones de 2020,Falso
597,2020-10-23T16:31:56,boliviaverifica.bo,https://boliviaverifica.bo/manipulan-declaracion-de-ministro-ivan-arias-y-la-comparten-en-redes/,Manipulan declaración de ministro Iván Arias y la comparten en redes,Falso
598,2020-10-23T14:45:35,boliviaverifica.bo,https://boliviaverifica.bo/es-falso-que-el-impuesto-a-las-grandes-fortunas-sera-a-partir-de-bs-500-000/,Es falso que el impuesto a las grandes fortunas será a partir de Bs 500.000,Falso
599,2020-10-23T10:49:08,boliviaverifica.bo,https://boliviaverifica.bo/denuncia-falsa-civicos-dicen-que-se-anoto-menos-votos-a-favor-de-creemos-en-una-mesa-pero-no-es-cierto/,Denuncia falsa: Cívicos dicen que se anotó menos votos a favor de Creemos en una mesa pero no es cierto,Falso
600,2020-10-22T17:23:32,boliviaverifica.bo,https://boliviaverifica.bo/alteran-imagen-de-la-oficina-europea-de-lucha-contra-el-fraude-para-publicar-informacion-falsa/,Alteran imagen de la Oficina Europea de Lucha contra el Fraude para publicar información falsa,Falso
601,2020-10-22T16:54:39,boliviaverifica.bo,https://boliviaverifica.bo/luis-arce-no-prometio-un-paquete-de-tres-bonos-sociales/,Luis Arce no prometió un paquete de tres bonos sociales,Falso
602,2020-10-22T16:50:12,boliviaverifica.bo,https://boliviaverifica.bo/falso-luis-almagro-no-pidio-disculpas-a-luis-arce-y-david-choquehuanca/,"Falso, Luis Almagro no pidió disculpas a Luis Arce y David Choquehuanca",Falso
603,2020-10-22T15:55:40,boliviaverifica.bo,https://boliviaverifica.bo/transmision-de-mando-todavia-no-se-ha-definido-quienes-seran-los-invitados-a-la-posesion-de-luis-arce/,Transmisión de mando: todavía no se ha definido quiénes serán los invitados a la posesión de Luis Arce,Falso
604,2020-10-21T19:17:21,boliviaverifica.bo,https://boliviaverifica.bo/es-falso-que-el-gobierno-impidio-que-evo-morales-vote-en-argentina/,Es falso que el gobierno impidió que Evo Morales vote en Argentina,Falso
605,2020-10-21T17:25:20,boliviaverifica.bo,https://boliviaverifica.bo/es-falso-los-servidores-de-la-oep-no-vienen-de-argentina/,"ACTUALIZADA: Es falso, los servidores de la OEP no vienen de Argentina",Falso
606,2020-10-21T14:33:05,boliviaverifica.bo,https://boliviaverifica.bo/denuncian-supuesta-desaparicion-de-actas-en-cochabamba/,Denuncian supuesta desaparición de actas en Cochabamba,Falso
607,2020-10-21T14:20:18,boliviaverifica.bo,https://boliviaverifica.bo/santa-cruz-no-se-reunio-para-celebrar-la-victoria-del-mas/,Santa Cruz no se reunió para celebrar la victoria del MAS,Falso
608,2020-10-21T12:13:16,boliviaverifica.bo,https://boliviaverifica.bo/no-es-verdad-que-la-persona-junto-a-mesa-sea-la-misma-junto-a-evo/,No es verdad que la persona junto a Mesa sea la misma junto a Evo,Falso
609,2020-10-20T19:22:38,boliviaverifica.bo,https://boliviaverifica.bo/falso-utilizan-imagenes-para-afirmar-que-hay-un-fraude-electoral/,Falso: Utilizan imágenes para afirmar que hay un fraude electoral,Falso
610,2020-10-20T18:46:08,boliviaverifica.bo,https://boliviaverifica.bo/es-falso-villegas-no-publico-que-nos-robaron-las-elecciones-ni-anuncio-su-presencia-en-un-programa-de-television/,"Es falso, Villegas no publicó que “nos robaron las elecciones” ni anunció su presencia en un programa de televisión",Falso
611,2020-10-20T16:14:58,boliviaverifica.bo,https://boliviaverifica.bo/hay-publicaciones-falsas-que-usan-el-nombre-de-edgar-villegas-para-denunciar-fraude-electoral/,Hay publicaciones falsas que usan el nombre de Édgar Villegas para denunciar fraude electoral,Falso
612,2020-10-20T15:06:59,boliviaverifica.bo,https://boliviaverifica.bo/circula-un-comunicado-falso-de-la-union-juvenil-crucenista/,Circula un comunicado falso de la Unión Juvenil Cruceñista,Falso
613,2020-10-20T15:02:51,boliviaverifica.bo,https://boliviaverifica.bo/circula-nota-de-bloqueos-en-santa-cruz-de-2019-como-si-fuera-actual/,Circula nota de bloqueos en Santa Cruz de 2019 como si fuera actual,Falso
614,2020-10-20T13:16:56,boliviaverifica.bo,https://boliviaverifica.bo/el-alcalde-de-tarija-no-presento-todavia-su-carta-de-renuncia/,"Alcalde tarijeño sí renunció a su cargo, pero carta que circula en redes es falsa",Falso
615,2020-10-20T11:25:11,boliviaverifica.bo,https://boliviaverifica.bo/tuit-falso-anez-no-afirmo-que-carlos-mesa-gano-la-eleccion/,Tuit falso: Áñez no afirmó que Carlos Mesa ganó la elección,Falso
616,2020-10-20T11:19:45,boliviaverifica.bo,https://boliviaverifica.bo/noticia-falsa-sostiene-que-luis-fernando-camacho-ha-salido-del-pais/,Noticia falsa sostiene que Luis Fernando Camacho ha salido del país,Falso
617,2020-10-19T16:37:14,boliviaverifica.bo,https://boliviaverifica.bo/la-mujer-que-aparece-en-esta-fotografia-no-es-la-ex-esposa-de-camacho/,La mujer que aparece en esta fotografía no es la ex esposa de Camacho,Falso
618,2020-10-19T15:10:11,boliviaverifica.bo,https://boliviaverifica.bo/video-muestra-un-registro-falso-de-votos-en-el-computo-oficial/,Video muestra un registro falso de votos en el cómputo oficial,Falso
619,2020-10-19T12:18:04,boliviaverifica.bo,https://boliviaverifica.bo/luis-fernando-camacho-no-lloro-al-escuchar-el-computo-de-votos-como-indica-este-video/,Luis Fernando Camacho no lloró al escuchar el cómputo de votos como indica este video,Falso
620,2020-10-18T22:11:21,boliviaverifica.bo,https://boliviaverifica.bo/circula-plantilla-falsa-con-el-logo-de-tu-voto-cuenta/,Circula plantilla falsa con el logo de “Tu Voto Cuenta”,Falso
621,2020-10-18T19:51:21,boliviaverifica.bo,https://boliviaverifica.bo/messi-no-uso-una-polera-apoyando-a-camacho/,Messi no usó una polera apoyando a Camacho,Falso
622,2020-10-18T18:48:04,boliviaverifica.bo,https://boliviaverifica.bo/usan-imagen-de-organismos-internacionales-para-mostrar-falsos-resultados-del-exterior/,Usan imagen de organismos internacionales para mostrar falsos resultados del exterior,Falso
623,2020-10-18T17:56:36,boliviaverifica.bo,https://boliviaverifica.bo/difunden-datos-falso-del-supuesto-conteo-de-votos-en-boca-de-urna/,Difunden datos falsos del supuesto conteo de votos en boca de urna,Falso
624,2020-10-18T17:36:10,boliviaverifica.bo,https://boliviaverifica.bo/ni-del-mas-ni-de-cc-no-hubo-una-bolsa-de-papeletas-marcadas-previamente/,"Ni del MAS ni de CC, no hubo una bolsa de “papeletas marcadas previamente”",Falso
625,2020-10-18T16:37:10,boliviaverifica.bo,https://boliviaverifica.bo/falso-carlos-mesa-no-mostro-su-voto-en-la-urna/,"Falso, Carlos Mesa no mostró su voto en la urna",Falso
626,2020-10-18T16:24:54,boliviaverifica.bo,https://boliviaverifica.bo/gustavo-petro-desinforma-sobre-bolivia-publica-un-video-que-no-corresponde-a-la-fecha-y-lo-relaciona-con-amedrentamiento-riesgo-de-fraude/,Gustavo Petro desinforma sobre Bolivia: publica un video que no corresponde a la fecha y lo relaciona con “amedrentamiento y riesgo de fraude”,Falso
627,2020-10-18T14:47:37,boliviaverifica.bo,https://boliviaverifica.bo/salvador-romero-no-se-refirio-a-la-aplicacion-disenada-por-edgar-villegas/,Salvador Romero no se refirió a la aplicación diseñada por Édgar Villegas,Falso
628,2020-10-18T14:36:22,boliviaverifica.bo,https://boliviaverifica.bo/es-falso-luis-arce-catacora-no-mostro-su-voto/,Es falso. Luis Arce Catacora no mostró su voto,Falso
629,2020-10-18T13:16:34,boliviaverifica.bo,https://boliviaverifica.bo/usan-cuenta-falsa-evaliz-morales-para-anunciar-supuesto-retorno-de-morales-y-su-entorno/,Usan cuenta falsa Evaliz Morales para anunciar supuesto retorno de Morales y su entorno,Falso
630,2020-10-18T13:09:23,boliviaverifica.bo,https://boliviaverifica.bo/difunden-datos-falsos-sobre-resultados-del-voto-en-el-exterior/,Difunden datos falsos sobre resultados del voto en el exterior,Falso
631,2020-10-18T12:46:23,boliviaverifica.bo,https://boliviaverifica.bo/rayar-la-cara-de-los-candidatos-en-la-papeleta-de-votacion-anulara-tu-voto/,Marcar fuera de la casilla en la papeleta de votación anulará tu voto,Falso
632,2020-10-18T11:50:15,boliviaverifica.bo,https://boliviaverifica.bo/con-un-video-del-2018-aseguran-que-mesa-pretende-eliminar-los-bonos/,Con un video del 2018 aseguran que Mesa pretende eliminar los bonos,Falso
633,2020-10-18T11:26:49,boliviaverifica.bo,https://boliviaverifica.bo/el-voto-no-vale-si-marco-una-x/,¿El voto no vale si marco una X?,Falso
634,2020-10-18T10:29:15,boliviaverifica.bo,https://boliviaverifica.bo/carlos-mesa-no-renuncio-a-su-candidatura/,Carlos Mesa no renunció a su candidatura,Falso
635,2020-10-18T09:31:48,boliviaverifica.bo,https://boliviaverifica.bo/datos-de-conteo-de-votos-en-japon-y-china-son-falsos/,Datos de conteo de votos en Japón y China son falsos,Falso
636,2020-10-17T19:14:53,boliviaverifica.bo,https://boliviaverifica.bo/segunda-carta-sobre-declinacion-tambien-es-falsa/,Segunda carta sobre declinación…¡También es falsa!,Falso
637,2020-10-17T18:42:57,boliviaverifica.bo,https://boliviaverifica.bo/gobierno-no-se-encarga-de-acreditaciones-de-prensa-en-elecciones/,Gobierno no se encarga de acreditaciones de prensa en elecciones,Falso
638,2020-10-17T17:48:10,boliviaverifica.bo,https://boliviaverifica.bo/carlos-mesa-no-renuncio-a-su-candidatura-ni-se-refirio-a-los-observadores-internacionales/,Carlos Mesa no renunció a su candidatura ni se refirió a los observadores internacionales,Falso
639,2020-10-17T17:35:05,boliviaverifica.bo,https://boliviaverifica.bo/carlos-mesa-no-pidio-a-sus-seguidores-escribir-en-la-franja-azul-evo-nunca-mas/,Carlos Mesa no pidió a sus seguidores escribir en la franja azul ‘Evo nunca más’,Falso
640,2020-10-17T17:16:30,boliviaverifica.bo,https://boliviaverifica.bo/realizan-montaje-a-imagen-de-candidata-tarijena/,Realizan montaje a imagen de candidata tarijeña,Falso
641,2020-10-17T17:07:19,boliviaverifica.bo,https://boliviaverifica.bo/carta-sobre-declinacion-de-camacho-es-falsa/,Carta sobre declinación de Camacho es falsa,Falso
642,2020-10-17T16:46:54,boliviaverifica.bo,https://boliviaverifica.bo/gustavo-petro-da-informacion-falsa-sobre-las-elecciones-en-bolivia/,Gustavo Petro da información falsa sobre las elecciones en Bolivia,Falso
643,2020-10-17T15:01:59,boliviaverifica.bo,https://boliviaverifica.bo/mesa-no-dijo-que-pretende-congelar-el-pago-de-bonos-si-llega-a-la-presidencia/,Mesa no dijo que pretende congelar el pago de bonos si llega a la presidencia,Falso
644,2020-10-17T14:30:22,boliviaverifica.bo,https://boliviaverifica.bo/es-falso-que-camacho-desplaza-a-mesa-al-tercer-lugar/,Es falso que Camacho desplaza a Mesa al tercer lugar,Falso
645,2020-10-16T20:26:26,boliviaverifica.bo,https://boliviaverifica.bo/alianzas-y-partidos-reunidos-en-el-hotel-radisson-falso/,¿Alianzas y partidos reunidos en el Hotel Radisson? ¡Falso!,Falso
646,2020-10-16T19:34:09,boliviaverifica.bo,https://boliviaverifica.bo/no-estados-unidos-no-valida-a-quienes-pueden-ser-observador-en-las-elecciones-de-bolivia/,"No, Estados Unidos no valida a quienes pueden ser observador en las elecciones de Bolivia",Falso
647,2020-10-16T18:45:33,boliviaverifica.bo,https://boliviaverifica.bo/comunicado-falso-sobre-el-sistema-de-conteo-rapido-circula-en-redes/,Comunicado falso sobre el sistema de conteo rápido circula en redes,Falso
648,2020-10-16T16:23:56,boliviaverifica.bo,https://boliviaverifica.bo/carlos-mesa-no-esta-pensando-en-dar-un-ministerio-a-jeanine-anez/,Carlos Mesa no hizo referencia a dar un ministerio a Jeanine Áñez si es presidente,Falso
649,2020-10-15T16:36:05,boliviaverifica.bo,https://boliviaverifica.bo/el-gobierno-no-compro-armamento-por-las-elecciones/,El Gobierno no compró armamento por las elecciones,Falso
650,2020-10-15T16:07:53,boliviaverifica.bo,https://boliviaverifica.bo/dos-mentiras-sobre-el-cierre-de-campana-del-mas-circulan-en-facebook/,Dos mentiras sobre el cierre de campaña del MAS circulan en Facebook,Falso
651,2020-10-15T11:31:59,boliviaverifica.bo,https://boliviaverifica.bo/el-teleferico-no-esta-en-venta-como-indica-una-publicacion-en-facebook/,El teleférico no está en venta como indica una publicación en Facebook,Falso
652,2020-10-15T11:11:17,boliviaverifica.bo,https://boliviaverifica.bo/goni-no-envio-su-apoyo-a-carlos-mesa-ni-pidio-a-bolivia-que-vote-por-el/,Goni no envió su apoyo a Carlos Mesa ni pidió a Bolivia que vote por él,Falso
653,2020-10-14T17:37:48,boliviaverifica.bo,https://boliviaverifica.bo/evaliz-morales-no-dijo-que-volverian-a-tomar-el-poder-para-siempre/,Evaliz Morales no dijo que volverían a tomar el poder “para siempre”,Falso
654,2020-10-14T15:25:13,boliviaverifica.bo,https://boliviaverifica.bo/comunidad-ciudadana-no-ha-considerado-candidatos-para-las-subnacionales/,Comunidad Ciudadana no ha considerado candidatos para las subnacionales,Falso
655,2020-10-13T19:49:30,boliviaverifica.bo,https://boliviaverifica.bo/tuto-quiroga-no-dijo-que-carlos-mesa-es-servil-y-debil/,Tuto Quiroga no dijo que Carlos Mesa es servil y débil,Falso
656,2020-10-13T18:18:48,boliviaverifica.bo,https://boliviaverifica.bo/manchar-la-papeleta-de-votacion-con-la-tinta-de-sufragio-no-anulara-tu-voto/,Manchar la papeleta de votación con la tinta de sufragio no anulará tu voto,Falso
657,2020-10-13T16:29:01,boliviaverifica.bo,https://boliviaverifica.bo/cambio-de-recintos-no-pretende-robar-el-derecho-al-voto-de-los-bolivianos-en-ee-uu/,Cambio de recintos no pretende «robar» el derecho al voto de los bolivianos en EE.UU.,Falso
658,2020-10-13T15:15:09,boliviaverifica.bo,https://boliviaverifica.bo/juan-luis-choque-armijo-no-es-jefe-de-campana-de-pumari/,Juan Luis Choque Armijo no es jefe de campaña de Pumari,Falso
659,2020-10-13T13:50:51,boliviaverifica.bo,https://boliviaverifica.bo/no-son-militares-ni-militantes-de-comunidad-ciudadana-son-jovenes-voluntarios-rescatistas/,"No son militares, ni militantes de Comunidad Ciudadana. Son jóvenes voluntarios rescatistas",Falso
660,2020-10-13T12:11:23,boliviaverifica.bo,https://boliviaverifica.bo/mesa-no-elogio-al-ministro-murillo-ni-menciono-tenerlo-como-autoridad-si-gana-las-elecciones/,Mesa no elogió al ministro Murillo ni mencionó tenerlo como autoridad si gana las elecciones,Falso
661,2020-10-12T17:10:59,boliviaverifica.bo,https://boliviaverifica.bo/simpatizantes-de-tuto-se-molestaron-con-el-pero-no-dieron-su-apoyo-al-mas-como-afirma-este-post/,"Simpatizantes de Tuto se molestaron con él, pero no dieron su apoyo al MAS como afirma este post",Falso
662,2020-10-12T12:27:07,boliviaverifica.bo,https://boliviaverifica.bo/informacion-falsa-sobre-un-hecho-de-transito-de-carlos-mesa-vuelve-a-circular-en-redes-sociales/,Información falsa sobre un hecho de tránsito de Carlos Mesa vuelve a circular en redes sociales,Falso
663,2020-10-10T15:39:36,boliviaverifica.bo,https://boliviaverifica.bo/los-horarios-de-votacion-dependen-del-ultimo-digito-del-carnet-sin-importar-por-quien-votaras/,"Los horarios de votación dependen del último dígito del carnet, sin importar por quién votarás",Falso
664,2020-10-09T19:29:04,boliviaverifica.bo,https://boliviaverifica.bo/no-es-cierto-el-fri-no-le-quito-apoyo-a-carlos-mesa/,"No es cierto, el FRI no le quitó apoyo a Carlos Mesa",Falso
665,2020-10-09T15:17:35,boliviaverifica.bo,https://boliviaverifica.bo/carlos-mesa-y-su-entorno-descartan-que-el-candidato-tenga-problemas-de-salud/,Carlos Mesa y su entorno descartan que el candidato tenga problemas de salud,Falso
666,2020-10-09T14:33:52,boliviaverifica.bo,https://boliviaverifica.bo/waldo-albarracin-no-declaro-que-carlos-mesa-sea-la-continuidad-de-jeanine-anez/,Waldo Albarracín no declaró que Carlos Mesa sea la continuidad de Jeanine Áñez,Falso
667,2020-10-09T14:28:30,boliviaverifica.bo,https://boliviaverifica.bo/crean-un-grupo-en-facebook-con-el-logo-del-tse-para-enganar-al-elector/,Crean un grupo en Facebook con el logo del TSE para engañar al elector,Falso
668,2020-10-09T12:22:08,boliviaverifica.bo,https://boliviaverifica.bo/elecciones-2020-circula-informacion-falsa-sobre-tinta-de-boligrafos-que-se-borran/,Elecciones 2020: Circula información falsa sobre tinta de bolígrafos que se borran,Falso
669,2020-10-08T19:46:08,boliviaverifica.bo,https://boliviaverifica.bo/es-falso-que-hay-grupos-de-extranjeros-ingresando-a-bolivia-para-desestabilizar-el-pais/,Es falso que hay grupos de extranjeros ingresando a Bolivia para desestabilizar el país,Falso
670,2020-10-08T16:30:33,boliviaverifica.bo,https://boliviaverifica.bo/atribuyen-frase-a-oscar-ortiz-sobre-la-supuesta-continuidad-de-arturo-murillo-como-ministro-en-el-proximo-gobierno/,Atribuyen frase a Óscar Ortiz sobre la supuesta continuidad de Arturo Murillo como ministro en el próximo gobierno,Falso
671,2020-10-08T16:18:21,boliviaverifica.bo,https://boliviaverifica.bo/agrupacion-quirquina-no-esta-apoyando-a-ningun-frente-politico/,"Es falso que Quirquiña apoya al MAS, la agrupación no está haciendo campaña por ningún frente político",Falso
672,2020-10-08T12:13:20,boliviaverifica.bo,https://boliviaverifica.bo/circula-informe-falso-sobre-el-estado-salud-de-carlos-mesa/,Circula informe falso sobre el estado salud de Carlos Mesa,Falso
673,2020-10-08T11:26:32,boliviaverifica.bo,https://boliviaverifica.bo/reunion-del-grupo-de-puebla-circula-en-redes-como-si-fuese-el-foro-de-sao-paulo/,Reunión del Grupo de Puebla circula en redes como si fuese el Foro de Sao Paulo,Falso
674,2020-10-07T11:59:37,boliviaverifica.bo,https://boliviaverifica.bo/younn-o-chunoman-no-corre-como-senador-por-el-mas/,‘Younn’ o “Chuñoman” no corre como senador por el MAS,Falso
675,2020-10-07T10:39:41,boliviaverifica.bo,https://boliviaverifica.bo/arce-no-dijo-que-evo-fallo-al-pais-es-un-video-manipulado/,"Arce no dijo que Evo falló al país, es un video manipulado",Falso
676,2020-10-06T19:17:33,boliviaverifica.bo,https://boliviaverifica.bo/tse-no-nego-estatus-de-observador-a-internacional-progresista/,TSE no negó estatus de observador a Internacional Progresista,Falso
677,2020-10-05T08:51:39,boliviaverifica.bo,https://boliviaverifica.bo/segun-luis-arce-la-fabrica-de-urea-genera-perdida-de-mas-de-us-140-millones/,"Según Luis Arce, la fábrica de urea genera pérdida de más de $us 140 millones",Falso
678,2020-10-05T08:48:57,boliviaverifica.bo,https://boliviaverifica.bo/luis-arce-dijo-que-en-varias-gestiones-se-supero-el-10-en-salud/,Luis Arce dijo que en varias gestiones se superó el 10% de inversión en salud,Falso
679,2020-10-04T22:24:00,boliviaverifica.bo,https://boliviaverifica.bo/falso-carlos-mesa-no-gestiona-el-aborto-como-dice-chi/,"Falso: Carlos Mesa no “gestiona” el aborto, como dice Chi",Falso
680,2020-10-04T22:02:34,boliviaverifica.bo,https://boliviaverifica.bo/luis-arce-afirmo-que-no-hubo-fraude-en-las-pasadas-elecciones/,Luis Arce afirmó que no hubo fraude en las pasadas elecciones,Falso
681,2020-10-04T21:49:44,boliviaverifica.bo,https://boliviaverifica.bo/luis-arce-aseguro-que-el-mas-no-hizo-nada-para-perder-su-personeria-juridica/,Luis Arce aseguró que el MAS no hizo nada para perder su personería jurídica,Falso
682,2020-10-04T07:39:37,boliviaverifica.bo,https://boliviaverifica.bo/encuestas-en-redes-sociales-confeccionadas-a-medida-de-todas-las-afinidades-politica/,Encuestas electorales en redes sociales: confeccionadas a medida de todos los candidatos,Falso
683,2020-10-03T11:35:36,boliviaverifica.bo,https://boliviaverifica.bo/luis-larrea-no-anuncio-convulsion-social-el-post-fue-publicado-en-una-cuenta-falsa-de-la-razon/,"Luis Larrea no anunció convulsión social, el post fue publicado en una cuenta falsa de La Razón",Falso
684,2020-10-02T18:10:00,boliviaverifica.bo,https://boliviaverifica.bo/datos-falsos-sobre-mesa-y-arce-son-difundidos-en-redes/,Datos falsos sobre Mesa y Arce son difundidos en redes,Falso
685,2020-10-02T16:11:58,boliviaverifica.bo,https://boliviaverifica.bo/falsifican-documento-de-codeinca-en-chuquisaca/,Falsifican documento de Codeinca en Chuquisaca,Falso
686,2020-10-02T12:13:21,boliviaverifica.bo,https://boliviaverifica.bo/manipulan-resultados-de-encuesta-de-ciesmori-a-favor-de-camacho/,Manipulan resultados de encuesta de Ciesmori a favor de Camacho,Falso
687,2020-10-01T12:19:42,boliviaverifica.bo,https://boliviaverifica.bo/atribuyen-post-falso-sobre-educacion-y-derechos-lgbt-a-candidata-de-comunidad-ciudadana-por-cochabamba/,Atribuyen post falso sobre educación y derechos LGBT a candidata de Comunidad Ciudadana por Cochabamba,Falso
688,2020-10-01T11:59:58,boliviaverifica.bo,https://boliviaverifica.bo/se-anulara-la-personeria-juridica-del-mas-el-5-de-octubre-no-el-tse-lo-descarto/,Murillo no se atribuye la anulación de la personería jurídica del MAS,Falso
689,2020-09-30T19:37:53,boliviaverifica.bo,https://boliviaverifica.bo/melania-torrico-no-es-candidata-del-frente-para-la-victoria/,Melania Torrico no es candidata del Frente Para la Victoria,Falso
690,2020-09-30T19:19:24,boliviaverifica.bo,https://boliviaverifica.bo/falso-supuesto-pedido-de-morales-para-votar-por-arce-o-mesa/,Falso: Supuesto pedido de Morales para votar por Arce o Mesa,Falso
691,2020-09-30T13:38:18,boliviaverifica.bo,https://boliviaverifica.bo/melisa-ibarra-no-pertenece-a-comunidad-ciudadana-ni-es-su-candidata/,Melisa Ibarra no pertenece a Comunidad Ciudadana ni es su candidata,Falso
692,2020-09-29T18:44:49,boliviaverifica.bo,https://boliviaverifica.bo/ningun-venezolano-trabaja-en-el-tribunal-departamental-de-santa-cruz/,Ningún venezolano trabaja en el Tribunal Departamental de Santa Cruz,Falso
693,2020-09-29T17:20:49,boliviaverifica.bo,https://boliviaverifica.bo/son-falsos-ciesmori-no-publico-estos-resultados/,¡Son falsos! Ciesmori no publicó estos resultados,Falso
694,2020-09-28T15:42:19,boliviaverifica.bo,https://boliviaverifica.bo/carlos-mesa-no-dijo-que-evo-es-el-corazon-de-bolivia-es-un-video-manipulado/,"Carlos Mesa no dijo que Evo es el corazón de Bolivia, es un video manipulado",Falso
695,2020-09-28T12:27:36,boliviaverifica.bo,https://boliviaverifica.bo/anez-no-pidio-a-sus-seguidores-votar-por-carlos-mesa/,Áñez no pidió a sus seguidores votar por Carlos Mesa,Falso
696,2020-09-27T17:22:46,boliviaverifica.bo,https://boliviaverifica.bo/ninguna-encuestadora-registrada-ha-emitido-un-estudio-de-opinion-sin-la-alianza-juntos/,Ninguna encuestadora registrada ha emitido un estudio de opinión sin la Alianza Juntos,Falso
697,2020-09-27T14:19:44,boliviaverifica.bo,https://boliviaverifica.bo/camion-de-empresa-publicitaria-es-confundido-con-uno-de-la-alcaldia-de-oruro/,Camión de empresa publicitaria es confundido con uno de la Alcaldía de Oruro,Falso
698,2020-09-27T11:50:41,boliviaverifica.bo,https://boliviaverifica.bo/promueven-falso-estudio-de-opinion-que-perfila-a-luis-arce-y-fernando-camacho/,Promueven falso estudio de opinión que perfila a Luis Arce y Fernando Camacho,Falso
699,2020-09-27T09:42:50,boliviaverifica.bo,https://boliviaverifica.bo/reynaldo-ezequiel-no-pertenece-a-la-alianza-creemos/,Reynaldo Ezequiel no pertenece a la alianza “Creemos”,Falso
700,2020-09-26T15:51:48,boliviaverifica.bo,https://boliviaverifica.bo/esta-carlos-mesa-en-contra-de-las-empresas-estatales/,¿Está Carlos Mesa en contra de las empresas estatales?,Falso
701,2020-09-26T11:35:38,boliviaverifica.bo,https://boliviaverifica.bo/carlos-valverde-no-afirmo-que-arce-esta-asegurando-su-victoria/,Carlos Valverde no afirmó que “Arce está asegurando su victoria”,Falso
702,2020-09-25T15:11:50,boliviaverifica.bo,https://boliviaverifica.bo/paniagua-aclaro-que-su-renuncia-no-tiene-relacion-con-la-distribucion-de-papeletas/,Paniagua aclaró que su renuncia no tiene relación con la distribución de papeletas,Falso
703,2020-09-25T15:00:02,boliviaverifica.bo,https://boliviaverifica.bo/falsa-encuesta-de-datafy-siempre-conectados-se-difunde-en-redes-sociales/,Falsa encuesta de ‘Datafy siempre conectados’ se difunde en redes sociales,Falso
704,2020-09-25T10:22:30,boliviaverifica.bo,https://boliviaverifica.bo/carlos-mesa-no-anuncio-que-renunciara-en-caso-de-ser-elegido-presidente/,Carlos Mesa no anunció que renunciará en caso de ser elegido presidente,Falso
705,2020-09-25T10:00:12,boliviaverifica.bo,https://boliviaverifica.bo/difunden-en-redes-sociales-supuesta-resolucion-de-adepcoca/,Difunden en redes sociales supuesta resolución de Adepcoca,Falso
706,2020-09-24T16:04:04,boliviaverifica.bo,https://boliviaverifica.bo/jeanine-anez-no-sello-ninguna-alianza-con-carlos-mesa/,Jeanine Áñez no selló ninguna alianza con Carlos Mesa,Falso
707,2020-09-24T12:09:44,boliviaverifica.bo,https://boliviaverifica.bo/ted-de-tarija-si-publico-lista-de-jurados-electorales-en-un-medio-escrito/,TED de Tarija sí publicó lista de jurados electorales en un medio escrito,Falso
708,2020-09-23T16:12:12,boliviaverifica.bo,https://boliviaverifica.bo/se-difunde-un-triptico-de-camacho-con-propuestas-falsas-para-las-iglesias/,Se difunde un tríptico de Camacho con propuestas falsas para las iglesias,Falso
709,2020-09-23T12:10:32,boliviaverifica.bo,https://boliviaverifica.bo/circula-un-tuit-atribuido-a-murillo-sobre-un-supuesto-pacto-con-comunidad-ciudadana/,Circula un tuit atribuido a Murillo sobre un supuesto “pacto” con Comunidad Ciudadana,Falso
710,2020-09-21T11:12:58,boliviaverifica.bo,https://boliviaverifica.bo/juan-carlos-arana-no-es-periodista-de-anez-y-mesa-tampoco-dijo-que-no-voten-por-el-mas/,"Juan Carlos Arana no es periodista de Áñez y Mesa, tampoco dijo que no voten por el MAS",Falso
711,2020-09-21T10:36:47,boliviaverifica.bo,https://boliviaverifica.bo/el-contenido-de-mensaje-de-gustavo-pedraza-es-manipulado-en-un-post/,El contenido de mensaje de Gustavo Pedraza es manipulado en un post,Falso
712,2020-09-18T11:34:07,boliviaverifica.bo,https://boliviaverifica.bo/jeanine-no-pidio-seguridad-para-evitar-represalias-a-traves-de-twitter/,Jeanine no pidió “seguridad para evitar represalias” a través de Twitter,Falso
713,2020-09-17T22:18:44,boliviaverifica.bo,https://boliviaverifica.bo/carlos-mesa-no-participo-del-golpe-de-1971-ni-es-dueno-de-pat/,Carlos Mesa no participó del golpe de 1971 ni es dueño de PAT,Falso
714,2020-09-16T15:23:37,boliviaverifica.bo,https://boliviaverifica.bo/dos-encuestas-falsas-circulan-en-redes-en-una-gana-arce-en-primera-vuelta-y-en-la-otra-jeanine-alcanza-al-5-de-la-intencion-de-voto/,"Dos encuestas falsas circulan en redes, en una gana Arce en primera vuelta y en la otra Jeanine alcanza al 5% de la intención de voto",Falso
715,2020-09-15T18:55:02,boliviaverifica.bo,https://boliviaverifica.bo/carlos-valverde-no-pidio-votar-por-carlos-mesa-sin-importar-su-propuesta/,Carlos Valverde no pidió votar por Carlos Mesa sin importar su propuesta,Falso
716,2020-09-14T13:46:30,boliviaverifica.bo,https://boliviaverifica.bo/es-falso-que-a-luis-arce-le-hubieran-echado-agua-en-camiri/,Es falso que a Luis Arce le hubieran echado agua en Camiri,Falso
717,2020-09-14T12:11:45,boliviaverifica.bo,https://boliviaverifica.bo/carlos-mesa-no-propone-suprimir-los-bonos-ni-privatizar-empresas-este-video-esta-manipulado/,"Carlos Mesa no propone suprimir los bonos ni privatizar empresas, este video está manipulado",Falso
718,2020-09-13T16:36:23,boliviaverifica.bo,https://boliviaverifica.bo/debate-de-candidatos-luis-arce-todavia-no-ha-respondido-la-carta-que-le-envio-carlos-mesa/,Debate de candidatos: Luis Arce todavía no ha respondido la carta que le envió Carlos Mesa,Falso
719,2020-09-12T13:28:21,boliviaverifica.bo,https://boliviaverifica.bo/rodriguez-veltze-no-hizo-sobre-comparaciones-entre-el-gobierno-de-mesa-y-el-de-anez/,Rodríguez Veltzé no hizo comparaciones entre el gobierno de Mesa y el de Áñez,Falso
720,2020-09-11T16:18:25,boliviaverifica.bo,https://boliviaverifica.bo/utilizan-fotografia-de-cabildo-en-potosi-y-la-publican-como-si-se-tratara-de-apoyo-a-luis-arce/,Utilizan fotografía de cabildo en Potosí y la publican como si se tratara de apoyo a Luis Arce,Falso
721,2020-09-11T15:09:53,boliviaverifica.bo,https://boliviaverifica.bo/vuelven-a-utilizar-imagenes-de-repatriados-y-esta-vez-las-vinculan-a-la-alianza-juntos/,Vuelven a utilizar imágenes de repatriados y esta vez las vinculan a la alianza Juntos,Falso
722,2020-09-10T17:01:28,boliviaverifica.bo,https://boliviaverifica.bo/falso-ninguna-encuesta-de-intencion-de-voto-pone-en-primer-lugar-a-carlos-mesa-a-nivel-nacional/,Falso: Ninguna encuesta de intención de voto pone en primer lugar a Carlos Mesa a nivel nacional,Falso
723,2020-09-09T19:24:17,boliviaverifica.bo,https://boliviaverifica.bo/en-bolivia-no-hay-ningun-cartel-que-diga-yo-voto-por-el-que-ponga-preso-a-evo-morales/,En Bolivia no hay ningún cartel que diga “Yo voto por el que ponga preso a Evo Morales”,Falso
724,2020-09-09T17:48:14,boliviaverifica.bo,https://boliviaverifica.bo/encuesta-falsa-pone-en-primer-lugar-a-luis-fernando-camacho-con-el-69/,Encuesta falsa pone en primer lugar a Luis Fernando Camacho con el 69%,Falso
725,2020-09-08T19:34:31,boliviaverifica.bo,https://boliviaverifica.bo/es-falso-que-chi-hyun-chung-sea-el-candidato-mas-buscado-de-google-en-bolivia/,Es falso que Chi Hyun Chung sea el candidato más buscado de Google en Bolivia,Falso
726,2020-09-08T18:01:53,boliviaverifica.bo,https://boliviaverifica.bo/dos-encuestas-de-intencion-de-voto-ponen-como-favorito-a-luis-arce-con-mas-del-65-ambas-son-falsas/,"Dos encuestas de intención de voto ponen como favorito a Luis Arce con más del 65%, ambas son falsas",Falso
727,2020-09-08T16:39:37,boliviaverifica.bo,https://boliviaverifica.bo/no-carlos-mesa-no-propone-despenalizar-las-drogas/,"No, Carlos Mesa no propone despenalizar las drogas",Falso
728,2020-09-07T19:26:03,boliviaverifica.bo,https://boliviaverifica.bo/salvador-romero-nunca-fue-propuesto-como-delegado-de-morales/,Salvador Romero nunca fue propuesto como delegado de Morales,Falso
729,2020-09-07T18:00:11,boliviaverifica.bo,https://boliviaverifica.bo/falsa-encuesta-de-intencion-de-voto-circula-en-redes-por-la-proximidad-de-las-elecciones/,Falsa encuesta de intención de voto circula en redes por la proximidad de las elecciones,Falso
730,2020-09-07T16:28:31,boliviaverifica.bo,https://boliviaverifica.bo/arce-catacora-fue-abucheado-en-el-inicio-de-su-campana-electoral/,¿Arce Catacora fue abucheado en el inicio de su campaña electoral?,Falso
731,2020-09-07T15:59:48,boliviaverifica.bo,https://boliviaverifica.bo/vuelven-a-habilitar-pagina-falsa-de-salvador-romero-en-facebook/,Reactivan página falsa de Salvador Romero en Facebook,Falso
732,2020-09-07T15:35:56,boliviaverifica.bo,https://boliviaverifica.bo/un-cartel-sobrepuesto-cambia-el-mensaje-de-una-marcha-de-bolivianos-pidiendo-oracion/,Un cartel sobrepuesto cambia el mensaje de una marcha de bolivianos pidiendo oración,Falso
733,2020-09-05T09:24:44,boliviaverifica.bo,https://boliviaverifica.bo/el-material-electoral-no-sera-trasladado-por-la-policia-y-las-ffaa-sin-control-de-los-jurados/,El material electoral no será trasladado por la Policía y las FFAA sin control del Órgano Electoral,Falso
734,2020-09-04T17:26:11,boliviaverifica.bo,https://boliviaverifica.bo/es-falso-que-el-hijo-de-jeanine-anez-trabaja-en-el-tribunal-supremo-electoral/,Es falso que el hijo de Jeanine Áñez trabaja en el Tribunal Supremo Electoral,Falso
735,2020-09-04T15:03:55,boliviaverifica.bo,https://boliviaverifica.bo/no-marco-pumari-no-abandono-a-fernando-camacho/,"No, Marco Pumari no abandonó a Fernando Camacho",Falso
736,2020-09-03T20:35:39,boliviaverifica.bo,https://boliviaverifica.bo/esposa-de-mario-cossio-no-es-ni-fue-candidata-por-creemos/,Esposa de Mario Cossío no es ni fue candidata por Creemos,Falso
737,2020-09-03T18:59:41,boliviaverifica.bo,https://boliviaverifica.bo/elecciones-unir-de-tarija-aun-no-ha-definido-si-se-aleja-de-juntos/,Elecciones: Unir de Tarija aún no ha definido si se aleja de Juntos,Falso
738,2020-09-02T18:13:49,boliviaverifica.bo,https://boliviaverifica.bo/jeanine-anez-no-dijo-que-dios-la-escogio-y-que-por-eso-mantendra-su-candidatura/,Jeanine Áñez no dijo que Dios la escogió y que por eso mantendrá su candidatura,Falso
739,2020-09-02T18:06:46,boliviaverifica.bo,https://boliviaverifica.bo/el-tse-no-autorizo-a-via-ciencia-para-hacer-el-conteo-rapido-de-votos/,El TSE no autorizó a Vía Ciencia para hacer el conteo rápido de votos,Falso
740,2020-08-25T20:02:36,boliviaverifica.bo,https://boliviaverifica.bo/carlos-mesa-no-propuso-evaluar-el-salario-minimo-si-asume-el-gobierno/,Carlos Mesa no propuso evaluar el salario mínimo si asume el gobierno,Falso
741,2020-08-25T10:40:12,boliviaverifica.bo,https://boliviaverifica.bo/twitter-mesa-no-se-refirio-a-una-posible-crisis-economica-en-bolivia/,Twitter: Mesa no se refirió a una posible crisis económica en Bolivia,Falso
742,2020-08-24T20:12:51,boliviaverifica.bo,https://boliviaverifica.bo/dos-encuestas-falsas-que-benefician-al-mas-se-difunden-en-redes/,Dos encuestas falsas que benefician al MAS se difunden en redes,Falso
743,2020-08-24T12:11:14,boliviaverifica.bo,https://boliviaverifica.bo/carlos-mesa-no-tuiteo-sobre-su-relacion-con-sanchez-de-lozada/,Carlos Mesa no tuiteó sobre su relación con Sánchez de Lozada,Falso
744,2020-08-21T18:42:56,boliviaverifica.bo,https://boliviaverifica.bo/es-falso-andronico-no-dijo-que-el-mas-ve-como-aliado-a-carlos-mesa/,Es falso: Andrónico no dijo que el MAS ve como aliado a Carlos Mesa,Falso
745,2020-08-21T17:28:43,boliviaverifica.bo,https://boliviaverifica.bo/ipsos-no-publico-ninguna-encuesta-de-intencion-de-voto-en-agosto/,IPSOS no publicó ninguna encuesta de intención de voto en agosto,Falso
746,2020-08-21T17:17:33,boliviaverifica.bo,https://boliviaverifica.bo/tuit-en-el-que-carlos-mesa-dice-que-llevara-al-pais-a-una-gran-epoca-es-falso/,Tuit en el que Carlos Mesa dice que llevará al país a “una gran época” es falso,Falso
747,2020-08-20T09:52:19,boliviaverifica.bo,https://boliviaverifica.bo/carlos-mesa-no-dijo-que-es-mejor-pedir-limosna-que-la-supuesta-estabilidad-economica-del-mas/,Carlos Mesa no dijo que es mejor pedir limosna que la supuesta estabilidad económica del MAS,Falso
748,2020-08-17T15:03:22,boliviaverifica.bo,https://boliviaverifica.bo/crearon-una-cuenta-falsa-de-salvador-romero-en-facebook/,Crearon una cuenta falsa de Salvador Romero en Facebook,Falso
749,2020-08-17T14:54:00,boliviaverifica.bo,https://boliviaverifica.bo/tuits-falsos-de-jeanine-anez-ni-culpo-al-mas-por-la-compra-de-pruebas-pcr-ni-pidio-suspender-las-elecciones/,"Tuits falsos de Jeanine Áñez: ni culpó al MAS por la compra de pruebas PCR, ni pidió suspender las elecciones",Falso
750,2020-08-14T12:12:15,boliviaverifica.bo,https://boliviaverifica.bo/arturo-murillo-no-dijo-que-el-mas-obligo-a-jeanine-anez-a-ser-candidata/,Arturo Murillo no dijo que el MAS obligó a Jeanine Áñez a ser candidata,Falso
751,2020-08-11T18:38:16,boliviaverifica.bo,https://boliviaverifica.bo/difunden-interpretacion-errada-sobre-una-declaracion-del-presidente-del-tse/,Difunden interpretación errada sobre una declaración del presidente del TSE,Falso
752,2020-08-10T14:07:29,boliviaverifica.bo,https://boliviaverifica.bo/circula-en-redes-supuesta-ley-para-adelantar-la-fecha-de-elecciones-es-falsa/,Circula en redes: Supuesta ley para adelantar la fecha de elecciones es falsa,Falso
753,2020-08-08T15:22:25,boliviaverifica.bo,https://boliviaverifica.bo/con-un-video-antiguo-denuncian-que-el-gobierno-usa-aviones-de-guerra-contra-los-manifestantes-en-santa-cruz/,Con un video antiguo denuncian que el gobierno usa aviones de guerra contra los manifestantes en Santa Cruz,Falso
754,2020-08-05T16:50:35,boliviaverifica.bo,https://boliviaverifica.bo/imagen-de-2011-de-pedraza-y-almaraz-circula-en-redes-con-otro-contexto/,Imagen de 2011 de Pedraza y Almaraz circula en redes con otro contexto,Falso
755,2020-08-03T17:57:55,boliviaverifica.bo,https://boliviaverifica.bo/circula-tuit-falso-de-anez-sobre-la-suspension-de-elecciones-hasta-el-proximo-ano/,Circula tuit falso de Áñez sobre la suspensión de elecciones hasta el próximo año,Falso
756,2020-07-29T15:23:32,boliviaverifica.bo,https://boliviaverifica.bo/no-las-movilizaciones-de-la-cob-no-pedian-anular-la-personeria-juridica-del-mas/,¡No! Las movilizaciones de la COB no pedían anular la personería jurídica del MAS,Falso
757,2020-07-27T17:24:07,boliviaverifica.bo,https://boliviaverifica.bo/comunidad-ciudadana-no-incluira-el-aborto-legal-ni-el-matrimonio-igualitario-en-su-nueva-propuesta/,Comunidad Ciudadana no incluirá el aborto legal ni el matrimonio igualitario en su nueva propuesta,Falso
758,2020-07-27T10:45:57,boliviaverifica.bo,https://boliviaverifica.bo/es-falso-que-el-tse-esta-obligado-a-consultar-a-la-asamblea-la-nueva-fecha-de-elecciones/,Es falso que el TSE está obligado a consultar a la Asamblea la nueva fecha de elecciones,Falso
759,2020-07-25T16:41:23,boliviaverifica.bo,https://boliviaverifica.bo/las-elecciones-generales-no-fueron-suspendidas-ni-las-fuerzas-armadas-amenazaron-al-tse/,"Las elecciones generales no fueron suspendidas, ni las Fuerzas Armadas amenazaron al TSE",Falso
760,2020-07-24T12:08:55,boliviaverifica.bo,https://boliviaverifica.bo/comparten-falso-tuit-de-anez-sobre-el-pico-de-la-pandemia/,Comparten falso tuit de Áñez sobre el pico de la pandemia,Falso
761,2020-07-23T17:41:22,boliviaverifica.bo,https://boliviaverifica.bo/usan-imagen-de-el-deber-para-atribuir-declaracion-falsa-al-presidente-del-tribunal-electoral/,Usan imagen de El Deber para atribuir declaración falsa al presidente del Tribunal Electoral,Falso
762,2020-07-23T14:12:40,boliviaverifica.bo,https://boliviaverifica.bo/una-vez-mas-el-deber-es-victima-de-las-fake-news/,Una vez más El Deber es víctima de las fake news,Falso
763,2020-07-22T15:24:23,boliviaverifica.bo,https://boliviaverifica.bo/el-deber-no-difundio-ninguna-encuesta-de-intencion-de-voto/,El Deber no difundió ninguna encuesta de intención de voto,Falso
764,2020-07-19T19:15:18,boliviaverifica.bo,https://boliviaverifica.bo/los-jovenes-implicados-en-una-fiesta-en-cuarentena-no-tienen-relacion-con-la-caravana-contra-las-elecciones/,Los jóvenes implicados en una fiesta en cuarentena no tienen relación con la caravana contra las elecciones,Falso
765,2020-07-19T11:32:36,boliviaverifica.bo,https://boliviaverifica.bo/salvador-romero-no-se-pronuncio-aun-sobre-la-posibilidad-de-anular-al-mas/,Salvador Romero no se pronunció aún sobre la posibilidad de anular al MAS,Falso
766,2020-07-15T17:54:23,boliviaverifica.bo,https://boliviaverifica.bo/luis-arce-desmiente-estar-con-covid-19/,Luis Arce desmiente estar con COVID-19,Falso
767,2020-07-14T19:02:35,boliviaverifica.bo,https://boliviaverifica.bo/el-tse-autorizo-las-encuestas-por-telefono-pero-aun-no-se-realizo-ninguna/,El TSE autorizó las encuestas por teléfono pero aún no se realizó ninguna,Falso
768,2020-07-14T16:35:53,boliviaverifica.bo,https://boliviaverifica.bo/no-es-cierto-que-el-sistema-electoral-favorece-a-las-areas-rurales-en-desmedro-del-voto-urbano/,No es cierto que el sistema electoral favorece a las áreas rurales en desmedro del voto urbano,Falso
769,2020-07-12T12:07:34,boliviaverifica.bo,https://boliviaverifica.bo/la-presidente-anez-no-retiro-su-candidatura-ni-anuncio-alianzas/,La presidente Áñez no retiró su candidatura ni anunció alianzas,Falso
770,2020-07-10T15:28:33,boliviaverifica.bo,https://boliviaverifica.bo/circula-captura-de-falso-tweet-atribuido-a-arturo-murillo/,Circula captura de falso tweet atribuido a Arturo Murillo,Falso
771,2020-07-09T18:03:28,boliviaverifica.bo,https://boliviaverifica.bo/no-hay-aun-designacion-de-jurados-electorales-pero-si-una-broma-digital-que-te-sacara-una-sonrisa/,No hay aún designación de jurados electorales pero sí una broma digital que te sacará una sonrisa,Falso
772,2020-07-08T17:01:24,boliviaverifica.bo,https://boliviaverifica.bo/publicacion-de-hijo-de-carlos-palenque-no-es-propaganda-electoral-como-senalan-en-redes-sociales/,Publicación de hijo de Carlos Palenque No es propaganda electoral como señalan en redes sociales,Falso
773,2020-07-07T16:48:16,boliviaverifica.bo,https://boliviaverifica.bo/un-post-difunde-informacion-falsa-sobre-ministro-murillo-y-usa-logo-de-el-deber/,Un post difunde información falsa sobre ministro Murillo y usa logo de El Deber,Falso
774,2020-07-06T18:23:15,boliviaverifica.bo,https://boliviaverifica.bo/falsifican-tuits-de-carlos-mesa-y-jeanine-anez-sobre-supuesta-alianza/,Falsifican tuits de Carlos Mesa y Jeanine Áñez sobre supuesta alianza,Falso
775,2020-07-03T17:16:31,boliviaverifica.bo,https://boliviaverifica.bo/cinco-falsas-encuestas-electorales-en-epoca-de-pandemia/,Cinco falsas encuestas electorales en época de pandemia,Falso
776,2020-07-03T15:32:29,boliviaverifica.bo,https://boliviaverifica.bo/victoria-del-mas-en-primera-vuelta-no-es-una-encuesta-con-rigor-tecnico-y-avalada-por-el-tse/,Victoria del MAS en primera vuelta: no es una encuesta con rigor técnico ni avalada por el TSE,Falso
777,2020-07-02T15:21:25,boliviaverifica.bo,https://boliviaverifica.bo/la-red-uno-no-difundio-esta-encuesta-de-preferencia-electoral/,La Red UNO no difundió esta encuesta de preferencia electoral,Falso
778,2020-07-01T17:25:44,boliviaverifica.bo,https://boliviaverifica.bo/falsa-publicacion-atribuida-a-radio-kawsachun-coca-contiene-informacion-enganosa-sobre-declaracion-de-eva-copa/,Falsa publicación atribuida a Radio Kawsachun Coca contiene información engañosa sobre declaración de Eva Copa,Falso
779,2020-07-01T17:15:26,boliviaverifica.bo,https://boliviaverifica.bo/manipulan-una-foto-extranjera-para-manifestarse-en-contra-de-las-elecciones/,Manipulan una “foto extranjera” para manifestarse en contra de las elecciones,Falso
780,2020-06-30T15:46:10,boliviaverifica.bo,https://boliviaverifica.bo/esta-publicacion-no-es-de-el-deber-y-arce-catacora-no-sugirio-dar-nacionalidad-boliviana-a-venezolanos/,Esta publicación no es de El Deber y Arce Catacora no sugirió dar nacionalidad boliviana a venezolanos,Falso
781,2020-06-23T19:40:05,boliviaverifica.bo,https://boliviaverifica.bo/usan-sello-de-el-deber-para-alterar-mensajes-de-candidato-luis-fernando-camacho/,Usan sello de El Deber para alterar mensajes de candidato Luis Fernando Camacho,Falso
782,2020-05-22T16:55:27,boliviaverifica.bo,https://boliviaverifica.bo/no-hay-encuesta-avalada-que-asegure-la-victoria-del-mas-si-las-elecciones-fueran-este-domingo/,No hay encuesta avalada que asegure la victoria del MAS si las elecciones fueran este domingo,Falso
783,2020-05-20T19:12:58,boliviaverifica.bo,https://boliviaverifica.bo/con-video-sacado-de-contexto-aseguran-que-el-mas-prepara-fraude/,Con video sacado de contexto aseguran que el MAS prepara fraude,Falso
784,2020-05-13T18:18:32,boliviaverifica.bo,https://boliviaverifica.bo/no-hay-encuesta-avalada-que-posicione-a-jeanine-anez-como-favorita-para-las-elecciones/,No hay encuesta avalada que posicione a Jeanine Añez como favorita para las elecciones,Falso
785,2020-05-11T19:29:53,boliviaverifica.bo,https://boliviaverifica.bo/en-facebook-aseguran-que-carlos-mesa-quiere-postergar-las-elecciones-hasta-el-2021/,En Facebook aseguran que Carlos Mesa quiere postergar las elecciones hasta el 2021,Falso
786,2020-05-02T12:51:41,boliviaverifica.bo,https://boliviaverifica.bo/vuelven-a-publicar-encuesta-de-intencion-de-voto-pero-esta-es-falsa/,"Vuelven a publicar encuesta de “intención de voto”, pero esta es falsa",Falso
787,2020-03-17T12:55:59,boliviaverifica.bo,https://boliviaverifica.bo/falso-tuit-de-anez-sobre-las-elecciones-generales/,Falso tuit de Añez sobre las elecciones generales,Falso
788,2020-02-26T18:29:52,boliviaverifica.bo,https://boliviaverifica.bo/el-deber-publico-una-noticia-sobre-tuto-como-candidato-de-cc-a-vicepresidente/,¿El Deber publicó una noticia sobre “Tuto” como candidato de CC a vicepresidente?,Falso
789,2020-02-06T17:57:37,boliviaverifica.bo,https://boliviaverifica.bo/es-cierto-que-la-justa-hablo-de-evo-y-fraude/,¿Es cierto que La Justa habló de Evo y fraude?,Falso
790,2020-01-27T16:19:52,boliviaverifica.bo,https://boliviaverifica.bo/circula-una-imagen-falsa-de-evo-y-sus-candidatos-junto-a-paquetes-de-droga/,Circula una imagen falsa de Evo y sus candidatos junto a paquetes de droga,Falso
791,2019-12-17T18:38:03,boliviaverifica.bo,https://boliviaverifica.bo/el-deber-no-publico-un-titular-sobre-camacho-y-su-renuncia-a-ser-candidato-presidencial/,El Deber no publicó un titular sobre Camacho y su renuncia a ser candidato presidencial,Falso
792,2019-12-02T11:16:25,boliviaverifica.bo,https://boliviaverifica.bo/falso-luis-arce-no-es-candidato-presidencial-por-el-mas/,Falso. Luis Arce no es candidato presidencial por el MAS,Falso
793,2019-11-04T19:21:58,boliviaverifica.bo,https://boliviaverifica.bo/tse-denuncia-cuenta-falsa-de-la-presidenta-maria-eugenia-choque/,TSE denuncia cuenta falsa de la presidenta María Eugenia Choque,Falso
794,2019-10-16T12:18:07,boliviaverifica.bo,https://boliviaverifica.bo/fotografia-de-goni-con-un-cartel-que-dice-yovotomesa-es-falsa/,Fotografía de Goni con un cartel que dice #YoVotoMesa es falsa,Falso
795,2019-09-17T19:47:25,boliviaverifica.bo,https://boliviaverifica.bo/no-el-candidato-chi-hyun-chung-no-denuncio-a-carlos-mesa/,"No, el candidato Chi Hyun Chung no denunció a Carlos Mesa",Falso
796,2019-08-20T13:04:52,boliviaverifica.bo,https://boliviaverifica.bo/ultima-encuesta-sobre-las-elecciones-generales-es-falsa/,Última encuesta sobre las Elecciones Generales es falsa,Falso
797,2019-08-13T10:26:47,boliviaverifica.bo,https://boliviaverifica.bo/no-la-bbc-no-publico-ningun-articulo-sobre-mesa-referente-a-las-elecciones-primarias-en-argentina/,"No, la BBC no publicó ningún artículo sobre Mesa referente a las elecciones primarias en Argentina",Falso
798,2019-08-05T18:00:17,boliviaverifica.bo,https://boliviaverifica.bo/el-video-del-supuesto-fraude-atribuido-al-mas-corresponde-a-mexico/,El video del supuesto intento de fraude atribuido al MAS corresponde a México,Falso
799,2019-07-09T11:02:17,boliviaverifica.bo,https://boliviaverifica.bo/postulacion-de-candidato-de-ucs-para-elecciones-subnacionales/,Postulación de candidato de UCS para elecciones subnacionales.,Falso
800,2019-07-02T10:30:46,boliviaverifica.bo,https://boliviaverifica.bo/falso-renuncia-del-candidato-a-la-vicepresidencia-leopoldo-chui/,Renuncia del candidato a la vicepresidencia Leopoldo Chui,Falso
801,2019-06-26T13:10:38,boliviaverifica.bo,https://boliviaverifica.bo/falsa-encuesta-sobre-intencion-de-voto/,Falsa encuesta sobre intención de voto.,Falso
802,2026-04-01T15:10:52,boliviaverifica.bo,https://boliviaverifica.bo/nueva-generacion-patriotica-declina-participar-en-la-segunda-vuelta-en-la-paz-y-el-tse-acepta-la-decision/,Nueva Generación Patriótica declina participar en la segunda vuelta en La Paz y el TSE acepta la decisión,Verdadero
803,2026-03-22T15:30:23,boliviaverifica.bo,https://boliviaverifica.bo/edmand-lara-pidio-no-votar-por-candidatos-durante-el-silencio-electoral-y-vulnero-la-normativa/,Edmand Lara pidió no votar por candidatos durante el silencio electoral y vulneró la normativa,Verdadero
804,2025-10-16T21:40:41,boliviaverifica.bo,https://boliviaverifica.bo/si-chile-y-peru-exportan-minerales-por-un-valor-hasta-12-veces-mayor-que-el-de-bolivia/,"Sí, Chile y Perú exportan minerales por un valor hasta 12 veces mayor que el de Bolivia",Verdadero
805,2025-10-16T20:04:15,boliviaverifica.bo,https://boliviaverifica.bo/jorge-quiroga-si-recibio-una-amnistia-de-evo-morales-como-dijo-rodrigo-paz/,"Jorge Quiroga sí recibió una amnistía de Evo Morales, como dijo Rodrigo Paz",Verdadero
806,2025-10-09T10:47:04,boliviaverifica.bo,https://boliviaverifica.bo/lo-que-dijo-lara-es-cierto-las-multas-por-incendios-forestales-en-bolivia-pueden-ser-de-apenas-bs-2/,Lo que dijo Lara es cierto: las multas por incendios forestales en Bolivia pueden ser de apenas Bs 2,Verdadero
807,2025-10-08T20:32:06,boliviaverifica.bo,https://boliviaverifica.bo/un-juez-en-bolivia-puede-tener-hasta-1-500-causas-al-ano-como-afirmo-juan-pablo-velasco/,"Un juez en Bolivia puede tener hasta 1.500 causas al año, como afirmó Juan Pablo Velasco",Verdadero
808,2025-10-08T20:17:39,boliviaverifica.bo,https://boliviaverifica.bo/mas-de-300-mujeres-mueren-en-bolivia-por-causas-relacionadas-con-la-maternidad-como-afirmo-velasco/,"Más de 300 mujeres mueren en Bolivia por causas relacionadas con la maternidad, como afirmó Velasco",Verdadero
809,2025-09-27T13:12:44,boliviaverifica.bo,https://boliviaverifica.bo/desde-la-cuenta-de-jp-velasco-en-x-se-lanzaron-dichos-racistas-hace-15-anos/,Desde la cuenta de JP Velasco en X se lanzaron dichos racistas hace 15 años,Verdadero
810,2025-09-21T19:39:23,boliviaverifica.bo,https://boliviaverifica.bo/antes-de-que-el-pdc-anunciara-que-limitaran-la-asistencia-a-los-debates-paz-si-dijo-que-quien-no-debata-no-tiene-derecho-a-pedir-el-voto/,"Antes de que el PDC anunciara que limitarán la asistencia a los debates, Paz sí dijo que quien no debata no tiene derecho a pedir el voto",Verdadero
811,2025-08-27T15:43:36,boliviaverifica.bo,https://boliviaverifica.bo/esposa-de-lara-y-hermana-de-quiroga-asumiran-como-diputadas-en-la-gestion-2025-2030/,Esposa de Lara y hermana de Quiroga asumirán como diputadas en la gestión 2025-2030,Verdadero
812,2025-08-19T19:05:20,boliviaverifica.bo,https://boliviaverifica.bo/el-video-donde-lara-dice-que-paz-hizo-una-pesima-gestion-en-tarija-es-autentico-aunque-data-de-2024/,"El video donde Lara dice que Paz hizo una “pésima gestión” en Tarija es auténtico, aunque data de 2024",Verdadero
813,2025-08-16T19:46:03,boliviaverifica.bo,https://boliviaverifica.bo/si-el-tse-prohibe-el-ingreso-de-telefonos-celulares-con-camara-a-recintos-de-votacion/,"Sí, el TSE prohíbe el ingreso de teléfonos celulares con cámara a recintos de votación",Verdadero
814,2025-08-09T08:36:44,boliviaverifica.bo,https://boliviaverifica.bo/verdadero-el-unico-documento-valido-para-votar-en-las-elecciones-es-el-carnet-de-identidad-fisico/,Verdadero: el único documento valido para votar en las elecciones es el carnet de identidad físico,Verdadero
815,2025-07-17T12:22:15,boliviaverifica.bo,https://boliviaverifica.bo/si-guabira-es-la-empresa-mas-exitosa-del-norte-cruceno-e-incremento-su-produccion-desde-su-privatizacion/,"Sí, Guabirá es la empresa más exitosa del norte cruceño e incrementó su producción desde su privatización",Verdadero
816,2025-07-10T16:30:17,boliviaverifica.bo,https://boliviaverifica.bo/es-verdad-que-en-las-listas-de-candidatos-para-las-elecciones-2025-hay-actuales-legisladores/,Es verdad que en las listas de candidatos para las elecciones 2025 hay actuales legisladores,Verdadero
817,2025-06-08T15:38:45,boliviaverifica.bo,https://boliviaverifica.bo/inhabilitada-luciana-campero-ya-no-podra-ser-candidata-al-senado-por-la-alianza-libre/,Inhabilitada: Luciana Campero ya no podrá ser candidata al Senado por la alianza Libre,Verdadero
818,2025-06-06T18:45:27,boliviaverifica.bo,https://boliviaverifica.bo/peritos-internacionales-no-hallan-rastros-de-ia-en-el-audio-de-evo-morales-es-real/,Peritos internacionales no hallan rastros de IA en el audio de Evo Morales; es real,Verdadero
819,2025-06-01T19:45:17,boliviaverifica.bo,https://boliviaverifica.bo/en-2023-manfred-reyes-villa-dijo-que-se-retiraria-de-la-politica-y-que-no-seria-candidato/,"En 2023, Manfred Reyes Villa dijo que se retiraría de la política y que no sería candidato",Verdadero
820,2025-05-29T18:39:39,boliviaverifica.bo,https://boliviaverifica.bo/jorge-richter-si-dijo-que-la-vicepresidencia-no-era-una-institucion-util-para-el-pais/,Jorge Richter sí dijo que la vicepresidencia no era una institución útil para el país,Verdadero
821,2025-05-29T18:35:27,boliviaverifica.bo,https://boliviaverifica.bo/ruth-nina-si-pidio-la-renuncia-de-evo-morales-y-lo-tildo-de-dictador-en-2019/,Ruth Nina sí pidió la renuncia de Evo Morales y lo tildó de dictador en 2019,Verdadero
822,2025-03-21T20:14:50,boliviaverifica.bo,https://boliviaverifica.bo/si-un-anuncio-publicitario-promociona-al-senador-andronico-rodriguez-como-candidato-presidencial/,"Sí, un anuncio publicitario promociona al senador Andrónico Rodríguez como candidato presidencial",Verdadero
823,2024-09-11T02:42:23,boliviaverifica.bo,https://boliviaverifica.bo/si-el-voto-nulo-tuvo-mayor-porcentaje-que-cualquier-candidato-en-las-elecciones-judiciales-de-2011-y-2017/,"Sí, el voto nulo tuvo mayor porcentaje que cualquier candidato en las elecciones judiciales de 2011 y 2017",Verdadero
824,2024-08-21T20:24:46,boliviaverifica.bo,https://boliviaverifica.bo/al-menos-15-postulantes-aplazados-fueron-habilitados-como-candidatos-al-tcp/,Al menos 15 postulantes aplazados fueron habilitados como candidatos al TCP,Verdadero
825,2024-07-25T11:39:24,boliviaverifica.bo,https://boliviaverifica.bo/venezuela-maduro-aparece-13-veces-en-la-papeleta-electoral-y-edmundo-gonzalez-en-3/,Venezuela: Maduro aparece 13 veces en la papeleta electoral y Edmundo González en 3,Verdadero
826,2024-06-23T17:16:15,boliviaverifica.bo,https://boliviaverifica.bo/si-un-excandidato-a-la-defensoria-del-pueblo-fue-detenido-y-enviado-preventivamente-a-palmasola/,"Sí, un excandidato a la Defensoría del Pueblo fue detenido y enviado preventivamente a Palmasola",Verdadero
827,2022-10-03T20:13:50,boliviaverifica.bo,https://boliviaverifica.bo/actores-y-cantantes-expresan-apoyo-a-lula-y-futbolistas-apuestan-por-bolsonaro-en-elecciones/,Actores y cantantes expresan apoyo a Lula y futbolistas apuestan por Bolsonaro en elecciones,Verdadero
828,2022-07-21T15:35:11,boliviaverifica.bo,https://boliviaverifica.bo/los-militares-ya-no-recibiran-la-lactancia-en-efectivo-sino-que-sera-en-especie-como-los-demas-ciudadanos/,"Los militares ya no recibirán la lactancia en efectivo, sino que será en especie como los demás ciudadanos",Verdadero
829,2022-06-29T12:38:12,boliviaverifica.bo,https://boliviaverifica.bo/la-doble-carga-de-tigo-ya-no-se-podra-utilizar-para-comprar-paquetes-de-internet/,Tigo se retracta: La doble carga de Tigo se podrá utilizar para comprar paquetes de internet,Verdadero
830,2021-04-30T09:10:57,boliviaverifica.bo,https://boliviaverifica.bo/aunque-no-hay-aval-oficial-partidarios-del-mas-en-santa-cruz-elegiran-a-una-miss/,"Aunque no hay aval oficial, partidarios del MAS en Santa Cruz elegirán a una miss",Verdadero
831,2021-04-09T17:52:13,boliviaverifica.bo,https://boliviaverifica.bo/encuesta-realizada-por-jfaa-consultores-para-la-gobernacion-de-chuquisaca-es-autorizada/,Encuesta realizada por JFAA Consultores para la Gobernación de Chuquisaca es autorizada,Verdadero
832,2021-04-08T18:25:20,boliviaverifica.bo,https://boliviaverifica.bo/presidente-arce-si-dijo-que-las-vacunas-son-para-el-pueblo-y-no-para-las-oligarquias-tarijenas/,Presidente Arce sí dijo que las vacunas son para el pueblo y no para las oligarquías tarijeñas,Verdadero
833,2021-04-02T09:58:28,boliviaverifica.bo,https://boliviaverifica.bo/candidato-montes-de-tarija-afirmo-que-a-su-oponente-lo-apoya-gente-del-chapare-y-el-alto/,Candidato Montes de Tarija afirmó que a su oponente lo apoya gente del Chapare y El Alto,Verdadero
834,2021-03-13T09:24:14,boliviaverifica.bo,https://boliviaverifica.bo/periodista-desaparecido-en-2014-en-tarija-fue-habilitado-para-votar-en-las-elecciones/,Periodista desaparecido en 2014 en Tarija fue habilitado para votar en las elecciones,Verdadero
835,2021-03-12T15:07:35,boliviaverifica.bo,https://boliviaverifica.bo/simpatizantes-de-ucs-cortaron-una-calle-en-santa-cruz-por-vigilia-y-festejos/,Simpatizantes de UCS cortaron una calle en Santa Cruz por vigilia y festejos,Verdadero
836,2021-03-11T16:30:19,boliviaverifica.bo,https://boliviaverifica.bo/verdadero-el-mas-gano-con-el-100-de-los-votos-en-un-municipio-de-potosi/,Verdadero: El MAS ganó con el 100% de los votos en un municipio de Potosí,Verdadero
837,2021-03-03T18:15:47,boliviaverifica.bo,https://boliviaverifica.bo/en-la-fanpage-de-adriana-salvatierra-se-escribio-multimillonario-cierre-de-campana-del-mas-y-luego-se-corrigio/,En la fanpage de Adriana Salvatierra se escribió “multimillonario” cierre de campaña del MAS y luego se corrigió,Verdadero
838,2021-03-03T17:03:34,boliviaverifica.bo,https://boliviaverifica.bo/la-fotografia-de-eva-copa-con-miembros-del-pdc-es-real/,La fotografía de Eva Copa con miembros del PDC es real,Verdadero
839,2021-02-24T12:27:19,boliviaverifica.bo,https://boliviaverifica.bo/si-ted-de-la-paz-notifico-inhabilitacion-de-luis-larrea-como-candidato/,"Sí, TED de La Paz notificó inhabilitación de Luis Larrea como candidato",Verdadero
840,2021-02-22T19:24:12,boliviaverifica.bo,https://boliviaverifica.bo/informes-internacionales-preven-que-vacunacion-contra-la-covid-19-en-bolivia-culminara-en-2023/,Informes internacionales prevén que vacunación contra la Covid – 19 en Bolivia culminará en 2023,Verdadero
841,2021-02-22T18:33:13,boliviaverifica.bo,https://boliviaverifica.bo/no-digo-que-roben-pero-saquen-algo-la-polemica-y-real-frase-de-jhonny-fernandez-que-lo-persigue-en-la-campana/,"“No digo que roben, pero saquen algo”: la polémica (y real) frase de Jhonny Fernández que lo persigue en la campaña",Verdadero
842,2021-02-22T17:03:39,boliviaverifica.bo,https://boliviaverifica.bo/verdadero-el-plan-de-salud-de-gary-anez-se-reduce-a-acceso-con-calidad-y-calidez/,Verdadero: El plan de salud de Gary Áñez se reduce a “acceso con calidad y calidez”,Verdadero
843,2021-02-22T14:51:11,boliviaverifica.bo,https://boliviaverifica.bo/verdadero-un-candidato-de-ucs-declaro-estar-en-contra-de-las-vacunas-contra-el-coronavirus/,Verdadero: Un candidato de UCS declaró oponerse a las vacunas contra el coronavirus,Verdadero
844,2021-02-22T13:13:07,boliviaverifica.bo,https://boliviaverifica.bo/es-cierto-que-en-santa-cruz-se-levantaron-50-cadaveres-por-dia-durante-dos-a-tres-semanas/,Es cierto que en Santa Cruz se levantaron “50 cadáveres por día” durante dos a tres semanas,Verdadero
845,2021-02-20T10:19:05,boliviaverifica.bo,https://boliviaverifica.bo/democratas-si-esta-rifando-un-vehiculo-0-km-para-apoyar-campana-de-roly-aguilera/,Demócratas sí está rifando un vehículo 0 Km para apoyar campaña de Roly Aguilera,Verdadero
846,2021-02-04T17:05:10,boliviaverifica.bo,https://boliviaverifica.bo/se-viraliza-gigantografia-de-supuesta-alianza-entre-lideres-de-ucs-mas/,Se viraliza gigantografía de supuesta alianza entre líderes de UCS-MAS,Verdadero
847,2021-01-30T20:11:27,boliviaverifica.bo,https://boliviaverifica.bo/verdadero-waldo-albarracin-anuncio-que-declinara-su-candidatura-a-la-alcaldia-de-la-paz/,Verdadero: Waldo Albarracín anunció que declinará su candidatura a la Alcaldía de La Paz,Verdadero
848,2021-01-26T17:30:11,boliviaverifica.bo,https://boliviaverifica.bo/angelica-sosa-pide-la-renuncia-de-funcionarios-publicos-que-no-hagan-campana/,Angélica Sosa pide la renuncia de funcionarios públicos que no hagan campaña,Verdadero
849,2021-01-26T10:04:44,boliviaverifica.bo,https://boliviaverifica.bo/fallecio-el-candidato-de-el-alto-fermin-tarquino-mas-conocido-como-el-chiti-vecino/,"Falleció el candidato de El Alto Fermín Tarquino, más conocido como el “chiti vecino”",Verdadero
850,2021-01-15T15:15:25,boliviaverifica.bo,https://boliviaverifica.bo/pagina-de-adriana-salvatierra-compartio-imagenes-entregando-pruebas-de-coronavirus-con-el-logo-de-su-campana/,Página de Adriana Salvatierra compartió imágenes entregando pruebas de coronavirus con el logo de su campaña,Verdadero
851,2020-12-15T18:50:58,boliviaverifica.bo,https://boliviaverifica.bo/evo-morales-delego-la-designacion-de-candidatos-del-mas-para-las-elecciones-subnacionales/,Evo Morales delegó la designación de candidatos del MAS para las elecciones subnacionales,Verdadero
852,2020-12-11T17:39:55,boliviaverifica.bo,https://boliviaverifica.bo/un-grupo-de-la-comunidad-lgbti-proclamo-a-carlos-romero-para-la-gobernacion-de-santa-cruz/,Un grupo de la comunidad LGBTI+ proclamó a Carlos Romero para la gobernación de Santa Cruz,Verdadero
853,2020-11-09T17:12:44,boliviaverifica.bo,https://boliviaverifica.bo/firmas-en-ambas-cartas-de-la-vocal-rosario-baptista-a-la-oea-son-genuinas/,Firmas en ambas cartas de la vocal Rosario Baptista a la OEA son genuinas,Verdadero
854,2020-10-28T19:08:43,boliviaverifica.bo,https://boliviaverifica.bo/edgar-villegas-hallo-irregularidades-en-proceso-electoral-pero-no-constato-que-haya-habido-fraude/,"Villegas halló irregularidades en proceso electoral, pero no constató fraude",Verdadero
855,2020-10-21T15:31:12,boliviaverifica.bo,https://boliviaverifica.bo/delegado-de-creemos-avalo-transparencia-del-tribunal-electoral-de-santa-cruz/,Delegado de CREEMOS avaló transparencia del Tribunal Electoral de Santa Cruz,Verdadero
856,2020-10-19T19:45:38,boliviaverifica.bo,https://boliviaverifica.bo/periodistas-de-la-red-unitel-fueron-abucheados-por-militantes-de-creemos/,Periodistas de la red Unitel fueron abucheados por militantes de Creemos,Verdadero
857,2020-10-19T15:30:05,boliviaverifica.bo,https://boliviaverifica.bo/luego-de-las-elecciones-hubo-intento-de-enfrentamiento-en-el-plan-tres-mil/,Luego de las elecciones hubo intento de enfrentamiento en el Plan Tres Mil,Verdadero
858,2020-10-18T23:31:43,boliviaverifica.bo,https://boliviaverifica.bo/verdadero-ciesmori-suspendio-resultados-en-boca-de-urnas/,Verdadero: Ciesmori suspendió resultados en boca de urna,Verdadero
859,2020-10-18T21:25:22,boliviaverifica.bo,https://boliviaverifica.bo/llego-una-avioneta-a-san-miguel-de-velasco-pero-fue-una-mision-del-ted-santa-cruz/,Llegó una avioneta a San Miguel de Velasco pero fue una misión del TED Santa Cruz,Verdadero
860,2020-10-11T16:15:27,boliviaverifica.bo,https://boliviaverifica.bo/jorge-tuto-quiroga-declina-candidatura/,Jorge “Tuto” Quiroga declina su candidatura a la presidencia,Verdadero
861,2020-10-10T10:56:06,boliviaverifica.bo,https://boliviaverifica.bo/creemos-hizo-un-taller-de-automaquillaje-para-las-mujeres-en-santa-cruz/,CREEMOS hizo un taller de automaquillaje para las mujeres en Santa Cruz,Verdadero
862,2020-10-06T11:18:11,boliviaverifica.bo,https://boliviaverifica.bo/gobierno-de-adn-si-consolido-proceso-de-condonacion-de-deuda-externa/,Gobierno de ADN sí consolidó proceso de condonación de deuda externa,Verdadero
863,2020-10-05T00:12:35,boliviaverifica.bo,https://boliviaverifica.bo/verdadero-el-90-y-mas-de-la-produccion-de-coca-del-chapare-no-pasa-por-el-mercado-legal/,Verdadero: El 90% y más de la producción de coca del Chapare no pasa por el mercado legal,Verdadero
864,2020-10-05T00:01:39,boliviaverifica.bo,https://boliviaverifica.bo/el-cato-de-coca-es-legal-desde-el-mandato-de-carlos-mesa/,El cato de coca es legal desde el mandato de Carlos Mesa,Verdadero
865,2020-10-04T22:51:59,boliviaverifica.bo,https://boliviaverifica.bo/en-el-anterior-gobierno-si-indicaron-que-cada-boliviano-tenia-4-mil-dolares-en-su-bolsillo/,En el anterior Gobierno sí indicaron que cada boliviano tenía 4 mil dólares en su bolsillo,Verdadero
866,2020-10-04T22:44:14,boliviaverifica.bo,https://boliviaverifica.bo/la-defensoria-del-pueblo-y-el-tribunal-constitucional-se-crearon-mediante-ley-del-congreso-nacional/,La Defensoría del Pueblo y el Tribunal Constitucional se crearon mediante ley del Congreso Nacional,Verdadero
867,2020-10-04T14:35:20,boliviaverifica.bo,https://boliviaverifica.bo/luis-fernando-camacho-no-asistira-al-debate-presidencial-de-esta-noche/,Confirman que Luis Fernando Camacho no asistirá al debate presidencial de esta noche,Verdadero
868,2020-10-03T18:17:48,boliviaverifica.bo,https://boliviaverifica.bo/graban-y-difunden-una-encuesta-telefonica-de-ciesmori/,Graban y difunden una encuesta telefónica de Ciesmori,Verdadero
869,2020-10-03T15:32:57,boliviaverifica.bo,https://boliviaverifica.bo/telesur-y-russia-today-transmitiran-el-debate-de-la-fam/,Telesur y Russia Today transmitirán el debate de la FAM,Verdadero
870,2020-09-29T09:50:29,boliviaverifica.bo,https://boliviaverifica.bo/durante-una-entrevista-camacho-demora-en-encontrar-un-pasaje-biblico-que-le-guste/,"Durante una entrevista, Camacho demora en encontrar un pasaje bíblico que le guste",Verdadero
871,2020-09-25T14:51:48,boliviaverifica.bo,https://boliviaverifica.bo/cifras-de-empadronados-no-se-basan-en-proyecciones-de-ine/,Cifras de empadronados no se basan en proyecciones de INE,Verdadero
872,2020-09-23T14:34:38,boliviaverifica.bo,https://boliviaverifica.bo/confirmado-dona-chevas-esta-registrada-como-candidata-a-diputada-por-fpv/,Confirmado: ‘Doña Chevas’ está registrada como candidata a diputada por FPV,Verdadero
873,2020-09-22T15:17:31,boliviaverifica.bo,https://boliviaverifica.bo/spot-de-comunidad-ciudadana-molesta-a-un-sector-de-la-policia/,Spot de Comunidad Ciudadana molesta a un sector de la Policía,Verdadero
874,2020-09-22T10:48:06,boliviaverifica.bo,https://boliviaverifica.bo/es-cierto-que-chi-hyun-chung-quiere-construir-disneylandia-en-el-salar-de-uyuni-y-otras-frases-polemicas-del-candidato/,Es cierto que Chi Hyun Chung quiere construir Disneylandia en el Salar de Uyuni (y otras frases polémicas del candidato),Verdadero
875,2020-09-16T16:13:31,boliviaverifica.bo,https://boliviaverifica.bo/exembajador-de-bolivia-en-venezuela-esta-habilitado-para-votar-pero-en-colombia/,Exembajador de Bolivia en Venezuela está habilitado para votar… pero en Colombia,Verdadero
876,2020-09-15T18:41:53,boliviaverifica.bo,https://boliviaverifica.bo/candidata-de-fpv-asegura-que-no-traicionara-al-elector-como-hace-un-ex/,Candidata de FPV asegura que no traicionará al elector como hace “un ex”,Verdadero
877,2020-09-15T17:17:22,boliviaverifica.bo,https://boliviaverifica.bo/caravana-del-frente-para-la-victoria-fue-agredida-en-el-alto/,Caravana del Frente Para la Victoria fue agredida en El Alto,Verdadero
878,2020-09-09T12:48:29,boliviaverifica.bo,https://boliviaverifica.bo/facebook-elimino-paginas-que-desinformaban-conozca-cuales-estaban-vinculadas-a-bolivia/,Facebook eliminó páginas que desinformaban: conozca cuáles estaban vinculadas a Bolivia,Verdadero
879,2020-09-07T18:35:58,boliviaverifica.bo,https://boliviaverifica.bo/es-cierto-seguidores-del-mas-pidieron-a-arce-que-no-lleve-la-wiphala-en-campana-en-santa-cruz/,¡Es cierto! Seguidores del MAS pidieron a Arce que no lleve la Wiphala en campaña en Santa Cruz,Verdadero
880,2020-09-07T18:22:13,boliviaverifica.bo,https://boliviaverifica.bo/sala-constitucional-de-la-paz-inhabilita-candidatura-de-evo-por-el-senado-de-cochabamba/,Sala Constitucional de La Paz inhabilita candidatura de Evo por el Senado de Cochabamba,Verdadero
881,2020-09-02T16:01:55,boliviaverifica.bo,https://boliviaverifica.bo/las-publicaciones-de-la-presidenta-jeanine-anez-no-son-patrocinadas-por-la-alianza-juntos/,Las publicaciones de la presidenta Jeanine Áñez son patrocinadas por la alianza Juntos,Verdadero
882,2020-09-02T11:04:47,boliviaverifica.bo,https://boliviaverifica.bo/la-activista-alejandra-serrate-respalda-la-candidatura-de-luis-fernando-camacho/,La activista Alejandra Serrate respalda la candidatura de Luis Fernando Camacho,Verdadero
883,2020-08-26T17:30:46,boliviaverifica.bo,https://boliviaverifica.bo/verdadero-luis-arce-propone-un-impuesto-a-la-riqueza/,"Verdadero, Luis Arce propone un impuesto a la riqueza",Verdadero
884,2020-08-06T15:36:38,boliviaverifica.bo,https://boliviaverifica.bo/tirania-fraude-y-muerte-el-mensaje-que-un-diputado-pone-en-las-pantallas-en-plena-sesion-de-la-asamblea/,"“Tiranía, fraude y muerte”: El mensaje que un diputado pone en las pantallas en plena sesión de la Asamblea",Verdadero
885,2020-08-05T15:28:15,boliviaverifica.bo,https://boliviaverifica.bo/la-cob-si-instruyo-el-paso-libre-de-ambulancias-y-camiones-con-oxigeno/,La COB sí instruyó el paso libre de ambulancias y camiones con oxígeno,Verdadero
886,2020-07-27T12:35:39,boliviaverifica.bo,https://boliviaverifica.bo/mujer-vestida-de-cholita-hizo-un-reclamo-desde-espana-por-las-elecciones/,Mujer vestida de cholita hizo un reclamo desde España por las elecciones,Verdadero
887,2020-07-16T19:17:44,boliviaverifica.bo,https://boliviaverifica.bo/es-verdad-que-el-tse-puede-anular-la-candidatura-del-mas/,Es verdad que el TSE puede anular la candidatura del MAS,Verdadero
888,2020-07-14T11:14:12,boliviaverifica.bo,https://boliviaverifica.bo/verdadero-salud-de-candidato-presidencial-de-pan-bol-se-encuentra-en-estado-critico/,Verdadero: Salud de candidato presidencial de PAN Bol se encuentra en estado crítico,Verdadero
889,2020-07-12T17:08:47,boliviaverifica.bo,https://boliviaverifica.bo/a-traves-de-pronunciamientos-ciudadanos-piden-suspender-elecciones-e-invitan-a-cabildos-digitales/,"A través de pronunciamientos, ciudadanos piden suspender elecciones e invitan a cabildos digitales",Verdadero
890,2020-06-03T13:00:30,boliviaverifica.bo,https://boliviaverifica.bo/19-tareas-pendientes-tiene-el-tse-y-entre-ellas-no-esta-abrir-el-padron/,"19 tareas pendientes tiene el TSE y entre ellas no estaba abrir el Padrón, pero lo abrirá",Verdadero
891,2020-06-02T19:30:41,boliviaverifica.bo,https://boliviaverifica.bo/alianza-creemos-de-camacho-pide-al-tse-suspender-elecciones/,Alianza Creemos de Camacho pide al TSE suspender elecciones,Verdadero
892,2020-03-06T15:00:11,boliviaverifica.bo,https://boliviaverifica.bo/candidatos-a-diputados-por-juntos-y-funcionarios-municipales-se-reunieron-en-teatro-al-aire-libre-de-la-paz/,Candidatos a diputados por “Juntos” y funcionarios municipales se reunieron en Teatro Al Aire Libre de La Paz,Verdadero
893,2020-02-20T21:20:50,boliviaverifica.bo,https://boliviaverifica.bo/tse-inhabilita-candidatura-de-evo-morales/,TSE inhabilita candidatura de Evo Morales,Verdadero
894,2020-01-09T18:15:33,boliviaverifica.bo,https://boliviaverifica.bo/tuto-anuncia-su-participacion-en-las-elecciones-del-3-de-mayo/,“Tuto” anuncia su participación en las Elecciones del 3 de mayo,Verdadero
895,2019-11-29T17:04:53,boliviaverifica.bo,https://boliviaverifica.bo/chi-hyun-chung-ya-no-sera-candidato-del-pdc/,Chi Hyun Chung ya no será candidato del PDC,Verdadero
896,2019-11-10T08:30:01,boliviaverifica.bo,https://boliviaverifica.bo/por-irregularidades-informe-preliminar-de-la-oea-recomienda-nuevas-elecciones/,"Por irregularidades, informe preliminar de la OEA recomienda nuevas elecciones",Verdadero
897,2019-11-06T15:00:37,boliviaverifica.bo,https://boliviaverifica.bo/experto-chileno-en-elecciones-esta-en-bolivia-pero-no-trabaja-en-la-auditoria/,"Experto chileno en elecciones está en Bolivia, pero no trabaja en la auditoría",Verdadero
898,2019-10-22T19:27:02,boliviaverifica.bo,https://boliviaverifica.bo/es-verdad-el-vocal-antonio-costas-renuncia-al-tse/,"Es verdad, el vocal Antonio Costas renuncia al TSE",Verdadero
899,2019-10-22T18:30:18,boliviaverifica.bo,https://boliviaverifica.bo/verdadero-que-policia-echa-gas-en-el-rostro-a-una-mujer-durante-manifestaciones-por-resultados-de-las-elecciones/,Verdadero que policía echa gas en el rostro a una mujer durante manifestaciones por resultados de las Elecciones,Verdadero
900,2019-10-21T19:03:19,boliviaverifica.bo,https://boliviaverifica.bo/el-tde-de-la-paz-declara-cuarto-intermedio-en-el-computo-de-votos-por-incidentes/,El TDE de La Paz declara cuarto intermedio en el cómputo de votos por incidentes,Verdadero
901,2019-10-15T17:35:39,boliviaverifica.bo,https://boliviaverifica.bo/verdadero-manfred-reyes-villa-se-pronuncia-dias-antes-de-las-elecciones/,"Verdadero, Manfred Reyes Villa se pronuncia días antes de las Elecciones",Verdadero
902,2019-10-07T19:00:03,boliviaverifica.bo,https://boliviaverifica.bo/verdadero-que-orlando-careaga-candidato-a-senador-por-el-mas-en-potosi-fue-diputado-por-el-mnr-en-2002/,"Verdadero que Orlando Careaga, candidato a senador por el MAS en Potosí, fue diputado por el MNR en 2002",Verdadero
903,2019-09-30T15:24:45,boliviaverifica.bo,https://boliviaverifica.bo/verdadero-que-rafael-quispe-se-presenta-como-candidato-a-la-gobernacion-de-la-paz/,Verdadero que Rafael Quispe se presenta como candidato a la gobernación de La Paz,Verdadero
904,2019-09-23T19:05:16,boliviaverifica.bo,https://boliviaverifica.bo/samuel-doria-medina-si-apoyara-a-carlos-mesa-en-las-elecciones-generales-2019/,Samuel Doria Medina sí apoyará a Carlos Mesa en las Elecciones Generales 2019,Verdadero
905,2019-09-18T12:57:25,boliviaverifica.bo,https://boliviaverifica.bo/si-es-verdad-maria-eugenia-choque-presidenta-del-tse-fue-viceministra-durante-el-mandato-de-mesa/,"Sí, es verdad, María Eugenia Choque, presidenta del TSE, fue viceministra durante el mandato de Mesa",Verdadero
906,2019-09-12T17:16:35,boliviaverifica.bo,https://boliviaverifica.bo/periodista-afirma-que-candidato-a-diputado-por-comunidad-ciudadana-publico-encuesta-no-autorizada/,Periodista afirma que candidato a diputado por Comunidad Ciudadana publicó encuesta no autorizada,Verdadero
907,2019-08-16T11:44:42,boliviaverifica.bo,https://boliviaverifica.bo/verdadera-postulacion-de-chin-hyun-chung-por-el-pdc/,Chin Hyun Chung se presenta como candidato a la presidencia por el PDC,Verdadero
908,2019-07-12T12:55:18,boliviaverifica.bo,https://boliviaverifica.bo/verdadero-que-edwin-rodriguez-renuncia-como-candidato-de-bolivia-dice-no/,Verdadero que Edwin Rodríguez renuncia como candidato de Bolivia Dice No,Verdadero
909,2019-07-12T12:50:14,boliviaverifica.bo,https://boliviaverifica.bo/verdadero-que-tse-rechaza-renuncia-de-jaime-paz/,Verdadero que TSE rechaza renuncia de Jaime Paz,Verdadero
910,2019-07-11T13:49:22,boliviaverifica.bo,https://boliviaverifica.bo/verdadero-que-el-tse-garantiza-equidad-de-genero-en-las-elecciones-generales/,Verdadero que el TSE garantiza equidad de género en las elecciones generales.,Verdadero
911,2019-06-25T12:47:24,boliviaverifica.bo,https://boliviaverifica.bo/verdadero-tse-remitio-informe-del-caso-morochata/,Verdadero: TSE remitió informe del caso Morochata.,Verdadero
912,2026-04-19T20:41:25,boliviaverifica.bo,https://boliviaverifica.bo/segunda-vuelta-cdc-y-el-mas-no-tienen-alianza-en-tarija/,Segunda vuelta: CDC y el MAS no tienen alianza en Tarija,Enganosa
913,2026-04-09T11:10:26,boliviaverifica.bo,https://boliviaverifica.bo/carta-del-pdc-sin-aval-de-su-delegado-ante-el-tse-solicitaba-declinatoria-de-candidaturas-en-2025/,Carta del PDC sin aval de su delegado ante el TSE solicitaba declinatoria de candidaturas en 2025,Enganosa
914,2026-04-07T18:51:53,boliviaverifica.bo,https://boliviaverifica.bo/sacan-de-contexto-video-de-2023-para-implicar-a-rene-yahuasi-en-un-caso-de-agresion-sexual/,Sacan de contexto video de 2023 para implicar a Rene Yahuasi en un caso de agresión sexual,Enganosa
915,2026-03-25T13:40:44,boliviaverifica.bo,https://boliviaverifica.bo/tse-no-elimino-votos-de-candidato-inhabilitado-ni-los-convirtio-directamente-en-nulos/,TSE no “eliminó” votos de candidato inhabilitado ni los convirtió directamente en nulos,Enganosa
916,2026-03-22T16:12:25,boliviaverifica.bo,https://boliviaverifica.bo/enganoso-fotografia-de-cesar-dockweiler-y-evo-morales-es-antigua/,Engañoso: Fotografía de César Dockweiler y Evo Morales es antigua,Enganosa
917,2026-03-18T18:12:44,boliviaverifica.bo,https://boliviaverifica.bo/es-enganoso-que-waldo-albarracin-participe-por-primera-vez-en-una-campana-a-la-alcaldia-de-la-paz/,Es engañoso que Waldo Albarracín participe por primera vez en una campaña a la Alcaldía de La Paz,Enganosa
918,2026-03-17T18:26:32,boliviaverifica.bo,https://boliviaverifica.bo/el-candidato-orlando-ceballos-da-un-dato-enganoso-sobre-el-crecimiento-poblacional-de-chuquisaca/,El candidato Orlando Ceballos da un dato engañoso sobre el crecimiento poblacional de Chuquisaca,Enganosa
919,2026-03-16T15:00:43,boliviaverifica.bo,https://boliviaverifica.bo/es-enganoso-que-50-municipios-de-santa-cruz-no-tengan-hospitales-de-segundo-nivel-como-afirmo-chi-hyun-chung/,"Es engañoso que “50 municipios de Santa Cruz no tengan hospitales de segundo nivel”, como afirmó Chi Hyun Chung",Enganosa
920,2026-03-04T18:01:51,boliviaverifica.bo,https://boliviaverifica.bo/video-que-acusa-a-mamen-saavedra-de-mentir-sobre-no-vivir-de-la-politica-es-enganoso/,Video que acusa a Mamen Saavedra de mentir sobre “no vivir de la política” es engañoso,Enganosa
921,2026-02-25T16:27:47,boliviaverifica.bo,https://boliviaverifica.bo/no-es-preciso-decir-que-hubo-mas-de-10-mil-personas-en-una-marcha-en-favor-de-jhonny-plata/,No es preciso decir que hubo más de 10 mil personas en una marcha en favor de Jhonny Plata,Enganosa
922,2026-02-24T13:50:44,boliviaverifica.bo,https://boliviaverifica.bo/video-induce-a-creer-que-la-agrupacion-de-edmand-lara-y-libre-de-tuto-quiroga-sellaron-alianza-en-cochabamba/,Video induce a creer que la agrupación de Edmand Lara y Libre de Tuto Quiroga sellaron alianza en Cochabamba,Enganosa
923,2026-02-13T14:16:49,boliviaverifica.bo,https://boliviaverifica.bo/chuquisaca-alianza-gente-nueva-manipulo-sus-fotografias-de-la-proclamacion-en-camargo/,Chuquisaca: Alianza Gente Nueva manipuló sus fotografías de la proclamación en Camargo,Enganosa
924,2025-10-15T20:22:17,boliviaverifica.bo,https://boliviaverifica.bo/no-solo-quiroga-sanchez-de-lozada-tambien-fue-a-juicio-de-responsabilidades-en-un-caso-vinculado-a-la-exploracion-de-gas/,"No solo Quiroga, Sánchez de Lozada también fue a juicio de responsabilidades en un caso vinculado a la exploración de gas",Enganosa
925,2025-10-15T11:41:31,boliviaverifica.bo,https://boliviaverifica.bo/paz-dio-un-dato-correcto-y-otro-incorrecto-sobre-el-numero-de-medicos-por-cada-10-000-habitantes-en-bolivia-y-la-region/,Paz dio un dato correcto y otro incorrecto sobre el número de médicos por cada 10.000 habitantes en Bolivia y la región,Enganosa
926,2025-10-13T18:36:10,boliviaverifica.bo,https://boliviaverifica.bo/rodrigo-paz-no-construyo-9-hospitales-municipales-en-tarija-como-dijo-en-el-debate-presidencial/,"Rodrigo Paz no construyó 9 hospitales municipales en Tarija, como dijo en el debate presidencial",Enganosa
927,2025-10-12T17:09:01,boliviaverifica.bo,https://boliviaverifica.bo/quiroga-no-llamo-pobres-a-los-bolivianos-las-declaraciones-que-dio-despues-del-debate-vicepresidencial-fueron-sacadas-de-contexto/,"Quiroga no llamó pobres a los bolivianos, las declaraciones que dio después del debate vicepresidencial fueron sacadas de contexto",Enganosa
928,2025-10-06T14:18:23,boliviaverifica.bo,https://boliviaverifica.bo/lara-niega-propuesta-de-recorte-de-los-subsidios-a-los-combustibles-pero-el-pdc-si-lo-planteo/,"Lara niega propuesta de recorte de los subsidios a los combustibles, pero el PDC sí lo planteó",Enganosa
929,2025-09-17T19:44:43,boliviaverifica.bo,https://boliviaverifica.bo/esta-foto-no-muestra-a-jaime-paz-zamora-con-david-choquehuanca-y-la-diputada-choque/,Esta foto no muestra a Jaime Paz Zamora con David Choquehuanca y la diputada Choque,Enganosa
930,2025-08-28T18:07:23,boliviaverifica.bo,https://boliviaverifica.bo/edman-lara-no-ofrecio-viviendas-gratuitas-como-se-menciona-este-video-sino-con-creditos-bancarios/,Edman Lara no ofreció viviendas gratuitas como se menciona este video; sino con créditos bancarios,Enganosa
931,2025-08-25T19:13:04,boliviaverifica.bo,https://boliviaverifica.bo/en-2016-paz-aludio-la-campana-por-el-si-en-presencia-de-morales-pero-luego-aclaro-que-se-mantenia-neutral/,"En 2016, Paz aludió la campaña por el Sí en presencia de Morales, pero luego aclaró que se mantenía neutral",Enganosa
932,2025-08-22T11:02:57,boliviaverifica.bo,https://boliviaverifica.bo/el-presidente-de-venezuela-no-respaldo-a-rodrigo-paz-ni-a-edman-lara/,El presidente de Venezuela no respaldó a Rodrigo Paz ni a Edman Lara,Enganosa
933,2025-08-22T11:02:07,boliviaverifica.bo,https://boliviaverifica.bo/video-de-luis-arce-celebrando-el-resultado-de-las-elecciones-no-es-de-2025/,Video de Luis Arce celebrando el resultado de las elecciones no es de 2025,Enganosa
934,2025-08-21T17:27:47,boliviaverifica.bo,https://boliviaverifica.bo/video-de-manfred-reyes-villa-donde-anuncia-su-retiro-de-la-politica-es-de-2023/,Video de Manfred Reyes Villa donde anuncia su retiro de la política es de 2023,Enganosa
935,2025-08-21T15:30:29,boliviaverifica.bo,https://boliviaverifica.bo/el-pdc-no-le-quito-su-apoyo-a-rodrigo-paz-fue-una-faccion-la-que-se-pronuncio-antes-de-las-elecciones/,"El PDC no le quitó su apoyo a Rodrigo Paz, fue una facción la que se pronunció antes de las elecciones",Enganosa
936,2025-08-14T15:24:37,boliviaverifica.bo,https://boliviaverifica.bo/video-de-jorge-quiroga-llamando-a-votar-nulo-es-de-2017/,Video de Jorge Quiroga llamando a votar nulo es de 2017,Enganosa
937,2025-08-07T18:37:39,boliviaverifica.bo,https://boliviaverifica.bo/juan-pablo-velasco-no-emprendio-yango-y-pedidos-ya/,Juan Pablo Velasco no emprendió Yango y Pedidos Ya,Enganosa
938,2025-07-28T04:45:14,boliviaverifica.bo,https://boliviaverifica.bo/audio-vinculado-a-doria-medina-en-la-amenaza-a-una-mujer-es-de-2014-y-no-tiene-relacion-con-robledo/,Audio vinculado a Doria Medina en la amenaza a una mujer es de 2014 y no tiene relación con Robledo,Enganosa
939,2025-07-16T17:58:48,boliviaverifica.bo,https://boliviaverifica.bo/enganoso-esta-imagen-no-corresponde-a-la-segunda-encuesta-nacional-de-unitel-sino-al-primer-estudio-en-santa-cruz/,"Engañoso: Esta imagen no corresponde a la segunda encuesta nacional de Unitel, sino al primer estudio en Santa Cruz",Enganosa
940,2025-07-13T18:45:13,boliviaverifica.bo,https://boliviaverifica.bo/doria-medina-no-admitio-que-compro-las-encuestas-de-la-red-uno-cito-al-medio-como-referencia/,Doria Medina no admitió que compró las encuestas de la Red Uno; citó al medio como referencia,Enganosa
941,2025-06-30T11:54:26,boliviaverifica.bo,https://boliviaverifica.bo/no-es-cierto-que-la-ultima-encuesta-nacional-de-ipsos-ciesmori-posiciona-en-primer-lugar-a-tuto-quiroga/,No es cierto que la última encuesta nacional de Ipsos Ciesmori posiciona en primer lugar a Tuto Quiroga,Enganosa
942,2025-06-16T19:41:27,boliviaverifica.bo,https://boliviaverifica.bo/enganoso-la-frase-en-que-doria-medina-dice-que-le-gustaria-ir-a-las-elecciones-con-morales-fue-editada-y-sacada-de-contexto/,El audio en que Doria Medina dice que “le gustaría” ir a las elecciones con Morales fue editado y sacado de contexto,Enganosa
943,2025-06-15T09:40:34,boliviaverifica.bo,https://boliviaverifica.bo/tanques-helicopteros-y-militares-no-se-desplegaron-en-contra-del-gobierno-de-luis-arce/,"Tanques, helicópteros y militares no se desplegaron en contra del gobierno de Luis Arce",Enganosa
944,2025-06-09T19:41:07,boliviaverifica.bo,https://boliviaverifica.bo/radio-kawsachun-coca-publico-un-video-grabado-en-nepal-como-si-fuese-una-movilizacion-en-cochabamba/,Radio Kawsachun Coca publicó un video grabado en Nepal como si fuese una movilización en Cochabamba,Enganosa
945,2025-06-08T07:47:08,boliviaverifica.bo,https://boliviaverifica.bo/amenaza-de-ponchos-rojos-y-encapuchados-armados-es-de-2020/,Amenaza de ponchos rojos y encapuchados armados es de 2020,Enganosa
946,2025-06-06T20:00:26,boliviaverifica.bo,https://boliviaverifica.bo/juan-pablo-velasco-no-creo-pedidos-ya-y-yango-pero-si-netcomidas-com/,"Juan Pablo Velasco no creó Pedidos Ya y Yango, pero sí Netcomidas.com",Enganosa
947,2025-06-04T16:51:49,boliviaverifica.bo,https://boliviaverifica.bo/manipulan-una-publicacion-de-marcelo-claure-y-kawsachun-coca-la-difunde/,Manipulan una publicación de Marcelo Claure y Kawsachun Coca la difunde,Enganosa
948,2025-06-04T16:36:17,boliviaverifica.bo,https://boliviaverifica.bo/eduardo-del-castillo-no-figura-como-militante-del-mas-pero-eso-no-le-impide-ser-su-candidato/,"Eduardo del Castillo no figura como militante del MAS, pero eso no le impide ser su candidato",Enganosa
949,2025-05-15T12:55:30,boliviaverifica.bo,https://boliviaverifica.bo/elecciones-edgar-uriona-no-anuncio-que-le-retira-su-apoyo-a-jaime-dunn/,Elecciones: Edgar Uriona no anunció que le retira su apoyo a Jaime Dunn,Enganosa
950,2025-05-08T17:58:29,boliviaverifica.bo,https://boliviaverifica.bo/audio-de-moldiz-que-anuncia-el-retiro-de-la-candidatura-de-andronico-es-pasado/,Audio de Moldiz que anuncia el retiro de la candidatura de Andrónico es pasado,Enganosa
951,2025-05-08T13:19:54,boliviaverifica.bo,https://boliviaverifica.bo/l-del-tse-gustavo-avila-si-dijo-que-se-permitira-tomar-fotografias-a-las-actas-electorales-no-al-voto/,"El vocal del TSE Gustavo Ávila sí dijo que se permitirá tomar fotografías a las actas electorales, no al voto",Enganosa
952,2025-05-06T09:20:24,boliviaverifica.bo,https://boliviaverifica.bo/doria-medina-hablo-de-los-derechos-civiles-de-personas-lgbt-no-planteo-cambios-en-la-familia/,"Doria Medina habló de los derechos civiles de personas LGBT, no planteó cambios en la familia",Enganosa
953,2025-04-11T08:45:55,boliviaverifica.bo,https://boliviaverifica.bo/la-publicacion-de-erbol-sobre-la-postulacion-de-ericka-brockmann-como-vocal-del-tse-es-de-2019/,La publicación de Erbol sobre la postulación de Ericka Brockmann como vocal del TSE es de 2019,Enganosa
954,2025-04-06T12:42:54,boliviaverifica.bo,https://boliviaverifica.bo/jaime-dunn-no-obtuvo-874-votos-en-la-encuesta-de-el-bunker/,Jaime Dunn no obtuvo 874 votos en la encuesta de El Bunker,Enganosa
955,2025-02-26T16:51:35,boliviaverifica.bo,https://boliviaverifica.bo/tergiversan-declaraciones-de-evo-morales-sobre-el-movimiento-al-socialismo/,Tergiversan declaraciones de Evo Morales sobre el Movimiento Al Socialismo,Enganosa
956,2025-02-26T05:11:34,boliviaverifica.bo,https://boliviaverifica.bo/no-es-preciso-decir-que-las-renuncias-al-mas-son-masivas-ya-que-no-representan-ni-el-1-del-total/,"No es preciso decir que las renuncias al MAS son masivas, ya que no representan ni el 1% del total",Enganosa
957,2025-02-16T20:16:10,boliviaverifica.bo,https://boliviaverifica.bo/claure-anuncio-que-retirara-sus-inversiones-de-bolivia-si-el-mas-gana-las-elecciones-no-vinculo-esta-decision-al-litio/,Claure anunció que retirará sus inversiones de Bolivia si el MAS gana las elecciones; no vinculó esta decisión al litio,Enganosa
958,2025-02-12T04:56:54,boliviaverifica.bo,https://boliviaverifica.bo/el-presidente-luis-arce-no-anuncio-un-binomio-con-andronico-rodriguez-para-las-elecciones/,El presidente Luis Arce no anunció un binomio con Andrónico Rodríguez para las elecciones,Enganosa
959,2024-09-20T19:20:31,boliviaverifica.bo,https://boliviaverifica.bo/la-orden-de-aprehension-contra-evo-morales-que-circula-en-whapsapp-es-de-2019/,La orden de aprehensión contra Evo Morales que circula en WhapsApp es de 2019,Enganosa
960,2024-09-16T23:45:25,boliviaverifica.bo,https://boliviaverifica.bo/confederacion-de-mujeres-bartolina-sisa-no-exigio-un-reconocimiento-honorifico-para-evo-morales/,Confederación de Mujeres Bartolina Sisa no exigió un reconocimiento honorífico para Evo Morales,Enganosa
961,2024-07-28T14:27:54,boliviaverifica.bo,https://boliviaverifica.bo/venezuela-video-no-muestra-a-venezolanos-que-van-en-lancha-de-colombia-para-ejercer-su-voto/,Venezuela: Video no muestra a venezolanos que van en lancha de Colombia para ejercer su voto,Enganosa
962,2021-09-02T15:59:10,boliviaverifica.bo,https://boliviaverifica.bo/manipulan-declaracion-del-procurador-del-estado-sobre-revision-de-actas-electorales-de-2019/,Manipulan declaración del procurador del Estado sobre revisión de actas electorales de 2019,Enganosa
963,2021-06-11T18:19:29,boliviaverifica.bo,https://boliviaverifica.bo/no-es-verdad-que-seis-informes-de-instituciones-extranjeras-demuestran-que-no-hubo-fraude-en-bolivia-como-senalo-del-castillo/,"No es verdad que seis informes de instituciones extranjeras demuestran que no hubo fraude en Bolivia, como señaló Del Castillo",Enganosa
964,2021-05-17T18:38:18,boliviaverifica.bo,https://boliviaverifica.bo/circula-una-publicacion-enganosa-sobre-propuestas-del-gobernador-de-tarija-oscar-montes/,"Circula una publicación engañosa sobre propuestas del gobernador de Tarija, Óscar Montes",Enganosa
965,2021-04-26T19:33:29,boliviaverifica.bo,https://boliviaverifica.bo/mapa-electoral-enganoso-se-difunde-en-un-medio-del-estado-obvia-los-resultados-de-las-gobernaciones/,Mapa electoral engañoso se difunde en un medio del Estado: obvia los resultados de las gobernaciones,Enganosa
966,2021-04-17T15:16:37,boliviaverifica.bo,https://boliviaverifica.bo/el-mas-no-gano-en-las-nueve-asambleas-departamentales/,El MAS no ganó en las nueve asambleas departamentales,Enganosa
967,2021-04-13T13:55:49,boliviaverifica.bo,https://boliviaverifica.bo/el-mas-reconocio-su-derrota-electoral-en-tarija-al-dia-siguiente-de-la-votacion/,El MAS reconoció su derrota electoral en Tarija al día siguiente de la votación,Enganosa
968,2021-04-12T11:05:27,boliviaverifica.bo,https://boliviaverifica.bo/resultados-enganosos-con-actas-no-computadas-al-100-difunden-imagenes-del-balotaje/,Resultados engañosos: con actas no computadas al 100% se difunden imágenes del balotaje,Enganosa
969,2021-03-27T17:29:47,boliviaverifica.bo,https://boliviaverifica.bo/manipulan-un-tuit-de-morales-sobre-los-candidatos-que-iran-al-balotaje/,Manipulan un tuit de Morales sobre los candidatos que irán al balotaje,Enganosa
970,2021-03-21T18:20:59,boliviaverifica.bo,https://boliviaverifica.bo/dockweiler-pidio-a-ivan-arias-que-tome-en-cuenta-la-propuesta-del-mas-no-exigio-que-la-acate/,"Dockweiler pidió a Ivan Arias que tome en cuenta la propuesta del MAS, no “exigió” que la acate",Enganosa
971,2021-03-18T15:21:18,boliviaverifica.bo,https://boliviaverifica.bo/no-es-cierto-que-el-mas-gano-la-alcaldia-de-chaqui-sin-candidato/,No es cierto que el MAS ganó la Alcaldía de Chaquí sin candidato,Enganosa
972,2021-03-17T19:32:59,boliviaverifica.bo,https://boliviaverifica.bo/pagina-de-candidato-horacio-poppe-muestra-enganoso-dato-de-acta-en-sucre/,Página de candidato Horacio Poppe muestra engañoso dato de acta en Sucre,Enganosa
973,2021-03-12T10:52:03,boliviaverifica.bo,https://boliviaverifica.bo/enganosa-publicacion-sobre-el-100-de-votos-a-favor-del-mas-en-diez-municipios/,Engañosa publicación sobre el 100% de votos a favor del MAS en diez municipios,Enganosa
974,2021-03-09T13:31:54,boliviaverifica.bo,https://boliviaverifica.bo/la-alianza-somos-pueblo-no-admitio-haber-hecho-fraude-en-las-elecciones/,La alianza Somos Pueblo no admitió haber hecho fraude en las elecciones,Enganosa
975,2021-03-08T14:37:49,boliviaverifica.bo,https://boliviaverifica.bo/edgar-patana-no-figura-como-candidato-a-concejal-de-jallalla-en-el-alto/,Édgar Patana no figura como candidato a concejal de Jallalla en El Alto,Enganosa
976,2021-03-08T12:00:43,boliviaverifica.bo,https://boliviaverifica.bo/se-quemaron-anforas-en-municipios-crucenos-pero-no-es-cierto-que-fueron-militantes-de-creemos/,Se quemaron ánforas en municipios cruceños pero no es cierto que fueron militantes de Creemos,Enganosa
977,2021-03-07T21:04:00,boliviaverifica.bo,https://boliviaverifica.bo/quema-de-anforas-no-esta-comprobado-que-el-mas-llevo-gente-a-votar-a-colpa-belgica/,Quema de ánforas: no está “comprobado” que el MAS llevó gente a votar a Colpa Bélgica,Enganosa
978,2021-03-07T16:49:59,boliviaverifica.bo,https://boliviaverifica.bo/video-que-promueve-el-voto-castigo-en-santa-cruz-y-cochabamba-no-es-actual/,Video que promueve el ‘voto castigo’ en Santa Cruz y Cochabamba no es actual,Enganosa
979,2021-03-07T16:02:40,boliviaverifica.bo,https://boliviaverifica.bo/comite-civico-habilito-canal-de-denuncias-no-de-recepcion-de-actas/,Comité Cívico habilitó canal de denuncias no de recepción de actas,Enganosa
980,2021-03-07T14:45:41,boliviaverifica.bo,https://boliviaverifica.bo/enganoso-discurso-del-exministro-sanchez-berzain-sobre-supuesto-fraude-electoral/,Engañoso discurso del exministro Sánchez Berzaín sobre supuesto fraude electoral,Enganosa
981,2021-03-03T14:22:42,boliviaverifica.bo,https://boliviaverifica.bo/no-todos-los-hospitales-a-los-que-se-refiere-adrian-oliva-han-sido-concluidos/,No todos los hospitales a los que se refiere Adrián Oliva han sido concluidos,Enganosa
982,2021-03-03T09:39:17,boliviaverifica.bo,https://boliviaverifica.bo/el-direpre-no-es-obligatorio-y-tampoco-estaba-previsto-para-esta-eleccion/,El Direpre no es obligatorio y tampoco estaba previsto para esta elección,Enganosa
983,2021-03-02T14:44:57,boliviaverifica.bo,https://boliviaverifica.bo/eva-copa-no-dijo-que-el-mas-esta-rodeado-de-gente-muy-peligrosa/,Eva Copa no dijo que el MAS “está rodeado de gente muy peligrosa”,Enganosa
984,2021-03-01T14:45:21,boliviaverifica.bo,https://boliviaverifica.bo/el-direpre-no-estaba-previsto-para-las-elecciones-subnacionales-la-noticia-que-circula-es-de-2020/,"El Direpre no estaba previsto para las elecciones subnacionales, la noticia que circula es de 2020",Enganosa
985,2021-02-23T09:10:50,boliviaverifica.bo,https://boliviaverifica.bo/enganoso-tenemos-10-centros-medicos-que-no-funcionan/,Engañoso: “Tenemos 10 (centros médicos) que no funcionan”,Enganosa
986,2021-02-22T12:07:08,boliviaverifica.bo,https://boliviaverifica.bo/roly-aguilera-vos-no-has-sido-honesto-a-gary-anez-has-plagiado-un-spot-del-expresidente-de-argentina-mauricio-macri/,"Roly Aguilera: “Vos no has sido honesto (a Gary Añez), has plagiado un spot del expresidente de Argentina, Mauricio Macri”",Enganosa
987,2021-02-19T14:53:20,boliviaverifica.bo,https://boliviaverifica.bo/video-antiguo-de-edgar-villegas-anunciando-una-app-para-controlar-el-voto-se-viraliza-como-actual/,Video antiguo de Edgar Villegas anunciando una app para controlar el voto se viraliza como actual,Enganosa
988,2021-02-17T17:48:11,boliviaverifica.bo,https://boliviaverifica.bo/video-pasado-de-gary-anez-se-viraliza-como-actual/,Vídeo pasado de Gary Añez se viraliza como actual,Enganosa
989,2021-02-14T12:20:06,boliviaverifica.bo,https://boliviaverifica.bo/gary-anez-da-el-mismo-discurso-de-mauricio-macri-en-su-spot/,¿Gary Añez da el mismo discurso de Mauricio Macri en su spot?,Enganosa
990,2021-02-10T19:13:42,boliviaverifica.bo,https://boliviaverifica.bo/manipulan-una-publicacion-de-atb-para-asegurar-que-david-castro-no-tiene-un-plan-de-gobierno/,Manipulan una publicación de ATB para asegurar que David Castro no tiene un plan de gobierno,Enganosa
991,2021-02-08T20:08:33,boliviaverifica.bo,https://boliviaverifica.bo/enganoso-creemos-va-a-privatizar-el-tercer-nivel-de-salud/,Engañoso: “(Creemos) Va a privatizar el tercer nivel de salud”,Enganosa
992,2021-02-08T15:04:56,boliviaverifica.bo,https://boliviaverifica.bo/enganoso-nos-ofrecieron-mas-de-200-hospitales-en-todo-el-pais-ninguno-se-cumplio-hasta-hoy/,"Engañoso: “Nos ofrecieron más de 200 hospitales en todo el país, ninguno se cumplió hasta hoy”",Enganosa
993,2021-02-05T17:31:03,boliviaverifica.bo,https://boliviaverifica.bo/la-paz-cuenta-con-250-camaras-de-video-vigilancia-activas-y-no-18/,La Paz cuenta con 250 cámaras de video vigilancia activas y no 18,Enganosa
994,2021-02-02T12:21:15,boliviaverifica.bo,https://boliviaverifica.bo/johnny-fernandez-afirmo-que-la-carretera-doble-via-a-la-guardia-no-fue-financiada-con-el-cobro-de-peaje/,Johnny Fernández afirmó que la carretera Doble vía La Guardia fue financiada con el cobro de peaje,Enganosa
995,2021-02-02T12:06:31,boliviaverifica.bo,https://boliviaverifica.bo/castro-afirmo-que-solo-dos-hospitales-se-dedican-al-covid-19-y-que-funcionan-al-50/,Castro afirmó que solo dos hospitales se dedican al Covid-19 y que funcionan al 50%,Enganosa
996,2021-01-31T15:21:23,boliviaverifica.bo,https://boliviaverifica.bo/declaraciones-pasadas-de-ivan-arias-vuelven-a-ser-difundidas-en-redes-sociales/,Declaraciones pasadas de Iván Arias vuelven a ser difundidas en redes sociales,Enganosa
997,2021-01-28T17:44:22,boliviaverifica.bo,https://boliviaverifica.bo/no-es-cierto-que-mario-cronenbold-dijo-que-hay-que-barrer-a-los-medicos-para-reemplazarlos-por-masistas/,No es cierto que Mario Cronenbold dijo que hay que “barrer” a los médicos para reemplazarlos por masistas,Enganosa
998,2021-01-11T17:55:58,boliviaverifica.bo,https://boliviaverifica.bo/dockweiler-propone-ampliar-el-teleferico-pero-no-detalla-cuales-serian-las-nuevas-lineas/,Dockweiler propone ampliar el teleférico pero no detalla cuáles serían las nuevas líneas,Enganosa
999,2021-01-07T19:14:33,boliviaverifica.bo,https://boliviaverifica.bo/los-gremiales-de-la-ciudad-de-el-alto-retiraron-su-apoyo-a-eva-copa/,¿Los gremiales de la ciudad de El Alto retiraron su apoyo a Eva Copa?,Enganosa
1000,2021-01-05T20:02:54,boliviaverifica.bo,https://boliviaverifica.bo/en-tarija-rodolfo-meyer-hace-campana-por-el-mas-pero-el-candidato-es-hugo-buhezo/,"En Tarija Rodolfo Meyer hace campaña por el MAS, pero el candidato es Hugo Buhezo",Enganosa
1001,2020-12-09T19:42:04,boliviaverifica.bo,https://boliviaverifica.bo/pedro-garcia-no-se-definio-que-sea-candidato-del-mas-y-el-video-de-agresion-familiar-no-es-reciente/,Pedro García: No se definió que sea candidato del MAS y el video de agresión familiar no es reciente,Enganosa
1002,2020-12-03T18:19:02,boliviaverifica.bo,https://boliviaverifica.bo/video-de-militar-reprimiendo-a-bloqueadores-es-de-la-epoca-de-cuarentena/,Video de militar reprimiendo a bloqueadores es de la época de cuarentena,Enganosa
1003,2020-12-02T18:58:33,boliviaverifica.bo,https://boliviaverifica.bo/circula-una-foto-fuera-de-contexto-de-candidato-tarijeno-jhonny-torres/,Circula una foto fuera de contexto de candidato tarijeño Jhonny Torres,Enganosa
1004,2020-11-30T19:01:46,boliviaverifica.bo,https://boliviaverifica.bo/una-nota-del-2009-sobre-fraude-electoral-vuelve-a-circular-como-si-fuera-actual/,Una nota del 2009 sobre fraude electoral vuelve a circular como si fuera actual,Enganosa
1005,2020-11-24T16:09:34,boliviaverifica.bo,https://boliviaverifica.bo/funcionaria-del-tse-procesada-por-falsificacion-no-tiene-filiacion-partidaria/,Funcionaria del TSE procesada por falsificación no tiene filiación partidaria,Enganosa
1006,2020-11-24T08:46:46,boliviaverifica.bo,https://boliviaverifica.bo/contrato-de-tse-por-el-padron-no-es-con-smartmatic/,Contrato de TSE por el padrón no es con Smartmatic,Enganosa
1007,2020-11-12T16:43:39,boliviaverifica.bo,https://boliviaverifica.bo/el-concejal-alteno-javier-tarqui-se-alejo-de-sol-bo-pero-no-creo-su-propio-partido-politico/,"El concejal alteño Javier Tarqui se alejó de Sol.Bo, pero no creó su propio partido político",Enganosa
1008,2020-11-11T12:33:28,boliviaverifica.bo,https://boliviaverifica.bo/informe-de-la-oea-hallo-irregularidades-pero-estas-no-incidieron-el-resultado-de-las-elecciones/,Informe de la OEA halló irregularidades pero éstas no incidieron el resultado de las elecciones,Enganosa
1009,2020-11-10T16:44:30,boliviaverifica.bo,https://boliviaverifica.bo/alianza-entre-lider-tarijeno-oscar-montes-y-supuesta-organizacion-vox-no-es-real/,Alianza entre líder tarijeño Oscar Montes y supuesta organización VOX no es real,Enganosa
1010,2020-11-06T14:12:09,boliviaverifica.bo,https://boliviaverifica.bo/vinculan-imagen-de-bloqueadores-al-transporte-de-carnets-de-sufragio/,Vinculan imagen de bloqueadores al transporte de carnets de sufragio,Enganosa
1011,2020-11-03T16:28:00,boliviaverifica.bo,https://boliviaverifica.bo/fotografia-de-multitudinaria-movilizacion-en-la-paz-no-es-actual-es-del-2019/,"Fotografía de multitudinaria movilización en La Paz no es actual, es del 2019",Enganosa
1012,2020-11-01T19:31:45,boliviaverifica.bo,https://boliviaverifica.bo/con-imagen-de-2019-afirman-que-carlos-mesa-no-acepta-auditoria-a-las-elecciones/,Con imagen de 2019 afirman que Carlos Mesa no acepta auditoría a las elecciones,Enganosa
1013,2020-11-01T17:34:24,boliviaverifica.bo,https://boliviaverifica.bo/mesa-reconocio-la-victoria-del-mas-pero-no-dijo-que-el-2019-fue-mas-facil-instalar-un-relato-de-fraude/,"Mesa reconoció la victoria del MAS, pero, no dijo que el 2019 fue más fácil instalar un relato de fraude",Enganosa
1014,2020-11-01T12:30:58,boliviaverifica.bo,https://boliviaverifica.bo/enganoso-circula-video-de-nunez-hablando-de-fraude-electoral-pero-es-de-2019/,Engañoso: Circula video de Nuñez hablando de fraude electoral pero es de 2019,Enganosa
1015,2020-10-29T18:30:58,boliviaverifica.bo,https://boliviaverifica.bo/no-es-cierto-que-brasil-espera-una-auditoria-electoral-para-reconocer-a-luis-arce/,No es cierto que Brasil espera una auditoría electoral para reconocer a Luis Arce,Enganosa
1016,2020-10-28T14:13:03,boliviaverifica.bo,https://boliviaverifica.bo/video-de-venezolanos-apoyando-movilizaciones-en-bolivia-no-es-actual/,Video de venezolanos apoyando movilizaciones en Bolivia no es actual,Enganosa
1017,2020-10-27T18:53:39,boliviaverifica.bo,https://boliviaverifica.bo/__trashed-2/,Diputado hace tres observaciones al proceso electoral pero algunas no tienen fundamento,Enganosa
1018,2020-10-25T08:28:33,boliviaverifica.bo,https://boliviaverifica.bo/video-de-2019-que-denuncia-fraude-electoral-vuelve-a-circular-en-las-redes/,Video de 2019 que denuncia fraude electoral vuelve a circular en las redes,Enganosa
1019,2020-10-24T18:25:01,boliviaverifica.bo,https://boliviaverifica.bo/hay-manifestaciones-en-camiri-pero-no-tienen-nada-que-ver-con-las-elecciones/,Hay manifestaciones en Camiri pero no tienen nada que ver con las elecciones,Enganosa
1020,2020-10-24T17:22:04,boliviaverifica.bo,https://boliviaverifica.bo/es-cierto-que-hubo-movimientos-en-la-pagina-del-computo-de-votos-pero-no-afecta-en-el-resultado/,Es cierto que hubo movimientos en la página del cómputo de votos pero no afecta en el resultado,Enganosa
1021,2020-10-24T08:59:14,boliviaverifica.bo,https://boliviaverifica.bo/difunden-grabacion-de-protesta-masiva-de-2019-como-si-fuese-actual/,Difunden grabación de protesta masiva de 2019 como si fuese actual,Enganosa
1022,2020-10-23T17:44:07,boliviaverifica.bo,https://boliviaverifica.bo/material-electoral-encontrado-en-un-domicilio-es-del-2019/,Material electoral encontrado en un domicilio es del 2019,Enganosa
1023,2020-10-23T15:05:15,boliviaverifica.bo,https://boliviaverifica.bo/el-codigo-qr-del-carnet-de-sufragio-no-tiene-nada-que-ver-con-un-supuesto-fraude/,El código QR del carnet de sufragio no tiene nada que ver con un supuesto “fraude”,Enganosa
1024,2020-10-23T14:34:18,boliviaverifica.bo,https://boliviaverifica.bo/la-vocal-mary-martinez-de-chuquisaca-renuncio-el-ano-pasado-pero-la-noticia-se-difunde-como-actual/,La vocal Mary Martínez de Chuquisaca renunció el año pasado pero la noticia se difunde como actual,Enganosa
1025,2020-10-22T14:12:51,boliviaverifica.bo,https://boliviaverifica.bo/villegas-acepto-la-victoria-del-mas-en-primera-vuelta-pero-no-hizo-referencia-a-un-supuesto-fraude-electoral/,Villegas aceptó la victoria del MAS en primera vuelta pero no hizo referencia a un supuesto fraude electoral,Enganosa
1026,2020-10-22T11:20:34,boliviaverifica.bo,https://boliviaverifica.bo/no-es-verdad-que-el-tse-admitio-actas-manipuladas-dijo-que-hay-errores-aritmeticos-subsanables/,"No es verdad que el TSE admitió “actas manipuladas”, dijo que hay errores aritméticos subsanables",Enganosa
1027,2020-10-21T17:33:57,boliviaverifica.bo,https://boliviaverifica.bo/arce-no-aseguro-que-devaluara-el-boliviano-pero-dijo-que-hay-una-posibilidad/,Arce no aseguró que devaluará el Boliviano pero dijo que hay “una posibilidad”,Enganosa
1028,2020-10-20T12:01:47,boliviaverifica.bo,https://boliviaverifica.bo/una-cadena-de-whatsapp-alerta-falsamente-sobre-la-eliminacion-de-votantes/,Una cadena de WhatsApp alerta falsamente sobre la eliminación de votantes,Enganosa
1029,2020-10-19T19:17:11,boliviaverifica.bo,https://boliviaverifica.bo/surgen-comparaciones-enganosas-del-conteo-rapido-y-el-computo-oficial/,Surgen comparaciones engañosas del conteo rápido y el cómputo oficial,Enganosa
1030,2020-10-19T16:40:30,boliviaverifica.bo,https://boliviaverifica.bo/circula-video-de-maleta-electoral-del-2019-para-denunciar-fraude-electoral-el-2020/,Circula video de maleta electoral del 2019 para denunciar fraude electoral el 2020,Enganosa
1031,2020-10-18T14:33:34,boliviaverifica.bo,https://boliviaverifica.bo/es-valido-utilizar-simbolos-patrios-durante-la-votacion/,¿Es válido utilizar símbolos patrios durante la votación?,Enganosa
1032,2020-10-17T19:38:46,boliviaverifica.bo,https://boliviaverifica.bo/descontextualizan-discurso-de-luis-arce-sobre-policias-y-militares/,Descontextualizan discurso de Luis Arce sobre policías y militares,Enganosa
1033,2020-10-16T19:39:26,boliviaverifica.bo,https://boliviaverifica.bo/el-mallku-recordo-que-el-voto-es-secreto/,El Mallku recordó que el voto es “secreto”,Enganosa
1034,2020-10-16T15:18:43,boliviaverifica.bo,https://boliviaverifica.bo/acuerdo-entre-organizaciones-y-alianzas-politicas-no-buscaba-unidad-a-traves-de-posicionamiento-en-encuestas/,Acuerdo entre organizaciones y alianzas políticas no buscaba unidad a través de posicionamiento en encuestas,Enganosa
1035,2020-10-14T18:54:52,boliviaverifica.bo,https://boliviaverifica.bo/tuto-dijo-textualmente-que-votaria-por-camacho/,¿Tuto dijo textualmente que votaría por Camacho?,Enganosa
1036,2020-10-14T15:00:29,boliviaverifica.bo,https://boliviaverifica.bo/circulan-enganosas-imagenes-de-cierres-de-campana-de-comunidad-ciudadana/,Circulan engañosas imágenes de cierres de campaña de Comunidad Ciudadana,Enganosa
1037,2020-10-13T12:59:38,boliviaverifica.bo,https://boliviaverifica.bo/fraccion-del-fri-quita-apoyo-a-mesa-y-se-une-a-chi/,Fracción del FRI quita apoyo a Mesa y se une a Chi,Enganosa
1038,2020-10-13T10:52:14,boliviaverifica.bo,https://boliviaverifica.bo/ni-el-voto-cruzado-es-delincuencial-ni-hubo-una-reunion-de-politicos-candidata-de-creemos-da-informacion-enganosa/,Ni el voto cruzado es “delincuencial” ni hubo una reunión de políticos: candidata de Creemos da información engañosa,Enganosa
1039,2020-10-12T16:41:19,boliviaverifica.bo,https://boliviaverifica.bo/foto-de-2019-donde-se-ve-a-mesa-y-otros-actores-politicos-busca-confundir-a-la-poblacion/,"Foto de 2019, donde se ve a Mesa y otros actores políticos, busca confundir a la población",Enganosa
1040,2020-10-09T15:14:21,boliviaverifica.bo,https://boliviaverifica.bo/utilizan-foto-antigua-para-denunciar-agresiones-a-miembros-de-comunidad-ciudadana/,Utilizan foto antigua para denunciar agresiones a miembros de Comunidad Ciudadana,Enganosa
1041,2020-10-08T13:18:07,boliviaverifica.bo,https://boliviaverifica.bo/carlos-mesa-descarto-aliarse-con-el-mas-pero-si-se-refirio-a-un-acuerdo-nacional-con-todas-las-fuerzas-politicas/,Carlos Mesa descartó aliarse con el MAS pero sí se refirió a un acuerdo nacional con todas las fuerzas políticas,Enganosa
1042,2020-10-07T19:59:42,boliviaverifica.bo,https://boliviaverifica.bo/en-twitter-se-afirma-supuesto-incremento-de-grupos-paramilitares/,En Twitter se afirma supuesto incremento de grupos paramilitares,Enganosa
1043,2020-10-07T19:47:11,boliviaverifica.bo,https://boliviaverifica.bo/evo-morales-hace-una-enganosa-comparacion-economica-de-su-gestion/,Evo Morales hace una engañosa comparación económica de su gestión,Enganosa
1044,2020-10-06T12:38:03,boliviaverifica.bo,https://boliviaverifica.bo/abuchearon-a-carlos-mesa-en-una-feria-de-santa-cruz-pero-fue-el-ano-pasado/,Abuchearon a Carlos Mesa en una feria de Santa Cruz… pero fue el año pasado,Enganosa
1045,2020-10-05T17:55:47,boliviaverifica.bo,https://boliviaverifica.bo/tuto-da-una-enganosa-cifra-del-numero-de-causas-que-atienden-los-jueces-en-bolivia/,Tuto da una engañosa cifra del número de causas que atienden los jueces en Bolivia,Enganosa
1046,2020-10-05T14:15:53,boliviaverifica.bo,https://boliviaverifica.bo/tuto-quiroga-dice-que-el-presupuesto-para-justicia-es-menor-a-90-millones-de-dolares/,Tuto Quiroga dice que el presupuesto para justicia es menor a 90 millones de dólares,Enganosa
1047,2020-10-04T23:32:27,boliviaverifica.bo,https://boliviaverifica.bo/arce-afirmo-que-el-2019-contrataron-un-avion-de-inmediato-para-apagar-los-incendios-no-obstante-ya-habia-ardido-casi-un-millon-de-hectareas/,"Arce afirmó que el 2019 contrataron un avión de inmediato para apagar los incendios, no obstante, ya había ardido casi un millón de hectáreas",Enganosa
1048,2020-10-04T22:48:40,boliviaverifica.bo,https://boliviaverifica.bo/luis-arce-afirmo-que-otorgaron-bono-a-los-discapacitados-en-realidad-lo-delegaron-a-las-alcaldias/,"Luis Arce afirmó que otorgaron bono a los discapacitados, en realidad lo delegaron a las alcaldías",Enganosa
1049,2020-10-03T15:46:55,boliviaverifica.bo,https://boliviaverifica.bo/el-pib-crecio-durante-la-gestion-de-evo-morales-pero-no-fue-su-pico-mas-alto/,El PIB creció durante la gestión de Evo Morales pero no fue su pico más alto,Enganosa
1050,2020-10-03T08:08:27,boliviaverifica.bo,https://boliviaverifica.bo/a-quien-apoya-manfred-reyes-villa-circula-en-facebook-un-video-antiguo-en-el-que-pide-votar-por-carlos-mesa/,¿A quién apoya Manfred Reyes Villa? Circula en Facebook un video antiguo en el que pide votar por Carlos Mesa,Enganosa
1051,2020-10-02T18:30:12,boliviaverifica.bo,https://boliviaverifica.bo/en-imagenes-creemos-hizo-una-caravana-en-la-paz-pero-fue-menos-masiva-que-en-otras-regiones/,En imágenes: Creemos hizo una caravana en La Paz pero fue menos masiva que en otras regiones,Enganosa
1052,2020-10-01T19:50:13,boliviaverifica.bo,https://boliviaverifica.bo/descontextualizan-tuit-de-carlos-mesa-para-relacionarlo-con-el-socialismo/,Descontextualizan tuit de Carlos Mesa para relacionarlo con el socialismo,Enganosa
1053,2020-10-01T17:42:56,boliviaverifica.bo,https://boliviaverifica.bo/branko-marinkovic-dijo-que-apoyaba-a-carlos-mesa-pero-fue-en-las-elecciones-de-2019/,"Branko Marinkovic dijo que apoyaba a Carlos Mesa, pero fue en las elecciones de 2019",Enganosa
1054,2020-10-01T15:27:15,boliviaverifica.bo,https://boliviaverifica.bo/declaraciones-del-malku-de-2019-vuelven-a-las-redes-sociales/,Declaraciones del Mallku de 2019 vuelven a las redes sociales,Enganosa
1055,2020-10-01T11:23:29,boliviaverifica.bo,https://boliviaverifica.bo/creemos-utiliza-un-montaje-enganoso-de-fotos-de-una-intervencion-en-un-barrio/,Creemos utiliza un montaje engañoso de fotos de una intervención en un barrio,Enganosa
1056,2020-09-30T12:45:25,boliviaverifica.bo,https://boliviaverifica.bo/vuelve-a-circular-que-chi-plantea-alianza-con-el-movimiento-al-socialismo/,Vuelve a circular que Chi plantea alianza con el Movimiento al Socialismo,Enganosa
1057,2020-09-28T20:02:04,boliviaverifica.bo,https://boliviaverifica.bo/trabajador-del-tribunal-electoral-en-valencia-es-denunciado-por-simpatizar-con-el-mas/,Trabajador del Tribunal Electoral en Valencia es denunciado por simpatizar con el MAS,Enganosa
1058,2020-09-25T11:44:46,boliviaverifica.bo,https://boliviaverifica.bo/noticia-sobre-mesa-y-la-quema-de-documentos-de-gastos-reservados-vuelve-a-tomar-las-redes-sociales/,Noticia sobre Mesa y la quema de documentos de gastos reservados vuelve a tomar las redes sociales,Enganosa
1059,2020-09-24T16:14:02,boliviaverifica.bo,https://boliviaverifica.bo/el-numero-de-votantes-habilitados-en-argentina-no-aumento/,El número de votantes habilitados en Argentina no aumentó,Enganosa
1060,2020-09-24T15:13:40,boliviaverifica.bo,https://boliviaverifica.bo/un-hombre-le-dijo-a-mesa-que-no-quiere-comer-de-la-basura-pero-el-hecho-no-es-reciente/,"Un hombre le dijo a Mesa que no quiere comer de la basura, pero el hecho no es reciente",Enganosa
1061,2020-09-24T11:59:19,boliviaverifica.bo,https://boliviaverifica.bo/no-es-actual-fotografia-de-salvador-romero-y-carlos-mesa-data-del-2016-mesa-data-del-2016/,No es actual: fotografía de Salvador Romero y Carlos Mesa data del 2016,Enganosa
1062,2020-09-22T15:06:27,boliviaverifica.bo,https://boliviaverifica.bo/puntos-para-maestros-que-ejerzan-de-jurados-electorales-es-una-nota-del-2019/,Puntos para maestros que ejerzan de jurados electorales es una nota del 2019,Enganosa
1063,2020-09-17T17:37:31,boliviaverifica.bo,https://boliviaverifica.bo/ciesmori-ypfb-y-juntos-la-encuestadora-se-reunio-con-la-alianza-politica-pero-los-contratos-de-ypfb-son-con-otra-empresa/,"Ciesmori, YPFB y Juntos: La encuestadora se reunió con la alianza política pero los contratos de YPFB son con otra empresa",Enganosa
1064,2020-09-14T14:51:30,boliviaverifica.bo,https://boliviaverifica.bo/video-que-refleja-el-apoyo-de-el-alto-a-carlos-mesa-en-2019-vuelve-a-circular-como-si-fuera-actual/,Video que refleja el apoyo de El Alto a Carlos Mesa en 2019 vuelve a circular como si fuera actual,Enganosa
1065,2020-09-11T20:03:41,boliviaverifica.bo,https://boliviaverifica.bo/jeanine-anez-dio-inicio-a-una-obra-de-alcantarillado-en-villa-montes-no-la-inauguro/,"Jeanine Áñez dio inicio a una obra de alcantarillado en Villa Montes, no la inauguró",Enganosa
1066,2020-09-11T19:36:49,boliviaverifica.bo,https://boliviaverifica.bo/cuidado-circula-una-encuesta-de-intencion-de-voto-anonima/,¡Cuidado! Circula una encuesta de intención de voto anónima,Enganosa
1067,2020-09-11T17:28:37,boliviaverifica.bo,https://boliviaverifica.bo/circula-video-de-tuto-quiroga-pidiendo-el-voto-para-carlos-mesa-pero-fue-en-2019/,"Circula video de Tuto Quiroga pidiendo el voto para Carlos Mesa, pero fue en 2019",Enganosa
1068,2020-09-10T18:25:44,boliviaverifica.bo,https://boliviaverifica.bo/la-resistencia-potosinista-rechazo-el-inicio-de-campana-del-mas/,La Resistencia Potosinista rechazó el inicio de campaña del MAS,Enganosa
1069,2020-09-10T16:09:51,boliviaverifica.bo,https://boliviaverifica.bo/evo-morales-utiliza-fotos-de-la-anterior-campana-para-resaltar-al-mas/,Evo Morales utiliza fotos de la anterior campaña para resaltar al MAS,Enganosa
1070,2020-09-09T16:17:34,boliviaverifica.bo,https://boliviaverifica.bo/periodista-juan-carlos-arana-no-defendio-a-luis-arce-en-una-entrevista/,Periodista Juan Carlos Arana no defendió a Luis Arce en una entrevista,Enganosa
1071,2020-09-08T12:35:29,boliviaverifica.bo,https://boliviaverifica.bo/video-en-el-que-doria-medina-pide-votar-por-carlos-mesa-circula-como-actual/,Vídeo en el que Doria Medina pide votar por Carlos Mesa circula como actual,Enganosa
1072,2020-09-07T12:24:17,boliviaverifica.bo,https://boliviaverifica.bo/comunidad-ciudadana-no-denuncio-al-gobierno-por-contratar-a-consultora-internacional/,Comunidad Ciudadana no denunció al Gobierno por contratar a consultora internacional,Enganosa
1073,2020-09-03T18:33:57,boliviaverifica.bo,https://boliviaverifica.bo/edgar-villegas-no-revelo-que-el-mas-ganara-en-primera-vuelta-como-asegura-un-post/,"Edgar Villegas no “reveló” que el MAS ganará en primera vuelta, como asegura un post",Enganosa
1074,2020-09-02T18:42:08,boliviaverifica.bo,https://boliviaverifica.bo/con-un-video-antiguo-afirman-que-carlos-mesa-pretende-trasladar-la-sede-de-gobierno-a-sucre/,Con un video antiguo afirman que Carlos Mesa pretende trasladar la sede de Gobierno a Sucre,Enganosa
1075,2020-08-31T18:15:50,boliviaverifica.bo,https://boliviaverifica.bo/encuesta-electoral-que-favorece-a-tuto-quiroga-no-es-oficial/,Encuesta electoral que favorece a Tuto Quiroga no es oficial,Enganosa
1076,2020-08-31T16:02:00,boliviaverifica.bo,https://boliviaverifica.bo/es-cierto-que-el-tse-inhabilito-678-candidaturas-pero-lo-hizo-hace-seis-meses/,"Es cierto que el TSE inhabilitó 678 candidaturas, pero lo hizo hace seis meses",Enganosa
1077,2020-08-30T18:34:32,boliviaverifica.bo,https://boliviaverifica.bo/doria-medina-dijo-que-es-inquilino-y-no-dueno-de-casa-realmente-vive-en-alquiler/,Doria Medina dijo que es inquilino y no dueño de casa ¿realmente vive en alquiler?,Enganosa
1078,2020-08-28T18:13:09,boliviaverifica.bo,https://boliviaverifica.bo/arce-no-se-reunio-recientemente-con-el-presidente-de-argentina-estas-fotos-son-antiguas/,"Arce no se reunió recientemente con el presidente de Argentina, estas fotos son antiguas",Enganosa
1079,2020-08-28T12:29:05,boliviaverifica.bo,https://boliviaverifica.bo/no-se-ha-suspendido-el-voto-boliviano-en-brasil-pero-dependera-de-las-disposiciones-de-ese-pais/,No se ha suspendido el voto boliviano en Brasil pero dependerá de las disposiciones de ese país,Enganosa
1080,2020-08-25T18:08:25,boliviaverifica.bo,https://boliviaverifica.bo/diario-atribuye-enganosa-declaracion-sobre-el-mas-a-andronico-rodriguez/,Diario atribuye engañosa declaración sobre el MAS a Andrónico Rodríguez,Enganosa
1081,2020-08-24T18:44:46,boliviaverifica.bo,https://boliviaverifica.bo/increparon-a-luis-arce-en-un-aeropuerto-pero-el-hecho-no-es-reciente/,Increparon a Luis Arce en un aeropuerto pero el hecho no es reciente,Enganosa
1082,2020-08-20T17:14:14,boliviaverifica.bo,https://boliviaverifica.bo/jeanine-anez-posa-para-foto-de-campana-electoral-no-la-imagen-esta-manipulada/,"¿Jeanine Áñez posa para foto de campaña electoral? No, la imagen está manipulada",Enganosa
1083,2020-08-16T19:27:02,boliviaverifica.bo,https://boliviaverifica.bo/imagen-de-2008-es-utilizada-para-malinterpretar-el-contexto-actual/,Imagen de 2008 es utilizada para malinterpretar el contexto actual,Enganosa
1084,2020-08-05T15:23:31,boliviaverifica.bo,https://boliviaverifica.bo/video-en-frances-sobre-marchas-en-bolivia-muestra-imagenes-que-no-son-actuales/,Video en francés sobre marchas en Bolivia muestra imágenes que no son actuales,Enganosa
1085,2020-07-30T16:49:12,boliviaverifica.bo,https://boliviaverifica.bo/usan-una-foto-antigua-para-desinformar-sobre-la-marcha-de-la-cob/,Usan una foto antigua para desinformar sobre la marcha de la COB,Enganosa
1086,2020-07-28T19:05:49,boliviaverifica.bo,https://boliviaverifica.bo/con-un-video-antiguo-aseguran-que-ponchos-rojos-se-reparten-dinero-despues-del-cabildo/,Con un video antiguo aseguran que Ponchos Rojos se reparten dinero después del cabildo,Enganosa
1087,2020-07-27T17:54:34,boliviaverifica.bo,https://boliviaverifica.bo/descontextualizan-nota-sobre-marco-antonio-pumari/,Descontextualizan nota sobre Marco Antonio Pumari,Enganosa
1088,2020-07-24T13:09:56,boliviaverifica.bo,https://boliviaverifica.bo/video-antiguo-sobre-abandono-a-carlos-mesa-para-apoyar-al-mas-se-vuelve-a-viralizar-en-redes/,Video antiguo sobre abandono a Carlos Mesa para apoyar al MAS se vuelve a viralizar en redes,Enganosa
1089,2020-07-20T19:33:48,boliviaverifica.bo,https://boliviaverifica.bo/samuel-doria-medina-sugiere-comprar-un-auto-en-medio-de-la-pandemia/,Samuel Doria Medina sugiere comprar un auto en medio de la pandemia,Enganosa
1090,2020-07-14T09:29:00,boliviaverifica.bo,https://boliviaverifica.bo/el-padron-esta-habilitado-hasta-el-17-de-julio-con-excepcion-de-la-ciudad-de-la-paz/,"El Padrón está habilitado hasta el 17 de julio, con excepción de la ciudad de La Paz",Enganosa
1091,2020-07-07T17:13:21,boliviaverifica.bo,https://boliviaverifica.bo/camacho-coordino-su-visita-a-pando-con-las-autoridades-correspondientes/,Camacho coordinó su visita a Pando con las autoridades correspondientes,Enganosa
1092,2020-06-24T18:57:56,boliviaverifica.bo,https://boliviaverifica.bo/conade-no-convoco-a-ninguna-marcha-contra-las-elecciones/,CONADE no convocó a ninguna marcha contra las elecciones,Enganosa
1093,2019-12-06T18:33:57,boliviaverifica.bo,https://boliviaverifica.bo/evo-insiste-en-idea-de-fraude-basandose-solo-en-observacion-a-226-actas-por-parte-de-la-oea/,Evo insiste en idea de fraude basándose sólo en observación a 226 actas por parte de la OEA,Enganosa
1094,2019-10-17T12:33:21,boliviaverifica.bo,https://boliviaverifica.bo/enganosa-noticia-sobre-en-tarija-aparecen-4-000-votos-en-una-misma-mesa-a-favor-del-mas/,Engañosa noticia sobre “En Tarija aparecen 4.000 votos en una misma mesa a favor del MAS”,Enganosa
1095,2019-10-11T18:54:17,boliviaverifica.bo,https://boliviaverifica.bo/enganosos-mensajes-sobre-el-conteo-de-votos/,Engañosos mensajes sobre el conteo de votos,Enganosa
1096,2019-09-06T15:18:10,boliviaverifica.bo,https://boliviaverifica.bo/peinado-candidato-a-la-vicepresidencia-por-ucs-comparte-una-imagen-trucada-en-sus-redes/,"Peinado, candidato a la vicepresidencia por UCS, comparte una imagen trucada en sus redes",Enganosa
1097,2019-08-03T15:14:38,boliviaverifica.bo,https://boliviaverifica.bo/falsa-noticia-sobre-encuesta-de-intencion-de-voto/,Engañosa publicación sobre intención de voto,Enganosa
