id_registro,fecha_publicacion,fuente_verificadora,url_origen,texto_crudo,categoria_original
1,,chequeabolivia.bo,https://chequeabolivia.bo/encuesta-falsa-posiciona-riony-villarroel-en-primer-lugar-en-la-alcaldia-de-sacaba,Encuesta falsa posiciona a Riony Villarroel en primer lugar en la Alcaldía de Sacaba,Falso
2,,chequeabolivia.bo,https://chequeabolivia.bo/imagen-falsa-atribuye-al-noticiero-aqui-en-vivo-una-declaracion-de-ruth-nina-agradeciendo-jorge,Imagen falsa atribuye al noticiero “Aquí en Vivo” una declaración de Ruth Nina agradeciendo a Jorge “Tuto” Quiroga,Falso
3,,chequeabolivia.bo,https://chequeabolivia.bo/unitel-no-publico-que-jorge-tuto-quiroga-gano-el-debate-presidencial,Unitel no publicó que Jorge “Tuto” Quiroga ganó el debate presidencial,Falso
4,,chequeabolivia.bo,https://chequeabolivia.bo/los-videos-de-marcelo-claure-y-samuel-doria-medina-que-prometen-miles-de-bolivianos-son-falsos,Los videos de Marcelo Claure y Samuel Doria Medina que prometen miles de bolivianos son falsos,Falso
5,,chequeabolivia.bo,https://chequeabolivia.bo/index%2Ephp/es-falso-que-medio-de-honduras-anuncio-que-jorge-tuto-quiroga-gano-las-elecciones,Es falso que medio de Honduras anunció que Jorge “Tuto” Quiroga ganó las elecciones,Falso
6,,chequeabolivia.bo,https://chequeabolivia.bo/index%2Ephp/circula-encuesta-falsa-de-empresa-extranjera-poniendo-samuel-doria-medina-como-ganador,Circula encuesta falsa de empresa extranjera poniendo a Samuel Doria Medina como ganador,Falso
7,,chequeabolivia.bo,https://chequeabolivia.bo/index%2Ephp/encuesta-falsa-de-whatsapp-posiciona-jaime-dunn-como-favorito-para-las-elecciones,Encuesta falsa de WhatsApp posiciona a Jaime Dunn como favorito para las elecciones,Falso
8,,chequeabolivia.bo,https://chequeabolivia.bo/index%2Ephp/encuesta-que-posiciona-jorge-tuto-quiroga-como-favorito-es-falsa,Encuesta que posiciona a Jorge Tuto Quiroga como favorito es falsa,Falso
9,,chequeabolivia.bo,https://chequeabolivia.bo/es-falso-que-postergaron-las-elecciones-judiciales-para-el-29-de-diciembre,Es falso que postergaron las Elecciones Judiciales para el 29 de diciembre,Falso
10,,chequeabolivia.bo,https://chequeabolivia.bo/circula-una-encuesta-falsa-sobre-las-elecciones-judiciales-atribuida-fundacion-jubileo,Circula una encuesta falsa sobre las Elecciones Judiciales atribuida a Fundación Jubileo,Falso
11,,chequeabolivia.bo,https://chequeabolivia.bo/tuto-quiroga-no-anuncio-su-candidatura-las-proximas-elecciones-tras-conocer-la-victoria-de-velasco,Tuto Quiroga no anunció su candidatura a las próximas elecciones tras conocer la victoria de Velasco,Falso
12,,chequeabolivia.bo,https://chequeabolivia.bo/esta-encuesta-de-intencion-de-voto-que-da-como-ganadora-maria-rene-soruco-en-tarija-es-falsa,Esta encuesta de intención de voto que da como ganadora a María René Soruco en Tarija es falsa,Falso
13,,chequeabolivia.bo,https://chequeabolivia.bo/junior-arias-no-informo-que-el-candidato-la-gobernacion-de-beni-declino-su-candidatura-la-segunda,Junior Arias no informó que el candidato a la Gobernación de Beni declinó su candidatura a la segunda vuelta,Falso
14,,chequeabolivia.bo,https://chequeabolivia.bo/es-falso-que-rodrigo-paz-entrego-dinero-un-candidato-de-beni-para-promover-guerra-sucia,Es falso que Rodrigo Paz entregó dinero a un candidato de Beni para promover guerra sucia,Falso
15,,chequeabolivia.bo,https://chequeabolivia.bo/es-falso-que-el-tse-prohibio-publicar-unitel-encuesta-de-santa-cruz,Es falso que el TSE prohibió publicar a Unitel encuesta de Santa Cruz,Falso
16,,chequeabolivia.bo,https://chequeabolivia.bo/se-difunde-una-nomina-falsa-de-candidatos-para-las-elecciones-de-2025,Se difunde una nómina falsa de candidatos para las elecciones de 2025,Falso
17,,chequeabolivia.bo,https://chequeabolivia.bo/encuesta-en-la-que-ritter-figura-con-65-de-intencion-de-voto-es-falsa,Encuesta en la que Ritter figura con 65% de intención de voto es falsa,Falso
18,,chequeabolivia.bo,https://chequeabolivia.bo/encuesta-en-la-que-jp-velasco-tiene-65-de-intencion-de-voto-no-fue-publicada-por-ipsos-ciesmori,Encuesta en la que JP Velasco tiene 65% de intención de voto no fue publicada por Ipsos Ciesmori,Falso
19,,chequeabolivia.bo,https://chequeabolivia.bo/es-falso-que-por-mil-votos-leonardo-loza-no-fue-segunda-vuelta-como-dice-virginio-lema,Es falso que por mil votos Leonardo Loza no fue a segunda vuelta como dice Virginio Lema,Falso
20,,chequeabolivia.bo,https://chequeabolivia.bo/no-se-detuvo-el-conteo-de-votos-la-gobernacion-de-cochabamba-para-forzar-una-segunda-vuelta-como,No se detuvo el conteo de votos a la Gobernación de Cochabamba para forzar una segunda vuelta como dice “análisis” de Gemini,Falso
21,,chequeabolivia.bo,https://chequeabolivia.bo/es-falso-que-un-candidato-concejal-de-cochabamba-renuncio-para-ser-sustituido-por-el-hijo-de,Es falso que un candidato a concejal de Cochabamba renunció para ser sustituido por el hijo de Manfred Reyes Villa,Falso
22,,chequeabolivia.bo,https://chequeabolivia.bo/carlos-mesa-no-debemos-ir-eleccion-en-agosto-debemos-postergarlo-hasta-el-2021,"Carlos Mesa: “No debemos ir a elección en agosto, debemos postergarlo hasta el 2021”",Falso
23,,chequeabolivia.bo,https://chequeabolivia.bo/paz-zamora-acusa-al-gobierno-de-anez-de-usar-el-coronavirus-para-seguir-en-el-poder-y-pide,Paz Zamora acusa al Gobierno de Áñez de usar el Coronavirus para seguir en el poder y pide elecciones,Falso
24,,chequeabolivia.bo,https://chequeabolivia.bo/carlos-mesa-trasladara-la-sede-de-gobierno-sucre,Carlos Mesa trasladará la sede de gobierno a Sucre,Falso
25,,chequeabolivia.bo,https://chequeabolivia.bo/carlos-mesa-planea-vender-recursos-naturales-empresa-chilena,Carlos Mesa planea vender recursos naturales a empresa chilena,Falso
26,,chequeabolivia.bo,https://chequeabolivia.bo/index%2Ephp/esta-encuesta-que-ubica-waldo-albarracin-como-ganador-de-la-alcaldia-de-la-paz-es-falsa,Esta encuesta que ubica a Waldo Albarracín como ganador de la Alcaldía de La Paz es falsa,Falso
27,,chequeabolivia.bo,https://chequeabolivia.bo/encuesta-muestra-un-candidato-inexistente-con-mayoria-de-votos-para-la-alcaldia-en-el-alto,Encuesta muestra a un candidato inexistente con mayoría de votos para la alcaldía en El Alto,Falso
28,,chequeabolivia.bo,https://chequeabolivia.bo/esta-foto-de-eva-copa-y-eliser-roca-juntos-antes-de-las-elecciones-es-falsa,Esta foto de Eva Copa y Eliser Roca juntos antes de las elecciones es falsa,Falso
29,,chequeabolivia.bo,https://chequeabolivia.bo/index%2Ephp/es-falso-que-el-candidato-jose-sanchez-estaria-ganando-la-eleccion-la-alcaldia-de-cochabamba,Es falso que el candidato José Sánchez estaría ganando la elección a la Alcaldía de Cochabamba,Falso
30,,chequeabolivia.bo,https://chequeabolivia.bo/es-falsa-la-encuesta-que-posiciona-miguel-roca-como-favorito-por-la-alcaldia-de-la-paz,Es falsa la encuesta que posiciona a Miguel Roca como favorito por la alcaldía de La Paz,Falso
31,,chequeabolivia.bo,https://chequeabolivia.bo/diputado-del-mas-pide-investigar-personas-que-insulten-evo-morales-en-redes-sociales,Diputado del MAS pide investigar a personas que insulten a Evo Morales en redes sociales,Falso
32,,chequeabolivia.bo,https://chequeabolivia.bo/manipulacion-en-los-resultados-de-la-encuesta-de-la-fundacion-jubileo-y-umsa,Manipulación en los resultados de la encuesta de la Fundación Jubileo y UMSA,Falso
33,,chequeabolivia.bo,https://chequeabolivia.bo/red-pat-no-publico-que-luis-revilla-acudio-rodrigo-paz-para-captar-votos,Red PAT no publicó que Luis Revilla acudió a Rodrigo Paz para captar votos,Falso
34,,chequeabolivia.bo,https://chequeabolivia.bo/es-falso-que-luis-revilla-haya-declarado-que-rodrigo-paz-le-resto-votos,Es falso que Luis Revilla haya declarado que Rodrigo Paz le restó votos,Falso
35,,chequeabolivia.bo,https://chequeabolivia.bo/es-falso-que-unitel-posicione-iturralte-como-candidato-preferido-en-la-paz-horas-de-las-0,Es falso que Unitel posicione a Iturralte como candidato preferido en La Paz “a horas de las subnacionales”,Falso
36,,chequeabolivia.bo,https://chequeabolivia.bo/es-falso-que-el-candidato-la-alcaldia-de-la-paz-jhonny-plata-esta-inhabilitado,Es falso que el candidato a la Alcaldía de La Paz Jhonny Plata está inhabilitado,Falso
37,,chequeabolivia.bo,https://chequeabolivia.bo/el-audio-en-el-que-andres-chino-gomez-denuncia-un-supuesto-fraude-electoral-es-falso,El audio en el que Andrés “Chino” Gomez denuncia un supuesto fraude electoral es falso,Falso
38,,chequeabolivia.bo,https://chequeabolivia.bo/es-falso-que-leonardo-loza-fue-inhabilitado-como-candidato-la-gobernacion-de-cochabamba,Es falso que Leonardo Loza fue inhabilitado como candidato a la Gobernación de Cochabamba,Falso
39,,chequeabolivia.bo,https://chequeabolivia.bo/carlos-mesa-pide-prestamo-adelantado-estados-unidos,Carlos Mesa pide préstamo adelantado a Estados Unidos,Falso
40,,chequeabolivia.bo,https://chequeabolivia.bo/candidata-diputada-plurinominal-por-comunidad-ciudadana-se-expresa-con-insultos-traves-de-las-redes,Candidata a diputada plurinominal por Comunidad Ciudadana se expresa con insultos a través de las redes sociales,Falso
41,,chequeabolivia.bo,https://chequeabolivia.bo/portal-vota-inteligente-difunde-resultados-de-intencion-de-voto-de-una-encuestadora-que-no-esta,Portal Vota Inteligente difunde resultados de intención de voto de una encuestadora que no está registrada en el Órgano Electoral,Falso
42,,chequeabolivia.bo,https://chequeabolivia.bo/la-encuesta-que-posiciona-demetrio-villca-como-favorito-la-gobernacion-de-la-paz-es-falsa,La encuesta que posiciona a Demetrio Villca como favorito a la Gobernación de La Paz es falsa,Falso
43,,chequeabolivia.bo,https://chequeabolivia.bo/por-fin-carlos-mesa-presenta-su-plan-de-gobierno,Por fin Carlos Mesa presenta su plan de gobierno,Falso
44,,chequeabolivia.bo,https://chequeabolivia.bo/index%2Ephp/es-falso-el-video-que-circula-de-mamen-saavedra-declinando-su-participacion-en-el-debate-del-tse,Es falso el video que circula de Mamen Saavedra declinando su participación en el debate del TSE,Falso
45,,chequeabolivia.bo,https://chequeabolivia.bo/carlos-mesa-exhorta-ortiz-disculparse-publicamente,Carlos Mesa exhorta a Ortiz a disculparse publicamente,Falso
46,,chequeabolivia.bo,https://chequeabolivia.bo/ola-de-encuestas-falsas-inunda-las-redes-antes-de-las-elecciones-subnacionales,Ola de encuestas falsas inunda las redes antes de las Elecciones Subnacionales,Falso
47,,chequeabolivia.bo,https://chequeabolivia.bo/esta-encuesta-de-los-departamentos-de-la-paz-cochabamba-y-santa-cruz-es-falsa,"Esta encuesta de los departamentos de La Paz, Cochabamba y Santa Cruz es falsa",Falso
48,,chequeabolivia.bo,https://chequeabolivia.bo/amenazas-del-presidente-evo-morales-la-poblacion-por-su-reeleccion,Amenazas del presidente Evo Morales a la población por su reelección,Falso
49,,chequeabolivia.bo,https://chequeabolivia.bo/oscar-ortiz-se-raya-con-carlos-mesa,Óscar Ortiz se raya con Carlos Mesa,Falso
50,,chequeabolivia.bo,https://chequeabolivia.bo/unitel-no-publico-una-encuesta-que-situa-mario-galarza-como-favorito-la-alcaldia-de-sipe-sipe,Unitel no publicó una encuesta que sitúa a Mario Galarza como favorito a la Alcaldía de Sipe Sipe,Falso
51,,chequeabolivia.bo,https://chequeabolivia.bo/es-falsa-la-encuesta-que-muestra-dockweiler-y-rivero-liderando-para-la-alcaldia-de-la-paz,Es falsa la encuesta que muestra a Dockweiler y Rivero liderando para la Alcaldía de La Paz,Falso
52,,chequeabolivia.bo,https://chequeabolivia.bo/es-falso-que-el-candidato-de-vos-la-alcaldia-de-montero-este-acusado-de-trata-y-trafico-en-paraguay,Es falso que el candidato de VOS a la Alcaldía de Montero esté acusado de trata y tráfico en Paraguay,Falso
53,,chequeabolivia.bo,https://chequeabolivia.bo/la-encuesta-que-posiciona-david-vargas-con-18-por-ciento-en-la-ciudad-de-el-alto-es-falsa,La encuesta que posiciona a David Vargas con 18 por ciento en la ciudad de El Alto es falsa,Falso
54,,chequeabolivia.bo,https://chequeabolivia.bo/la-encuesta-que-posiciona-jhonny-plata-como-favorito-la-alcaldia-de-la-paz-es-falsa,La encuesta que posiciona a Jhonny Plata como favorito a la Alcaldía de La Paz es falsa,Falso
55,,chequeabolivia.bo,https://chequeabolivia.bo/los-tiempos-no-publico-una-encuesta-que-situa-manfred-reyes-villa-con-el-198-para-la-alcaldia-de,"Los Tiempos no público una encuesta que sitúa a Manfred Reyes Villa con el 19,8% para la Alcaldía de Cochabamba",Falso
56,,chequeabolivia.bo,https://chequeabolivia.bo/unitel-no-publico-una-encuesta-que-situa-luis-santa-cruz-como-favorito-la-alcaldia-de-quillacollo,Unitel no publicó una encuesta que sitúa a Luis Santa Cruz como favorito a la Alcaldía de Quillacollo,Falso
57,,chequeabolivia.bo,https://chequeabolivia.bo/el-video-que-muestra-evo-morales-brindar-su-apoyo-al-candidato-tahuichi-es-falso,El video que muestra a Evo Morales brindar su apoyo al candidato Tahuichi es falso,Falso
58,,chequeabolivia.bo,https://chequeabolivia.bo/unitel-no-publico-la-encuesta-que-posiciona-diego-lopez-como-favorito-la-alcaldia-de-warnes,Unitel no publicó la encuesta que posiciona a Diego López como favorito a la Alcaldía de Warnes,Falso
59,,chequeabolivia.bo,https://chequeabolivia.bo/unitel-no-publico-una-encuesta-que-situa-lizeth-morales-como-favorita-la-alcaldia-de-sacaba,Unitel no publicó una encuesta que sitúa a Lizeth Morales como favorita a la Alcaldía de Sacaba,Falso
60,,chequeabolivia.bo,https://chequeabolivia.bo/es-falsa-la-encuesta-que-muestra-rene-yahuasi-liderar-votaciones-para-la-gobernacion-de-la-paz,Es falsa la encuesta que muestra a Rene Yahuasi liderar votaciones para la Gobernación de La Paz,Falso
61,,chequeabolivia.bo,https://chequeabolivia.bo/index%2Ephp/red-uno-no-difundio-la-primera-encuesta-que-posiciona-sanabria-y-auza-como-lideres-en-sucre,Red Uno no difundió la “primera encuesta” que posiciona a Sanabria y Auza como líderes en Sucre,Falso
62,,chequeabolivia.bo,https://chequeabolivia.bo/index%2Ephp/encuesta-que-muestra-ivan-quispe-como-ganador-de-la-alcaldia-de-oruro-es-falsa,Encuesta que muestra a Iván Quispe como ganador de la Alcaldía de Oruro es falsa,Falso
63,,chequeabolivia.bo,https://chequeabolivia.bo/index%2Ephp/el-deber-no-publico-una-encuesta-que-posiciona-felix-patzi-como-favorito-la-gobernacion-de-la-paz,El Deber no publicó una encuesta que posiciona a Félix Patzi como favorito a la Gobernación de La Paz,Falso
64,,chequeabolivia.bo,https://chequeabolivia.bo/esta-encuesta-de-intencion-de-voto-para-la-gobernacion-de-santa-cruz-atribuida-unitel-es-falsa,Esta encuesta de intención de voto para la Gobernación de Santa Cruz atribuida a Unitel es falsa,Falso
65,,chequeabolivia.bo,https://chequeabolivia.bo/es-falso-que-juan-pablo-velasco-fue-inhabilitado-como-candidato-la-gobernacion-de-santa-cruz,Es falso que Juan Pablo Velasco fue inhabilitado como candidato a la Gobernación de Santa Cruz,Falso
66,,chequeabolivia.bo,https://chequeabolivia.bo/red-uno-no-publico-una-encuesta-de-intencion-de-voto-que-favorece-juan-pablo-velasco,Red Uno no publicó una encuesta de intención de voto que favorece a Juan Pablo Velasco,Falso
67,,chequeabolivia.bo,https://chequeabolivia.bo/la-encuesta-que-muestra-jhonny-plata-como-primero-para-la-alcaldia-de-la-paz-es-falsa,La encuesta que muestra a Jhonny Plata como primero para la Alcaldía de La Paz es falsa,Falso
68,,chequeabolivia.bo,https://chequeabolivia.bo/unitel-no-informo-que-revilla-y-patzi-estan-como-favoritos-en-las-encuestas,Unitel no informó que Revilla y Patzi están como favoritos en las encuestas,Falso
69,,chequeabolivia.bo,https://chequeabolivia.bo/video-manipulado-usa-imagen-de-brissa-pabon-para-difundir-encuesta-falsa-sobre-alcaldia-de-santa,Video manipulado usa imagen de Brissa Pabón para difundir encuesta falsa sobre Alcaldía de Santa Cruz,Falso
70,,chequeabolivia.bo,https://chequeabolivia.bo/esta-encuesta-con-dockweiler-como-favorito-para-alcalde-de-la-paz-es-falsa,Esta encuesta con Dockweiler como favorito para alcalde de La Paz es falsa,Falso
71,,chequeabolivia.bo,https://chequeabolivia.bo/la-encuesta-de-intencion-de-voto-para-la-alcaldia-de-la-paz-atribuida-datum-internacional-es-falsa,La encuesta de intención de voto para la Alcaldía de La Paz atribuida a Datum Internacional es falsa,Falso
72,,chequeabolivia.bo,https://chequeabolivia.bo/la-encuesta-que-posiciona-como-ganador-jose-carlos-sanchez-en-la-alcaldia-de-cochabamba-es-falsa,La encuesta que posiciona como ganador a José Carlos Sánchez en la Alcaldía de Cochabamba es falsa,Falso
73,,chequeabolivia.bo,https://chequeabolivia.bo/unitel-no-publico-una-encuesta-que-situa-luis-fernando-camacho-como-favorito-la-gobernacion-de,Unitel no publicó una encuesta que sitúa a Luis Fernando Camacho como favorito a la Gobernación de Santa Cruz,Falso
74,,chequeabolivia.bo,https://chequeabolivia.bo/esta-encuesta-que-pone-en-primer-lugar-oscar-sogliano-en-la-paz-es-falsa,Esta encuesta que pone en primer lugar a Oscar Sogliano en La Paz es falsa,Falso
75,,chequeabolivia.bo,https://chequeabolivia.bo/es-falso-que-el-candidato-la-alcaldia-de-la-paz-xavier-iturralde-fue-internado-por-intoxicacion-por,Es falso que el candidato a la Alcaldía de La Paz Xavier Iturralde fue internado por intoxicación por sustancias,Falso
76,,chequeabolivia.bo,https://chequeabolivia.bo/circulan-encuestas-falsas-de-intencion-de-voto-para-la-alcaldia-y-gobernacion-de-santa-cruz,Circulan encuestas falsas de intención de voto para la Alcaldía y Gobernación de Santa Cruz,Falso
77,,chequeabolivia.bo,https://chequeabolivia.bo/circulan-encuestas-falsas-de-intencion-de-voto-para-tres-gobernaciones,Circulan encuestas falsas de intención de voto para tres gobernaciones,Falso
78,,chequeabolivia.bo,https://chequeabolivia.bo/esta-encuesta-en-la-que-el-tata-quispe-aparece-en-primer-lugar-es-falsa,Esta encuesta en la que el ‘Tata’ Quispe aparece en primer lugar es falsa,Falso
79,,chequeabolivia.bo,https://chequeabolivia.bo/es-falso-que-harold-lora-sea-candidato-concejal-en-la-paz-por-apb-sumate,Es falso que Harold Lora sea candidato a concejal en La Paz por APB Súmate,Falso
80,,chequeabolivia.bo,https://chequeabolivia.bo/el-candidato-alfredo-solares-no-apoya-el-incremento-del-pasaje-en-santa-cruz,El candidato Alfredo Solares no apoya el incremento del pasaje en Santa Cruz,Falso
81,,chequeabolivia.bo,https://chequeabolivia.bo/captura-consulting-no-elaboro-una-encuesta-de-intencion-de-voto-para-la-alcaldia-de-el-alto,Captura Consulting no elaboró una encuesta de intención de voto para la Alcaldía de El Alto,Falso
82,,chequeabolivia.bo,https://chequeabolivia.bo/index%2Ephp/andronico-no-regreso-las-6-federaciones-del-tropico-ni-fue-anunciado-como-candidato-la-gobernacion,Andrónico no regresó a las 6 Federaciones del Trópico ni fue anunciado como candidato a la Gobernación de Cochabamba,Falso
83,,chequeabolivia.bo,https://chequeabolivia.bo/esta-encuesta-que-da-como-ganador-manfred-reyes-villa-en-las-subnacionales-es-falsa,Esta encuesta que da como ganador a Manfred Reyes Villa en las subnacionales es falsa,Falso
84,,chequeabolivia.bo,https://chequeabolivia.bo/esta-encuesta-de-intencion-de-voto-para-la-alcaldia-de-santa-cruz-con-mamen-saavedra-liderando-es,Esta encuesta de intención de voto para la alcaldía de Santa Cruz con Mamén Saavedra liderando es falsa,Falso
85,,chequeabolivia.bo,https://chequeabolivia.bo/es-falso-que-evo-morales-fue-proclamado-como-candidato-gobernador-de-cochabamba,Es falso que Evo Morales fue proclamado como candidato a gobernador de Cochabamba,Falso
86,,chequeabolivia.bo,https://chequeabolivia.bo/es-falso-que-tuto-quiroga-haya-enviado-un-mensaje-edmand-lara-sobre-una-amistad-con-rodrigo-paz,Es falso que Tuto Quiroga haya enviado un mensaje a Edmand Lara sobre una “amistad” con Rodrigo Paz,Falso
87,,chequeabolivia.bo,https://chequeabolivia.bo/index%2Ephp/tuto-quiroga-no-dijo-que-el-pueblo-se-levantara-si-se-elimina-la-renta-vitalicia-expresidentes,Tuto Quiroga no dijo que el pueblo se levantará si se elimina la renta vitalicia a expresidentes,Falso
88,,chequeabolivia.bo,https://chequeabolivia.bo/es-falso-que-unitel-haya-publicado-que-cesar-dockweiler-lidera-con-60-en-encuestas-para-alcalde-de,Es falso que Unitel haya publicado que César Dockweiler lidera con 60% en encuestas para alcalde de La Paz,Falso
89,,chequeabolivia.bo,https://chequeabolivia.bo/es-falso-que-periodista-de-cnn-denuncio-fraude-electoral-en-bolivia,Es falso que periodista de CNN denunció “fraude electoral” en Bolivia,Falso
90,,chequeabolivia.bo,https://chequeabolivia.bo/red-uno-no-informo-que-sebastian-marset-emitio-su-voto-en-el-urubo,Red Uno no informó que Sebastián Marset emitió su voto en el Urubó,Falso
91,,chequeabolivia.bo,https://chequeabolivia.bo/es-falso-que-evo-morales-mostro-su-papeleta-marcada-por-el-pdc,Es falso que Evo Morales mostró su papeleta marcada por el PDC,Falso
92,,chequeabolivia.bo,https://chequeabolivia.bo/la-encuesta-que-posiciona-rodrigo-paz-en-primer-lugar-con-57-es-falsa,La encuesta que posiciona a Rodrigo Paz en primer lugar con 57% es falsa,Falso
93,,chequeabolivia.bo,https://chequeabolivia.bo/el-audio-atribuido-rodrigo-paz-donde-dice-que-los-campesinos-masistas-sirven-solo-para-los-votos,El audio atribuido a Rodrigo Paz donde dice que los “campesinos masistas” sirven solo para los votos fue creado con IA,Falso
94,,chequeabolivia.bo,https://chequeabolivia.bo/es-falso-que-atb-digital-publico-que-el-voto-de-juan-pablo-velasco-fue-anulado,Es falso que ATB Digital publicó que el voto de Juan Pablo Velasco fue anulado,Falso
95,,chequeabolivia.bo,https://chequeabolivia.bo/estudio-de-opinion-que-da-como-ganador-jorge-tuto-quiroga-en-6-departamentos-es-falso,Estudio de opinión que da como ganador a Jorge Tuto Quiroga en 6 departamentos es falso,Falso
96,,chequeabolivia.bo,https://chequeabolivia.bo/este-audio-filtrado-de-junior-arias-y-tuto-quiroga-es-falso,Este audio “filtrado” de Junior Arias y Tuto Quiroga es falso,Falso
97,,chequeabolivia.bo,https://chequeabolivia.bo/es-falso-que-el-deber-publico-que-juan-pablo-velasco-no-pidio-disculpas-por-el-caso-tuits-en-el,Es falso que El Deber publicó que Juan Pablo Velasco no pidió disculpas por el caso tuits en el debate vicepresidencial,Falso
98,,chequeabolivia.bo,https://chequeabolivia.bo/encuesta-que-da-como-ganador-rodrigo-paz-en-segunda-vuelta-es-falsa,Encuesta que da como ganador a Rodrigo Paz en segunda vuelta es falsa,Falso
99,,chequeabolivia.bo,https://chequeabolivia.bo/unitel-no-publico-encuesta-con-mas-del-49-por-ciento-de-intencion-de-voto-nulo,Unitel no publicó encuesta con más del 49 por ciento de intención de voto nulo,Falso
100,,chequeabolivia.bo,https://chequeabolivia.bo/circula-encuesta-falsa-atribuida-unitel-mostrando-rodrigo-paz-ganador-con-755,Circula encuesta falsa atribuida a Unitel mostrando a Rodrigo Paz ganador con 75.5%,Falso
101,,chequeabolivia.bo,https://chequeabolivia.bo/es-falso-que-jeanine-anez-dijo-que-tuto-quiroga-deberia-estar-en-la-carcel-por-dar-ordenes-las,Es falso que Jeanine Áñez dijo que Tuto Quiroga “debería estar en la cárcel” por dar órdenes a las Fuerzas Armadas,Falso
102,,chequeabolivia.bo,https://chequeabolivia.bo/unitel-no-publico-que-el-tse-concluyo-que-lara-y-el-pdc-hacen-guerra-sucia,Unitel no publicó que el TSE concluyó que Lara y el PDC hacen “guerra sucia”,Falso
103,,chequeabolivia.bo,https://chequeabolivia.bo/index%2Ephp/este-video-de-un-hombre-controlando-el-voto-en-el-area-rural-es-de-2019,Este video de un hombre controlando el voto en el área rural es de 2019,Falso
104,,chequeabolivia.bo,https://chequeabolivia.bo/es-falso-que-una-encuesta-de-unitel-da-como-ganador-rodrigo-paz-en-segunda-vuelta,Es falso que una encuesta de Unitel da como ganador a Rodrigo Paz en segunda vuelta,Falso
105,,chequeabolivia.bo,https://chequeabolivia.bo/es-falso-que-luis-arce-catacora-renuncio-la-presidencia,Es falso que Luis Arce Catacora renunció a la Presidencia,Falso
106,,chequeabolivia.bo,https://chequeabolivia.bo/la-encuesta-de-atlas-electoral-que-posiciona-rodrigo-paz-con-416-en-segunda-vuelta-es-falsa,La encuesta de Atlas Electoral que posiciona a Rodrigo Paz con 41.6% en segunda vuelta es falsa,Falso
107,,chequeabolivia.bo,https://chequeabolivia.bo/es-falso-que-paz-no-puede-ser-candidato-por-haber-nacido-en-espana,Es falso que Paz no puede ser candidato por haber nacido en España,Falso
108,,chequeabolivia.bo,https://chequeabolivia.bo/es-falso-que-el-padron-electoral-tiene-un-error-que-beneficio-paz-y-lara-con-mas-de-1-millon-de,Es falso que el padrón electoral tiene un error que benefició a Paz y Lara con más de 1 millón de votos,Falso
109,,chequeabolivia.bo,https://chequeabolivia.bo/estas-anforas-electorales-encontradas-en-obrajes-no-corresponden-las-elecciones-generales-2025,Estas ánforas electorales encontradas en Obrajes no corresponden a las elecciones generales 2025,Falso
110,,chequeabolivia.bo,https://chequeabolivia.bo/falso-conteo-de-votos-en-facebook-muestra-al-voto-nulo-como-ganador,Falso conteo de votos en Facebook muestra al voto nulo como ganador,Falso
111,,chequeabolivia.bo,https://chequeabolivia.bo/es-falso-que-habra-segunda-vuelta-entre-tuto-quiroga-y-samuel-doria-medina,Es falso que habrá segunda vuelta entre Tuto Quiroga y Samuel Doria Medina,Falso
112,,chequeabolivia.bo,https://chequeabolivia.bo/encuesta-de-boca-de-urna-que-circula-en-whatsapp-y-que-pone-jorge-tuto-quiroga-en-whatsapp-es-falsa,Encuesta de boca de urna que circula en WhatsApp y que pone a Jorge “Tuto” Quiroga en WhatsApp es falsa,Falso
113,,chequeabolivia.bo,https://chequeabolivia.bo/circula-encuesta-en-boca-de-urna-falsa-atribuida-ipsos-ciesmori-con-doria-medina-como-ganador,Circula encuesta en boca de urna falsa atribuida a Ipsos Ciesmori con Doria Medina como ganador,Falso
114,,chequeabolivia.bo,https://chequeabolivia.bo/es-falso-que-el-centro-de-control-electoral-de-la-alianza-unidad-es-financiado-por-marcelo-claure,Es falso que el centro de control electoral de la Alianza Unidad es financiado por Marcelo Claure,Falso
115,,chequeabolivia.bo,https://chequeabolivia.bo/la-encuesta-en-boca-de-urna-que-posiciona-manfred-reyes-villa-como-ganador-es-falsa,La encuesta en boca de urna que posiciona a Manfred Reyes Villa como ganador es falsa,Falso
116,,chequeabolivia.bo,https://chequeabolivia.bo/es-falso-que-juan-pablo-velasco-olvido-su-carnet-de-identidad-y-no-pudo-efectuar-su-voto,Es falso que Juan Pablo Velasco olvidó su carnet de identidad y no pudo efectuar su voto,Falso
117,,chequeabolivia.bo,https://chequeabolivia.bo/es-falso-que-en-espana-se-haya-impuesto-el-voto-nulo-con-el-80-en-las-elecciones-de-bolivia,Es falso que en España se haya impuesto el voto nulo con el 80% en las elecciones de Bolivia,Falso
118,,chequeabolivia.bo,https://chequeabolivia.bo/index%2Ephp/la-encuesta-en-boca-de-urna-que-posiciona-samuel-doria-medina-en-primer-lugar-es-falsa,La encuesta en boca de urna que posiciona a Samuel Doria Medina en primer lugar es falsa,Falso
119,,chequeabolivia.bo,https://chequeabolivia.bo/es-falso-que-la-empresa-smartmatic-este-cargo-de-las-elecciones-presidenciales-en-bolivia-2025,Es falso que la empresa Smartmatic esté a cargo de las elecciones presidenciales en Bolivia 2025,Falso
120,,chequeabolivia.bo,https://chequeabolivia.bo/falso-encuesta-en-boca-de-urna-que-gano-reyes-villa-es-de-instituciones-extranjeras-y-no,Falso: Encuesta en boca de urna que “ganó” Reyes Villa es de instituciones extranjeras y no autorizadas por el TSE,Falso
121,,chequeabolivia.bo,https://chequeabolivia.bo/falso-tuto-quiroga-no-dijo-que-eliminaria-la-salud-publica-la-educacion-publica-y-los-bonos-0,"Falso: Tuto Quiroga no dijo que eliminaría la salud pública, la educación pública y los bonos",Falso
122,,chequeabolivia.bo,https://chequeabolivia.bo/circula-un-video-falso-sobre-la-supuesta-anulacion-de-elecciones-en-bolivia,Circula un video falso sobre la supuesta anulación de elecciones en Bolivia,Falso
123,,chequeabolivia.bo,https://chequeabolivia.bo/es-falso-que-presentadores-de-bolivision-promueven-el-voto-nulo,Es falso que presentadores de Bolivisión promueven el voto nulo,Falso
124,,chequeabolivia.bo,https://chequeabolivia.bo/falso-el-voto-nulo-no-gano-en-japon,Falso: el voto nulo no ganó en Japón,Falso
125,,chequeabolivia.bo,https://chequeabolivia.bo/video-que-muestra-lapiceros-que-se-borran-y-lo-vincula-las-elecciones-en-bolivia-es-de-mexico,Video que muestra lapiceros que se borran y lo vincula a las elecciones en Bolivia es de México,Falso
126,,chequeabolivia.bo,https://chequeabolivia.bo/audio-que-denuncia-hackeo-al-sistema-de-computo-del-tse-es-del-2021,Audio que denuncia “hackeo” al sistema de cómputo del TSE es del 2021,Falso
127,,chequeabolivia.bo,https://chequeabolivia.bo/papeletas-marcadas-favor-samuel-doria-medina-no-son-oficiales,Papeletas marcadas a favor Samuel Doria Medina no son oficiales,Falso
128,,chequeabolivia.bo,https://chequeabolivia.bo/falso-red-uno-no-publico-encuesta-en-la-que-gana-el-voto-nulo-con-mas-del-56-por-ciento,Falso: Red Uno no publicó encuesta en la que gana el voto nulo con más del 56 por ciento,Falso
129,,chequeabolivia.bo,https://chequeabolivia.bo/esta-imagen-no-muestra-una-delegacion-de-venezuela-que-llego-bolivia-para-un-fraude-electoral,Esta imagen no muestra a una delegación de Venezuela que llegó a Bolivia para un “fraude electoral”,Falso
130,,chequeabolivia.bo,https://chequeabolivia.bo/es-falso-que-el-presidente-argentino-javier-milei-envio-un-mensaje-los-bolivianos-previo-las,Es falso que el presidente argentino Javier Milei envío un mensaje a los bolivianos previo a las elecciones generales 2025,Falso
131,,chequeabolivia.bo,https://chequeabolivia.bo/es-falso-que-idea-international-realizo-una-encuesta-que-posiciona-en-primer-lugar-andronico,Es falso que IDEA International realizó una encuesta que posiciona en primer lugar a Andrónico Rodriguez,Falso
132,,chequeabolivia.bo,https://chequeabolivia.bo/es-falso-que-el-voto-nulo-anule-las-elecciones-como-asegura-el-dirigente-marcelino-flores,Es falso que el voto nulo anule las elecciones como asegura el dirigente Marcelino Flores,Falso
133,,chequeabolivia.bo,https://chequeabolivia.bo/encuesta-de-bolivia-opina-que-posiciona-tuto-quiroga-vencedor-con-24-es-falsa,Encuesta de “Bolivia Opina” que posiciona a Tuto Quiroga vencedor con 24 % es falsa,Falso
134,,chequeabolivia.bo,https://chequeabolivia.bo/es-falso-que-encuesta-de-area-rural-de-ipsos-ciesmori-posicione-evo-morales-con-892,"Es falso que encuesta “de área rural” de Ipsos Ciesmori posicione a Evo Morales con 89,2%",Falso
135,,chequeabolivia.bo,https://chequeabolivia.bo/es-falso-que-la-tercera-encuesta-de-intencion-de-voto-de-unitel-vinculado-que-el-78-de-votos-nulos,Es falso que la tercera encuesta de intención de voto de UNITEL vinculado que el 78% de votos nulos corresponden a Evo Morales,Falso
136,,chequeabolivia.bo,https://chequeabolivia.bo/el-deber-no-informo-que-camacho-se-distancio-de-doria-medina-por-proponer-el-matrimonio-igualitario,El Deber no informó que Camacho se distanció de Doria Medina por proponer el matrimonio igualitario y la educación LGBTQ+,Falso
137,,chequeabolivia.bo,https://chequeabolivia.bo/encuesta-que-posiciona-al-voto-nulo-con-el-48-de-intencion-de-voto-no-tiene-validez,Encuesta que posiciona al voto nulo con el 48% de intención de voto no tiene validez,Falso
138,,chequeabolivia.bo,https://chequeabolivia.bo/index%2Ephp/es-falso-que-cnn-confirmo-que-las-encuestas-de-unitel-y-red-uno-no-son-validas,Es falso que CNN confirmó que las encuestas de Unitel y Red Uno no son válidas,Falso
139,,chequeabolivia.bo,https://chequeabolivia.bo/encuesta-que-posiciona-evo-morales-como-favorito-con-421-es-falsa,"Encuesta que posiciona a Evo Morales como favorito con 42,1% es falsa",Falso
140,,chequeabolivia.bo,https://chequeabolivia.bo/es-falso-que-evo-morales-esta-habilitado-para-las-elecciones-generales-2025,Es falso que Evo Morales está habilitado para las elecciones generales 2025,Falso
141,,chequeabolivia.bo,https://chequeabolivia.bo/video-de-leonardo-loza-anunciando-bloqueos-en-el-pais-al-dia-siguiente-de-las-elecciones-es-falso,Video de Leonardo Loza anunciando bloqueos en el país al día siguiente de las elecciones es falso,Falso
142,,chequeabolivia.bo,https://chequeabolivia.bo/index%2Ephp/es-falso-que-36-millones-de-venezolanos-fueron-convocados-para-venir-por-las-elecciones-como-alerta,"Es falso que 3.6 millones de venezolanos fueron convocados para venir por las elecciones, como alerta la analista Jimena Costa",Falso
143,,chequeabolivia.bo,https://chequeabolivia.bo/index%2Ephp/es-falso-que-jaime-dunn-aseguro-que-tuto-quiroga-no-conseguira-su-apoyo-en-base-mentiras,Es falso que Jaime Dunn aseguró que Tuto Quiroga no conseguirá su apoyo “en base a mentiras”,Falso
144,,chequeabolivia.bo,https://chequeabolivia.bo/es-falso-que-evo-morales-lidera-las-encuestas-como-afirmo-la-diputada-gladys-quispe,"Es falso que Evo Morales lidera las encuestas, como afirmó la diputada Gladys Quispe",Falso
145,,chequeabolivia.bo,https://chequeabolivia.bo/es-falso-que-cnn-publico-una-encuesta-que-situe-andronico-rodriguez-y-manfred-reyes-villa-en-los,Es falso que CNN publicó una encuesta que sitúe a Andrónico Rodríguez y Manfred Reyes Villa en los primeros lugares,Falso
146,,chequeabolivia.bo,https://chequeabolivia.bo/red-uno-no-publico-que-eduardo-del-castillo-fue-el-ganador-del-primer-debate-presidencial,Red Uno no publicó que Eduardo del Castillo fue el ganador del primer debate presidencial,Falso
147,,chequeabolivia.bo,https://chequeabolivia.bo/la-encuesta-de-atlas-electoral-que-posiciona-evo-morales-con-457-es-falsa,"La encuesta de Atlas Electoral que posiciona a Evo Morales con 45,7% es falsa",Falso
148,,chequeabolivia.bo,https://chequeabolivia.bo/carlos-valverde-no-dijo-que-los-votos-nulos-y-blancos-crecen-al-estar-ausente-evo-morales,Carlos Valverde no dijo que los votos nulos y blancos crecen al estar ausente Evo Morales,Falso
149,,chequeabolivia.bo,https://chequeabolivia.bo/es-falso-que-la-primera-encuesta-de-unitel-da-como-ganador-rodrigo-paz-con-331,"Es falso que la primera encuesta de Unitel da como ganador a Rodrigo Paz con 33,1%",Falso
150,,chequeabolivia.bo,https://chequeabolivia.bo/es-falso-que-jorge-tuto-quiroga-este-siendo-investigado-en-estados-unidos-por-financiamiento-ruso,Es falso que Jorge Tuto Quiroga esté siendo investigado en Estados Unidos por financiamiento ruso,Falso
151,,chequeabolivia.bo,https://chequeabolivia.bo/red-uno-no-publico-nota-afirmando-que-manfred-reyes-villa-dijo-que-su-modelo-economico-es-igual-al,Red Uno no publicó nota afirmando que Manfred Reyes Villa dijo que su modelo económico es igual al de Luis Arce,Falso
152,,chequeabolivia.bo,https://chequeabolivia.bo/es-falso-que-las-personas-que-no-tengan-el-carnet-nuevo-digitalizado-no-podran-votar-en-las,Es falso que las personas que no tengan el “carnet nuevo digitalizado” no podrán votar en las elecciones,Falso
153,,chequeabolivia.bo,https://chequeabolivia.bo/esta-encuesta-del-gobierno-que-da-como-ganador-andronico-rodriguez-es-falsa,Esta “encuesta del Gobierno” que da como ganador a Andrónico Rodríguez es falsa,Falso
154,,chequeabolivia.bo,https://chequeabolivia.bo/index%2Ephp/red-uno-no-considero-como-ganador-del-debate-presidencial-jorge-tuto-quiroga,Red Uno no consideró como ganador del debate presidencial a Jorge “Tuto” Quiroga,Falso
155,,chequeabolivia.bo,https://chequeabolivia.bo/red-uno-no-realizo-una-encuesta-en-la-que-senalo-del-castillo-como-ganador-del-debate-presidencial,Red Uno no realizó una encuesta en la que señaló a Del Castillo como ‘ganador’ del debate presidencial,Falso
156,,chequeabolivia.bo,https://chequeabolivia.bo/luis-arce-no-califico-de-gran-economista-y-empresario-samuel-doria-medina,Luis Arce no calificó de “gran economista y empresario” a Samuel Doria Medina,Falso
157,,chequeabolivia.bo,https://chequeabolivia.bo/jaime-dunn-no-lidera-la-intencion-de-voto-en-la-encuesta-que-difundio-unitel,Jaime Dunn no lidera la intención de voto en la encuesta que difundió Unitel,Falso
158,,chequeabolivia.bo,https://chequeabolivia.bo/encuesta-que-posiciona-manfred-reyes-villa-como-ganador-para-las-elecciones-es-falsa,Encuesta que posiciona a Manfred Reyes Villa como ganador para las elecciones es falsa,Falso
159,,chequeabolivia.bo,https://chequeabolivia.bo/index%2Ephp/es-verdad-que-samuel-doria-medina-afirmo-que-priorizara-la-produccion-agropecuaria-por-encima-del,Es verdad que Samuel Doria Medina afirmó que priorizará la producción agropecuaria por encima del medioambiente,Falso
160,,chequeabolivia.bo,https://chequeabolivia.bo/univision-no-publico-que-la-cia-investiga-samuel-doria-medina-por-pagar-encuestas-con-dinero,Univisión no publicó que la CIA investiga a Samuel Doria Medina por pagar encuestas con dinero “ilícito”,Falso
161,,chequeabolivia.bo,https://chequeabolivia.bo/el-presidente-del-tse-no-aseguro-que-las-encuestas-son-financiadas-por-samuel-doria-medina,El presidente del TSE no aseguró que las encuestas son financiadas por Samuel Doria Medina,Falso
162,,chequeabolivia.bo,https://chequeabolivia.bo/index%2Ephp/es-falso-que-evo-morales-es-candidato-confirmado-en-la-papeleta-de-las-elecciones,Es falso que Evo Morales es candidato confirmado en la papeleta de las elecciones,Falso
163,,chequeabolivia.bo,https://chequeabolivia.bo/encuesta-que-posiciona-jaime-dunn-como-favorito-con-61-por-ciento-es-falsa,Encuesta que posiciona a Jaime Dunn como favorito con 61 por ciento es falsa,Falso
164,,chequeabolivia.bo,https://chequeabolivia.bo/exesposa-de-tuto-no-denuncio-agresiones-y-racismo-del-candidato-en-podcast-mexicano,Exesposa de Tuto no denunció agresiones y racismo del candidato en podcast mexicano,Falso
165,,chequeabolivia.bo,https://chequeabolivia.bo/es-falso-que-funcionarios-electos-deben-renunciar-tres-meses-antes-para-postular-en-las-elecciones,Es falso que funcionarios electos deben renunciar tres meses antes para postular en las elecciones,Falso
166,,chequeabolivia.bo,https://chequeabolivia.bo/falso-manfred-no-es-segundo-en-intencion-de-voto-segun-encuesta-mexicana,Falso: Manfred no es segundo en intención de voto según encuesta mexicana,Falso
167,,chequeabolivia.bo,https://chequeabolivia.bo/kaplex-no-es-candidato-la-vicepresidencia-junto-andronico,Kapléx no es candidato a la vicepresidencia junto a Andrónico,Falso
168,,chequeabolivia.bo,https://chequeabolivia.bo/es-falso-que-estos-resultados-sobre-la-encuesta-de-unitel-se-hayan-filtrado,Es falso que estos resultados sobre la encuesta de Unitel se hayan filtrado,Falso
169,,chequeabolivia.bo,https://chequeabolivia.bo/es-falso-que-jorge-richter-es-el-nuevo-candidato-vicepresidente-de-andronico-rodriguez,Es falso que Jorge Richter es el nuevo candidato a vicepresidente de Andrónico Rodríguez,Falso
170,,chequeabolivia.bo,https://chequeabolivia.bo/encuesta-que-da-como-favorito-evo-morales-con-35-por-ciento-es-falsa,Encuesta que da como favorito a Evo Morales con 35 por ciento es falsa,Falso
171,,chequeabolivia.bo,https://chequeabolivia.bo/es-falso-que-sentencia-del-tcp-sobre-la-reeleccion-inhabilita-jorge-tuto-quiroga,"Es falso que sentencia del TCP sobre la reelección inhabilita a Jorge ""Tuto"" Quiroga",Falso
172,,chequeabolivia.bo,https://chequeabolivia.bo/circula-un-sondeo-de-intencion-de-voto-sobre-las-elecciones-nacionales-en-whatsapp,Circula un sondeo de intención de voto sobre las elecciones nacionales en WhatsApp,Falso
173,,chequeabolivia.bo,https://chequeabolivia.bo/evo-morales-no-pacto-con-luis-arce-para-ser-candidato-por-el-mas,Evo Morales no pactó con Luis Arce para ser candidato por el MAS,Falso
174,,chequeabolivia.bo,https://chequeabolivia.bo/circulan-encuestas-falsas-en-whatsapp-atribuidas-la-red-uno,Circulan encuestas falsas en WhatsApp atribuídas a la Red Uno,Falso
175,,chequeabolivia.bo,https://chequeabolivia.bo/es-falso-que-evo-morales-haya-declinado-su-candidatura,Es falso que Evo Morales haya declinado su candidatura,Falso
176,,chequeabolivia.bo,https://chequeabolivia.bo/red-uno-no-difundio-encuesta-electoral-que-circula-en-canal-de-whatsapp,Red Uno no difundió encuesta electoral que circula en canal de WhatsApp,Falso
177,,chequeabolivia.bo,https://chequeabolivia.bo/el-deber-no-publico-que-burger-king-salio-de-la-app-yango-luego-de-que-su-gerente-fuera-anunciado,El Deber no publicó que Burger King salió de la App Yango luego de que su gerente fuera anunciado como candidato de Libre,Falso
178,,chequeabolivia.bo,https://chequeabolivia.bo/evo-morales-comparte-un-video-antiguo-generando-confusion-sobre-su-participacion-en-la-marcha-para,Evo Morales comparte un video antiguo generando confusión sobre su participación en la marcha para inscribirlo como candidato,Falso
179,,chequeabolivia.bo,https://chequeabolivia.bo/falso-jefa-de-mision-de-la-embajada-de-eeuu-no-se-reunio-con-gente-que-proclamo-candidato-andronico,Falso: Jefa de Misión de la embajada de EEUU no se reunió con gente que proclamó candidato a Andrónico Rodriguez,Falso
180,,chequeabolivia.bo,https://chequeabolivia.bo/es-falso-que-el-voto-en-chapare-yapacani-y-otras-areas-alejadas-valga-el-triple-que-el-de-las,"Es falso que el voto en Chapare, Yapacaní y otras áreas alejadas valga el triple que el de las ciudades",Falso
181,,chequeabolivia.bo,https://chequeabolivia.bo/index%2Ephp/rkc-difunde-encuesta-falsa-que-favorece-evo-morales,RKC difunde encuesta falsa que favorece a Evo Morales,Falso
182,,chequeabolivia.bo,https://chequeabolivia.bo/el-tse-no-publico-una-encuesta-en-la-que-tuto-es-favorito-las-elecciones-presidenciales-de-agosto,El TSE no publicó una encuesta en la que Tuto es favorito a las elecciones presidenciales de agosto,Falso
183,,chequeabolivia.bo,https://chequeabolivia.bo/esta-carta-de-jhonny-fernandez-que-nombra-evo-morales-como-candidato-por-ucs-es-falsa,Esta carta de Jhonny Fernández que nombra a Evo Morales como candidato por UCS es falsa,Falso
184,,chequeabolivia.bo,https://chequeabolivia.bo/tuto-no-dijo-que-buscaria-un-tiktoker-como-candidato-la-vicepresidencia,"Tuto no dijo que buscaría un ""tiktoker"" como candidato a la Vicepresidencia",Falso
185,,chequeabolivia.bo,https://chequeabolivia.bo/la-encuesta-de-atlas-electoral-que-posiciona-evo-morales-como-favorito-para-las-elecciones-2025-es,La encuesta de Atlas Electoral que posiciona a Evo Morales como favorito para las elecciones 2025 es falsa,Falso
186,,chequeabolivia.bo,https://chequeabolivia.bo/index%2Ephp/se-reenvia-una-encuesta-falsa-atribuida-la-red-uno-mediante-whatsapp,Se reenvía una encuesta falsa atribuída a la Red Uno mediante WhatsApp,Falso
187,,chequeabolivia.bo,https://chequeabolivia.bo/encuesta-de-whatsapp-que-favorece-manfred-reyes-villa-es-falsa,Encuesta de WhatsApp que favorece a Manfred Reyes Villa es falsa,Falso
188,,chequeabolivia.bo,https://chequeabolivia.bo/el-deber-no-publico-que-se-postergaron-las-elecciones-por-una-crisis-social-y-energetica,El Deber no publicó que se postergaron las elecciones por una crisis social y energética,Falso
189,,chequeabolivia.bo,https://chequeabolivia.bo/es-falso-que-el-tse-anuncio-la-postergacion-de-las-elecciones-nacionales,Es falso que el TSE anunció la postergación de las elecciones nacionales,Falso
190,,chequeabolivia.bo,https://chequeabolivia.bo/encuesta-atribuida-captura-consulting-que-circula-en-whatsapp-es-falsa,Encuesta atribuida a Captura Consulting que circula en WhatsApp es falsa,Falso
191,,chequeabolivia.bo,https://chequeabolivia.bo/mesa-no-suspendio-la-elaboracion-de-las-encuestas-para-definir-al-candidato-del-bloque-de-unidad,Mesa no suspendió la elaboración de las encuestas para definir al candidato del Bloque de Unidad,Falso
192,,chequeabolivia.bo,https://chequeabolivia.bo/ipsos-ciesmori-desmiente-encuesta-en-la-que-evo-lidera-intencion-de-voto,Ipsos CIESMORI desmiente encuesta en la que Evo lidera intención de voto,Falso
193,,chequeabolivia.bo,https://chequeabolivia.bo/el-fpv-no-perdio-su-sigla-pese-observaciones-su-directiva-y-su-bajo-voto-en-2020,El FPV no perdió su sigla pese a observaciones a su directiva y su bajo voto en 2020,Falso
194,,chequeabolivia.bo,https://chequeabolivia.bo/esta-cuenta-de-instagram-con-el-nombre-del-presidente-del-tse-es-falsa,Esta cuenta de Instagram con el nombre del presidente del TSE es falsa,Falso
195,,chequeabolivia.bo,https://chequeabolivia.bo/esta-cuenta-de-facebook-con-el-nombre-del-presidente-del-tse-es-falsa,Esta cuenta de Facebook con el nombre del presidente del TSE es falsa,Falso
196,,chequeabolivia.bo,https://chequeabolivia.bo/audio-filtrado-de-del-castillo-en-el-que-se-menciona-su-intencion-de-posicionarse-como-candidato-es,"Audio ""filtrado"" de Del Castillo, en el que se menciona su intención de posicionarse como candidato, es falso",Falso
197,,chequeabolivia.bo,https://chequeabolivia.bo/marcelo-claure-no-publico-un-tuit-sobre-tratos-con-gary-anez,Marcelo Claure no publicó un tuit sobre tratos con Gary Añez,Falso
198,,chequeabolivia.bo,https://chequeabolivia.bo/es-falso-que-un-fallo-establece-que-andronico-rodriguez-no-podra-ser-candidato-para-las-elecciones,Es falso que un fallo establece que Andrónico Rodríguez no podrá ser candidato para las elecciones nacionales,Falso
199,,chequeabolivia.bo,https://chequeabolivia.bo/la-sala-plena-del-tse-no-aprobo-trasladar-su-sede-sucre,La Sala Plena del TSE no aprobó trasladar su sede a Sucre,Falso
200,,chequeabolivia.bo,https://chequeabolivia.bo/audio-de-andronico-rodriguez-afirmando-que-sera-candidato-presidencial-del-mts-es-falso,Audio de Andrónico Rodríguez afirmando que será candidato presidencial del MTS es falso,Falso
201,,chequeabolivia.bo,https://chequeabolivia.bo/circula-informacion-falsa-sobre-un-calendario-para-las-elecciones-2025,Circula información falsa sobre un calendario para las elecciones 2025,Falso
202,,chequeabolivia.bo,https://chequeabolivia.bo/es-falso-que-manfred-reyes-villa-presento-carol-ilievski-como-su-binomio-para-las-elecciones,Es falso que Manfred Reyes Villa presentó a Carol Ilievski como su binomio para las elecciones presidenciales,Falso
203,,chequeabolivia.bo,https://chequeabolivia.bo/es-falso-que-manfred-reyes-villa-retiro-su-candidatura-para-las-elecciones-presidenciales,Es falso que Manfred Reyes Villa retiró su candidatura para las elecciones presidenciales,Falso
204,,chequeabolivia.bo,https://chequeabolivia.bo/pagina-imita-linea-grafica-del-oep-y-comparte-encuestas-falsas-sobre-las-elecciones-judiciales,Página imita línea gráfica del OEP y comparte encuestas falsas sobre las elecciones judiciales,Falso
205,,chequeabolivia.bo,https://chequeabolivia.bo/circulan-sondeos-y-encuestas-sobre-preferencia-de-voto-en-las-elecciones-judiciales-que-no-son,Circulan sondeos y encuestas sobre preferencia de voto en las elecciones judiciales que no son válidas,Falso
206,,chequeabolivia.bo,https://chequeabolivia.bo/circula-encuesta-falsa-sobre-las-elecciones-judiciales,Circula encuesta falsa sobre las elecciones judiciales,Falso
207,,chequeabolivia.bo,https://chequeabolivia.bo/index%2Ephp/es-falso-que-el-candidato-al-tribunal-agroambiental-edwin-almendras-fue-inhabilitado,Es falso que el candidato al Tribunal Agroambiental Edwin Almendras fue inhabilitado,Falso
208,,chequeabolivia.bo,https://chequeabolivia.bo/es-falso-que-el-presidente-del-tse-declaro-que-evo-morales-esta-habilitado-para-las-elecciones-de,Es falso que el presidente del TSE declaró que Evo Morales está habilitado para las elecciones de 2025,Falso
209,,chequeabolivia.bo,https://chequeabolivia.bo/encuestas-ocd-bolivia-es-una-pagina-falsa-y-sus-encuestas-no-estan-autorizadas-por-el-oep,“Encuestas OCD Bolivia” es una página falsa y sus encuestas no están autorizadas por el OEP,Falso
210,,chequeabolivia.bo,https://chequeabolivia.bo/encuesta-sobre-judiciales-que-da-arellano-como-ganador-es-falsa,Encuesta sobre judiciales que da a Arellano como ganador es falsa,Falso
211,,chequeabolivia.bo,https://chequeabolivia.bo/es-falso-que-nicolas-maduro-prometio-gasolina-bolivia-si-evo-gana-la-presidencia,Es falso que Nicolás Maduro prometió gasolina a Bolivia si Evo gana a la presidencia,Falso
212,,chequeabolivia.bo,https://chequeabolivia.bo/audio-filtrado-de-quintana-que-anuncia-andronico-rodriguez-como-candidato-presidencial-fue-creado,Audio “filtrado” de Quintana que anuncia a Andrónico Rodríguez como candidato presidencial fue creado con IA,Falso
213,,chequeabolivia.bo,https://chequeabolivia.bo/el-expresidente-morales-no-dijo-que-fue-abandonado-por-andronico-rodriguez-ni-lo-acuso-de-prebenda,El expresidente Morales no dijo que fue “abandonado” por Andrónico Rodríguez ni lo acusó de “prebenda”,Falso
214,,chequeabolivia.bo,https://chequeabolivia.bo/es-falso-que-luis-arce-renuncio-la-presidencia,Es falso que Luis Arce renunció a la presidencia,Falso
215,,chequeabolivia.bo,https://chequeabolivia.bo/stadistics-bolivia-difunde-encuestas-falsas-que-favorecen-evo-morales,Stadistics Bolivia difunde encuestas falsas que favorecen a Evo Morales,Falso
216,,chequeabolivia.bo,https://chequeabolivia.bo/david-choquehuanca-no-confronto-luis-arce-pidiendole-adelantar-las-elecciones,David Choquehuanca no confrontó a Luis Arce pidiéndole adelantar las elecciones,Falso
217,,chequeabolivia.bo,https://chequeabolivia.bo/circula-una-encuesta-de-intencion-de-voto-para-las-elecciones-2025-sin-aval-del-tse,Circula una encuesta de intención de voto para las elecciones 2025 sin aval del TSE,Falso
218,,chequeabolivia.bo,https://chequeabolivia.bo/circula-una-encuesta-falsa-atribuida-la-umss-que-favorece-manfred-reyes-villa,Circula una encuesta falsa atribuida a la UMSS que favorece a Manfred Reyes Villa,Falso
219,,chequeabolivia.bo,https://chequeabolivia.bo/circula-una-encuesta-falsa-sobre-intencion-de-voto-para-las-elecciones-2025,Circula una encuesta falsa sobre intención de voto para las elecciones 2025,Falso
220,,chequeabolivia.bo,https://chequeabolivia.bo/es-falso-que-el-tse-aprobo-la-fiscalizacion-del-congreso-del-mas-en-villa-tunari,Es falso que el TSE aprobó la fiscalización del Congreso del MAS en Villa Tunari,Falso
221,,chequeabolivia.bo,https://chequeabolivia.bo/luis-arce-no-anuncio-durante-su-mensaje-presidencial-que-el-pasaje-subira-bs-5,Luis Arce no anunció durante su mensaje presidencial que el pasaje subirá a Bs. 5,Falso
222,,chequeabolivia.bo,https://chequeabolivia.bo/el-influencer-kaplex-no-es-candidato-del-mas-para-las-elecciones-de-2025,El influencer Kapléx no es candidato del MAS para las elecciones de 2025,Falso
223,,chequeabolivia.bo,https://chequeabolivia.bo/juanita-ancieta-no-dijo-que-si-evo-morales-gana-las-elecciones-comprara-maquina-para-fabricar-dolar,Juanita Ancieta no dijo que si Evo Morales gana las elecciones comprará “máquina para fabricar dólar”,Falso
224,,chequeabolivia.bo,https://chequeabolivia.bo/index%2ephp/es-falso-que-manfred-confirmo-su-candidatura-presidencial-2025,Es falso que Manfred Reyes Villa confirmó su candidatura para las elecciones del 2025,Falso
225,,chequeabolivia.bo,https://chequeabolivia.bo/milei-no-se-refirio-al-socialismo-y-las-proximas-elecciones-en-bolivia,Milei no se refirió al socialismo y las próximas elecciones en Bolivia,Falso
226,,chequeabolivia.bo,https://chequeabolivia.bo/circula-nota-falsa-anunciando-que-el-congreso-del-mas-afin-arce-fue-aprobado-por-el-tse,Circula nota falsa anunciando que el Congreso del MAS afín a Arce fue aprobado por el TSE,Falso
227,,chequeabolivia.bo,https://chequeabolivia.bo/estas-imagenes-no-muestran-una-alianza-politica-entre-luis-arce-y-manfred-reyes-villa,Estas imágenes no muestran una alianza política entre Luis Arce y Manfred Reyes Villa,Falso
228,,chequeabolivia.bo,https://chequeabolivia.bo/evo-no-renuncio-su-candidatura-para-cederle-su-lugar-andronico-rodriguez,Evo no renunció a su candidatura para cederle su lugar a Andrónico Rodríguez,Falso
229,,chequeabolivia.bo,https://chequeabolivia.bo/index%2Ephp/falso-juan-del-granado-no-le-ofrecio-evo-morales-postular-la-presidencia-con-la-sigla-msm,Falso: Juan Del Granado no le ofreció a Evo Morales postular a la presidencia con la sigla MSM,Falso
230,,chequeabolivia.bo,https://chequeabolivia.bo/el-diputado-evista-hector-arce-no-afirmo-que-morales-pacto-con-anez-y-camacho,El diputado evista Héctor Arce no afirmó que Morales pactó con Añez y Camacho,Falso
231,,chequeabolivia.bo,https://chequeabolivia.bo/morales-no-renuncio-una-eventual-candidatura-las-presidenciales-de-2025,Morales no renunció a una eventual candidatura a las presidenciales de 2025,Falso
232,,chequeabolivia.bo,https://chequeabolivia.bo/evo-morales-no-defendio-camacho-para-continuar-como-gobernador-tras-el-fallo-del-tcp,Evo Morales no defendió a Camacho para continuar como Gobernador tras el fallo del TCP,Falso
233,,chequeabolivia.bo,https://chequeabolivia.bo/martins-no-abrio-la-posibilidad-de-seguir-en-la-seleccion-si-le-ofrecen-mas-dinero,Martins no abrió la posibilidad de seguir en la selección si le ofrecen más dinero,Falso
234,,chequeabolivia.bo,https://chequeabolivia.bo/cuellar-no-anuncio-un-acuerdo-con-evo-morales-para-ir-juntos-en-las-proximas-elecciones,Cuellar no anunció un acuerdo con Evo Morales para ir juntos en las próximas elecciones,Falso
235,,chequeabolivia.bo,https://chequeabolivia.bo/marcelo-martins-no-dijo-que-nunca-iba-renunciar-la-seleccion,Marcelo Martins no dijo que nunca iba a renunciar a la selección,Falso
236,,chequeabolivia.bo,https://chequeabolivia.bo/falso-encuesta-del-celag-no-posiciona-en-primer-lugar-evo-en-intencion-de-voto,Falso: encuesta del Celag no posiciona en primer lugar a Evo en intención de voto,Falso
237,,chequeabolivia.bo,https://chequeabolivia.bo/index%2Ephp/es-falso-que-una-encuesta-de-diagnosis-posiciona-evo-como-primero-en-intencion-de-votos,Es falso que una encuesta de Diagnosis posiciona a Evo como primero en intención de votos,Falso
238,,chequeabolivia.bo,https://chequeabolivia.bo/es-falso-que-hector-garibay-dijo-que-la-seleccion-boliviana-no-es-un-buen-ejemplo,Es falso que Héctor Garibay dijo que la selección boliviana no es un buen ejemplo,Falso
239,,chequeabolivia.bo,https://chequeabolivia.bo/andronico-rodriguez-no-dijo-que-evo-trata-de-opacarlo,"Andrónico Rodríguez no dijo que Evo ""trata de opacarlo""",Falso
240,,chequeabolivia.bo,https://chequeabolivia.bo/es-falso-que-bolivia-freno-las-exportaciones-de-banano-argentina-tras-las-elecciones-primarias,Es falso que Bolivia frenó las exportaciones de banano a Argentina tras las elecciones primarias,Falso
241,,chequeabolivia.bo,https://chequeabolivia.bo/es-falso-que-messi-pidio-votar-por-milei-en-las-elecciones-primarias-de-argentina,Es falso que Messi pidió votar por Milei en las elecciones primarias de Argentina,Falso
242,,chequeabolivia.bo,https://chequeabolivia.bo/falso-diputados-no-citaron-evo-morales-por-casos-de-pedofilia,Falso: Diputados no citaron a Evo Morales por casos de pedofilia,Falso
243,,chequeabolivia.bo,https://chequeabolivia.bo/es-falso-que-evo-morales-haya-renunciado-su-posible-candidatura-para-2025-por-salud,Es falso que Evo Morales haya renunciado a su posible candidatura para 2025 por salud,Falso
244,,chequeabolivia.bo,https://chequeabolivia.bo/index%2Ephp/falso-calvo-no-dijo-que-las-elecciones-del-comite-civico-de-santa-cruz-son-un-ejemplo-de-democracia,Falso: Calvo no dijo que las elecciones del Comité Cívico de Santa Cruz son un ejemplo de democracia,Falso
245,,chequeabolivia.bo,https://chequeabolivia.bo/falso-el-hijo-de-camacho-no-se-declaro-sucesor-de-la-la-presidencia-del-comite-civico-pro-santa,Falso: El hijo de Camacho no se declaró sucesor de la la presidencia del Comité Cívico Pro Santa Cruz,Falso
246,,chequeabolivia.bo,https://chequeabolivia.bo/la-fiscalia-no-emitio-una-orden-de-aprehension-contra-el-expresidente-tuto-quiroga,La Fiscalía no emitió una orden de aprehensión contra el expresidente Tuto Quiroga,Falso
247,,chequeabolivia.bo,https://chequeabolivia.bo/index%2Ephp/falso-rkc-no-publico-que-evo-acuso-andronico-rodriguez-de-pactar-con-derechistas,Falso: RKC no publicó que Evo acusó a Andrónico Rodríguez de pactar con “derechistas”,Falso
248,,chequeabolivia.bo,https://chequeabolivia.bo/falso-evo-no-advirtio-andronico-rodriguez-sobre-el-tratamiento-de-la-ley-del-censo-en-el-senado,Falso: Evo no advirtió a Andrónico Rodríguez sobre el tratamiento de la ley del Censo en el Senado,Falso
249,,chequeabolivia.bo,https://chequeabolivia.bo/falso-unitel-no-publico-una-declaracion-de-camacho-reprochando-sus-diputados,Falso: Unitel no publicó una declaración de Camacho reprochando a sus diputados,Falso
250,,chequeabolivia.bo,https://chequeabolivia.bo/es-falso-unitel-no-publico-una-declaracion-de-camacho-advirtiendo-al-alcalde-de-santa-cruz,Es falso: Unitel no publicó una declaración de Camacho advirtiendo al alcalde de Santa Cruz,Falso
251,,chequeabolivia.bo,https://chequeabolivia.bo/es-falso-unitel-no-informo-que-camacho-es-el-gobernador-mas-flojo,Es falso: Unitel no informó que Camacho es el “gobernador más flojo”,Falso
252,,chequeabolivia.bo,https://chequeabolivia.bo/es-falso-funcionarios-de-la-gobernacion-no-exigieron-que-camacho-trabaje,Es falso: funcionarios de la Gobernación no exigieron que Camacho trabaje,Falso
253,,chequeabolivia.bo,https://chequeabolivia.bo/es-falso-vicepresidente-no-califico-de-narcos-diputados-simpatizantes-de-evo-morales,Es falso: Vicepresidente no calificó de “narcos” a diputados simpatizantes de Evo Morales,Falso
254,,chequeabolivia.bo,https://chequeabolivia.bo/falso-unitel-no-publico-que-camacho-afirmo-que-fue-elegido-gobernador-no-para-hacer-obras,"Falso: Unitel no publicó que Camacho afirmó que fue elegido Gobernador, no para hacer obras",Falso
255,,chequeabolivia.bo,https://chequeabolivia.bo/el-deber-no-informo-que-camacho-agradecio-trabajadores-de-la-gobernacion-por-colecta-para-su-regalo,El Deber no informó que Camacho agradeció a trabajadores de la Gobernación por colecta para su regalo de bodas,Falso
256,,chequeabolivia.bo,https://chequeabolivia.bo/es-falso-carlos-mesa-no-nego-reunirse-con-camacho-tras-solicitud-de-anez,Es falso: Carlos Mesa no negó reunirse con Camacho tras solicitud de Áñez,Falso
257,,chequeabolivia.bo,https://chequeabolivia.bo/es-falso-diputado-cuellar-no-tildo-de-pedofilo-evo-morales,Es falso: Diputado Cuellar no tildó de pedófilo a Evo Morales,Falso
258,,chequeabolivia.bo,https://chequeabolivia.bo/es-falso-diputado-cuellar-no-afirmo-que-nadie-quiere-evo-y-quintana,Es Falso: Diputado Cuéllar no afirmó que “nadie quiere” a Evo y Quintana,Falso
259,,chequeabolivia.bo,https://chequeabolivia.bo/el-deber-no-informo-que-tuto-quiroga-condeno-la-invasion-rusa-ucrania,El Deber no informó que Tuto Quiroga condenó la invasión rusa a Ucrania,Falso
260,,chequeabolivia.bo,https://chequeabolivia.bo/es-falso-que-chi-hyun-chung-propone-eliminar-la-seleccion-boliviana-de-futbol-de-la-conmebol,Es Falso que Chi Hyun Chung propone eliminar a la selección boliviana de fútbol de la Conmebol,Falso
261,,chequeabolivia.bo,https://chequeabolivia.bo/el-diputado-cuellar-no-se-refirio-arce-sino-los-ministros-cuando-hablo-de-destitucion,El diputado Cuellar no se refirió a Arce sino a los ministros cuando habló de destitución,Falso
262,,chequeabolivia.bo,https://chequeabolivia.bo/manfred-reyes-villa-no-pidio-paralizar-el-proyecto-del-nuevo-centro-de-convenciones,Manfred Reyes Villa no pidió paralizar el proyecto del nuevo centro de convenciones,Falso
263,,chequeabolivia.bo,https://chequeabolivia.bo/es-falso-que-periodista-gary-anez-dijo-que-si-sosa-confirma-que-con-items-fantasmas-se-financio,"Es falso que periodista Gary Añez dijo que si Sosa confirma que con “ítems fantasmas” se financió movilización de 2019, “Camacho, Calvo y todos estamos adentro”",Falso
264,,chequeabolivia.bo,https://chequeabolivia.bo/index%2Ephp/correo-del-sur-no-publico-que-leano-reconocio-que-gano-la-alcaldia-con-fraude,Correo del Sur no publicó que Leaño reconoció que ganó la Alcaldía con fraude,Falso
265,,chequeabolivia.bo,https://chequeabolivia.bo/el-deber-no-publico-que-baptista-dijo-que-fue-obligada-por-camacho-para-denunciar-irregularidades,El Deber no publicó que Baptista dijo que fue obligada por Camacho para denunciar irregularidades en las elecciones de 2020,Falso
266,,chequeabolivia.bo,https://chequeabolivia.bo/es-falso-que-camacho-esta-dispuesto-dejar-de-ser-gobernador-si-se-hace-una-auditoria,Es Falso que Camacho está dispuesto a dejar de ser gobernador si se hace una auditoría,Falso
267,,chequeabolivia.bo,https://chequeabolivia.bo/luis-almagro-no-se-refirio-recientemente-las-elecciones-de-2019-considerandolas-fraudulentas,Luis Almagro no se refirió recientemente a las elecciones de 2019 considerándolas fraudulentas,Falso
268,,chequeabolivia.bo,https://chequeabolivia.bo/ni-atb-ni-carlos-mesa-afirmaron-que-nina-de-11-anos-debe-dar-luz,Ni ATB ni Carlos Mesa afirmaron que niña de 11 años debe dar a luz,Falso
269,,chequeabolivia.bo,https://chequeabolivia.bo/es-falso-que-los-tiempos-publico-una-frase-de-wilfredo-chavez-sobre-fraude-electoral,Es Falso que Los Tiempos publicó una frase de Wilfredo Chávez sobre fraude electoral,Falso
270,,chequeabolivia.bo,https://chequeabolivia.bo/carlos-mesa-no-se-refirio-sobre-la-entrega-del-premio-sajarov,Carlos Mesa no se refirió sobre la entrega del Premio Sájarov,Falso
271,,chequeabolivia.bo,https://chequeabolivia.bo/unitel-no-publico-que-carlos-mesa-recomienda-quemar-el-proyecto-de-ley-de-ganancias-ilicitas,Unitel no publicó que Carlos Mesa recomienda “quemar” el proyecto de ley de ganancias ilícitas,Falso
272,,chequeabolivia.bo,https://chequeabolivia.bo/pagina-siete-no-publico-que-tuto-quiroga-pidio-replantear-los-paros,Página Siete no publicó que Tuto Quiroga pidió replantear los paros,Falso
273,,chequeabolivia.bo,https://chequeabolivia.bo/es-falso-que-carlos-mesa-afirmo-que-si-no-se-apoya-al-paro-no-se-podra-derrocar-al-nuevo-tirano,"Es falso que Carlos Mesa afirmó que si no se apoya al paro, no se podrá “derrocar al nuevo tirano” Luis Arce",Falso
274,,chequeabolivia.bo,https://chequeabolivia.bo/es-falso-que-encuesta-de-ciesmori-concluye-que-la-mayoria-de-la-poblacion-no-apoya-el-paro-civico,"Es falso que encuesta de Ciesmori concluye que la mayoría de la población no apoya el paro cívico, como lo muestran varias publicaciones",Falso
275,,chequeabolivia.bo,https://chequeabolivia.bo/no-hay-registros-de-que-camacho-doria-medina-y-manfred-reyes-villa-esten-involucrados-en-el-caso,"No hay registros de que Camacho, Doria Medina y Manfred Reyes Villa estén involucrados en el caso Papeles de Pandora",Falso
276,,chequeabolivia.bo,https://chequeabolivia.bo/la-razon-no-publico-que-andronico-rodriguez-dijo-que-no-enviara-grupos-masistas-para-atacar-camacho,La Razón no publicó que Andrónico Rodríguez dijo que no enviará grupos masistas para atacar a Camacho,Falso
277,,chequeabolivia.bo,https://chequeabolivia.bo/es-falso-que-el-deber-publico-que-diputados-anuncian-acusacion-constitucional-contra-luis-arce-por,Es falso que El Deber publicó que diputados anuncian acusación constitucional contra Luis Arce por Papeles de Pandora,Falso
278,,chequeabolivia.bo,https://chequeabolivia.bo/ejutv-no-informo-que-los-cochabambinos-gritan-trucho-arce-al-presidente-y-vitorean-manfred-reyes,Eju.tv no informó que los cochabambinos gritan “trucho Arce” al Presidente y vitorean a Manfred Reyes Villa,Falso
279,,chequeabolivia.bo,https://chequeabolivia.bo/correo-del-sur-no-publico-que-leonardo-loza-quiere-ser-candidato-presidencial-en-2025,Correo del Sur no publicó que Leonardo Loza quiere ser candidato presidencial en 2025,Falso
280,,chequeabolivia.bo,https://chequeabolivia.bo/ejutv-no-publico-una-nota-en-la-que-lidia-patty-denuncio-waldo-albarracin-y-carlos-mesa-por-acoso,Eju.tv no publicó una nota en la que Lidia Patty denunció a Waldo Albarracín y Carlos Mesa por acoso,Falso
281,,chequeabolivia.bo,https://chequeabolivia.bo/carlos-valverde-no-menciono-que-nunca-hubo-fraude-en-las-elecciones-de-2019,Carlos Valverde no mencionó que nunca hubo fraude en las elecciones de 2019,Falso
282,,chequeabolivia.bo,https://chequeabolivia.bo/index%2Ephp/erbol-no-publico-un-articulo-en-el-que-eva-copa-califica-de-sinverguenza-evo-morales,Erbol no publicó un artículo en el que Eva Copa califica de “sinvergüenza” a Evo Morales,Falso
283,,chequeabolivia.bo,https://chequeabolivia.bo/es-falso-que-la-seleccion-boliviana-de-futbol-perdio-el-vuelo-de-regreso,Es falso que la selección boliviana de fútbol perdió el vuelo de regreso,Falso
284,,chequeabolivia.bo,https://chequeabolivia.bo/eva-copa-no-menciono-que-morales-tiene-que-pedir-perdon-de-rodillas-el-alto,Eva Copa no mencionó que Morales tiene que pedir perdón de rodillas a El Alto,Falso
285,,chequeabolivia.bo,https://chequeabolivia.bo/carlos-mesa-no-borro-sus-publicaciones-de-twitter-del-2019-y-2020,Carlos Mesa no borró sus publicaciones de Twitter del 2019 y 2020,Falso
286,,chequeabolivia.bo,https://chequeabolivia.bo/el-dia-no-publico-que-lidia-patty-acuso-carlos-mesa-por-acoso-sexual,El Día no publicó que Lidia Patty acusó a Carlos mesa por acoso sexual,Falso
287,,chequeabolivia.bo,https://chequeabolivia.bo/el-deber-no-publico-una-nota-en-la-que-villegas-denuncia-fraude-en-las-elecciones-generales-de-peru,El Deber no publicó una nota en la que Villegas denuncia fraude en las elecciones generales de Perú,Falso
288,,chequeabolivia.bo,https://chequeabolivia.bo/es-falso-que-la-alcaldia-de-la-paz-emitio-nuevas-restricciones-partir-del-pasado-fin-de-semana,Es falso que la Alcaldía de La Paz emitió nuevas restricciones a partir del pasado fin de semana,Falso
289,,chequeabolivia.bo,https://chequeabolivia.bo/ruben-costas-no-dijo-que-financio-el-paro-del-2019-con-dinero-de-la-gobernacion-en-respuesta,Rubén Costas no dijo que financió el paro del 2019 con dinero de la Gobernación en respuesta a Camacho,Falso
290,,chequeabolivia.bo,https://chequeabolivia.bo/manipulan-fotografia-al-momento-que-luis-arce-fue-emitir-su-voto,Manipulan fotografía al momento que Luis Arce fue a emitir su voto,Falso
291,,chequeabolivia.bo,https://chequeabolivia.bo/la-encuesta-atribuida-unitel-que-da-como-ganador-santos-quispe-en-segunda-vuelta-es-falsa,La encuesta atribuida a Unitel que da como ganador a Santos Quispe en segunda vuelta es falsa,Falso
292,,chequeabolivia.bo,https://chequeabolivia.bo/empresa-no-habilitada-por-el-tse-difunde-encuesta-de-intencion-de-voto-falsa,Empresa no habilitada por el TSE difunde encuesta de intención de voto falsa,Falso
293,,chequeabolivia.bo,https://chequeabolivia.bo/ni-pagina-siete-ni-jubileo-publicaron-una-encuesta-sobre-la-segunda-vuelta-en-tarija,"Ni Página Siete, ni Jubileo publicaron una encuesta sobre la segunda vuelta en Tarija",Falso
294,,chequeabolivia.bo,https://chequeabolivia.bo/arce-catacora-no-se-encuentra-delicado-de-salud-y-morales-no-podria-regresar-la-presidencia,Arce Catacora no se encuentra delicado de salud y Morales no podría regresar a la Presidencia,Falso
295,,chequeabolivia.bo,https://chequeabolivia.bo/es-falso-que-eva-copa-y-jallalla-se-declaren-en-emergencia-en-apoyo-camacho,Es falso que Eva Copa y Jallalla se declaren en emergencia en apoyo a Camacho,Falso
296,,chequeabolivia.bo,https://chequeabolivia.bo/militantes-de-creemos-no-quemaron-anforas-en-los-municipios-donde-perdia-su-candidato,Militantes de Creemos no quemaron ánforas en los municipios donde perdía su candidato,Falso
297,,chequeabolivia.bo,https://chequeabolivia.bo/el-tse-no-designa-arbitrariamente-jurados-electorales-de-un-mismo-partido-para-inhabilitar-mesas-de,El TSE no designa arbitrariamente jurados electorales de un mismo partido para inhabilitar mesas de sufragio,Falso
298,,chequeabolivia.bo,https://chequeabolivia.bo/candidato-marcelo-perez-no-gano-los-resultados-de-boca-de-urna-con-un-475,"Candidato Marcelo Pérez no ganó los resultados de Boca de Urna con un 47,5 %",Falso
299,,chequeabolivia.bo,https://chequeabolivia.bo/las-personas-en-la-imagen-no-estan-llenando-material-oficial-de-las-elecciones-subnacionales-2021,Las personas en la imagen no están llenando material oficial de las Elecciones Subnacionales 2021,Falso
300,,chequeabolivia.bo,https://chequeabolivia.bo/el-tse-no-habilito-manfred-reyes-villa-como-senala-un-documento-que-circula-en-redes-sociales,El TSE no habilitó a Manfred Reyes Villa como señala un documento que circula en redes sociales,Falso
301,,chequeabolivia.bo,https://chequeabolivia.bo/unitel-no-publico-una-posible-habilitacion-del-candidato-manfred-reyes-villa,Unitel no publicó una posible habilitación del candidato Manfred Reyes Villa,Falso
302,,chequeabolivia.bo,https://chequeabolivia.bo/zacarias-ratuki-maquera-no-rogo-por-votos-para-lograr-un-concejal-en-el-alto,Zacarías “Ratuki” Maquera no rogó por votos para lograr un concejal en El Alto,Falso
303,,chequeabolivia.bo,https://chequeabolivia.bo/unitel-no-publico-encuesta-en-la-que-ivan-arias-gana-con-925,Unitel no publicó encuesta en la que Iván Arias gana con 92.5%,Falso
304,,chequeabolivia.bo,https://chequeabolivia.bo/empresas-que-dan-como-favorito-gary-anez-en-una-encuesta-no-estan-habilitadas-por-el-tse,Empresas que dan como favorito a Gary Áñez en una encuesta no están habilitadas por el TSE,Falso
305,,chequeabolivia.bo,https://chequeabolivia.bo/es-falso-que-todos-los-billetes-nuevos-estan-sin-escudo-como-afirma-carlos-mesa-en-sus-redes,"Es falso que todos los billetes nuevos están “SIN escudo”, como afirma Carlos Mesa en sus redes sociales",Falso
306,,chequeabolivia.bo,https://chequeabolivia.bo/encuesta-que-da-el-65-por-ciento-de-intencion-de-voto-jhonny-fernandez-es-falsa,Encuesta que da el 65 por ciento de intención de voto a Jhonny Fernández es falsa,Falso
307,,chequeabolivia.bo,https://chequeabolivia.bo/encuesta-que-posiciona-en-primer-lugar-nelson-cox-es-falsa,Encuesta que posiciona en primer lugar a Nelson Cox es falsa,Falso
308,,chequeabolivia.bo,https://chequeabolivia.bo/anez-no-felicito-arias-por-el-resultado-de-las-encuestas-de-intencion-de-voto,Áñez no felicitó a Arias por el resultado de las encuestas de intención de voto,Falso
309,,chequeabolivia.bo,https://chequeabolivia.bo/presunta-encuesta-filtrada-de-unitel-es-falsa,Presunta encuesta filtrada de Unitel es falsa,Falso
310,,chequeabolivia.bo,https://chequeabolivia.bo/andronico-no-menciono-que-no-le-interesa-si-no-van-votar-las-elecciones-subnacionales-2021,Andrónico no mencionó que no le interesa si no van a votar a las elecciones Subnacionales 2021,Falso
311,,chequeabolivia.bo,https://chequeabolivia.bo/el-deber-no-publico-que-angelica-sosa-lidera-las-encuestas-para-la-alcaldia-de-santa-cruz,El Deber no publicó que Angélica Sosa lidera las encuestas para la Alcaldía de Santa Cruz,Falso
312,,chequeabolivia.bo,https://chequeabolivia.bo/la-patria-no-publico-un-comentario-de-tuto-quiroga-sobre-la-hija-de-felipe-quispe,La Patria no publicó un comentario de Tuto Quiroga sobre la hija de Felipe Quispe,Falso
313,,chequeabolivia.bo,https://chequeabolivia.bo/es-falso-que-la-candidata-concejala-paola-valdenassi-violara-las-restricciones-impuestas-en-la-paz,Es falso que la candidata a concejala Paola Valdenassi violara las restricciones impuestas en La Paz,Falso
314,,chequeabolivia.bo,https://chequeabolivia.bo/circula-una-encuesta-de-intencion-de-voto-en-santa-cruz-para-las-elecciones-subnacionales-2021-sin,Circula una encuesta de intención de voto en Santa Cruz para las elecciones subnacionales 2021 sin cumplir los requisitos legales,Falso
315,,chequeabolivia.bo,https://chequeabolivia.bo/circula-una-encuesta-de-intencion-de-voto-en-el-alto-para-las-elecciones-subnacionales-2021-sin,Circula una encuesta de intención de voto en El Alto para las elecciones subnacionales 2021 sin cumplir los requisitos legales,Falso
316,,chequeabolivia.bo,https://chequeabolivia.bo/empresa-que-difunde-una-encuesta-que-da-como-favorita-adriana-salvatierra-para-la-alcaldia-de-santa,Empresa que difunde una encuesta que da como favorita a Adriana Salvatierra para la Alcaldía de Santa Cruz no está habilitada,Falso
317,,chequeabolivia.bo,https://chequeabolivia.bo/evo-morales-denuncia-la-habilitacion-de-jorge-morales-como-candidato-la-alcaldia,Evo Morales denuncia la habilitación de Jorge Morales como candidato a la alcaldía,Falso
318,,chequeabolivia.bo,https://chequeabolivia.bo/abi-no-publico-que-morales-pide-disculpas-sus-seguidores-por-el-dedazo-y-apoyo-en-las-urnas,ABI no publicó que Morales pide disculpas a sus seguidores por el dedazo y apoyo en las urnas,Falso
319,,chequeabolivia.bo,https://chequeabolivia.bo/es-falso-que-el-deber-haya-publicado-una-nota-de-evo-morales-criticando-eva-copa,Es falso que El Deber haya publicado una nota de Evo Morales criticando a Eva Copa,Falso
320,,chequeabolivia.bo,https://chequeabolivia.bo/el-tse-no-inhabilito-cesar-dockweiler-como-candidato-la-alcaldia-de-la-paz,El TSE no inhabilitó a César Dockweiler como candidato a la alcaldía de La Paz,Falso
321,,chequeabolivia.bo,https://chequeabolivia.bo/circulan-encuestas-falsas-de-intencion-de-voto-para-las-elecciones-subnacionales-2021,Circulan encuestas falsas de intención de voto para las Elecciones Subnacionales 2021,Falso
322,,chequeabolivia.bo,https://chequeabolivia.bo/erbol-no-publico-que-marco-pumari-sera-candidato-por-pan-bol-en-las-subnacionales,Erbol no publicó que Marco Pumari será candidato por PAN-BOL en las subnacionales,Falso
323,,chequeabolivia.bo,https://chequeabolivia.bo/mario-cronenbold-apunta-candidato-alcalde-con-creemos,Mario Cronenbold apunta candidato a alcalde con CREEMOS,Falso
324,,chequeabolivia.bo,https://chequeabolivia.bo/evo-morales-anuncia-su-candidatura-la-gobernacion-de-cochabamba,Evo Morales anuncia su candidatura a la Gobernación de Cochabamba,Falso
325,,chequeabolivia.bo,https://chequeabolivia.bo/biden-cometio-fraude-para-obtener-los-votos-de-pensilvania,Biden cometió fraude para obtener los votos de Pensilvania,Falso
326,,chequeabolivia.bo,https://chequeabolivia.bo/empresa-dominiun-voting-es-confiscada-por-multiples-irregularidades-en-las-elecciones-generales-de,Empresa “Dominiun Voting” es confiscada por múltiples irregularidades en las elecciones generales de Bolivia,Falso
327,,chequeabolivia.bo,https://chequeabolivia.bo/vocal-del-tse-denuncia-fraude-en-las-elecciones-generales,Vocal del TSE denuncia fraude en las elecciones generales,Falso
328,,chequeabolivia.bo,https://chequeabolivia.bo/angelica-sosa-sugiere-crear-un-nuevo-comite-civico-pro-santa-cruz-elegido-por-voto,Angélica Sosa sugiere crear un nuevo Comité Cívico Pro Santa Cruz elegido por voto,Falso
329,,chequeabolivia.bo,https://chequeabolivia.bo/certificado-de-sufragio-contiene-el-escudo-del-socialismo-bolivariano,Certificado de sufragio contiene el escudo del socialismo bolivariano,Falso
330,,chequeabolivia.bo,https://chequeabolivia.bo/denuncian-codigos-qr-falsos-de-certificados-de-sufragio,Denuncian codigos QR falsos de certificados de sufragio,Falso
331,,chequeabolivia.bo,https://chequeabolivia.bo/la-olaf-inicia-investigacion-por-fraude-electoral-en-bolivia,La OLAF inicia investigación por fraude electoral en Bolivia,Falso
332,,chequeabolivia.bo,https://chequeabolivia.bo/entrambasaguas-denuncia-otro-fraude-de-las-elecciones-del-18-de-octubre,Entrambasaguas denuncia otro fraude de las elecciones del 18 de octubre,Falso
333,,chequeabolivia.bo,https://chequeabolivia.bo/el-tse-manipula-votos-para-favorecer-al-mas-en-una-mesa-de-warnes,El TSE manipula votos para favorecer al MAS en una mesa de Warnes,Falso
334,,chequeabolivia.bo,https://chequeabolivia.bo/villegas-nos-robaron-las-elecciones,Villegas: “Nos robaron las elecciones”,Falso
335,,chequeabolivia.bo,https://chequeabolivia.bo/ingeniero-villegas-denuncia-fraude-electoral,Ingeniero Villegas denuncia fraude electoral,Falso
336,,chequeabolivia.bo,https://chequeabolivia.bo/circula-un-video-denunciando-un-posible-fraude-en-las-elecciones-generales-2020,Circula un video denunciando un posible fraude en las elecciones generales 2020,Falso
337,,chequeabolivia.bo,https://chequeabolivia.bo/monitoreo-de-villegas-muestra-carlos-mesa-como-ganador,Monitoreo de Villegas muestra a Carlos Mesa como ganador,Falso
338,,chequeabolivia.bo,https://chequeabolivia.bo/gobierno-de-anez-impide-que-evo-morales-emita-su-voto,Gobierno de Áñez impide que Evo Morales emita su voto,Falso
339,,chequeabolivia.bo,https://chequeabolivia.bo/video-muestra-camacho-llorando-tras-conocer-resultados-sobre-las-elecciones,Video muestra a Camacho llorando tras conocer resultados sobre las elecciones,Falso
340,,chequeabolivia.bo,https://chequeabolivia.bo/circula-imagen-de-resultados-en-boca-de-urna-con-el-logo-de-tu-voto-cuenta,Circula imagen de resultados en boca de urna con el logo de Tu Voto Cuenta,Falso
341,,chequeabolivia.bo,https://chequeabolivia.bo/unitel-encuestas-boca-de-urna-apuntan-preferencia-por-luis-arce-con-el-436,"Unitel: Encuestas a boca de urna apuntan preferencia por Luis Arce con el 43,6%",Falso
342,,chequeabolivia.bo,https://chequeabolivia.bo/luis-fernando-camacho-gana-votacion-en-china,Luis Fernando Camacho gana votación en China,Falso
343,,chequeabolivia.bo,https://chequeabolivia.bo/carlos-mesa-renuncia-su-candidatura,Carlos Mesa renuncia a su candidatura,Falso
344,,chequeabolivia.bo,https://chequeabolivia.bo/camacho-renuncia-su-candidatura,Camacho renuncia a su candidatura,Falso
345,,chequeabolivia.bo,https://chequeabolivia.bo/carlos-mesa-pondra-jeanine-anez-como-ministra,Carlos Mesa pondrá a Jeanine Áñez como ministra,Falso
346,,chequeabolivia.bo,https://chequeabolivia.bo/unitel-mesa-renuncia-su-candidatura-por-la-presidencia,Unitel: Mesa renuncia a su candidatura por la presidencia,Falso
347,,chequeabolivia.bo,https://chequeabolivia.bo/hay-que-marcar-todas-las-franjas-de-la-papeleta-electoral-para-votar,Hay que marcar todas las franjas de la papeleta electoral para votar,Falso
348,,chequeabolivia.bo,https://chequeabolivia.bo/encuesta-nivel-nacional-informa-que-camacho-esta-un-punto-de-empatar-al-mas,Encuesta a nivel nacional informa que Camacho está a un punto de empatar al MAS,Falso
349,,chequeabolivia.bo,https://chequeabolivia.bo/camacho-supera-mesa-en-encuesta-electoral-nivel-nacional,Camacho supera a Mesa en encuesta electoral a nivel nacional,Falso
350,,chequeabolivia.bo,https://chequeabolivia.bo/carlos-mesa-quiere-regalar-el-litio-los-chilenos,Carlos Mesa quiere regalar el litio a los chilenos,Falso
351,,chequeabolivia.bo,https://chequeabolivia.bo/pagina-siete-morales-dice-ganar-elecciones-gracias-camacho,Página Siete: Morales dice ganar elecciones gracias a Camacho,Falso
352,,chequeabolivia.bo,https://chequeabolivia.bo/captura-consulting-muestra-empatados-mesa-y-camacho-en-intencion-de-voto,Captura Consulting muestra empatados a Mesa y Camacho en intención de voto,Falso
353,,chequeabolivia.bo,https://chequeabolivia.bo/anez-postula-para-la-gobernacion-de-beni-con-comunidad-ciudadana,Áñez postula para la Gobernación de Beni con Comunidad Ciudadana,Falso
354,,chequeabolivia.bo,https://chequeabolivia.bo/la-mancha-de-tinta-de-una-huella-dactilar-en-la-papeleta-puede-anular-el-voto,La mancha de tinta de una huella dactilar en la papeleta puede anular el voto,Falso
355,,chequeabolivia.bo,https://chequeabolivia.bo/nueva-encuesta-situa-camacho-como-primero-en-intencion-de-voto,Nueva encuesta sitúa a Camacho como primero en intención de voto,Falso
356,,chequeabolivia.bo,https://chequeabolivia.bo/reyes-villa-amenaza-camacho-para-que-decline-su-candidatura,Reyes Villa amenaza a Camacho para que decline su candidatura,Falso
357,,chequeabolivia.bo,https://chequeabolivia.bo/encuesta-posiciona-al-mas-en-primer-lugar-con-67,Encuesta posiciona al MAS en primer lugar con 67%,Falso
358,,chequeabolivia.bo,https://chequeabolivia.bo/index%2Ephp/la-razon-ultima-encuesta-de-ciesmori-pronostica-victoria-del-mas-en-primera-vuelta,La Razón: Última encuesta de Ciesmori pronostica victoria del MAS en primera vuelta,Falso
359,,chequeabolivia.bo,https://chequeabolivia.bo/crean-grupo-falso-del-tse,Crean grupo falso del TSE,Falso
360,,chequeabolivia.bo,https://chequeabolivia.bo/carlos-mesa-hara-alianza-con-mujeres-creando,Carlos Mesa hará alianza con Mujeres Creando,Falso
361,,chequeabolivia.bo,https://chequeabolivia.bo/carlos-mesa-tiene-principios-de-alzheimer,Carlos Mesa tiene principios de Alzheimer,Falso
362,,chequeabolivia.bo,https://chequeabolivia.bo/chunoman-es-candidato-senador-por-la-paz,“Chuñoman” es candidato a senador por La Paz,Falso
363,,chequeabolivia.bo,https://chequeabolivia.bo/tse-niega-estatus-de-observador-internacional-progresista,TSE niega estatus de observador a Internacional Progresista,Falso
364,,chequeabolivia.bo,https://chequeabolivia.bo/usaid-tiene-oficinas-dentro-del-tse,Usaid tiene oficinas dentro del TSE,Falso
365,,chequeabolivia.bo,https://chequeabolivia.bo/encuesta-da-el-498-de-preferencia-de-voto-arce-catacora,Encuesta da el 49.8% de preferencia de voto a Arce Catacora,Falso
366,,chequeabolivia.bo,https://chequeabolivia.bo/el-porcentaje-total-de-la-encuesta-de-ciesmori-es-725,"El porcentaje total de la encuesta de Ciesmori es 72,5 %",Falso
367,,chequeabolivia.bo,https://chequeabolivia.bo/encuesta-de-ciesmori-posiciona-arce-con-28-y-mesa-con-27,Encuesta de Ciesmori posiciona a Arce con 28% y Mesa con 27%,Falso
368,,chequeabolivia.bo,https://chequeabolivia.bo/resultado-de-encuesta-posterior-la-renuncia-de-anez-el-mas-gana-con-un-5170,"Resultado de encuesta posterior a la renuncia de Áñez: El MAS gana con un 51,70 %",Falso
369,,chequeabolivia.bo,https://chequeabolivia.bo/melania-torrico-exfuncionaria-de-gobierno-de-morales-es-candidata-vicepresidencial-junto-chi-hyun,Melania Torrico exfuncionaria de gobierno de Morales es candidata vicepresidencial junto a Chi Hyun Chung,Falso
370,,chequeabolivia.bo,https://chequeabolivia.bo/carlos-mesa-sobre-arce-el-mas-grande-de-los-bolivianos,Carlos Mesa sobre Arce: “El más grande de los bolivianos”,Falso
371,,chequeabolivia.bo,https://chequeabolivia.bo/jeanine-anez-pide-apoyar-carlos-mesa-en-twitter,Jeanine Áñez pide apoyar a Carlos Mesa en Twitter,Falso
372,,chequeabolivia.bo,https://chequeabolivia.bo/nueva-encuesta-situa-camacho-como-segundo-en-intencion-de-voto,Nueva encuesta sitúa a Camacho como segundo en intención de voto,Falso
373,,chequeabolivia.bo,https://chequeabolivia.bo/circula-encuesta-que-posiciona-al-mas-en-primer-lugar-con-47,Circula encuesta que posiciona al MAS en primer lugar con 47%,Falso
374,,chequeabolivia.bo,https://chequeabolivia.bo/luis-fernando-camacho-jamas-renunciare-mi-candidatura,Luis Fernando Camacho: “Jamás renunciaré a mi candidatura”,Falso
375,,chequeabolivia.bo,https://chequeabolivia.bo/carlos-mesa-se-reunio-con-la-cia,Carlos Mesa se reunió con la CIA,Falso
376,,chequeabolivia.bo,https://chequeabolivia.bo/carlos-mesa-la-privatizacion-es-una-opcion-positiva-para-bolivia,Carlos Mesa: “La privatización es una opción positiva para Bolivia”,Falso
377,,chequeabolivia.bo,https://chequeabolivia.bo/carlos-mesa-ni-muerto-les-doy-autonomia-los-crucenos,Carlos Mesa: “Ni muerto les doy autonomía a los cruceños”,Falso
378,,chequeabolivia.bo,https://chequeabolivia.bo/carlos-mesa-dice-que-prefiere-volver-pedir-limosna-que-regrese-el-mas,Carlos Mesa dice que prefiere volver a pedir limosna a que regrese el MAS,Falso
379,,chequeabolivia.bo,https://chequeabolivia.bo/encuesta-de-intencion-de-voto-le-da-el-triunfo-al-mas-con-67,Encuesta de intención de voto le da el triunfo al MAS con 67%,Falso
380,,chequeabolivia.bo,https://chequeabolivia.bo/carlos-mesa-admite-que-promovio-el-golpe-de-estado,Carlos Mesa admite que promovió el golpe de Estado,Falso
381,,chequeabolivia.bo,https://chequeabolivia.bo/ultima-encuesta-nivel-nacional-el-mas-lidera-con-un-483,Última encuesta a nivel nacional: El MAS lidera con un 48.3%,Falso
382,,chequeabolivia.bo,https://chequeabolivia.bo/carlos-valverde-expresa-su-apoyo-carlos-mesa,Carlos Valverde expresa su apoyo a Carlos Mesa,Falso
383,,chequeabolivia.bo,https://chequeabolivia.bo/carlos-mesa-propone-privatizar-empresas-y-suprimir-bonos,Carlos Mesa propone privatizar empresas y suprimir bonos,Falso
384,,chequeabolivia.bo,https://chequeabolivia.bo/circula-encuesta-de-preferencia-electoral-de-la-fundacion-jubileo,Circula encuesta de preferencia electoral de la Fundación Jubileo,Falso
385,,chequeabolivia.bo,https://chequeabolivia.bo/hijo-de-anez-trabaja-en-el-tse,Hijo de Áñez trabaja en el TSE,Falso
386,,chequeabolivia.bo,https://chequeabolivia.bo/mas-ipsp-lidera-intencion-de-voto-en-unitel-con-mas-de-50,MAS-IPSP lidera intención de voto en Unitel con más de 50%,Falso
387,,chequeabolivia.bo,https://chequeabolivia.bo/encuesta-de-ipsos-da-como-ganador-mesa-con-356,"Encuesta de Ipsos da como ganador a Mesa con 35,6%",Falso
388,,chequeabolivia.bo,https://chequeabolivia.bo/tse-entrega-policia-y-ffaa-el-traslado-de-papeletas-y-resultados-de-votacion-sin-control-civil,TSE entrega a Policía y FFAA el traslado de papeletas y resultados de votación sin control civil,Falso
389,,chequeabolivia.bo,https://chequeabolivia.bo/unitel-fernando-camacho-lidera-encuesta-electoral-con-un-337,"Unitel: Fernando Camacho lidera encuesta electoral con un 33,7%",Falso
390,,chequeabolivia.bo,https://chequeabolivia.bo/encuesta-de-intencion-de-voto-muestra-como-favorito-jorge-tuto-quiroga,Encuesta de intención de voto muestra como favorito a Jorge ‘Tuto’ Quiroga,Falso
391,,chequeabolivia.bo,https://chequeabolivia.bo/los-tiempos-diputada-juana-quispe-afirma-que-evo-puede-tener-cholas-jovencitas,Los Tiempos: Diputada Juana Quispe afirma que “Evo puede tener cholas jovencitas”,Falso
392,,chequeabolivia.bo,https://chequeabolivia.bo/diputado-franklin-flores-morales-es-inocente-los-padres-consintieron-esa-relacion,"Diputado Franklin Flores: Morales es inocente, los padres consintieron esa relación",Falso
393,,chequeabolivia.bo,https://chequeabolivia.bo/difunden-imagenes-de-carlos-mesa-junto-persona-presuntamente-menor-de-edad,Difunden imágenes de Carlos Mesa junto a persona presuntamente menor de edad,Falso
394,,chequeabolivia.bo,https://chequeabolivia.bo/copa-muchos-se-contagiaran-y-moriran-en-el-dia-de-las-elecciones-pero-es-algo-que-mi-partido-esta,"Copa: “Muchos se contagiarán y morirán en el día de las elecciones, pero es algo que mi partido está dispuesto a aceptar”",Falso
395,,chequeabolivia.bo,https://chequeabolivia.bo/putin-dice-que-elecciones-en-bolivia-deben-ser-el-6-de-septiembre,Putin dice que elecciones en Bolivia deben ser el 6 de septiembre,Falso
396,,chequeabolivia.bo,https://chequeabolivia.bo/la-paz-fotografia-muestra-presunta-muerte-de-una-persona-como-producto-de-las-protestas-en-el-tse,La Paz: fotografía muestra presunta muerte de una persona como producto de las protestas en el TSE,Falso
397,,chequeabolivia.bo,https://chequeabolivia.bo/jeanine-anez-hablamos-con-romero-para-suspender-elecciones-definitivamente,Jeanine Áñez: Hablamos con Romero para suspender elecciones definitivamente,Falso
398,,chequeabolivia.bo,https://chequeabolivia.bo/anez-propone-suspender-elecciones-del-18-de-octubre,Áñez propone suspender elecciones del 18 de octubre,Falso
399,,chequeabolivia.bo,https://chequeabolivia.bo/carlos-mesa-dice-que-no-pedira-la-anulacion-del-mas-y-debe-decidirse-en-las-urnas,Carlos Mesa dice que no pedirá la anulación del MAS y debe decidirse en las urnas,Falso
400,,chequeabolivia.bo,https://chequeabolivia.bo/carlos-mesa-felicita-anez-por-pedir-creditos-para-dar-bonos,Carlos Mesa felicita a Áñez por pedir créditos para dar bonos,Falso
401,,chequeabolivia.bo,https://chequeabolivia.bo/encuesta-de-el-deber-posiciona-al-mas-como-primero-en-encuesta-de-intencion-de-voto,Encuesta de El Deber posiciona al MAS como primero en encuesta de intención de voto,Falso
402,,chequeabolivia.bo,https://chequeabolivia.bo/carlos-mesa-pide-la-policia-usar-toda-la-fuerza-necesaria-contra-la-cob-y-maestros,Carlos Mesa pide a la policía usar “toda la fuerza necesaria” contra la COB y maestros,Falso
403,,chequeabolivia.bo,https://chequeabolivia.bo/circula-un-enlace-para-la-consulta-de-jurados-electorales-para-las-elecciones-de-septiembre,Circula un enlace para la consulta de jurados electorales para las elecciones de septiembre,Falso
404,,chequeabolivia.bo,https://chequeabolivia.bo/primera-encuesta-oficial-informa-que-el-mas-lidera-con-673,"Primera encuesta oficial informa que el MAS lidera con 67,3%",Falso
405,,chequeabolivia.bo,https://chequeabolivia.bo/nueva-encuesta-favorece-anez-con-un-425,Nueva encuesta favorece a Ánez con un 42.5%,Falso
406,,chequeabolivia.bo,https://chequeabolivia.bo/bbc-twitter-suspende-cuenta-del-candidato-la-presidencia-del-mas-por-navegar-en-pornografia,"BBC: “Twitter suspende cuenta del candidato a la presidencia del MAS, por navegar en pornografía infantil todas las noches”",Falso
407,,chequeabolivia.bo,https://chequeabolivia.bo/camacho-he-decidido-poner-mi-candidatura-en-blanco,Camacho: “He decidido poner mi candidatura en blanco”,Falso
408,,chequeabolivia.bo,https://chequeabolivia.bo/jeanine-anez-dice-que-no-quiere-elecciones,Jeanine Áñez dice que no quiere elecciones,Falso
409,,chequeabolivia.bo,https://chequeabolivia.bo/encuesta-electoral-da-67-de-preferencia-de-voto-arce-catacora,Encuesta electoral da 67% de preferencia de voto a Arce Catacora,Falso
410,,chequeabolivia.bo,https://chequeabolivia.bo/circula-una-encuesta-de-gqr-sobre-percepcion-de-la-pandemia-y-las-elecciones-en-bolivia,Circula una encuesta de GQR sobre percepción de la pandemia y las elecciones en Bolivia,Falso
411,,chequeabolivia.bo,https://chequeabolivia.bo/encuesta-electoral-posiciona-arce-catacora-como-favorito,Encuesta electoral posiciona a Arce Catacora como favorito,Falso
412,,chequeabolivia.bo,https://chequeabolivia.bo/carlos-mesa-yo-tengo-apellido-pedigri,"Carlos Mesa: “Yo tengo apellido, pedigrí”",Falso
413,,chequeabolivia.bo,https://chequeabolivia.bo/pagina-siete-andronico-rodriguez-pide-la-ampliacion-de-la-cuarentena-sin-importar-las-elecciones,Página Siete: Andrónico Rodríguez pide la ampliación de la cuarentena sin importar las elecciones,Falso
414,,chequeabolivia.bo,https://chequeabolivia.bo/anez-se-retira-de-su-candidatura-y-apoya-mesa,Áñez se retira de su candidatura y apoya a Mesa,Falso
415,,chequeabolivia.bo,https://chequeabolivia.bo/estados-unidos-manejara-las-elecciones-de-bolivia,Estados Unidos manejará las elecciones de Bolivia,Falso
416,,chequeabolivia.bo,https://chequeabolivia.bo/el-mas-vuelve-encabezar-las-encuestas-de-intencion-de-voto,El MAS vuelve a encabezar las encuestas de intención de voto,Falso
417,,chequeabolivia.bo,https://chequeabolivia.bo/circula-un-informe-de-intencion-de-voto-realizado-por-mitofsky-mexico,Circula un informe de intención de voto realizado por Mitofsky (México),Falso
418,,chequeabolivia.bo,https://chequeabolivia.bo/decomisan-documentos-falsificados-que-pretendian-ser-usados-para-proximas-elecciones,Decomisan documentos falsificados que pretendían ser usados para próximas elecciones,Falso
419,,chequeabolivia.bo,https://chequeabolivia.bo/tata-quispe-dice-que-anez-no-quiere-llamar-elecciones-porque-sabe-que-ganara-el-mas,Tata Quispe dice que Áñez no quiere llamar a elecciones porque sabe que ganará el MAS,Falso
420,,chequeabolivia.bo,https://chequeabolivia.bo/el-mas-lidera-encuesta-de-intencion-de-voto,El MAS lidera encuesta de intención de voto,Falso
421,,chequeabolivia.bo,https://chequeabolivia.bo/clonan-cuenta-de-facebook-del-candidato-presidencial-luis-arce,Clonan cuenta de Facebook del candidato presidencial Luis Arce,Falso
422,,chequeabolivia.bo,https://chequeabolivia.bo/carlos-mesa-presenta-carta-de-renuncia-la-candidatura-presidencial-de-comunidad-ciudadana,Carlos Mesa presenta carta de renuncia a la candidatura presidencial de Comunidad Ciudadana,Falso
423,,chequeabolivia.bo,https://chequeabolivia.bo/luis-fernando-camacho-anuncio-que-el-mas-ganara-las-elecciones,Luis Fernando Camacho anunció que el MAS ganará las elecciones,Falso
424,,chequeabolivia.bo,https://chequeabolivia.bo/campesinos-marchan-pidiendo-elecciones-en-plena-cuarentena,Campesinos marchan pidiendo elecciones en plena cuarentena,Falso
425,,chequeabolivia.bo,https://chequeabolivia.bo/resultados-en-boca-de-urna-nivel-nacional-de-las-elecciones-generales-2020,Resultados en boca de urna a nivel nacional de las Elecciones Generales 2020,Falso
426,,chequeabolivia.bo,https://chequeabolivia.bo/bbc-jeanine-anez-y-sus-ministros-se-aferran-al-poder-y-rechazan-las-elecciones-democraticas-en,BBC: “Jeanine Áñez y sus ministros se aferran al poder y rechazan las elecciones democráticas en Bolivia”,Falso
427,,chequeabolivia.bo,https://chequeabolivia.bo/faltan-87-dias-para-las-elecciones-generales,Faltan 87 días para las elecciones generales,Falso
428,,chequeabolivia.bo,https://chequeabolivia.bo/eva-copa-queremos-elecciones-y-que-la-gente-muera-no-es-nuestro-problema,Eva Copa: Queremos elecciones y que la gente muera no es nuestro problema,Falso
429,,chequeabolivia.bo,https://chequeabolivia.bo/el-mas-lidera-encuestas-con-62,El MAS lidera encuestas con 62%,Falso
430,,chequeabolivia.bo,https://chequeabolivia.bo/afp-encuesta-la-posibilidad-de-entregar-60-de-ahorros,AFP encuesta la posibilidad de entregar 60% de ahorros,Falso
431,,chequeabolivia.bo,https://chequeabolivia.bo/index%2Ephp/tuto-quiroga-si-yo-fuera-presidente-cerraria-el-congreso,Tuto Quiroga: “Si yo fuera presidente cerraría el congreso”,Falso
432,,chequeabolivia.bo,https://chequeabolivia.bo/en-bolivia-no-hay-coronavirus-y-solo-quieren-suspender-las-elecciones,En Bolivia no hay coronavirus y sólo quieren suspender las elecciones,Falso
433,,chequeabolivia.bo,https://chequeabolivia.bo/anez-analiza-suspender-las-elecciones-del-3-de-mayo,Áñez analiza suspender las elecciones del 3 de mayo,Falso
434,,chequeabolivia.bo,https://chequeabolivia.bo/goni-manda-su-apoyo-rotundo-carlos-mesa,Goni manda su apoyo rotundo a Carlos Mesa,Falso
435,,chequeabolivia.bo,https://chequeabolivia.bo/ciesmori-no-se-acredito-ante-el-tse-para-realizar-estudios-de-opinion,Ciesmori no se acreditó ante el TSE para realizar estudios de opinión,Falso
436,,chequeabolivia.bo,https://chequeabolivia.bo/unitel-difunde-una-encuesta-de-intencion-de-voto,Unitel difunde una encuesta de intención de voto,Falso
437,,chequeabolivia.bo,https://chequeabolivia.bo/creemos-difunde-su-propuesta-electoral-2020-2025,Creemos difunde su propuesta electoral 2020 – 2025,Falso
438,,chequeabolivia.bo,https://chequeabolivia.bo/evo-morales-obsequia-tierras-cambio-de-votos,Evo Morales obsequia tierras a cambio de votos,Falso
439,,chequeabolivia.bo,https://chequeabolivia.bo/adriana-gil-acompanara-mesa-como-candidata-la-vicepresidencia,Adriana Gil acompañará a Mesa como candidata a la Vicepresidencia,Falso
440,,chequeabolivia.bo,https://chequeabolivia.bo/evo-morales-propone-boicotear-las-elecciones-para-volver-bolivia,Evo Morales propone boicotear las elecciones para volver a Bolivia,Falso
441,,chequeabolivia.bo,https://chequeabolivia.bo/camacho-anuncia-que-no-sera-candidato-y-que-trabajara-para-ser-gobernador-de-santa-cruz,Camacho anuncia que no será candidato y que trabajará para ser gobernador de Santa Cruz,Falso
442,,chequeabolivia.bo,https://chequeabolivia.bo/asi-decidimos-informa-sobre-el-voto-en-el-exterior-por-facebook,Así Decidimos informa sobre el voto en el exterior por Facebook,Falso
443,,chequeabolivia.bo,https://chequeabolivia.bo/carlos-mesa-provoca-accidente-en-auto-de-buen-gobierno,Carlos Mesa provoca accidente en Auto de Buen Gobierno,Falso
444,,chequeabolivia.bo,https://chequeabolivia.bo/oscar-ortiz-renuncia-su-candidatura-y-pide-apoyar-carlos-mesa,Óscar Ortiz renuncia a su candidatura y pide apoyar a Carlos Mesa,Falso
445,,chequeabolivia.bo,https://chequeabolivia.bo/gonzalo-sanchez-de-lozada-da-su-rotundo-apoyo-carlos-mesa,Gonzalo Sánchez de Lozada da su rotundo apoyo a Carlos Mesa,Falso
446,,chequeabolivia.bo,https://chequeabolivia.bo/evo-dice-que-entregar-la-banda-presidencial-depende-de-los-movimientos-sociales,Evo dice que entregar la banda presidencial depende de los movimientos sociales,Falso
447,,chequeabolivia.bo,https://chequeabolivia.bo/smartmatic-es-la-empresa-que-contrato-el-gobierno-para-el-recuento-de-urnas,Smartmatic es la empresa que contrató el Gobierno para el recuento de urnas,Falso
448,,chequeabolivia.bo,https://chequeabolivia.bo/garcia-linera-les-dice-ninos-que-pidan-la-reeleccion-de-evo-morales,García Linera les dice a niños que pidan la reelección de Evo Morales,Falso
449,,chequeabolivia.bo,https://chequeabolivia.bo/equipo-de-campana-de-cc-confirma-que-carlos-mesa-no-asistira-mas-entrevistas-en-medios,Equipo de campaña de CC confirma que Carlos Mesa no asistirá más a entrevistas en medios,Falso
450,,chequeabolivia.bo,https://chequeabolivia.bo/evo-morales-renuncia-su-candidatura,Evo Morales renuncia a su candidatura,Falso
451,,chequeabolivia.bo,https://chequeabolivia.bo/carlos-mesa-hace-declaraciones-en-contra-la-periodista-gabriela-oviedo,Carlos Mesa hace declaraciones en contra la periodista Gabriela Oviedo,Falso
452,,chequeabolivia.bo,https://chequeabolivia.bo/index%2Ephp/candidato-chi-debemos-eliminar-los-programas-basura-si-me-eligen-empezare-con-calle-7,"Candidato Chi: “Debemos eliminar los programas basura, si me eligen empezaré con Calle 7”",Falso
453,,chequeabolivia.bo,https://chequeabolivia.bo/encuentran-seguidores-de-carlos-mesa-quemando-en-robore,Encuentran a seguidores de Carlos Mesa quemando en Roboré,Falso
454,,chequeabolivia.bo,https://chequeabolivia.bo/carlos-mesa-elogia-goni-y-trump-en-red-uno,Carlos Mesa elogia a Goni y a Trump en Red Uno,Falso
455,,chequeabolivia.bo,https://chequeabolivia.bo/carlos-mesa-bloquea-la-periodista-carla-tejerina-en-twitter,Carlos Mesa bloquea a la periodista Carla Tejerina en Twitter,Falso
456,,chequeabolivia.bo,https://chequeabolivia.bo/bbc-informa-que-caida-de-macri-desinfla-la-candidatura-de-carlos-mesa,BBC informa que caída de Macri desinfla la candidatura de Carlos Mesa,Falso
457,,chequeabolivia.bo,https://chequeabolivia.bo/se-prepara-fraude-electoral-en-bolivia,Se prepara fraude electoral en Bolivia,Falso
458,,chequeabolivia.bo,https://chequeabolivia.bo/encuesta-de-intencion-de-voto-para-las-elecciones-generales-2019,Encuesta de intención de voto para las elecciones generales 2019,Falso
459,,chequeabolivia.bo,https://chequeabolivia.bo/edwin-rodriguez-es-candidato-diputado-plurinominal-por-comunidad-ciudadana,Edwin Rodríguez es candidato a diputado plurinominal por Comunidad Ciudadana,Falso
460,,chequeabolivia.bo,https://chequeabolivia.bo/indigenas-en-bolivia-62-entre-senadoras-de-mesa-0,Indígenas en Bolivia 62%; entre senadoras de Mesa 0%,Falso
461,,chequeabolivia.bo,https://chequeabolivia.bo/carlos-mesa-publica-en-twitter-y-le-da-la-bienvenida-edwin-rodriguez,Carlos Mesa publica en Twitter y le da la bienvenida a Edwin Rodríguez,Falso
462,,chequeabolivia.bo,https://chequeabolivia.bo/edwin-rodriguez-se-reunio-con-carlos-mesa-antes-de-su-renuncia,Edwin Rodríguez se reunió con Carlos Mesa antes de su renuncia,Falso
463,,chequeabolivia.bo,https://chequeabolivia.bo/es-verdad-que-la-nueva-gerente-de-emapa-fue-candidata-del-mas-en-las-ultimas-elecciones-generales,Es verdad que la nueva gerente de Emapa fue candidata del MAS en las últimas elecciones generales,Verdadero
464,,chequeabolivia.bo,https://chequeabolivia.bo/es-verdad-que-samuel-doria-medina-critico-bukele-por-su-reeleccion-y-ahora-lo-felicita-por-su-exito,Es verdad que Samuel Doria Medina criticó a Bukele por su reelección y ahora lo felicita por su “éxito” en el combate contra el crimen,Verdadero
465,,chequeabolivia.bo,https://chequeabolivia.bo/es-verdad-que-tuto-quiroga-antes-criticaba-trump-y-que-tras-su-victoria-electoral-se-acerco-el,Es verdad que ‘Tuto’ Quiroga antes criticaba a Trump y que tras su victoria electoral se acercó a él,Verdadero
466,,chequeabolivia.bo,https://chequeabolivia.bo/candidata-del-mas-regala-fosforos-para-hacer-campana,Candidata del MAS regala fósforos para hacer campaña,Verdadero
467,,chequeabolivia.bo,https://chequeabolivia.bo/candidato-diputado-de-creemos-ofrece-talleres-de-automaquillaje-y-liderazgo-para-empoderar-la-mujer,Candidato a diputado de Creemos ofrece talleres de automaquillaje y liderazgo para empoderar a la mujer,Verdadero
468,,chequeabolivia.bo,https://chequeabolivia.bo/congresistas-de-eeuu-exigen-evaluacion-transparente-del-informe-de-la-oea-sobre-las-elecciones-en,Congresistas de EEUU exigen evaluación transparente del informe de la OEA sobre las elecciones en Bolivia,Verdadero
469,,chequeabolivia.bo,https://chequeabolivia.bo/excandidato-de-fpv-que-critica-al-mas-hizo-campana-por-el-si-en-2016,Excandidato de FPV que critica al MAS hizo campaña por el SÍ en 2016,Verdadero
470,,chequeabolivia.bo,https://chequeabolivia.bo/doria-medina-comparte-encuesta-no-oficial-en-facebook,Doria Medina comparte encuesta no oficial en Facebook,Verdadero
471,,chequeabolivia.bo,https://chequeabolivia.bo/alcaldia-de-santa-cruz-de-la-sierra-solicita-produccion-de-ivermectina,Alcaldía de Santa Cruz de la Sierra solicita producción de Ivermectina,Verdadero
472,,chequeabolivia.bo,https://chequeabolivia.bo/manfred-reyes-villa-sugiere-postergar-las-elecciones-hasta-el-proximo-ano,Manfred Reyes Villa sugiere postergar las elecciones hasta el próximo año,Verdadero
473,,chequeabolivia.bo,https://chequeabolivia.bo/manfred-reyes-villa-en-reuniones-junto-gente-de-creemos,Manfred Reyes Villa en reuniones junto a gente de Creemos,Verdadero
474,,chequeabolivia.bo,https://chequeabolivia.bo/integrante-de-pk2-pide-modificar-la-fecha-de-las-elecciones-al-tse,Integrante de PK2 pide modificar la fecha de las elecciones al TSE,Verdadero
475,,chequeabolivia.bo,https://chequeabolivia.bo/medio-de-comunicacion-alternativo-cubano-confirma-la-reeleccion-de-evo-morales-sin-haberse,Medio de comunicación alternativo cubano confirma la reelección de Evo Morales sin haberse publicado los resultados del cómputo oficial,Verdadero
476,,chequeabolivia.bo,https://chequeabolivia.bo/esta-carta-del-pdc-solicitando-una-declinatoria-de-las-elecciones-fue-rechazada-porque-no-fue,Esta carta del PDC solicitando una declinatoria de las elecciones fue rechazada porque no fue emitida por su delegado oficial,Engañoso
477,,chequeabolivia.bo,https://chequeabolivia.bo/loza-aun-no-obtuvo-mas-del-40-de-votos-evitando-la-segunda-vuelta,Loza aún no obtuvo más del 40% de votos evitando la segunda vuelta,Engañoso
478,,chequeabolivia.bo,https://chequeabolivia.bo/esta-informacion-sobre-la-eliminacion-de-votos-que-favorecian-david-vargas-es-enganosa,Esta información sobre la eliminación de votos que favorecían a David Vargas es engañosa,Engañoso
479,,chequeabolivia.bo,https://chequeabolivia.bo/esta-imagen-del-expresidente-evo-morales-junto-al-candidato-cesar-dockweiler-no-es-actual,Esta imagen del expresidente Evo Morales junto al candidato César Dockweiler no es actual,Engañoso
480,,chequeabolivia.bo,https://chequeabolivia.bo/publicacion-de-radar-altiplanico-sobre-encuestas-en-la-paz-santa-cruz-y-cochabamba-es-enganosa,"Publicación de Radar Altiplánico sobre encuestas en La Paz, Santa Cruz y Cochabamba es engañosa",Engañoso
481,,chequeabolivia.bo,https://chequeabolivia.bo/unitel-no-publico-nota-en-la-que-jugadores-de-la-seleccion-aseguran-que-perderan-si-no-se-les-paga,Unitel no publicó nota en la que jugadores de la selección aseguran que perderán si no se les paga,Engañoso
482,,chequeabolivia.bo,https://chequeabolivia.bo/el-verdadero-carlos-mesa-despedira-todos-los-funcionarios,El verdadero Carlos Mesa despedirá a todos los funcionarios,Engañoso
483,,chequeabolivia.bo,https://chequeabolivia.bo/morales-cambio-la-constitucion-para-ganar-con-el-40-por-ciento-de-los-votos,Morales cambió la Constitución para ganar con el 40 por ciento de los votos,Engañoso
484,,chequeabolivia.bo,https://chequeabolivia.bo/empresa-de-encuestas-viaciencia-fue-creada-hace-seis-meses,Empresa de encuestas ViaCiencia fue creada hace seis meses,Engañoso
485,,chequeabolivia.bo,https://chequeabolivia.bo/esto-es-lo-que-quiere-carlos-mesa,Esto es lo que quiere Carlos Mesa,Engañoso
486,,chequeabolivia.bo,https://chequeabolivia.bo/es-enganoso-un-video-que-muestra-jorge-tuto-quiroga-denunciando-fraude-electoral-tras-la-segunda,Es engañoso un video que muestra a Jorge Tuto Quiroga denunciando fraude electoral tras la segunda vuelta,Engañoso
487,,chequeabolivia.bo,https://chequeabolivia.bo/nicolas-maduro-hablo-de-las-elecciones-en-bolivia-pero-no-brindo-su-apoyo-ningun-candidato,Nicolás Maduro habló de las elecciones en Bolivia pero no brindó su apoyo a ningún candidato,Engañoso
488,,chequeabolivia.bo,https://chequeabolivia.bo/el-tse-no-advirtio-que-inhabilitara-candidatos-por-guerra-sucia,"El TSE no advirtió que inhabilitará a candidatos por ""guerra sucia""",Engañoso
489,,chequeabolivia.bo,https://chequeabolivia.bo/esta-publicacion-de-el-pais-es-de-2019-e-informa-sobre-un-recorrido-de-morales-por-diferentes,Esta publicación de El País es de 2019 e informa sobre un recorrido de Morales por diferentes alcaldías,Engañoso
490,,chequeabolivia.bo,https://chequeabolivia.bo/samuel-doria-medina-dijo-que-le-gustaria-ir-elecciones-con-morales-pero-para-derrotarlo,"Samuel Doria Medina dijo que le gustaría ir a elecciones con Morales, pero para derrotarlo",Engañoso
491,,chequeabolivia.bo,https://chequeabolivia.bo/explicacion-del-caso-medina-y-su-vinculo-con-carlos-mesa,Explicación del caso Medina y su vínculo con Carlos Mesa,Engañoso
492,,chequeabolivia.bo,https://chequeabolivia.bo/encuesta-que-posiciona-como-favorito-rodrigo-paz-es-enganosa,Encuesta que posiciona como favorito a Rodrigo Paz es engañosa,Engañoso
493,,chequeabolivia.bo,https://chequeabolivia.bo/jaime-dunn-no-destrozo-samuel-doria-medina-ni-elogio-jorge-tuto-quiroga,Jaime Dunn no “destrozó” a Samuel Doria Medina ni “elogió” a Jorge Tuto Quiroga,Engañoso
494,,chequeabolivia.bo,https://chequeabolivia.bo/doria-medina-no-admitio-haber-comprado-encuestas-de-red-uno,Doria Medina no “admitió” haber comprado encuestas de Red Uno,Engañoso
495,,chequeabolivia.bo,https://chequeabolivia.bo/red-uno-no-silencio-manfred-reyes-villa-durante-el-debate-presidencial-por-hablar-de-las-encuestas,"Red Uno no silenció a Manfred Reyes Villa durante el debate presidencial por hablar de las ""encuestas falsas""",Engañoso
496,,chequeabolivia.bo,https://chequeabolivia.bo/amalia-pando-no-celebro-triunfo-de-dunn-en-una-encuesta-solo-comento-un-sondeo-de-opinion,"Amalia Pando no celebró triunfo de Dunn en una encuesta, solo comentó un sondeo de opinión",Engañoso
497,,chequeabolivia.bo,https://chequeabolivia.bo/manfred-no-dijo-que-doria-medina-tiene-relacion-con-dinero-del-narcotrafico-pero-si-cuestiono-su,"Manfred no dijo que Doria Medina tiene relación con dinero del narcotráfico, pero sí cuestionó su acceso anticipado a encuestas",Engañoso
498,,chequeabolivia.bo,https://chequeabolivia.bo/manipulan-entrevista-de-samuel-doria-medina-sobre-la-participacion-de-evo-morales-en-las-elecciones,Manipulan entrevista de Samuel Doria Medina sobre la participación de Evo Morales en las elecciones,Engañoso
499,,chequeabolivia.bo,https://chequeabolivia.bo/manipulan-video-de-virginio-lema-para-favorecer-tuto-quiroga,Manipulan video de Virginio Lema para favorecer a Tuto Quiroga,Engañoso
500,,chequeabolivia.bo,https://chequeabolivia.bo/enganoso-presidente-interino-del-tse-no-publico-que-la-reeleccion-indefinida-no-es-un-derecho,Engañoso: Presidente interino del TSE no publicó que la “reelección indefinida no es un derecho humano”,Engañoso
501,,chequeabolivia.bo,https://chequeabolivia.bo/enganoso-tergiversan-declaraciones-de-jose-gary-anez-sobre-tuto-quiroga,Engañoso: tergiversan declaraciones de José Gary Añez sobre Tuto Quiroga,Engañoso
502,,chequeabolivia.bo,https://chequeabolivia.bo/encuesta-de-captura-consulting-y-poder-y-placer-que-posiciona-primero-tuto-quiroga-no-es-confiable,Encuesta de Captura Consulting y Poder y Placer que posiciona primero a ‘Tuto’ Quiroga no es confiable,Engañoso
503,,chequeabolivia.bo,https://chequeabolivia.bo/manfred-reyes-villa-difunde-encuesta-no-confiable-para-promover-su-campana-politica,Manfred Reyes Villa difunde encuesta no confiable para promover su campaña política,Engañoso
504,,chequeabolivia.bo,https://chequeabolivia.bo/tuto-quiroga-no-fue-de-izquierda-ni-el-fundador-del-fri-guerrillero-del-che-guevara,Tuto Quiroga no fue de ‘izquierda’ ni el fundador del FRI guerrillero del ‘Che’ Guevara,Engañoso
505,,chequeabolivia.bo,https://chequeabolivia.bo/la-encuesta-que-jaime-soliz-phiel-compartio-en-redes-no-es-confiable,La encuesta que Jaime Soliz Phiel compartió en redes no es confiable,Engañoso
506,,chequeabolivia.bo,https://chequeabolivia.bo/manipulan-declaraciones-del-diputado-hector-arce-sobre-el-narcotrafico-en-bolivia,Manipulan declaraciones del diputado Héctor Arce sobre el narcotráfico en Bolivia,Engañoso
507,,chequeabolivia.bo,https://chequeabolivia.bo/el-deber-no-difundio-declaracion-del-diputado-de-cc-miguel-roca,El Deber no difundió declaración del diputado de CC Miguel Roca,Engañoso
508,,chequeabolivia.bo,https://chequeabolivia.bo/es-enganoso-diputado-arce-no-acuso-investigadores-chilenos-de-fregar-el-negocio-de-autos-chutos,"Es engañoso: Diputado Arce no acusó a investigadores chilenos de “fregar” el negocio de autos chutos, pero los llamó “mercenarios”",Engañoso
509,,chequeabolivia.bo,https://chequeabolivia.bo/anf-no-publico-declaracion-del-diputado-arce-mencionando-yapacani-como-municipio-de-autos-chutos,ANF no publicó declaración del diputado Arce mencionando a Yapacaní como municipio de autos chutos,Engañoso
510,,chequeabolivia.bo,https://chequeabolivia.bo/diputada-luisa-nayar-de-comunidad-ciudadana-no-agradecio-luis-arce-por-su-gestion,Diputada Luisa Nayar de Comunidad Ciudadana no agradeció a Luis Arce por su gestión,Engañoso
511,,chequeabolivia.bo,https://chequeabolivia.bo/ni-camacho-ni-carlos-mesa-figuran-en-el-caso-papeles-de-pandora,Ni Camacho ni Carlos Mesa figuran en el caso Papeles de Pandora,Engañoso
512,,chequeabolivia.bo,https://chequeabolivia.bo/que-manfred-reyes-villa-no-figura-en-la-lista-de-candidatos-habilitados-no-es-una-noticia-de-ultimo,Que Manfred Reyes-Villa no figura en la lista de candidatos habilitados no es una noticia de último momento,Engañoso
513,,chequeabolivia.bo,https://chequeabolivia.bo/circula-un-video-del-2019-para-promover-el-voto-castigo-en-santa-cruz-y-cochabamba,Circula un video del 2019 para promover el voto castigo en Santa Cruz y Cochabamba,Engañoso
514,,chequeabolivia.bo,https://chequeabolivia.bo/denuncia-sobre-fallas-en-el-sistema-del-tse-no-corresponde-bolivia,Denuncia sobre fallas en el sistema del TSE no corresponde a Bolivia,Engañoso
515,,chequeabolivia.bo,https://chequeabolivia.bo/larrea-declaro-que-los-militantes-del-mas-usan-corbata-para-parecer-gente-cuando-aun-no-era,Larrea declaró que los militantes del MAS usan corbata para parecer “gente” cuando aún no era candidato a la alcaldía de La Paz,Engañoso
516,,chequeabolivia.bo,https://chequeabolivia.bo/circula-pagina-enganosa-que-difunde-encuestas-para-las-elecciones-subnacionales-2021,Circula página engañosa que difunde encuestas para las elecciones subnacionales 2021,Engañoso
517,,chequeabolivia.bo,https://chequeabolivia.bo/valverde-apoya-cronenbold-calificandolo-de-simpatico-y-candidato-ideal,Valverde apoya a Cronenbold calificándolo de “simpático” y “candidato ideal”,Engañoso
518,,chequeabolivia.bo,https://chequeabolivia.bo/encuesta-2020-camacho-pierde-apoyo-para-la-gobernacion-de-santa-cruz,Encuesta 2020: Camacho pierde apoyo para la gobernación de Santa Cruz,Engañoso
519,,chequeabolivia.bo,https://chequeabolivia.bo/bolivision-mujer-denuncia-carlos-mesa-porque-utiliza-los-indigenas-solo-para-sacarse-fotos-y-videos,Bolivisión: Mujer denuncia a Carlos Mesa porque utiliza a los indígenas solo para sacarse fotos y vídeos,Engañoso
520,,chequeabolivia.bo,https://chequeabolivia.bo/carlos-mesa-cero-nacionalizaciones-vamos-privatizar-las-empresas-estatales,"Carlos Mesa: Cero nacionalizaciones, vamos a privatizar las empresas estatales",Engañoso
521,,chequeabolivia.bo,https://chequeabolivia.bo/encuesta-de-tu-voto-cuenta-no-incluye-voto-del-area-rural-ni-del-extranjero,Encuesta de Tu Voto Cuenta no incluye voto del área rural ni del extranjero,Engañoso
522,,chequeabolivia.bo,https://chequeabolivia.bo/carlos-mesa-la-capitalizacion-ha-sido-la-medida-mas-inteligente,Carlos Mesa: “La capitalización ha sido la medida más inteligente”,Engañoso
523,,chequeabolivia.bo,https://chequeabolivia.bo/tuto-quiroga-votemos-por-carlos-mesa,Tuto Quiroga: “Votemos por Carlos Mesa”,Engañoso
524,,chequeabolivia.bo,https://chequeabolivia.bo/carlos-mesa-traiciona-la-paz-y-busca-el-traslado-de-poderes-sucre,Carlos Mesa traiciona a La Paz y busca el traslado de poderes a Sucre,Engañoso
525,,chequeabolivia.bo,https://chequeabolivia.bo/ministro-fernando-lopez-se-controlara-el-voto-en-el-campo,Ministro Fernando López: “Se controlará el voto en el campo”,Engañoso
526,,chequeabolivia.bo,https://chequeabolivia.bo/obligan-altenos-marchar-por-postergar-elecciones-del-6-de-septiembre,Obligan a alteños a marchar por postergar elecciones del 6 de septiembre,Engañoso
527,,chequeabolivia.bo,https://chequeabolivia.bo/juntos-creemos-y-libre-21-acuden-la-oea-para-postergar-las-elecciones,"Juntos, Creemos y Libre 21 acuden a la OEA para postergar las elecciones",Engañoso
528,,chequeabolivia.bo,https://chequeabolivia.bo/evo-quiere-elecciones-nacionales,Evo quiere elecciones nacionales,Engañoso
529,,chequeabolivia.bo,https://chequeabolivia.bo/carlos-mesa-planeo-el-ascenso-de-evo-morales,Carlos Mesa planeó el ascenso de Evo Morales,Engañoso
530,,chequeabolivia.bo,https://chequeabolivia.bo/carlos-mesa-reconoce-que-en-bolivia-si-hubo-golpe-de-estado,Carlos Mesa reconoce que en Bolivia sí hubo golpe de Estado,Engañoso
531,,chequeabolivia.bo,https://chequeabolivia.bo/diputados-de-argentina-resuelven-revocar-el-estatus-de-asilado-evo-morales,Diputados de Argentina resuelven revocar el estatus de asilado a Evo Morales,Engañoso
532,,chequeabolivia.bo,https://chequeabolivia.bo/la-onu-apoya-plenamente-el-resultado-de-las-elecciones-en-bolivia,La ONU apoya “plenamente” el resultado de las elecciones en Bolivia,Engañoso
533,,chequeabolivia.bo,https://chequeabolivia.bo/presidenta-del-tse-asiste-parada-militar,Presidenta del TSE asiste a parada militar,Engañoso
534,,chequeabolivia.bo,https://chequeabolivia.bo/mensaje-de-carlos-mesa-la-nacion-miseria-y-miedo,Mensaje de Carlos Mesa a la nación: Miseria y miedo,Engañoso
