id_registro,fecha_publicacion,fuente_verificadora,url_origen,texto_crudo,categoria_original
1,,chequeabolivia.bo,https://chequeabolivia.bo/ni-el-alteno-ni-unitel-publicaron-que-el-caso-narcomaletas-estaria-financiando-la-campana-de-gary,Ni El Alteño ni Unitel publicaron que el caso “narcomaletas” estaría financiando la campaña de Gary Áñez,Falso
2,,chequeabolivia.bo,https://chequeabolivia.bo/encuesta-falsa-posiciona-riony-villarroel-en-primer-lugar-en-la-alcaldia-de-sacaba,Encuesta falsa posiciona a Riony Villarroel en primer lugar en la Alcaldía de Sacaba,Falso
3,,chequeabolivia.bo,https://chequeabolivia.bo/imagen-falsa-atribuye-al-noticiero-aqui-en-vivo-una-declaracion-de-ruth-nina-agradeciendo-jorge,Imagen falsa atribuye al noticiero “Aquí en Vivo” una declaración de Ruth Nina agradeciendo a Jorge “Tuto” Quiroga,Falso
4,,chequeabolivia.bo,https://chequeabolivia.bo/unitel-no-publico-que-jorge-tuto-quiroga-gano-el-debate-presidencial,Unitel no publicó que Jorge “Tuto” Quiroga ganó el debate presidencial,Falso
5,,chequeabolivia.bo,https://chequeabolivia.bo/los-videos-de-marcelo-claure-y-samuel-doria-medina-que-prometen-miles-de-bolivianos-son-falsos,Los videos de Marcelo Claure y Samuel Doria Medina que prometen miles de bolivianos son falsos,Falso
6,,chequeabolivia.bo,https://chequeabolivia.bo/index%2Ephp/es-falso-que-la-dea-capturo-evo-morales-en-las-ultimas-horas,Es falso que la DEA “capturó” a Evo Morales en las últimas horas,Falso
7,,chequeabolivia.bo,https://chequeabolivia.bo/index%2Ephp/esta-imagen-de-campesinos-y-transportistas-pidiendo-evo-que-deje-de-bloquear-fue-hecha-con-ia,Esta imagen de campesinos y transportistas pidiendo a Evo que deje de bloquear fue hecha con IA,Falso
8,,chequeabolivia.bo,https://chequeabolivia.bo/index%2Ephp/viceministro-de-regimen-interior-utiliza-audio-de-2025-para-denunciar-que-evo-quiere-desestabilizar,Viceministro de Régimen Interior utiliza audio de 2025 para denunciar que Evo quiere “desestabilizar” el gobierno de Paz,Falso
9,,chequeabolivia.bo,https://chequeabolivia.bo/index%2Ephp/unitel-no-publico-esta-cita-de-evo-afirmando-que-busca-que-paz-renuncie-con-ayuda-de-la-cob,Unitel no publicó esta cita de Evo afirmando que busca que Paz renuncie con ayuda de la COB,Falso
10,,chequeabolivia.bo,https://chequeabolivia.bo/index%2Ephp/es-falso-que-el-gobierno-de-bolivia-anuncio-construccion-de-fabricas-textiles-para-jubilados,Es falso que el Gobierno de Bolivia anunció construcción de fábricas textiles para jubilados,Falso
11,,chequeabolivia.bo,https://chequeabolivia.bo/index%2Ephp/es-falso-que-medio-de-honduras-anuncio-que-jorge-tuto-quiroga-gano-las-elecciones,Es falso que medio de Honduras anunció que Jorge “Tuto” Quiroga ganó las elecciones,Falso
12,,chequeabolivia.bo,https://chequeabolivia.bo/index%2Ephp/circula-encuesta-falsa-de-empresa-extranjera-poniendo-samuel-doria-medina-como-ganador,Circula encuesta falsa de empresa extranjera poniendo a Samuel Doria Medina como ganador,Falso
13,,chequeabolivia.bo,https://chequeabolivia.bo/index%2Ephp/encuesta-falsa-de-whatsapp-posiciona-jaime-dunn-como-favorito-para-las-elecciones,Encuesta falsa de WhatsApp posiciona a Jaime Dunn como favorito para las elecciones,Falso
14,,chequeabolivia.bo,https://chequeabolivia.bo/index%2Ephp/encuesta-que-posiciona-jorge-tuto-quiroga-como-favorito-es-falsa,Encuesta que posiciona a Jorge Tuto Quiroga como favorito es falsa,Falso
15,,chequeabolivia.bo,https://chequeabolivia.bo/es-falso-que-postergaron-las-elecciones-judiciales-para-el-29-de-diciembre,Es falso que postergaron las Elecciones Judiciales para el 29 de diciembre,Falso
16,,chequeabolivia.bo,https://chequeabolivia.bo/circula-una-encuesta-falsa-sobre-las-elecciones-judiciales-atribuida-fundacion-jubileo,Circula una encuesta falsa sobre las Elecciones Judiciales atribuida a Fundación Jubileo,Falso
17,,chequeabolivia.bo,https://chequeabolivia.bo/es-falso-que-ejecutivo-de-la-fstmb-haya-dicho-que-las-movilizaciones-son-apoyadas-por-evo-morales,Es falso que ejecutivo de la FSTMB haya dicho que las movilizaciones son apoyadas por Evo Morales,Falso
18,,chequeabolivia.bo,https://chequeabolivia.bo/es-falso-que-sobrevolaron-aviones-rusos-en-posesion-ancestral-de-leonardo-loza,Es falso que sobrevolaron aviones rusos en posesión ancestral de Leonardo Loza,Falso
19,,chequeabolivia.bo,https://chequeabolivia.bo/tuto-quiroga-no-anuncio-su-candidatura-las-proximas-elecciones-tras-conocer-la-victoria-de-velasco,Tuto Quiroga no anunció su candidatura a las próximas elecciones tras conocer la victoria de Velasco,Falso
20,,chequeabolivia.bo,https://chequeabolivia.bo/es-falso-que-evo-morales-culpo-la-prensa-por-investigar-la-corrupcion-y-ocasionar-la-muerte-de,Es falso que Evo Morales culpó a la prensa por investigar la corrupción y ocasionar la muerte de exgerente de YLB,Falso
21,,chequeabolivia.bo,https://chequeabolivia.bo/evo-no-admitio-que-utiliza-menores-para-traficar-droga,Evo no admitió que utiliza a menores para traficar droga,Falso
22,,chequeabolivia.bo,https://chequeabolivia.bo/es-falso-que-carlos-valverde-promociona-un-producto-que-le-devolvio-la-vision,Es falso que Carlos Valverde promociona un producto que le “devolvió la visión”,Falso
23,,chequeabolivia.bo,https://chequeabolivia.bo/censo-2024-circulan-instrucciones-equivocadas-sobre-preguntas-de-identificacion-etnica-e-idiomas,Censo 2024: Circulan instrucciones equivocadas sobre preguntas de identificación étnica e idiomas indígenas,Falso
24,,chequeabolivia.bo,https://chequeabolivia.bo/es-falso-que-autoridades-hayan-realizado-gestos-del-partido-libre-en-la-inauguracion-de-la-clinica,Es falso que autoridades hayan realizado gestos del partido LIBRE en la inauguración de la Clínica Las Américas en Santa Cruz,Falso
25,,chequeabolivia.bo,https://chequeabolivia.bo/esta-encuesta-de-intencion-de-voto-que-da-como-ganadora-maria-rene-soruco-en-tarija-es-falsa,Esta encuesta de intención de voto que da como ganadora a María René Soruco en Tarija es falsa,Falso
26,,chequeabolivia.bo,https://chequeabolivia.bo/junior-arias-no-informo-que-el-candidato-la-gobernacion-de-beni-declino-su-candidatura-la-segunda,Junior Arias no informó que el candidato a la Gobernación de Beni declinó su candidatura a la segunda vuelta,Falso
27,,chequeabolivia.bo,https://chequeabolivia.bo/es-falso-que-rodrigo-paz-entrego-dinero-un-candidato-de-beni-para-promover-guerra-sucia,Es falso que Rodrigo Paz entregó dinero a un candidato de Beni para promover guerra sucia,Falso
28,,chequeabolivia.bo,https://chequeabolivia.bo/es-falso-que-el-tse-prohibio-publicar-unitel-encuesta-de-santa-cruz,Es falso que el TSE prohibió publicar a Unitel encuesta de Santa Cruz,Falso
29,,chequeabolivia.bo,https://chequeabolivia.bo/el-deber-no-informo-que-evo-trasladaba-dinero-para-pagar-los-bloqueadores,El Deber no informó que Evo trasladaba dinero para pagar a los bloqueadores,Falso
30,,chequeabolivia.bo,https://chequeabolivia.bo/se-difunde-una-nomina-falsa-de-candidatos-para-las-elecciones-de-2025,Se difunde una nómina falsa de candidatos para las elecciones de 2025,Falso
31,,chequeabolivia.bo,https://chequeabolivia.bo/falso-evo-no-dijo-que-el-imperio-romano-no-hizo-valer-su-congreso,Falso: Evo no dijo que el Imperio Romano no hizo “valer su Congreso”,Falso
32,,chequeabolivia.bo,https://chequeabolivia.bo/encuesta-en-la-que-ritter-figura-con-65-de-intencion-de-voto-es-falsa,Encuesta en la que Ritter figura con 65% de intención de voto es falsa,Falso
33,,chequeabolivia.bo,https://chequeabolivia.bo/encuesta-en-la-que-jp-velasco-tiene-65-de-intencion-de-voto-no-fue-publicada-por-ipsos-ciesmori,Encuesta en la que JP Velasco tiene 65% de intención de voto no fue publicada por Ipsos Ciesmori,Falso
34,,chequeabolivia.bo,https://chequeabolivia.bo/es-falso-que-estas-fotos-muestran-sin-vida-dirigente-que-sugirio-asilo-para-evo-morales,Es falso que estas fotos muestran sin vida a dirigente que sugirió asilo para Evo Morales,Falso
35,,chequeabolivia.bo,https://chequeabolivia.bo/es-falso-que-juan-pablo-velasco-dijo-que-evo-morales-era-un-gran-hombre,Es falso que Juan Pablo Velasco dijo que Evo Morales era un “gran hombre”,Falso
36,,chequeabolivia.bo,https://chequeabolivia.bo/falso-elmer-hermosa-no-afirmo-que-los-70s-son-los-nuevos-30s,Falso: Elmer Hermosa no afirmó que los “70s son los nuevos 30s”,Falso
37,,chequeabolivia.bo,https://chequeabolivia.bo/el-deber-no-publico-que-camacho-califico-de-sinverguenza-carolina-rivera,El Deber no publicó que Camacho calificó de sinvergüenza a Carolina Rivera,Falso
38,,chequeabolivia.bo,https://chequeabolivia.bo/no-hay-registros-de-la-cita-viral-de-marcelo-martins-mostrando-que-califico-los-masistas-de-idiotas,No hay registros de la cita viral de Marcelo Martins mostrando que calificó a los masistas de “idiotas” e “ignorantes”,Falso
39,,chequeabolivia.bo,https://chequeabolivia.bo/es-falso-que-el-deber-informo-que-evo-recomendo-cobrar-impuesto-los-bolivianos-que-leen-libros-y,Es falso que El Deber informó que Evo recomendó cobrar impuesto a los bolivianos que leen libros y periódicos,Falso
40,,chequeabolivia.bo,https://chequeabolivia.bo/es-falso-que-por-mil-votos-leonardo-loza-no-fue-segunda-vuelta-como-dice-virginio-lema,Es falso que por mil votos Leonardo Loza no fue a segunda vuelta como dice Virginio Lema,Falso
41,,chequeabolivia.bo,https://chequeabolivia.bo/unitel-no-publico-nota-afirmando-que-hay-evidencias-de-que-paz-incurrio-en-fraude-favor-de-revilla,Unitel no publicó nota afirmando que hay evidencias de que Paz incurrió en fraude a favor de Revilla,Falso
42,,chequeabolivia.bo,https://chequeabolivia.bo/no-se-detuvo-el-conteo-de-votos-la-gobernacion-de-cochabamba-para-forzar-una-segunda-vuelta-como,No se detuvo el conteo de votos a la Gobernación de Cochabamba para forzar una segunda vuelta como dice “análisis” de Gemini,Falso
43,,chequeabolivia.bo,https://chequeabolivia.bo/es-falso-que-un-candidato-concejal-de-cochabamba-renuncio-para-ser-sustituido-por-el-hijo-de,Es falso que un candidato a concejal de Cochabamba renunció para ser sustituido por el hijo de Manfred Reyes Villa,Falso
44,,chequeabolivia.bo,https://chequeabolivia.bo/carlos-mesa-no-debemos-ir-eleccion-en-agosto-debemos-postergarlo-hasta-el-2021,"Carlos Mesa: “No debemos ir a elección en agosto, debemos postergarlo hasta el 2021”",Falso
45,,chequeabolivia.bo,https://chequeabolivia.bo/paz-zamora-acusa-al-gobierno-de-anez-de-usar-el-coronavirus-para-seguir-en-el-poder-y-pide,Paz Zamora acusa al Gobierno de Áñez de usar el Coronavirus para seguir en el poder y pide elecciones,Falso
46,,chequeabolivia.bo,https://chequeabolivia.bo/carlos-mesa-trasladara-la-sede-de-gobierno-sucre,Carlos Mesa trasladará la sede de gobierno a Sucre,Falso
47,,chequeabolivia.bo,https://chequeabolivia.bo/carlos-mesa-planea-vender-recursos-naturales-empresa-chilena,Carlos Mesa planea vender recursos naturales a empresa chilena,Falso
48,,chequeabolivia.bo,https://chequeabolivia.bo/index%2Ephp/esta-encuesta-que-ubica-waldo-albarracin-como-ganador-de-la-alcaldia-de-la-paz-es-falsa,Esta encuesta que ubica a Waldo Albarracín como ganador de la Alcaldía de La Paz es falsa,Falso
49,,chequeabolivia.bo,https://chequeabolivia.bo/encuesta-muestra-un-candidato-inexistente-con-mayoria-de-votos-para-la-alcaldia-en-el-alto,Encuesta muestra a un candidato inexistente con mayoría de votos para la alcaldía en El Alto,Falso
50,,chequeabolivia.bo,https://chequeabolivia.bo/esta-foto-de-eva-copa-y-eliser-roca-juntos-antes-de-las-elecciones-es-falsa,Esta foto de Eva Copa y Eliser Roca juntos antes de las elecciones es falsa,Falso
51,,chequeabolivia.bo,https://chequeabolivia.bo/index%2Ephp/es-falso-que-el-candidato-jose-sanchez-estaria-ganando-la-eleccion-la-alcaldia-de-cochabamba,Es falso que el candidato José Sánchez estaría ganando la elección a la Alcaldía de Cochabamba,Falso
52,,chequeabolivia.bo,https://chequeabolivia.bo/es-falsa-la-encuesta-que-posiciona-miguel-roca-como-favorito-por-la-alcaldia-de-la-paz,Es falsa la encuesta que posiciona a Miguel Roca como favorito por la alcaldía de La Paz,Falso
53,,chequeabolivia.bo,https://chequeabolivia.bo/diputado-del-mas-pide-investigar-personas-que-insulten-evo-morales-en-redes-sociales,Diputado del MAS pide investigar a personas que insulten a Evo Morales en redes sociales,Falso
54,,chequeabolivia.bo,https://chequeabolivia.bo/kelly-tejeda-se-disfraza-de-bombero-para-increpar-arce,Kelly Tejeda se disfraza de bombero para increpar a Arce,Falso
55,,chequeabolivia.bo,https://chequeabolivia.bo/morales-afirma-que-la-guerra-con-la-derecha-se-pone-tensa,Morales afirma que la guerra con la derecha se pone tensa,Falso
56,,chequeabolivia.bo,https://chequeabolivia.bo/manipulacion-en-los-resultados-de-la-encuesta-de-la-fundacion-jubileo-y-umsa,Manipulación en los resultados de la encuesta de la Fundación Jubileo y UMSA,Falso
57,,chequeabolivia.bo,https://chequeabolivia.bo/red-pat-no-publico-que-luis-revilla-acudio-rodrigo-paz-para-captar-votos,Red PAT no publicó que Luis Revilla acudió a Rodrigo Paz para captar votos,Falso
58,,chequeabolivia.bo,https://chequeabolivia.bo/es-falso-que-luis-revilla-haya-declarado-que-rodrigo-paz-le-resto-votos,Es falso que Luis Revilla haya declarado que Rodrigo Paz le restó votos,Falso
59,,chequeabolivia.bo,https://chequeabolivia.bo/es-falso-que-unitel-posicione-iturralte-como-candidato-preferido-en-la-paz-horas-de-las-0,Es falso que Unitel posicione a Iturralte como candidato preferido en La Paz “a horas de las subnacionales”,Falso
60,,chequeabolivia.bo,https://chequeabolivia.bo/es-falso-que-el-candidato-la-alcaldia-de-la-paz-jhonny-plata-esta-inhabilitado,Es falso que el candidato a la Alcaldía de La Paz Jhonny Plata está inhabilitado,Falso
61,,chequeabolivia.bo,https://chequeabolivia.bo/es-falso-que-jimena-antelo-denuncio-un-fraude-favor-de-camacho-en-santa-cruz,Es falso que Jimena Antelo denunció un fraude a favor de Camacho en Santa Cruz,Falso
62,,chequeabolivia.bo,https://chequeabolivia.bo/el-audio-en-el-que-andres-chino-gomez-denuncia-un-supuesto-fraude-electoral-es-falso,El audio en el que Andrés “Chino” Gomez denuncia un supuesto fraude electoral es falso,Falso
63,,chequeabolivia.bo,https://chequeabolivia.bo/es-falso-que-leonardo-loza-fue-inhabilitado-como-candidato-la-gobernacion-de-cochabamba,Es falso que Leonardo Loza fue inhabilitado como candidato a la Gobernación de Cochabamba,Falso
64,,chequeabolivia.bo,https://chequeabolivia.bo/carlos-mesa-pide-prestamo-adelantado-estados-unidos,Carlos Mesa pide préstamo adelantado a Estados Unidos,Falso
65,,chequeabolivia.bo,https://chequeabolivia.bo/leonardo-dicaprio-felicita-evo-morales-por-disminucion-de-focos-de-calor-en-la-amazonia,Leonardo Dicaprio felicita a Evo Morales por disminución de focos de calor en la Amazonia,Falso
66,,chequeabolivia.bo,https://chequeabolivia.bo/candidata-diputada-plurinominal-por-comunidad-ciudadana-se-expresa-con-insultos-traves-de-las-redes,Candidata a diputada plurinominal por Comunidad Ciudadana se expresa con insultos a través de las redes sociales,Falso
67,,chequeabolivia.bo,https://chequeabolivia.bo/portal-vota-inteligente-difunde-resultados-de-intencion-de-voto-de-una-encuestadora-que-no-esta,Portal Vota Inteligente difunde resultados de intención de voto de una encuestadora que no está registrada en el Órgano Electoral,Falso
68,,chequeabolivia.bo,https://chequeabolivia.bo/ignacio-vera-de-rada-se-aleja-de-comunidad-ciudadana,Ignacio Vera de Rada se aleja de Comunidad Ciudadana,Falso
69,,chequeabolivia.bo,https://chequeabolivia.bo/nuevo-spot-de-oscar-ortiz,Nuevo spot de Óscar Ortiz,Falso
70,,chequeabolivia.bo,https://chequeabolivia.bo/la-encuesta-que-posiciona-demetrio-villca-como-favorito-la-gobernacion-de-la-paz-es-falsa,La encuesta que posiciona a Demetrio Villca como favorito a la Gobernación de La Paz es falsa,Falso
71,,chequeabolivia.bo,https://chequeabolivia.bo/index%2Ephp/evo-morales-no-figura-en-una-pintura-junto-marset-y-otros-narcotraficantes,Evo Morales no figura en una pintura junto a Marset y otros narcotraficantes,Falso
72,,chequeabolivia.bo,https://chequeabolivia.bo/index%2Ephp/es-falso-que-evo-morales-dijo-que-marset-fue-aprendido-de-forma-ilegal-y-sin-previa-citacion,Es falso que Evo Morales dijo que Marset fue aprendido de forma ilegal y sin previa citación,Falso
73,,chequeabolivia.bo,https://chequeabolivia.bo/el-potosi-confirman-que-comcipo-sirvio-como-trampolin-politico-de-cc,El Potosí: Confirman que Comcipo sirvió como trampolín político de CC,Falso
74,,chequeabolivia.bo,https://chequeabolivia.bo/por-fin-carlos-mesa-presenta-su-plan-de-gobierno,Por fin Carlos Mesa presenta su plan de gobierno,Falso
75,,chequeabolivia.bo,https://chequeabolivia.bo/audio-revela-quiebra-en-ypfb-y-evo-lo-sabe,Audio revela quiebra en YPFB y Evo lo sabe,Falso
76,,chequeabolivia.bo,https://chequeabolivia.bo/evo-morales-con-occidentales-nos-iria-mejor,Evo Morales: Con occidentales nos iría mejor,Falso
77,,chequeabolivia.bo,https://chequeabolivia.bo/mesa-visita-goni-y-usa-bandera-boliviana-como-mantel,Mesa visita a Goni y usa bandera boliviana como mantel,Falso
78,,chequeabolivia.bo,https://chequeabolivia.bo/index%2Ephp/es-falso-el-video-que-circula-de-mamen-saavedra-declinando-su-participacion-en-el-debate-del-tse,Es falso el video que circula de Mamen Saavedra declinando su participación en el debate del TSE,Falso
79,,chequeabolivia.bo,https://chequeabolivia.bo/unitel-no-publico-que-luis-fernando-camacho-dijo-que-santa-cruz-le-debe-3-anos-de-gestion,Unitel no publicó que Luis Fernando Camacho dijo que Santa Cruz le debe 3 años de gestión,Falso
80,,chequeabolivia.bo,https://chequeabolivia.bo/accidente-del-avion-en-el-alto-esta-fue-la-desinformacion-que-circulo-sobre-el-caso,Accidente del avión en El Alto: esta fue la desinformación que circuló sobre el caso,Falso
81,,chequeabolivia.bo,https://chequeabolivia.bo/el-nuevo-amor-de-evo-morales-ahora-es-directora-de-abc-pando,"El ""nuevo amor"" de Evo Morales ahora es directora de ABC Pando",Falso
82,,chequeabolivia.bo,https://chequeabolivia.bo/con-evo-solo-se-ve-desarrollo-y-mas-desarrollo,Con Evo solo se ve desarrollo y más desarrollo,Falso
83,,chequeabolivia.bo,https://chequeabolivia.bo/carlos-mesa-exhorta-ortiz-disculparse-publicamente,Carlos Mesa exhorta a Ortiz a disculparse publicamente,Falso
84,,chequeabolivia.bo,https://chequeabolivia.bo/ola-de-encuestas-falsas-inunda-las-redes-antes-de-las-elecciones-subnacionales,Ola de encuestas falsas inunda las redes antes de las Elecciones Subnacionales,Falso
85,,chequeabolivia.bo,https://chequeabolivia.bo/esta-encuesta-de-los-departamentos-de-la-paz-cochabamba-y-santa-cruz-es-falsa,"Esta encuesta de los departamentos de La Paz, Cochabamba y Santa Cruz es falsa",Falso
86,,chequeabolivia.bo,https://chequeabolivia.bo/la-imagen-de-reyes-villa-junto-vikingo-y-evo-morales-es-falsa,La imagen de Reyes Villa junto a Vikingo y Evo Morales es falsa,Falso
87,,chequeabolivia.bo,https://chequeabolivia.bo/amenazas-del-presidente-evo-morales-la-poblacion-por-su-reeleccion,Amenazas del presidente Evo Morales a la población por su reelección,Falso
88,,chequeabolivia.bo,https://chequeabolivia.bo/evo-confisca-us-16-millones-de-los-jubilados,Evo confisca $us 16 millones de los jubilados,Falso
89,,chequeabolivia.bo,https://chequeabolivia.bo/oscar-ortiz-se-raya-con-carlos-mesa,Óscar Ortiz se raya con Carlos Mesa,Falso
90,,chequeabolivia.bo,https://chequeabolivia.bo/evo-morales-saluda-el-chapo-y-pablo-escobar,"Evo Morales saluda a ""El Chapo"" y a Pablo Escobar",Falso
91,,chequeabolivia.bo,https://chequeabolivia.bo/mesa-propone-devalacion-de-la-moneda-boliviana,Mesa propone devalación de la moneda boliviana,Falso
92,,chequeabolivia.bo,https://chequeabolivia.bo/unitel-no-publico-una-encuesta-que-situa-mario-galarza-como-favorito-la-alcaldia-de-sipe-sipe,Unitel no publicó una encuesta que sitúa a Mario Galarza como favorito a la Alcaldía de Sipe Sipe,Falso
93,,chequeabolivia.bo,https://chequeabolivia.bo/es-falsa-la-encuesta-que-muestra-dockweiler-y-rivero-liderando-para-la-alcaldia-de-la-paz,Es falsa la encuesta que muestra a Dockweiler y Rivero liderando para la Alcaldía de La Paz,Falso
94,,chequeabolivia.bo,https://chequeabolivia.bo/es-falso-que-el-candidato-de-vos-la-alcaldia-de-montero-este-acusado-de-trata-y-trafico-en-paraguay,Es falso que el candidato de VOS a la Alcaldía de Montero esté acusado de trata y tráfico en Paraguay,Falso
95,,chequeabolivia.bo,https://chequeabolivia.bo/la-encuesta-que-posiciona-david-vargas-con-18-por-ciento-en-la-ciudad-de-el-alto-es-falsa,La encuesta que posiciona a David Vargas con 18 por ciento en la ciudad de El Alto es falsa,Falso
96,,chequeabolivia.bo,https://chequeabolivia.bo/la-encuesta-que-posiciona-jhonny-plata-como-favorito-la-alcaldia-de-la-paz-es-falsa,La encuesta que posiciona a Jhonny Plata como favorito a la Alcaldía de La Paz es falsa,Falso
97,,chequeabolivia.bo,https://chequeabolivia.bo/los-tiempos-no-publico-una-encuesta-que-situa-manfred-reyes-villa-con-el-198-para-la-alcaldia-de,"Los Tiempos no público una encuesta que sitúa a Manfred Reyes Villa con el 19,8% para la Alcaldía de Cochabamba",Falso
98,,chequeabolivia.bo,https://chequeabolivia.bo/evo-morales-no-dijo-que-los-jovenes-le-pidieron-defender-al-pueblo-irani,Evo Morales no dijo que los jóvenes le pidieron defender al pueblo Iraní,Falso
99,,chequeabolivia.bo,https://chequeabolivia.bo/unitel-no-publico-una-encuesta-que-situa-luis-santa-cruz-como-favorito-la-alcaldia-de-quillacollo,Unitel no publicó una encuesta que sitúa a Luis Santa Cruz como favorito a la Alcaldía de Quillacollo,Falso
100,,chequeabolivia.bo,https://chequeabolivia.bo/el-video-que-muestra-evo-morales-brindar-su-apoyo-al-candidato-tahuichi-es-falso,El video que muestra a Evo Morales brindar su apoyo al candidato Tahuichi es falso,Falso
101,,chequeabolivia.bo,https://chequeabolivia.bo/unitel-no-publico-la-encuesta-que-posiciona-diego-lopez-como-favorito-la-alcaldia-de-warnes,Unitel no publicó la encuesta que posiciona a Diego López como favorito a la Alcaldía de Warnes,Falso
102,,chequeabolivia.bo,https://chequeabolivia.bo/unitel-no-publico-una-encuesta-que-situa-lizeth-morales-como-favorita-la-alcaldia-de-sacaba,Unitel no publicó una encuesta que sitúa a Lizeth Morales como favorita a la Alcaldía de Sacaba,Falso
103,,chequeabolivia.bo,https://chequeabolivia.bo/circula-audio-falso-de-reyes-villa-obligando-dirigentes-asistir-inauguracion-de-casa-de-campana,Circula audio falso de Reyes Villa obligando a dirigentes a asistir a inauguración de casa de campaña,Falso
104,,chequeabolivia.bo,https://chequeabolivia.bo/nayib-bukele-no-afirmo-que-el-gobierno-sea-parte-de-esa-mafia-si-no-captura-evo,Nayib Bukele no afirmó que el Gobierno sea “parte de esa mafia” si no captura a Evo,Falso
105,,chequeabolivia.bo,https://chequeabolivia.bo/es-falsa-la-encuesta-que-muestra-rene-yahuasi-liderar-votaciones-para-la-gobernacion-de-la-paz,Es falsa la encuesta que muestra a Rene Yahuasi liderar votaciones para la Gobernación de La Paz,Falso
106,,chequeabolivia.bo,https://chequeabolivia.bo/index%2Ephp/red-uno-no-difundio-la-primera-encuesta-que-posiciona-sanabria-y-auza-como-lideres-en-sucre,Red Uno no difundió la “primera encuesta” que posiciona a Sanabria y Auza como líderes en Sucre,Falso
107,,chequeabolivia.bo,https://chequeabolivia.bo/index%2Ephp/encuesta-que-muestra-ivan-quispe-como-ganador-de-la-alcaldia-de-oruro-es-falsa,Encuesta que muestra a Iván Quispe como ganador de la Alcaldía de Oruro es falsa,Falso
108,,chequeabolivia.bo,https://chequeabolivia.bo/index%2Ephp/el-deber-no-publico-una-encuesta-que-posiciona-felix-patzi-como-favorito-la-gobernacion-de-la-paz,El Deber no publicó una encuesta que posiciona a Félix Patzi como favorito a la Gobernación de La Paz,Falso
109,,chequeabolivia.bo,https://chequeabolivia.bo/esta-encuesta-de-intencion-de-voto-para-la-gobernacion-de-santa-cruz-atribuida-unitel-es-falsa,Esta encuesta de intención de voto para la Gobernación de Santa Cruz atribuida a Unitel es falsa,Falso
110,,chequeabolivia.bo,https://chequeabolivia.bo/es-falso-que-juan-pablo-velasco-fue-inhabilitado-como-candidato-la-gobernacion-de-santa-cruz,Es falso que Juan Pablo Velasco fue inhabilitado como candidato a la Gobernación de Santa Cruz,Falso
111,,chequeabolivia.bo,https://chequeabolivia.bo/red-uno-no-publico-una-encuesta-de-intencion-de-voto-que-favorece-juan-pablo-velasco,Red Uno no publicó una encuesta de intención de voto que favorece a Juan Pablo Velasco,Falso
112,,chequeabolivia.bo,https://chequeabolivia.bo/la-encuesta-que-muestra-jhonny-plata-como-primero-para-la-alcaldia-de-la-paz-es-falsa,La encuesta que muestra a Jhonny Plata como primero para la Alcaldía de La Paz es falsa,Falso
113,,chequeabolivia.bo,https://chequeabolivia.bo/es-falso-que-este-video-muestra-evo-morales-durante-una-campana-en-cochabamba,Es falso que este video muestra a Evo Morales durante una campaña en Cochabamba,Falso
114,,chequeabolivia.bo,https://chequeabolivia.bo/unitel-no-informo-que-revilla-y-patzi-estan-como-favoritos-en-las-encuestas,Unitel no informó que Revilla y Patzi están como favoritos en las encuestas,Falso
115,,chequeabolivia.bo,https://chequeabolivia.bo/video-manipulado-usa-imagen-de-brissa-pabon-para-difundir-encuesta-falsa-sobre-alcaldia-de-santa,Video manipulado usa imagen de Brissa Pabón para difundir encuesta falsa sobre Alcaldía de Santa Cruz,Falso
116,,chequeabolivia.bo,https://chequeabolivia.bo/es-falso-que-haya-un-nuevo-bono-de-bs-4000-para-nacidos-entre-1935-y-2018,Es falso que haya un nuevo bono de Bs 4000 para nacidos entre 1935 y 2018,Falso
117,,chequeabolivia.bo,https://chequeabolivia.bo/esta-encuesta-con-dockweiler-como-favorito-para-alcalde-de-la-paz-es-falsa,Esta encuesta con Dockweiler como favorito para alcalde de La Paz es falsa,Falso
118,,chequeabolivia.bo,https://chequeabolivia.bo/la-encuesta-de-intencion-de-voto-para-la-alcaldia-de-la-paz-atribuida-datum-internacional-es-falsa,La encuesta de intención de voto para la Alcaldía de La Paz atribuida a Datum Internacional es falsa,Falso
119,,chequeabolivia.bo,https://chequeabolivia.bo/la-encuesta-que-posiciona-como-ganador-jose-carlos-sanchez-en-la-alcaldia-de-cochabamba-es-falsa,La encuesta que posiciona como ganador a José Carlos Sánchez en la Alcaldía de Cochabamba es falsa,Falso
120,,chequeabolivia.bo,https://chequeabolivia.bo/unitel-no-publico-una-encuesta-que-situa-luis-fernando-camacho-como-favorito-la-gobernacion-de,Unitel no publicó una encuesta que sitúa a Luis Fernando Camacho como favorito a la Gobernación de Santa Cruz,Falso
121,,chequeabolivia.bo,https://chequeabolivia.bo/index%2Ephp/esta-foto-que-muestra-la-reaparicion-de-evo-morales-en-sacaba-es-falsa,Esta foto que muestra la “reaparición” de Evo Morales en Sacaba es falsa,Falso
122,,chequeabolivia.bo,https://chequeabolivia.bo/esta-encuesta-que-pone-en-primer-lugar-oscar-sogliano-en-la-paz-es-falsa,Esta encuesta que pone en primer lugar a Oscar Sogliano en La Paz es falsa,Falso
123,,chequeabolivia.bo,https://chequeabolivia.bo/index%2Ephp/estas-fotos-no-muestran-evo-morales-en-mexico-actualmente,Estas fotos no muestran a Evo Morales en México actualmente,Falso
124,,chequeabolivia.bo,https://chequeabolivia.bo/es-falso-que-el-candidato-la-alcaldia-de-la-paz-xavier-iturralde-fue-internado-por-intoxicacion-por,Es falso que el candidato a la Alcaldía de La Paz Xavier Iturralde fue internado por intoxicación por sustancias,Falso
125,,chequeabolivia.bo,https://chequeabolivia.bo/index%2Ephp/es-falso-que-el-gobierno-ofrece-100-mil-dolares-por-la-captura-de-evo-morales,Es falso que el Gobierno ofrece 100 mil dólares por la captura de Evo Morales,Falso
126,,chequeabolivia.bo,https://chequeabolivia.bo/este-video-que-muestra-evo-morales-en-rusia-es-falso,Este video que muestra a Evo Morales en Rusia es falso,Falso
127,,chequeabolivia.bo,https://chequeabolivia.bo/circulan-encuestas-falsas-de-intencion-de-voto-para-la-alcaldia-y-gobernacion-de-santa-cruz,Circulan encuestas falsas de intención de voto para la Alcaldía y Gobernación de Santa Cruz,Falso
128,,chequeabolivia.bo,https://chequeabolivia.bo/esta-foto-de-mayte-flores-y-evo-morales-fue-generada-con-ia,Esta foto de Mayte Flores y Evo Morales fue generada con IA,Falso
129,,chequeabolivia.bo,https://chequeabolivia.bo/circulan-encuestas-falsas-de-intencion-de-voto-para-tres-gobernaciones,Circulan encuestas falsas de intención de voto para tres gobernaciones,Falso
130,,chequeabolivia.bo,https://chequeabolivia.bo/esta-encuesta-en-la-que-el-tata-quispe-aparece-en-primer-lugar-es-falsa,Esta encuesta en la que el ‘Tata’ Quispe aparece en primer lugar es falsa,Falso
131,,chequeabolivia.bo,https://chequeabolivia.bo/es-falso-que-harold-lora-sea-candidato-concejal-en-la-paz-por-apb-sumate,Es falso que Harold Lora sea candidato a concejal en La Paz por APB Súmate,Falso
132,,chequeabolivia.bo,https://chequeabolivia.bo/el-candidato-alfredo-solares-no-apoya-el-incremento-del-pasaje-en-santa-cruz,El candidato Alfredo Solares no apoya el incremento del pasaje en Santa Cruz,Falso
133,,chequeabolivia.bo,https://chequeabolivia.bo/es-falso-que-maria-corina-machado-pidio-capturar-evo-morales,Es falso que María Corina Machado pidió capturar a Evo Morales,Falso
134,,chequeabolivia.bo,https://chequeabolivia.bo/captura-consulting-no-elaboro-una-encuesta-de-intencion-de-voto-para-la-alcaldia-de-el-alto,Captura Consulting no elaboró una encuesta de intención de voto para la Alcaldía de El Alto,Falso
135,,chequeabolivia.bo,https://chequeabolivia.bo/evo-morales-comparte-video-falso-de-una-movilizacion-masiva-favor-de-maduro,Evo Morales comparte video falso de una “movilización masiva” a favor de Maduro,Falso
136,,chequeabolivia.bo,https://chequeabolivia.bo/es-falso-que-evo-morales-reto-donald-trump-que-lo-capturen,Es falso que Evo Morales retó a Donald Trump a que lo capturen,Falso
137,,chequeabolivia.bo,https://chequeabolivia.bo/index%2Ephp/andronico-no-regreso-las-6-federaciones-del-tropico-ni-fue-anunciado-como-candidato-la-gobernacion,Andrónico no regresó a las 6 Federaciones del Trópico ni fue anunciado como candidato a la Gobernación de Cochabamba,Falso
138,,chequeabolivia.bo,https://chequeabolivia.bo/index%2Ephp/es-falso-que-el-nuevo-presidente-de-chile-dijo-que-trabajara-para-construir-un-gran-futuro-con,Es falso que el nuevo presidente de Chile dijo que trabajará para construir un “gran futuro” con Bolivia y otros países,Falso
139,,chequeabolivia.bo,https://chequeabolivia.bo/luis-arce-no-dijo-que-evo-morales-y-garcia-linera-crearon-el-fondo-indigena,Luis Arce no dijo que Evo Morales y García Linera crearon el Fondo Indígena,Falso
140,,chequeabolivia.bo,https://chequeabolivia.bo/es-falso-que-milei-felicito-bolivia-por-la-aprehension-de-luis-arce,Es falso que Milei felicitó a Bolivia por la aprehensión de Luis Arce,Falso
141,,chequeabolivia.bo,https://chequeabolivia.bo/esta-encuesta-que-da-como-ganador-manfred-reyes-villa-en-las-subnacionales-es-falsa,Esta encuesta que da como ganador a Manfred Reyes Villa en las subnacionales es falsa,Falso
142,,chequeabolivia.bo,https://chequeabolivia.bo/circulan-videos-y-fotos-generados-con-ia-de-la-detencion-de-luis-arce,Circulan videos y fotos generados con IA de la detención de Luis Arce,Falso
143,,chequeabolivia.bo,https://chequeabolivia.bo/esta-encuesta-de-intencion-de-voto-para-la-alcaldia-de-santa-cruz-con-mamen-saavedra-liderando-es,Esta encuesta de intención de voto para la alcaldía de Santa Cruz con Mamén Saavedra liderando es falsa,Falso
144,,chequeabolivia.bo,https://chequeabolivia.bo/es-falso-que-evo-morales-imploro-eliminar-la-renta-vitalicia-expresidentes,Es falso que Evo Morales “imploró” eliminar la renta vitalicia a expresidentes,Falso
145,,chequeabolivia.bo,https://chequeabolivia.bo/el-vicepresidente-edmand-lara-no-dijo-nada-sobre-perdonar-evo-morales,El vicepresidente Edmand Lara no dijo nada sobre “perdonar” a Evo Morales,Falso
146,,chequeabolivia.bo,https://chequeabolivia.bo/esta-imagen-de-prohibido-tiktokers-forma-parte-de-una-campana-publicitaria,"Esta imagen de ""prohibido tiktokers"" forma parte de una campaña publicitaria",Falso
147,,chequeabolivia.bo,https://chequeabolivia.bo/luis-arce-no-se-pronuncio-sobre-la-posible-suspension-de-la-renta-vitalicia-para-exmandatarios,Luis Arce no se pronunció sobre la posible suspensión de la renta vitalicia para exmandatarios,Falso
148,,chequeabolivia.bo,https://chequeabolivia.bo/es-falso-que-evo-morales-fue-proclamado-como-candidato-gobernador-de-cochabamba,Es falso que Evo Morales fue proclamado como candidato a gobernador de Cochabamba,Falso
149,,chequeabolivia.bo,https://chequeabolivia.bo/es-falso-que-tuto-quiroga-haya-enviado-un-mensaje-edmand-lara-sobre-una-amistad-con-rodrigo-paz,Es falso que Tuto Quiroga haya enviado un mensaje a Edmand Lara sobre una “amistad” con Rodrigo Paz,Falso
150,,chequeabolivia.bo,https://chequeabolivia.bo/este-video-viral-sobre-el-supuesto-arresto-de-evo-morales-es-falso,Este video viral sobre el supuesto arresto de Evo Morales es falso,Falso
151,,chequeabolivia.bo,https://chequeabolivia.bo/index%2Ephp/tuto-quiroga-no-dijo-que-el-pueblo-se-levantara-si-se-elimina-la-renta-vitalicia-expresidentes,Tuto Quiroga no dijo que el pueblo se levantará si se elimina la renta vitalicia a expresidentes,Falso
152,,chequeabolivia.bo,https://chequeabolivia.bo/es-falso-que-tvu-pando-publico-que-el-expresidente-luis-arce-se-fugo-del-pais,Es falso que TVU Pando publicó que el expresidente Luis Arce se fugó del país,Falso
153,,chequeabolivia.bo,https://chequeabolivia.bo/index%2Ephp/el-video-en-el-que-el-busto-de-evo-morales-cae-y-se-rompe-fue-creado-con-ia,El video en el que el busto de Evo Morales cae y se rompe fue creado con IA,Falso
154,,chequeabolivia.bo,https://chequeabolivia.bo/es-falso-que-unitel-haya-publicado-que-cesar-dockweiler-lidera-con-60-en-encuestas-para-alcalde-de,Es falso que Unitel haya publicado que César Dockweiler lidera con 60% en encuestas para alcalde de La Paz,Falso
155,,chequeabolivia.bo,https://chequeabolivia.bo/la-foto-que-muestra-edman-lara-con-chinelas-junto-david-choquehuanca-es-falsa,La foto que muestra a Edman Lara con chinelas junto a David Choquehuanca es falsa,Falso
156,,chequeabolivia.bo,https://chequeabolivia.bo/es-falso-que-periodista-de-cnn-denuncio-fraude-electoral-en-bolivia,Es falso que periodista de CNN denunció “fraude electoral” en Bolivia,Falso
157,,chequeabolivia.bo,https://chequeabolivia.bo/red-uno-no-informo-que-sebastian-marset-emitio-su-voto-en-el-urubo,Red Uno no informó que Sebastián Marset emitió su voto en el Urubó,Falso
158,,chequeabolivia.bo,https://chequeabolivia.bo/esta-cita-de-evo-morales-con-sellos-de-el-deber-es-falsa,Esta cita de Evo Morales con sellos de El Deber es falsa,Falso
159,,chequeabolivia.bo,https://chequeabolivia.bo/es-falso-que-evo-haya-dado-su-apoyo-edman-lara,Es falso que Evo haya dado su apoyo a Edman Lara,Falso
160,,chequeabolivia.bo,https://chequeabolivia.bo/es-falso-que-evo-morales-mostro-su-papeleta-marcada-por-el-pdc,Es falso que Evo Morales mostró su papeleta marcada por el PDC,Falso
161,,chequeabolivia.bo,https://chequeabolivia.bo/es-falso-que-unitel-difundio-resultados-oficiales-del-balotaje-que-dan-como-ganador-jorge-tuto,Es falso que Unitel difundió resultados oficiales del balotaje que dan como ganador a Jorge “Tuto” Quiroga,Falso
162,,chequeabolivia.bo,https://chequeabolivia.bo/la-encuesta-que-posiciona-rodrigo-paz-en-primer-lugar-con-57-es-falsa,La encuesta que posiciona a Rodrigo Paz en primer lugar con 57% es falsa,Falso
163,,chequeabolivia.bo,https://chequeabolivia.bo/es-falso-que-evo-morales-pidio-votar-nulo-porque-edman-lara-lo-traiciono,Es falso que Evo Morales pidió votar nulo porque Edman Lara lo traicionó,Falso
164,,chequeabolivia.bo,https://chequeabolivia.bo/es-falso-que-goni-acuso-tuto-de-haber-dejado-un-gobierno-corrupto-y-un-pais-en-extrema-pobreza,Es falso que Goni acusó a Tuto de haber dejado un “Gobierno Corrupto y un país en extrema pobreza”,Falso
165,,chequeabolivia.bo,https://chequeabolivia.bo/el-audio-atribuido-rodrigo-paz-donde-dice-que-los-campesinos-masistas-sirven-solo-para-los-votos,El audio atribuido a Rodrigo Paz donde dice que los “campesinos masistas” sirven solo para los votos fue creado con IA,Falso
166,,chequeabolivia.bo,https://chequeabolivia.bo/red-uno-no-informo-que-jorge-tuto-quiroga-dijo-que-venderia-las-cabinas-del-teleferico-y-los,Red Uno no informó que Jorge “Tuto” Quiroga dijo que vendería las cabinas del teleférico y los aviones de BOA,Falso
167,,chequeabolivia.bo,https://chequeabolivia.bo/es-falso-que-atb-digital-publico-que-el-voto-de-juan-pablo-velasco-fue-anulado,Es falso que ATB Digital publicó que el voto de Juan Pablo Velasco fue anulado,Falso
168,,chequeabolivia.bo,https://chequeabolivia.bo/estudio-de-opinion-que-da-como-ganador-jorge-tuto-quiroga-en-6-departamentos-es-falso,Estudio de opinión que da como ganador a Jorge Tuto Quiroga en 6 departamentos es falso,Falso
169,,chequeabolivia.bo,https://chequeabolivia.bo/es-falso-que-milei-hiciera-referencia-al-plan-de-tuto-para-endeudar-bolivia,Es falso que Milei hiciera referencia al “plan de Tuto para endeudar Bolivia”,Falso
170,,chequeabolivia.bo,https://chequeabolivia.bo/red-uno-no-publico-que-edman-lara-no-asistio-al-cierre-de-campana-en-la-paz-por-miedo-al-rechazo,Red Uno no publicó que Edman Lara no asistió al cierre de campaña en La Paz por “miedo al rechazo”,Falso
171,,chequeabolivia.bo,https://chequeabolivia.bo/jorge-tuto-quiroga-no-dijo-que-pediria-limosna-al-fmi,Jorge “Tuto” Quiroga no dijo que pediría limosna al FMI,Falso
172,,chequeabolivia.bo,https://chequeabolivia.bo/la-directora-del-fmi-no-dijo-que-si-tuto-gana-los-impuestos-incrementarian-en-un-50,"La directora del FMI no dijo que si ""Tuto"" gana los impuestos incrementarían en un 50%",Falso
173,,chequeabolivia.bo,https://chequeabolivia.bo/red-uno-no-publico-que-velasco-dijo-que-lara-es-racista-y-que-paz-finge-para-su-campana,Red Uno no publicó que Velasco dijo que Lara es “racista” y que Paz “finge para su campaña”,Falso
174,,chequeabolivia.bo,https://chequeabolivia.bo/jorge-tuto-quiroga-no-llamo-pobres-los-bolivianos-de-escasos-recursos,Jorge ‘Tuto’ Quiroga no llamó ‘pobres’ a los bolivianos de escasos recursos,Falso
175,,chequeabolivia.bo,https://chequeabolivia.bo/red-uno-no-informo-que-evo-morales-ordeno-sus-bases-votar-por-edman-lara,Red Uno no informó que Evo Morales ordenó a sus bases votar por Edman Lara,Falso
176,,chequeabolivia.bo,https://chequeabolivia.bo/este-audio-filtrado-de-junior-arias-y-tuto-quiroga-es-falso,Este audio “filtrado” de Junior Arias y Tuto Quiroga es falso,Falso
177,,chequeabolivia.bo,https://chequeabolivia.bo/es-falso-que-el-deber-publico-que-juan-pablo-velasco-no-pidio-disculpas-por-el-caso-tuits-en-el,Es falso que El Deber publicó que Juan Pablo Velasco no pidió disculpas por el caso tuits en el debate vicepresidencial,Falso
178,,chequeabolivia.bo,https://chequeabolivia.bo/encuesta-que-da-como-ganador-rodrigo-paz-en-segunda-vuelta-es-falsa,Encuesta que da como ganador a Rodrigo Paz en segunda vuelta es falsa,Falso
179,,chequeabolivia.bo,https://chequeabolivia.bo/unitel-no-publico-encuesta-con-mas-del-49-por-ciento-de-intencion-de-voto-nulo,Unitel no publicó encuesta con más del 49 por ciento de intención de voto nulo,Falso
180,,chequeabolivia.bo,https://chequeabolivia.bo/el-video-en-el-que-jorge-tuto-quiroga-indica-que-masacro-gente-fue-generado-con-ia,El video en el que Jorge 'Tuto' Quiroga indica que “masacró” a gente fue generado con IA,Falso
181,,chequeabolivia.bo,https://chequeabolivia.bo/circula-encuesta-falsa-atribuida-unitel-mostrando-rodrigo-paz-ganador-con-755,Circula encuesta falsa atribuida a Unitel mostrando a Rodrigo Paz ganador con 75.5%,Falso
182,,chequeabolivia.bo,https://chequeabolivia.bo/es-falso-que-jeanine-anez-dijo-que-tuto-quiroga-deberia-estar-en-la-carcel-por-dar-ordenes-las,Es falso que Jeanine Áñez dijo que Tuto Quiroga “debería estar en la cárcel” por dar órdenes a las Fuerzas Armadas,Falso
183,,chequeabolivia.bo,https://chequeabolivia.bo/unitel-no-publico-que-el-tse-concluyo-que-lara-y-el-pdc-hacen-guerra-sucia,Unitel no publicó que el TSE concluyó que Lara y el PDC hacen “guerra sucia”,Falso
184,,chequeabolivia.bo,https://chequeabolivia.bo/index%2Ephp/este-video-de-un-hombre-controlando-el-voto-en-el-area-rural-es-de-2019,Este video de un hombre controlando el voto en el área rural es de 2019,Falso
185,,chequeabolivia.bo,https://chequeabolivia.bo/es-falso-que-este-video-revela-donde-operan-los-guerreros-digitales-de-jorge-tuto-quiroga,Es falso que este video revela donde operan los guerreros digitales de Jorge “Tuto” Quiroga,Falso
186,,chequeabolivia.bo,https://chequeabolivia.bo/unitel-no-publico-que-jorge-tuto-quiroga-desconocera-los-pueblos-originarios,Unitel no publicó que Jorge “Tuto” Quiroga desconocerá a los pueblos originarios,Falso
187,,chequeabolivia.bo,https://chequeabolivia.bo/index%2Ephp/red-uno-no-publico-que-evo-morales-acuso-los-periodistas-de-desinformar-sobre-lara,Red Uno no publicó que Evo Morales acusó a los periodistas de desinformar sobre Lara,Falso
188,,chequeabolivia.bo,https://chequeabolivia.bo/es-falso-que-jorge-tuto-quiroga-amenazo-con-quitar-bonos-jubilados-llamandolos-vagos,"Es falso que Jorge ""Tuto"" Quiroga amenazó con quitar bonos a jubilados llamándolos “vagos”",Falso
189,,chequeabolivia.bo,https://chequeabolivia.bo/no-se-mostro-una-pancarta-pidiendo-no-votar-por-lara-en-el-partido-entre-bolivia-y-brasil,No se mostró una pancarta pidiendo no votar por Lara en el partido entre Bolivia y Brasil,Falso
190,,chequeabolivia.bo,https://chequeabolivia.bo/es-falso-que-lider-indigena-llamo-vendido-rodrigo-paz-por-reunirse-con-el-presidente-arce,Es falso que líder indígena llamó “vendido” a Rodrigo Paz por reunirse con el presidente Arce,Falso
191,,chequeabolivia.bo,https://chequeabolivia.bo/es-falso-que-una-encuesta-de-unitel-da-como-ganador-rodrigo-paz-en-segunda-vuelta,Es falso que una encuesta de Unitel da como ganador a Rodrigo Paz en segunda vuelta,Falso
192,,chequeabolivia.bo,https://chequeabolivia.bo/evo-morales-no-dijo-que-votaria-por-rodrigo-paz-y-edman-lara,Evo morales no dijo que votaría por Rodrigo Paz y Edman Lara,Falso
193,,chequeabolivia.bo,https://chequeabolivia.bo/es-falso-que-jorge-tuto-quiroga-dijo-que-evo-morales-era-su-idolo,Es falso que Jorge “Tuto” Quiroga dijo que Evo Morales era su “ídolo”,Falso
194,,chequeabolivia.bo,https://chequeabolivia.bo/es-falso-que-luis-arce-catacora-renuncio-la-presidencia,Es falso que Luis Arce Catacora renunció a la Presidencia,Falso
195,,chequeabolivia.bo,https://chequeabolivia.bo/unitel-no-publico-que-lara-sostuvo-una-reunion-en-el-chapare-con-evo-morales,Unitel no publicó que Lara sostuvo una reunión en el Chapare con Evo Morales,Falso
196,,chequeabolivia.bo,https://chequeabolivia.bo/la-encuesta-de-atlas-electoral-que-posiciona-rodrigo-paz-con-416-en-segunda-vuelta-es-falsa,La encuesta de Atlas Electoral que posiciona a Rodrigo Paz con 41.6% en segunda vuelta es falsa,Falso
197,,chequeabolivia.bo,https://chequeabolivia.bo/red-uno-no-publico-que-rodrigo-paz-se-reconciliara-con-evo-morales-y-luis-arce,Red Uno no publicó que Rodrigo Paz se reconciliará con Evo Morales y Luis Arce,Falso
198,,chequeabolivia.bo,https://chequeabolivia.bo/es-falso-que-paz-no-puede-ser-candidato-por-haber-nacido-en-espana,Es falso que Paz no puede ser candidato por haber nacido en España,Falso
199,,chequeabolivia.bo,https://chequeabolivia.bo/en-este-video-arce-no-celebro-la-victoria-de-rodrigo-paz,En este video Arce no celebró la victoria de Rodrigo Paz,Falso
200,,chequeabolivia.bo,https://chequeabolivia.bo/esta-cuenta-de-x-o-twitter-donde-se-comparte-contenido-de-apoyo-evo-no-es-de-edman-lara,Esta cuenta de X o Twitter donde se comparte contenido de apoyo a Evo no es de Edman Lara,Falso
201,,chequeabolivia.bo,https://chequeabolivia.bo/es-falso-que-el-padron-electoral-tiene-un-error-que-beneficio-paz-y-lara-con-mas-de-1-millon-de,Es falso que el padrón electoral tiene un error que benefició a Paz y Lara con más de 1 millón de votos,Falso
202,,chequeabolivia.bo,https://chequeabolivia.bo/estas-anforas-electorales-encontradas-en-obrajes-no-corresponden-las-elecciones-generales-2025,Estas ánforas electorales encontradas en Obrajes no corresponden a las elecciones generales 2025,Falso
203,,chequeabolivia.bo,https://chequeabolivia.bo/falso-conteo-de-votos-en-facebook-muestra-al-voto-nulo-como-ganador,Falso conteo de votos en Facebook muestra al voto nulo como ganador,Falso
204,,chequeabolivia.bo,https://chequeabolivia.bo/es-falso-que-habra-segunda-vuelta-entre-tuto-quiroga-y-samuel-doria-medina,Es falso que habrá segunda vuelta entre Tuto Quiroga y Samuel Doria Medina,Falso
205,,chequeabolivia.bo,https://chequeabolivia.bo/encuesta-de-boca-de-urna-que-circula-en-whatsapp-y-que-pone-jorge-tuto-quiroga-en-whatsapp-es-falsa,Encuesta de boca de urna que circula en WhatsApp y que pone a Jorge “Tuto” Quiroga en WhatsApp es falsa,Falso
206,,chequeabolivia.bo,https://chequeabolivia.bo/circula-encuesta-en-boca-de-urna-falsa-atribuida-ipsos-ciesmori-con-doria-medina-como-ganador,Circula encuesta en boca de urna falsa atribuida a Ipsos Ciesmori con Doria Medina como ganador,Falso
207,,chequeabolivia.bo,https://chequeabolivia.bo/es-falso-que-se-filtro-informacion-sobre-ingreso-de-militares-al-chapare-para-detener-evo-morales,Es falso que se filtró información sobre ingreso de militares al Chapare para detener a Evo Morales,Falso
208,,chequeabolivia.bo,https://chequeabolivia.bo/es-falso-que-el-centro-de-control-electoral-de-la-alianza-unidad-es-financiado-por-marcelo-claure,Es falso que el centro de control electoral de la Alianza Unidad es financiado por Marcelo Claure,Falso
209,,chequeabolivia.bo,https://chequeabolivia.bo/la-encuesta-en-boca-de-urna-que-posiciona-manfred-reyes-villa-como-ganador-es-falsa,La encuesta en boca de urna que posiciona a Manfred Reyes Villa como ganador es falsa,Falso
210,,chequeabolivia.bo,https://chequeabolivia.bo/es-falso-que-juan-pablo-velasco-olvido-su-carnet-de-identidad-y-no-pudo-efectuar-su-voto,Es falso que Juan Pablo Velasco olvidó su carnet de identidad y no pudo efectuar su voto,Falso
211,,chequeabolivia.bo,https://chequeabolivia.bo/es-falso-que-en-espana-se-haya-impuesto-el-voto-nulo-con-el-80-en-las-elecciones-de-bolivia,Es falso que en España se haya impuesto el voto nulo con el 80% en las elecciones de Bolivia,Falso
212,,chequeabolivia.bo,https://chequeabolivia.bo/es-falso-que-cubanos-y-venezolanos-llegaron-en-avion-al-pais-para-defender-un-fraude,Es falso que cubanos y venezolanos llegaron en avión al país para “defender un fraude”,Falso
213,,chequeabolivia.bo,https://chequeabolivia.bo/index%2Ephp/la-encuesta-en-boca-de-urna-que-posiciona-samuel-doria-medina-en-primer-lugar-es-falsa,La encuesta en boca de urna que posiciona a Samuel Doria Medina en primer lugar es falsa,Falso
214,,chequeabolivia.bo,https://chequeabolivia.bo/es-falso-que-la-empresa-smartmatic-este-cargo-de-las-elecciones-presidenciales-en-bolivia-2025,Es falso que la empresa Smartmatic esté a cargo de las elecciones presidenciales en Bolivia 2025,Falso
215,,chequeabolivia.bo,https://chequeabolivia.bo/video-en-el-que-jorge-tuto-quiroga-afirma-que-eliminara-todos-los-bonos-es-falso,Video en el que Jorge “Tuto” Quiroga afirma que eliminará todos los bonos es falso,Falso
216,,chequeabolivia.bo,https://chequeabolivia.bo/falso-encuesta-en-boca-de-urna-que-gano-reyes-villa-es-de-instituciones-extranjeras-y-no,Falso: Encuesta en boca de urna que “ganó” Reyes Villa es de instituciones extranjeras y no autorizadas por el TSE,Falso
217,,chequeabolivia.bo,https://chequeabolivia.bo/falso-tuto-quiroga-no-dijo-que-eliminaria-la-salud-publica-la-educacion-publica-y-los-bonos-0,"Falso: Tuto Quiroga no dijo que eliminaría la salud pública, la educación pública y los bonos",Falso
218,,chequeabolivia.bo,https://chequeabolivia.bo/circula-un-video-falso-sobre-la-supuesta-anulacion-de-elecciones-en-bolivia,Circula un video falso sobre la supuesta anulación de elecciones en Bolivia,Falso
219,,chequeabolivia.bo,https://chequeabolivia.bo/es-falso-que-presentadores-de-bolivision-promueven-el-voto-nulo,Es falso que presentadores de Bolivisión promueven el voto nulo,Falso
220,,chequeabolivia.bo,https://chequeabolivia.bo/falso-el-voto-nulo-no-gano-en-japon,Falso: el voto nulo no ganó en Japón,Falso
221,,chequeabolivia.bo,https://chequeabolivia.bo/video-que-muestra-lapiceros-que-se-borran-y-lo-vincula-las-elecciones-en-bolivia-es-de-mexico,Video que muestra lapiceros que se borran y lo vincula a las elecciones en Bolivia es de México,Falso
222,,chequeabolivia.bo,https://chequeabolivia.bo/audio-que-denuncia-hackeo-al-sistema-de-computo-del-tse-es-del-2021,Audio que denuncia “hackeo” al sistema de cómputo del TSE es del 2021,Falso
223,,chequeabolivia.bo,https://chequeabolivia.bo/papeletas-marcadas-favor-samuel-doria-medina-no-son-oficiales,Papeletas marcadas a favor Samuel Doria Medina no son oficiales,Falso
224,,chequeabolivia.bo,https://chequeabolivia.bo/falso-red-uno-no-publico-encuesta-en-la-que-gana-el-voto-nulo-con-mas-del-56-por-ciento,Falso: Red Uno no publicó encuesta en la que gana el voto nulo con más del 56 por ciento,Falso
225,,chequeabolivia.bo,https://chequeabolivia.bo/esta-imagen-no-muestra-una-delegacion-de-venezuela-que-llego-bolivia-para-un-fraude-electoral,Esta imagen no muestra a una delegación de Venezuela que llegó a Bolivia para un “fraude electoral”,Falso
226,,chequeabolivia.bo,https://chequeabolivia.bo/es-falso-que-el-presidente-argentino-javier-milei-envio-un-mensaje-los-bolivianos-previo-las,Es falso que el presidente argentino Javier Milei envío un mensaje a los bolivianos previo a las elecciones generales 2025,Falso
227,,chequeabolivia.bo,https://chequeabolivia.bo/es-falso-que-mariana-prado-aparece-en-un-video-junto-luis-fernando-camacho-en-los-conflictos-de,Es falso que Mariana Prado aparece en un video junto a Luis Fernando Camacho en los conflictos de 2019,Falso
228,,chequeabolivia.bo,https://chequeabolivia.bo/es-falso-que-idea-international-realizo-una-encuesta-que-posiciona-en-primer-lugar-andronico,Es falso que IDEA International realizó una encuesta que posiciona en primer lugar a Andrónico Rodriguez,Falso
229,,chequeabolivia.bo,https://chequeabolivia.bo/es-falso-que-el-voto-nulo-anule-las-elecciones-como-asegura-el-dirigente-marcelino-flores,Es falso que el voto nulo anule las elecciones como asegura el dirigente Marcelino Flores,Falso
230,,chequeabolivia.bo,https://chequeabolivia.bo/encuesta-de-bolivia-opina-que-posiciona-tuto-quiroga-vencedor-con-24-es-falsa,Encuesta de “Bolivia Opina” que posiciona a Tuto Quiroga vencedor con 24 % es falsa,Falso
231,,chequeabolivia.bo,https://chequeabolivia.bo/es-falso-que-encuesta-de-area-rural-de-ipsos-ciesmori-posicione-evo-morales-con-892,"Es falso que encuesta “de área rural” de Ipsos Ciesmori posicione a Evo Morales con 89,2%",Falso
232,,chequeabolivia.bo,https://chequeabolivia.bo/es-falso-que-la-tercera-encuesta-de-intencion-de-voto-de-unitel-vinculado-que-el-78-de-votos-nulos,Es falso que la tercera encuesta de intención de voto de UNITEL vinculado que el 78% de votos nulos corresponden a Evo Morales,Falso
233,,chequeabolivia.bo,https://chequeabolivia.bo/el-deber-no-informo-que-camacho-se-distancio-de-doria-medina-por-proponer-el-matrimonio-igualitario,El Deber no informó que Camacho se distanció de Doria Medina por proponer el matrimonio igualitario y la educación LGBTQ+,Falso
234,,chequeabolivia.bo,https://chequeabolivia.bo/encuesta-que-posiciona-al-voto-nulo-con-el-48-de-intencion-de-voto-no-tiene-validez,Encuesta que posiciona al voto nulo con el 48% de intención de voto no tiene validez,Falso
235,,chequeabolivia.bo,https://chequeabolivia.bo/index%2Ephp/es-falso-que-cnn-confirmo-que-las-encuestas-de-unitel-y-red-uno-no-son-validas,Es falso que CNN confirmó que las encuestas de Unitel y Red Uno no son válidas,Falso
236,,chequeabolivia.bo,https://chequeabolivia.bo/encuesta-que-posiciona-evo-morales-como-favorito-con-421-es-falsa,"Encuesta que posiciona a Evo Morales como favorito con 42,1% es falsa",Falso
237,,chequeabolivia.bo,https://chequeabolivia.bo/es-falso-que-evo-morales-esta-habilitado-para-las-elecciones-generales-2025,Es falso que Evo Morales está habilitado para las elecciones generales 2025,Falso
238,,chequeabolivia.bo,https://chequeabolivia.bo/video-de-leonardo-loza-anunciando-bloqueos-en-el-pais-al-dia-siguiente-de-las-elecciones-es-falso,Video de Leonardo Loza anunciando bloqueos en el país al día siguiente de las elecciones es falso,Falso
239,,chequeabolivia.bo,https://chequeabolivia.bo/audio-atribuido-jorge-tuto-quiroga-sobre-bonos-y-rentas-fue-generado-con-inteligencia-artificial,Audio atribuido a Jorge “Tuto” Quiroga sobre bonos y rentas fue generado con Inteligencia Artificial,Falso
240,,chequeabolivia.bo,https://chequeabolivia.bo/index%2Ephp/es-falso-que-36-millones-de-venezolanos-fueron-convocados-para-venir-por-las-elecciones-como-alerta,"Es falso que 3.6 millones de venezolanos fueron convocados para venir por las elecciones, como alerta la analista Jimena Costa",Falso
241,,chequeabolivia.bo,https://chequeabolivia.bo/index%2Ephp/es-falso-que-jaime-dunn-aseguro-que-tuto-quiroga-no-conseguira-su-apoyo-en-base-mentiras,Es falso que Jaime Dunn aseguró que Tuto Quiroga no conseguirá su apoyo “en base a mentiras”,Falso
242,,chequeabolivia.bo,https://chequeabolivia.bo/es-falso-que-evo-morales-lidera-las-encuestas-como-afirmo-la-diputada-gladys-quispe,"Es falso que Evo Morales lidera las encuestas, como afirmó la diputada Gladys Quispe",Falso
243,,chequeabolivia.bo,https://chequeabolivia.bo/es-falso-que-cnn-publico-una-encuesta-que-situe-andronico-rodriguez-y-manfred-reyes-villa-en-los,Es falso que CNN publicó una encuesta que sitúe a Andrónico Rodríguez y Manfred Reyes Villa en los primeros lugares,Falso
244,,chequeabolivia.bo,https://chequeabolivia.bo/red-uno-no-publico-que-eduardo-del-castillo-fue-el-ganador-del-primer-debate-presidencial,Red Uno no publicó que Eduardo del Castillo fue el ganador del primer debate presidencial,Falso
245,,chequeabolivia.bo,https://chequeabolivia.bo/la-encuesta-de-atlas-electoral-que-posiciona-evo-morales-con-457-es-falsa,"La encuesta de Atlas Electoral que posiciona a Evo Morales con 45,7% es falsa",Falso
246,,chequeabolivia.bo,https://chequeabolivia.bo/carlos-valverde-no-dijo-que-los-votos-nulos-y-blancos-crecen-al-estar-ausente-evo-morales,Carlos Valverde no dijo que los votos nulos y blancos crecen al estar ausente Evo Morales,Falso
247,,chequeabolivia.bo,https://chequeabolivia.bo/es-falso-que-la-primera-encuesta-de-unitel-da-como-ganador-rodrigo-paz-con-331,"Es falso que la primera encuesta de Unitel da como ganador a Rodrigo Paz con 33,1%",Falso
248,,chequeabolivia.bo,https://chequeabolivia.bo/es-falso-que-jorge-tuto-quiroga-este-siendo-investigado-en-estados-unidos-por-financiamiento-ruso,Es falso que Jorge Tuto Quiroga esté siendo investigado en Estados Unidos por financiamiento ruso,Falso
249,,chequeabolivia.bo,https://chequeabolivia.bo/red-uno-no-publico-nota-afirmando-que-manfred-reyes-villa-dijo-que-su-modelo-economico-es-igual-al,Red Uno no publicó nota afirmando que Manfred Reyes Villa dijo que su modelo económico es igual al de Luis Arce,Falso
250,,chequeabolivia.bo,https://chequeabolivia.bo/es-falso-que-las-personas-que-no-tengan-el-carnet-nuevo-digitalizado-no-podran-votar-en-las,Es falso que las personas que no tengan el “carnet nuevo digitalizado” no podrán votar en las elecciones,Falso
251,,chequeabolivia.bo,https://chequeabolivia.bo/esta-encuesta-del-gobierno-que-da-como-ganador-andronico-rodriguez-es-falsa,Esta “encuesta del Gobierno” que da como ganador a Andrónico Rodríguez es falsa,Falso
252,,chequeabolivia.bo,https://chequeabolivia.bo/unitel-no-informo-que-los-estudiantes-de-la-umsa-rechazan-el-retorno-de-luis-arce-la-docencia,Unitel no informó que los estudiantes de la UMSA rechazan el retorno de Luis Arce a la docencia,Falso
253,,chequeabolivia.bo,https://chequeabolivia.bo/index%2Ephp/red-uno-no-considero-como-ganador-del-debate-presidencial-jorge-tuto-quiroga,Red Uno no consideró como ganador del debate presidencial a Jorge “Tuto” Quiroga,Falso
254,,chequeabolivia.bo,https://chequeabolivia.bo/red-uno-no-realizo-una-encuesta-en-la-que-senalo-del-castillo-como-ganador-del-debate-presidencial,Red Uno no realizó una encuesta en la que señaló a Del Castillo como ‘ganador’ del debate presidencial,Falso
255,,chequeabolivia.bo,https://chequeabolivia.bo/luis-arce-no-califico-de-gran-economista-y-empresario-samuel-doria-medina,Luis Arce no calificó de “gran economista y empresario” a Samuel Doria Medina,Falso
256,,chequeabolivia.bo,https://chequeabolivia.bo/jaime-dunn-no-lidera-la-intencion-de-voto-en-la-encuesta-que-difundio-unitel,Jaime Dunn no lidera la intención de voto en la encuesta que difundió Unitel,Falso
257,,chequeabolivia.bo,https://chequeabolivia.bo/encuesta-que-posiciona-manfred-reyes-villa-como-ganador-para-las-elecciones-es-falsa,Encuesta que posiciona a Manfred Reyes Villa como ganador para las elecciones es falsa,Falso
258,,chequeabolivia.bo,https://chequeabolivia.bo/index%2Ephp/es-verdad-que-samuel-doria-medina-afirmo-que-priorizara-la-produccion-agropecuaria-por-encima-del,Es verdad que Samuel Doria Medina afirmó que priorizará la producción agropecuaria por encima del medioambiente,Falso
259,,chequeabolivia.bo,https://chequeabolivia.bo/univision-no-publico-que-la-cia-investiga-samuel-doria-medina-por-pagar-encuestas-con-dinero,Univisión no publicó que la CIA investiga a Samuel Doria Medina por pagar encuestas con dinero “ilícito”,Falso
260,,chequeabolivia.bo,https://chequeabolivia.bo/el-presidente-del-tse-no-aseguro-que-las-encuestas-son-financiadas-por-samuel-doria-medina,El presidente del TSE no aseguró que las encuestas son financiadas por Samuel Doria Medina,Falso
261,,chequeabolivia.bo,https://chequeabolivia.bo/index%2Ephp/es-falso-que-evo-morales-es-candidato-confirmado-en-la-papeleta-de-las-elecciones,Es falso que Evo Morales es candidato confirmado en la papeleta de las elecciones,Falso
262,,chequeabolivia.bo,https://chequeabolivia.bo/encuesta-que-posiciona-jaime-dunn-como-favorito-con-61-por-ciento-es-falsa,Encuesta que posiciona a Jaime Dunn como favorito con 61 por ciento es falsa,Falso
263,,chequeabolivia.bo,https://chequeabolivia.bo/exesposa-de-tuto-no-denuncio-agresiones-y-racismo-del-candidato-en-podcast-mexicano,Exesposa de Tuto no denunció agresiones y racismo del candidato en podcast mexicano,Falso
264,,chequeabolivia.bo,https://chequeabolivia.bo/es-falso-que-funcionarios-electos-deben-renunciar-tres-meses-antes-para-postular-en-las-elecciones,Es falso que funcionarios electos deben renunciar tres meses antes para postular en las elecciones,Falso
265,,chequeabolivia.bo,https://chequeabolivia.bo/falso-manfred-no-es-segundo-en-intencion-de-voto-segun-encuesta-mexicana,Falso: Manfred no es segundo en intención de voto según encuesta mexicana,Falso
266,,chequeabolivia.bo,https://chequeabolivia.bo/video-de-arce-y-andronico-apoyando-jaime-dunn-fue-generado-con-ia,Video de Arce y Andrónico apoyando a Jaime Dunn fue generado con IA,Falso
267,,chequeabolivia.bo,https://chequeabolivia.bo/index%2Ephp/red-uno-no-publico-contenido-que-acusa-al-presidente-luis-arce-de-enriquecerse-con-tierras,Red Uno no publicó contenido que acusa al presidente Luis Arce de enriquecerse con tierras,Falso
268,,chequeabolivia.bo,https://chequeabolivia.bo/el-ejercito-de-bolivia-no-emitio-un-comunicado-advirtiendo-al-presidente-luis-arce,El Ejército de Bolivia no emitió un comunicado advirtiendo al presidente Luis Arce,Falso
269,,chequeabolivia.bo,https://chequeabolivia.bo/rtp-no-publico-que-luis-arce-dijo-sus-hijos-tienen-tierras-por-fruto-de-su-trabajo,RTP no publicó que Luis Arce dijo sus hijos tienen tierras por “fruto de su trabajo”,Falso
270,,chequeabolivia.bo,https://chequeabolivia.bo/kaplex-no-es-candidato-la-vicepresidencia-junto-andronico,Kapléx no es candidato a la vicepresidencia junto a Andrónico,Falso
271,,chequeabolivia.bo,https://chequeabolivia.bo/es-falso-que-estos-resultados-sobre-la-encuesta-de-unitel-se-hayan-filtrado,Es falso que estos resultados sobre la encuesta de Unitel se hayan filtrado,Falso
272,,chequeabolivia.bo,https://chequeabolivia.bo/es-falso-que-jorge-richter-es-el-nuevo-candidato-vicepresidente-de-andronico-rodriguez,Es falso que Jorge Richter es el nuevo candidato a vicepresidente de Andrónico Rodríguez,Falso
273,,chequeabolivia.bo,https://chequeabolivia.bo/encuesta-que-da-como-favorito-evo-morales-con-35-por-ciento-es-falsa,Encuesta que da como favorito a Evo Morales con 35 por ciento es falsa,Falso
274,,chequeabolivia.bo,https://chequeabolivia.bo/es-falso-que-sentencia-del-tcp-sobre-la-reeleccion-inhabilita-jorge-tuto-quiroga,"Es falso que sentencia del TCP sobre la reelección inhabilita a Jorge ""Tuto"" Quiroga",Falso
275,,chequeabolivia.bo,https://chequeabolivia.bo/circula-un-sondeo-de-intencion-de-voto-sobre-las-elecciones-nacionales-en-whatsapp,Circula un sondeo de intención de voto sobre las elecciones nacionales en WhatsApp,Falso
276,,chequeabolivia.bo,https://chequeabolivia.bo/evo-morales-no-pacto-con-luis-arce-para-ser-candidato-por-el-mas,Evo Morales no pactó con Luis Arce para ser candidato por el MAS,Falso
277,,chequeabolivia.bo,https://chequeabolivia.bo/circulan-encuestas-falsas-en-whatsapp-atribuidas-la-red-uno,Circulan encuestas falsas en WhatsApp atribuídas a la Red Uno,Falso
278,,chequeabolivia.bo,https://chequeabolivia.bo/es-falso-que-evo-morales-haya-declinado-su-candidatura,Es falso que Evo Morales haya declinado su candidatura,Falso
279,,chequeabolivia.bo,https://chequeabolivia.bo/red-uno-no-difundio-encuesta-electoral-que-circula-en-canal-de-whatsapp,Red Uno no difundió encuesta electoral que circula en canal de WhatsApp,Falso
280,,chequeabolivia.bo,https://chequeabolivia.bo/el-deber-no-publico-que-burger-king-salio-de-la-app-yango-luego-de-que-su-gerente-fuera-anunciado,El Deber no publicó que Burger King salió de la App Yango luego de que su gerente fuera anunciado como candidato de Libre,Falso
281,,chequeabolivia.bo,https://chequeabolivia.bo/evo-morales-comparte-un-video-antiguo-generando-confusion-sobre-su-participacion-en-la-marcha-para,Evo Morales comparte un video antiguo generando confusión sobre su participación en la marcha para inscribirlo como candidato,Falso
282,,chequeabolivia.bo,https://chequeabolivia.bo/falso-jefa-de-mision-de-la-embajada-de-eeuu-no-se-reunio-con-gente-que-proclamo-candidato-andronico,Falso: Jefa de Misión de la embajada de EEUU no se reunió con gente que proclamó candidato a Andrónico Rodriguez,Falso
283,,chequeabolivia.bo,https://chequeabolivia.bo/es-falso-que-el-voto-en-chapare-yapacani-y-otras-areas-alejadas-valga-el-triple-que-el-de-las,"Es falso que el voto en Chapare, Yapacaní y otras áreas alejadas valga el triple que el de las ciudades",Falso
284,,chequeabolivia.bo,https://chequeabolivia.bo/index%2Ephp/rkc-difunde-encuesta-falsa-que-favorece-evo-morales,RKC difunde encuesta falsa que favorece a Evo Morales,Falso
285,,chequeabolivia.bo,https://chequeabolivia.bo/el-tse-no-publico-una-encuesta-en-la-que-tuto-es-favorito-las-elecciones-presidenciales-de-agosto,El TSE no publicó una encuesta en la que Tuto es favorito a las elecciones presidenciales de agosto,Falso
286,,chequeabolivia.bo,https://chequeabolivia.bo/esta-carta-de-jhonny-fernandez-que-nombra-evo-morales-como-candidato-por-ucs-es-falsa,Esta carta de Jhonny Fernández que nombra a Evo Morales como candidato por UCS es falsa,Falso
287,,chequeabolivia.bo,https://chequeabolivia.bo/tuto-no-dijo-que-buscaria-un-tiktoker-como-candidato-la-vicepresidencia,"Tuto no dijo que buscaría un ""tiktoker"" como candidato a la Vicepresidencia",Falso
288,,chequeabolivia.bo,https://chequeabolivia.bo/es-falso-que-evo-morales-firmo-una-alianza-con-el-mnr,Es falso que Evo Morales firmó una alianza con el MNR,Falso
289,,chequeabolivia.bo,https://chequeabolivia.bo/la-encuesta-de-atlas-electoral-que-posiciona-evo-morales-como-favorito-para-las-elecciones-2025-es,La encuesta de Atlas Electoral que posiciona a Evo Morales como favorito para las elecciones 2025 es falsa,Falso
290,,chequeabolivia.bo,https://chequeabolivia.bo/el-papa-francisco-no-dijo-no-esta-bien-eso-al-regalo-con-la-cruz-y-la-hoz-que-le-hizo-evo-morales,El papa francisco no dijo “No está bien eso” al regalo con la cruz y la hoz que le hizo Evo Morales en 2015,Falso
291,,chequeabolivia.bo,https://chequeabolivia.bo/index%2Ephp/se-reenvia-una-encuesta-falsa-atribuida-la-red-uno-mediante-whatsapp,Se reenvía una encuesta falsa atribuída a la Red Uno mediante WhatsApp,Falso
292,,chequeabolivia.bo,https://chequeabolivia.bo/encuesta-de-whatsapp-que-favorece-manfred-reyes-villa-es-falsa,Encuesta de WhatsApp que favorece a Manfred Reyes Villa es falsa,Falso
293,,chequeabolivia.bo,https://chequeabolivia.bo/el-deber-no-publico-que-se-postergaron-las-elecciones-por-una-crisis-social-y-energetica,El Deber no publicó que se postergaron las elecciones por una crisis social y energética,Falso
294,,chequeabolivia.bo,https://chequeabolivia.bo/es-falso-que-el-tse-anuncio-la-postergacion-de-las-elecciones-nacionales,Es falso que el TSE anunció la postergación de las elecciones nacionales,Falso
295,,chequeabolivia.bo,https://chequeabolivia.bo/encuesta-atribuida-captura-consulting-que-circula-en-whatsapp-es-falsa,Encuesta atribuida a Captura Consulting que circula en WhatsApp es falsa,Falso
296,,chequeabolivia.bo,https://chequeabolivia.bo/mesa-no-suspendio-la-elaboracion-de-las-encuestas-para-definir-al-candidato-del-bloque-de-unidad,Mesa no suspendió la elaboración de las encuestas para definir al candidato del Bloque de Unidad,Falso
297,,chequeabolivia.bo,https://chequeabolivia.bo/ipsos-ciesmori-desmiente-encuesta-en-la-que-evo-lidera-intencion-de-voto,Ipsos CIESMORI desmiente encuesta en la que Evo lidera intención de voto,Falso
298,,chequeabolivia.bo,https://chequeabolivia.bo/el-ministerio-de-salud-de-chile-no-emitio-un-comunicado-sobre-supuesto-fraude-en-el-examen-de,El Ministerio de Salud de Chile no emitió un comunicado sobre supuesto fraude en el examen de residencia médica de Bolivia,Falso
299,,chequeabolivia.bo,https://chequeabolivia.bo/el-fpv-no-perdio-su-sigla-pese-observaciones-su-directiva-y-su-bajo-voto-en-2020,El FPV no perdió su sigla pese a observaciones a su directiva y su bajo voto en 2020,Falso
300,,chequeabolivia.bo,https://chequeabolivia.bo/esta-cuenta-de-instagram-con-el-nombre-del-presidente-del-tse-es-falsa,Esta cuenta de Instagram con el nombre del presidente del TSE es falsa,Falso
301,,chequeabolivia.bo,https://chequeabolivia.bo/falso-el-deber-no-informo-que-milei-ordeno-confiscar-la-vivienda-del-hermano-de-evo-morales,Falso: El Deber no informó que Milei ordenó confiscar la vivienda del hermano de Evo Morales,Falso
302,,chequeabolivia.bo,https://chequeabolivia.bo/esta-cuenta-de-facebook-con-el-nombre-del-presidente-del-tse-es-falsa,Esta cuenta de Facebook con el nombre del presidente del TSE es falsa,Falso
303,,chequeabolivia.bo,https://chequeabolivia.bo/es-falso-que-la-cuenta-de-x-de-luis-arce-anuncio-el-lanzamiento-de-una-nueva-moneda-digital,Es falso que la cuenta de X de Luis Arce anunció el lanzamiento de una nueva moneda digital,Falso
304,,chequeabolivia.bo,https://chequeabolivia.bo/las-acciones-de-coca-cola-no-cayeron-ni-la-empresa-salio-pedir-disculpas-los-latinos,Las acciones de Coca-Cola no cayeron ni la empresa salió a pedir disculpas a los latinos,Falso
305,,chequeabolivia.bo,https://chequeabolivia.bo/audio-filtrado-de-del-castillo-en-el-que-se-menciona-su-intencion-de-posicionarse-como-candidato-es,"Audio ""filtrado"" de Del Castillo, en el que se menciona su intención de posicionarse como candidato, es falso",Falso
306,,chequeabolivia.bo,https://chequeabolivia.bo/fotografia-de-del-castillo-en-chapare-no-corresponde-militarizacion-del-tropico-ni-aprehension-de,Fotografía de Del Castillo en Chapare no corresponde a militarización del Trópico ni aprehensión de Evo Morales,Falso
307,,chequeabolivia.bo,https://chequeabolivia.bo/ni-trump-ni-rubio-se-refirieron-jorge-tuto-quiroga-en-una-nota-de-univision,Ni Trump ni Rubio se refirieron a Jorge “Tuto” Quiroga en una nota de Univisión,Falso
308,,chequeabolivia.bo,https://chequeabolivia.bo/marcelo-claure-no-publico-un-tuit-sobre-tratos-con-gary-anez,Marcelo Claure no publicó un tuit sobre tratos con Gary Añez,Falso
309,,chequeabolivia.bo,https://chequeabolivia.bo/es-falso-que-un-fallo-establece-que-andronico-rodriguez-no-podra-ser-candidato-para-las-elecciones,Es falso que un fallo establece que Andrónico Rodríguez no podrá ser candidato para las elecciones nacionales,Falso
310,,chequeabolivia.bo,https://chequeabolivia.bo/la-sala-plena-del-tse-no-aprobo-trasladar-su-sede-sucre,La Sala Plena del TSE no aprobó trasladar su sede a Sucre,Falso
311,,chequeabolivia.bo,https://chequeabolivia.bo/unitel-no-publico-una-frase-atribuida-evo-morales-sobre-casos-de-violacion,Unitel no publicó una frase atribuida a Evo Morales sobre casos de violación,Falso
312,,chequeabolivia.bo,https://chequeabolivia.bo/audio-de-andronico-rodriguez-afirmando-que-sera-candidato-presidencial-del-mts-es-falso,Audio de Andrónico Rodríguez afirmando que será candidato presidencial del MTS es falso,Falso
313,,chequeabolivia.bo,https://chequeabolivia.bo/el-certificado-medico-que-diagnostica-con-parafilia-y-otros-trastornos-mentales-evo-morales-es,El certificado médico que diagnostica con parafilia y otros trastornos mentales a Evo Morales es falso,Falso
314,,chequeabolivia.bo,https://chequeabolivia.bo/circula-informacion-falsa-sobre-un-calendario-para-las-elecciones-2025,Circula información falsa sobre un calendario para las elecciones 2025,Falso
315,,chequeabolivia.bo,https://chequeabolivia.bo/es-falso-que-manfred-reyes-villa-presento-carol-ilievski-como-su-binomio-para-las-elecciones,Es falso que Manfred Reyes Villa presentó a Carol Ilievski como su binomio para las elecciones presidenciales,Falso
316,,chequeabolivia.bo,https://chequeabolivia.bo/es-falso-que-manfred-reyes-villa-retiro-su-candidatura-para-las-elecciones-presidenciales,Es falso que Manfred Reyes Villa retiró su candidatura para las elecciones presidenciales,Falso
317,,chequeabolivia.bo,https://chequeabolivia.bo/es-falso-que-el-deber-publico-que-morales-admitio-haber-mantenido-relaciones-con-menores-de-edad,Es falso que El Deber publicó que Morales admitió haber mantenido relaciones con menores de edad,Falso
318,,chequeabolivia.bo,https://chequeabolivia.bo/marco-pumari-no-salio-del-penal-de-cantumarca-y-tampoco-se-anuncio-que-acompanara-tuto-como,"Marco Pumari no salió del penal de Cantumarca y tampoco se anunció que acompañará a ""Tuto"" como compañero de fórmula",Falso
319,,chequeabolivia.bo,https://chequeabolivia.bo/el-deber-no-publico-que-arce-renuncio-por-la-crisis-economica-para-no-convulsionar-al-pais,El Deber no publicó que Arce renunció por la crisis económica para no convulsionar al país,Falso
320,,chequeabolivia.bo,https://chequeabolivia.bo/periodista-de-unitel-no-fue-despedida-por-cuestionar-arce-sobre-las-denuncias-contra-evo-morales,Periodista de Unitel no fue despedida por cuestionar a Arce sobre las denuncias contra Evo Morales,Falso
321,,chequeabolivia.bo,https://chequeabolivia.bo/es-falso-que-evo-morales-fue-detenido-y-trasladado-la-paz,Es falso que Evo Morales fue detenido y trasladado a La Paz,Falso
322,,chequeabolivia.bo,https://chequeabolivia.bo/red-uno-no-informo-que-el-hijo-de-arce-adquirio-el-cybertruck-de-elon-musk,Red Uno no informó que el hijo de Arce adquirió el Cybertruck de Elon Musk,Falso
323,,chequeabolivia.bo,https://chequeabolivia.bo/es-falso-que-mesa-acuso-jorge-tuto-quiroga-de-haber-negociado-cargos-jerarquicos-con-el-fri,"Es falso que Mesa acusó a Jorge ""Tuto"" Quiroga de haber negociado cargos jerárquicos con el FRI",Falso
324,,chequeabolivia.bo,https://chequeabolivia.bo/pagina-imita-linea-grafica-del-oep-y-comparte-encuestas-falsas-sobre-las-elecciones-judiciales,Página imita línea gráfica del OEP y comparte encuestas falsas sobre las elecciones judiciales,Falso
325,,chequeabolivia.bo,https://chequeabolivia.bo/circulan-sondeos-y-encuestas-sobre-preferencia-de-voto-en-las-elecciones-judiciales-que-no-son,Circulan sondeos y encuestas sobre preferencia de voto en las elecciones judiciales que no son válidas,Falso
326,,chequeabolivia.bo,https://chequeabolivia.bo/circula-encuesta-falsa-sobre-las-elecciones-judiciales,Circula encuesta falsa sobre las elecciones judiciales,Falso
327,,chequeabolivia.bo,https://chequeabolivia.bo/index%2Ephp/es-falso-que-el-candidato-al-tribunal-agroambiental-edwin-almendras-fue-inhabilitado,Es falso que el candidato al Tribunal Agroambiental Edwin Almendras fue inhabilitado,Falso
328,,chequeabolivia.bo,https://chequeabolivia.bo/es-falso-que-el-presidente-del-tse-declaro-que-evo-morales-esta-habilitado-para-las-elecciones-de,Es falso que el presidente del TSE declaró que Evo Morales está habilitado para las elecciones de 2025,Falso
329,,chequeabolivia.bo,https://chequeabolivia.bo/index%2Ephp/esta-imagen-de-estafas-de-infracciones-vehiculares-con-codigos-qr-no-corresponde-bolivia,Esta imagen de estafas de infracciones vehiculares con códigos QR no corresponde a Bolivia,Falso
330,,chequeabolivia.bo,https://chequeabolivia.bo/encuestas-ocd-bolivia-es-una-pagina-falsa-y-sus-encuestas-no-estan-autorizadas-por-el-oep,“Encuestas OCD Bolivia” es una página falsa y sus encuestas no están autorizadas por el OEP,Falso
331,,chequeabolivia.bo,https://chequeabolivia.bo/encuesta-sobre-judiciales-que-da-arellano-como-ganador-es-falsa,Encuesta sobre judiciales que da a Arellano como ganador es falsa,Falso
332,,chequeabolivia.bo,https://chequeabolivia.bo/es-falso-que-nicolas-maduro-prometio-gasolina-bolivia-si-evo-gana-la-presidencia,Es falso que Nicolás Maduro prometió gasolina a Bolivia si Evo gana a la presidencia,Falso
333,,chequeabolivia.bo,https://chequeabolivia.bo/audio-filtrado-de-quintana-que-anuncia-andronico-rodriguez-como-candidato-presidencial-fue-creado,Audio “filtrado” de Quintana que anuncia a Andrónico Rodríguez como candidato presidencial fue creado con IA,Falso
334,,chequeabolivia.bo,https://chequeabolivia.bo/es-falso-que-el-gobierno-imprime-billetes-con-el-rostro-de-luis-arce-para-conmemorar-el,Es falso que el Gobierno imprime billetes con el rostro de Luis Arce para conmemorar el Bicentenario de Bolivia,Falso
335,,chequeabolivia.bo,https://chequeabolivia.bo/el-expresidente-morales-no-dijo-que-fue-abandonado-por-andronico-rodriguez-ni-lo-acuso-de-prebenda,El expresidente Morales no dijo que fue “abandonado” por Andrónico Rodríguez ni lo acusó de “prebenda”,Falso
336,,chequeabolivia.bo,https://chequeabolivia.bo/index%2Ephp/es-falso-que-se-implemento-un-nuevo-impuesto-las-transacciones-iguales-o-mayores-bs-50-mil,Es falso que se implementó un nuevo impuesto a las transacciones iguales o mayores a Bs 50 mil,Falso
337,,chequeabolivia.bo,https://chequeabolivia.bo/index%2Ephp/es-falso-que-el-chofer-de-evo-logro-cambiarse-durante-el-presunto-atentado-se-trata-de-dos-personas,"Es falso que el chofer de Evo logró cambiarse durante el presunto atentado, se trata de dos personas distintas",Falso
338,,chequeabolivia.bo,https://chequeabolivia.bo/es-falso-que-luis-arce-renuncio-la-presidencia,Es falso que Luis Arce renunció a la presidencia,Falso
339,,chequeabolivia.bo,https://chequeabolivia.bo/stadistics-bolivia-difunde-encuestas-falsas-que-favorecen-evo-morales,Stadistics Bolivia difunde encuestas falsas que favorecen a Evo Morales,Falso
340,,chequeabolivia.bo,https://chequeabolivia.bo/esta-orden-de-aprehension-en-contra-de-evo-morales-es-falsa,Esta orden de aprehensión en contra de Evo Morales es falsa,Falso
341,,chequeabolivia.bo,https://chequeabolivia.bo/david-choquehuanca-no-confronto-luis-arce-pidiendole-adelantar-las-elecciones,David Choquehuanca no confrontó a Luis Arce pidiéndole adelantar las elecciones,Falso
342,,chequeabolivia.bo,https://chequeabolivia.bo/circula-una-encuesta-de-intencion-de-voto-para-las-elecciones-2025-sin-aval-del-tse,Circula una encuesta de intención de voto para las elecciones 2025 sin aval del TSE,Falso
343,,chequeabolivia.bo,https://chequeabolivia.bo/circula-una-encuesta-falsa-atribuida-la-umss-que-favorece-manfred-reyes-villa,Circula una encuesta falsa atribuida a la UMSS que favorece a Manfred Reyes Villa,Falso
344,,chequeabolivia.bo,https://chequeabolivia.bo/circula-una-encuesta-falsa-sobre-intencion-de-voto-para-las-elecciones-2025,Circula una encuesta falsa sobre intención de voto para las elecciones 2025,Falso
345,,chequeabolivia.bo,https://chequeabolivia.bo/es-falso-que-el-tse-aprobo-la-fiscalizacion-del-congreso-del-mas-en-villa-tunari,Es falso que el TSE aprobó la fiscalización del Congreso del MAS en Villa Tunari,Falso
346,,chequeabolivia.bo,https://chequeabolivia.bo/arce-no-anuncio-la-creacion-de-libretas-de-racionamiento-ante-incremento-de-precios-de-alimentos,Arce no anunció la creación de libretas de racionamiento ante incremento de precios de alimentos,Falso
347,,chequeabolivia.bo,https://chequeabolivia.bo/index%2ephp/el-deber-no-informo-que-marset-confeso-que-financia-la-copa-evo-2024,El Deber no informó que Marset confesó que financia la Copa Evo 2024,Falso
348,,chequeabolivia.bo,https://chequeabolivia.bo/luis-arce-no-anuncio-durante-su-mensaje-presidencial-que-el-pasaje-subira-bs-5,Luis Arce no anunció durante su mensaje presidencial que el pasaje subirá a Bs. 5,Falso
349,,chequeabolivia.bo,https://chequeabolivia.bo/el-influencer-kaplex-no-es-candidato-del-mas-para-las-elecciones-de-2025,El influencer Kapléx no es candidato del MAS para las elecciones de 2025,Falso
350,,chequeabolivia.bo,https://chequeabolivia.bo/es-falso-que-claudia-arce-invito-realizar-inversiones-en-canales-de-telegram,Es falso que Claudia Arce invitó a realizar inversiones en canales de Telegram,Falso
351,,chequeabolivia.bo,https://chequeabolivia.bo/unitel-no-informo-que-circulara-un-nuevo-billete-de-bs-10000,Unitel no informó que circulará un nuevo billete de Bs. 10.000,Falso
352,,chequeabolivia.bo,https://chequeabolivia.bo/luis-arce-no-publico-en-x-que-hubo-un-autoatentado-contra-trump,Luis Arce no publicó en X que hubo un “autoatentado” contra Trump,Falso
353,,chequeabolivia.bo,https://chequeabolivia.bo/nayib-bukele-no-acuso-luis-arce-de-organizar-el-supuesto-golpe,"Nayib Bukele no acusó a Luis Arce de organizar el ""supuesto golpe""",Falso
354,,chequeabolivia.bo,https://chequeabolivia.bo/la-imagen-de-luis-arce-junto-juan-jose-zuniga-es-de-un-partido-de-basquet-de-2023,La imagen de Luis Arce junto a Juan José Zúñiga es de un partido de básquet de 2023,Falso
355,,chequeabolivia.bo,https://chequeabolivia.bo/evo-morales-no-fue-implicado-en-un-megalaboratorio-de-cocaina-destruido-en-villa-tunari,Evo Morales no fue implicado en un megalaboratorio de cocaína destruido en Villa Tunari,Falso
356,,chequeabolivia.bo,https://chequeabolivia.bo/juanita-ancieta-no-dijo-que-si-evo-morales-gana-las-elecciones-comprara-maquina-para-fabricar-dolar,Juanita Ancieta no dijo que si Evo Morales gana las elecciones comprará “máquina para fabricar dólar”,Falso
357,,chequeabolivia.bo,https://chequeabolivia.bo/index%2ephp/es-falso-que-manfred-confirmo-su-candidatura-presidencial-2025,Es falso que Manfred Reyes Villa confirmó su candidatura para las elecciones del 2025,Falso
358,,chequeabolivia.bo,https://chequeabolivia.bo/video-falso-hecho-con-ia-muestra-evo-morales-promocionando-un-proyecto-para-invertir-dinero,Video falso hecho con IA muestra a Evo Morales promocionando un proyecto para invertir dinero,Falso
359,,chequeabolivia.bo,https://chequeabolivia.bo/index%2ephp/infobae-no-informo-que-la-reunion-entre-putin-y-arce-fue-un-fiasco,Infobae no informó que la reunión entre Putin y Arce fue un “fiasco”,Falso
360,,chequeabolivia.bo,https://chequeabolivia.bo/es-falso-que-evo-morales-publico-en-x-estuvo-en-una-reunion-para-aprobar-un-decreto-de-expropiacion,Es falso que Evo Morales publicó en X estuvo en una reunión para aprobar un decreto de “expropiación de la propiedad privada”,Falso
361,,chequeabolivia.bo,https://chequeabolivia.bo/index%2ephp/es-falso-que-unitel-haya-publicado-que-evo-morales-no-entiende-por-que-lo-acusan-de-la-falta-de-gas,Es falso que Unitel haya publicado que Evo Morales no entiende por qué lo acusan de la falta de gas,Falso
362,,chequeabolivia.bo,https://chequeabolivia.bo/generan-video-falso-de-evo-morales-con-inteligencia-artificial-para-promocionar-un-proyecto-de,Generan video falso de Evo Morales con inteligencia artificial para promocionar un “proyecto de inversión”,Falso
363,,chequeabolivia.bo,https://chequeabolivia.bo/video-falso-que-recluta-gente-para-ayuda-financiera-no-tiene-relacion-con-el-presidente-luis-arce,Video falso que recluta gente para ayuda financiera no tiene relación con el presidente Luis Arce,Falso
364,,chequeabolivia.bo,https://chequeabolivia.bo/index%2Ephp/es-falso-que-el-exministro-carlos-romero-acuso-evo-quintana-y-aguilera-de-la-masacre-del-hotel-las,"Es falso que el exministro Carlos Romero acusó a Evo, Quintana y Aguilera de la ""masacre"" del Hotel Las Américas",Falso
365,,chequeabolivia.bo,https://chequeabolivia.bo/milei-no-se-refirio-al-socialismo-y-las-proximas-elecciones-en-bolivia,Milei no se refirió al socialismo y las próximas elecciones en Bolivia,Falso
366,,chequeabolivia.bo,https://chequeabolivia.bo/circula-nota-falsa-anunciando-que-el-congreso-del-mas-afin-arce-fue-aprobado-por-el-tse,Circula nota falsa anunciando que el Congreso del MAS afín a Arce fue aprobado por el TSE,Falso
367,,chequeabolivia.bo,https://chequeabolivia.bo/este-video-no-muestra-la-mansion-en-la-que-evo-morales-fue-censado,Este video no muestra la “mansión” en la que Evo Morales fue censado,Falso
368,,chequeabolivia.bo,https://chequeabolivia.bo/red-uno-no-publico-que-arce-y-copa-aseguraron-que-funcionarios-participaran-en-el-aniversario-de,Red Uno no publicó que Arce y Copa aseguraron que funcionarios participarán en el aniversario de MAS,Falso
369,,chequeabolivia.bo,https://chequeabolivia.bo/circulan-instrucciones-falsas-sobre-como-responder-los-censistas-para-evitar-un-supuesto-fraude,"Circulan instrucciones falsas sobre cómo responder a los censistas para evitar un supuesto ""fraude""",Falso
370,,chequeabolivia.bo,https://chequeabolivia.bo/es-falso-que-le-gritaron-evo-bolivia-dijo-no-en-el-ampliado-de-la-csutcb,Es falso que le gritaron a Evo “Bolivia dijo no” en el ampliado de la CSUTCB,Falso
371,,chequeabolivia.bo,https://chequeabolivia.bo/estas-imagenes-no-muestran-una-alianza-politica-entre-luis-arce-y-manfred-reyes-villa,Estas imágenes no muestran una alianza política entre Luis Arce y Manfred Reyes Villa,Falso
372,,chequeabolivia.bo,https://chequeabolivia.bo/evo-no-renuncio-su-candidatura-para-cederle-su-lugar-andronico-rodriguez,Evo no renunció a su candidatura para cederle su lugar a Andrónico Rodríguez,Falso
373,,chequeabolivia.bo,https://chequeabolivia.bo/falso-del-castillo-no-dijo-que-es-incomprensible-que-choquehuanca-aspire-ser-presidente,Falso: Del Castillo no dijo que es “incomprensible” que Choquehuanca “aspire a ser presidente”,Falso
374,,chequeabolivia.bo,https://chequeabolivia.bo/es-falso-que-la-asfi-cobrara-un-nuevo-impuesto-las-transacciones-por-qr,Es falso que la ASFI cobrará un nuevo impuesto a las transacciones por QR,Falso
375,,chequeabolivia.bo,https://chequeabolivia.bo/index%2Ephp/falso-en-bolivia-no-existe-un-bono-vivienda-2024-destinado-para-la-construccion,Falso: en Bolivia no existe un “bono vivienda 2024” destinado para la construcción,Falso
376,,chequeabolivia.bo,https://chequeabolivia.bo/exministro-de-educacion-no-amenazo-con-exponer-la-corrupcion-de-luis-arce-catacora,Exministro de Educación no amenazó con “exponer la corrupción” de Luis Arce Catacora,Falso
377,,chequeabolivia.bo,https://chequeabolivia.bo/nuevo-ministro-de-educacion-no-critico-la-gestion-del-exministro-edgar-pary,Nuevo ministro de Educación no criticó la gestión del exministro Edgar Pary,Falso
378,,chequeabolivia.bo,https://chequeabolivia.bo/montano-no-culpo-morales-por-el-accidente-de-transito-del-viceministro-de-transportes,Montaño no culpó a Morales por el accidente de tránsito del viceministro de Transportes,Falso
379,,chequeabolivia.bo,https://chequeabolivia.bo/es-falso-que-garcia-linera-acuso-al-expresidente-evo-morales-de-las-muertes-de-senkata-y-sacaba,Es falso que García Linera acusó al expresidente Evo Morales de las muertes de Senkata y Sacaba,Falso
380,,chequeabolivia.bo,https://chequeabolivia.bo/index%2Ephp/falso-juan-del-granado-no-le-ofrecio-evo-morales-postular-la-presidencia-con-la-sigla-msm,Falso: Juan Del Granado no le ofreció a Evo Morales postular a la presidencia con la sigla MSM,Falso
381,,chequeabolivia.bo,https://chequeabolivia.bo/video-viral-difunde-falsamente-que-la-hija-de-luis-arce-es-gerente-en-la-gestora,Video viral difunde falsamente que la hija de Luis Arce es gerente en la Gestora,Falso
382,,chequeabolivia.bo,https://chequeabolivia.bo/es-falso-que-evo-morales-fue-encontrado-sin-vida-en-el-aeropuerto-de-chimore,Es falso que Evo Morales fue encontrado sin vida en el aeropuerto de Chimoré,Falso
383,,chequeabolivia.bo,https://chequeabolivia.bo/el-diputado-evista-hector-arce-no-afirmo-que-morales-pacto-con-anez-y-camacho,El diputado evista Héctor Arce no afirmó que Morales pactó con Añez y Camacho,Falso
384,,chequeabolivia.bo,https://chequeabolivia.bo/evo-morales-no-amenazo-con-destruir-bolivia-si-lo-meten-la-carcel,Evo Morales no amenazó con destruir Bolivia si lo meten a la cárcel,Falso
385,,chequeabolivia.bo,https://chequeabolivia.bo/falso-evo-no-pidio-levantar-los-bloqueos-mediante-x,Falso: Evo no pidió levantar los bloqueos mediante X,Falso
386,,chequeabolivia.bo,https://chequeabolivia.bo/morales-no-renuncio-una-eventual-candidatura-las-presidenciales-de-2025,Morales no renunció a una eventual candidatura a las presidenciales de 2025,Falso
387,,chequeabolivia.bo,https://chequeabolivia.bo/es-falso-lanchipa-no-admitio-que-evo-lo-esta-sobornando-por-2-millones-de-dolares,Es falso: Lanchipa no admitió que Evo lo está sobornando por 2 millones de dólares,Falso
388,,chequeabolivia.bo,https://chequeabolivia.bo/evo-no-publico-un-tuit-pidiendo-los-us-1-millon-secuestrados-en-santa-cruz,Evo no publicó un tuit pidiéndo los $us 1 millón secuestrados en Santa Cruz,Falso
389,,chequeabolivia.bo,https://chequeabolivia.bo/morales-no-hizo-una-publicacion-sobre-una-casa-de-us-2-millones-de-evaliz,Morales no hizo una publicación sobre una casa de $us 2 millones de Evaliz,Falso
390,,chequeabolivia.bo,https://chequeabolivia.bo/estas-fotos-no-muestran-la-misma-escultura-de-evo-son-diferentes,"Estas fotos no muestran la misma escultura de Evo, son diferentes",Falso
391,,chequeabolivia.bo,https://chequeabolivia.bo/es-falso-que-luis-arce-propuso-enviar-coca-la-franja-de-gaza,Es falso que Luis Arce propuso enviar coca a la Franja de Gaza,Falso
392,,chequeabolivia.bo,https://chequeabolivia.bo/evo-morales-no-defendio-camacho-para-continuar-como-gobernador-tras-el-fallo-del-tcp,Evo Morales no defendió a Camacho para continuar como Gobernador tras el fallo del TCP,Falso
393,,chequeabolivia.bo,https://chequeabolivia.bo/falso-john-arandia-no-informo-que-evo-figura-en-los-registros-del-caso-jeffrey-epstein,Falso: John Arandia no informó que Evo figura en los registros del caso Jeffrey Epstein,Falso
394,,chequeabolivia.bo,https://chequeabolivia.bo/ni-el-deber-ni-unitel-informaron-sobre-la-captura-de-evo-morales-acusado-de-narcotrafico,Ni El Deber ni Unitel informaron sobre la captura de Evo Morales acusado de narcotráfico,Falso
395,,chequeabolivia.bo,https://chequeabolivia.bo/es-falso-que-arce-no-fue-invitado-la-asuncion-de-javier-milei,Es falso que Arce no fue invitado a la asunción de Javier Milei,Falso
396,,chequeabolivia.bo,https://chequeabolivia.bo/martins-no-abrio-la-posibilidad-de-seguir-en-la-seleccion-si-le-ofrecen-mas-dinero,Martins no abrió la posibilidad de seguir en la selección si le ofrecen más dinero,Falso
397,,chequeabolivia.bo,https://chequeabolivia.bo/cuellar-no-anuncio-un-acuerdo-con-evo-morales-para-ir-juntos-en-las-proximas-elecciones,Cuellar no anunció un acuerdo con Evo Morales para ir juntos en las próximas elecciones,Falso
398,,chequeabolivia.bo,https://chequeabolivia.bo/marcelo-martins-no-dijo-que-nunca-iba-renunciar-la-seleccion,Marcelo Martins no dijo que nunca iba a renunciar a la selección,Falso
399,,chequeabolivia.bo,https://chequeabolivia.bo/es-falso-que-carlos-valverde-reconocio-evo-como-el-mejor-presidente,Es falso que Carlos Valverde reconoció a Evo como el mejor presidente,Falso
400,,chequeabolivia.bo,https://chequeabolivia.bo/atribuyen-una-declaracion-falsa-marcelo-martins,Atribuyen una declaración falsa a Marcelo Martins,Falso
401,,chequeabolivia.bo,https://chequeabolivia.bo/falso-encuesta-del-celag-no-posiciona-en-primer-lugar-evo-en-intencion-de-voto,Falso: encuesta del Celag no posiciona en primer lugar a Evo en intención de voto,Falso
402,,chequeabolivia.bo,https://chequeabolivia.bo/es-falso-que-bukele-fallecio-en-un-accidente,Es falso que Bukele falleció en un accidente,Falso
403,,chequeabolivia.bo,https://chequeabolivia.bo/usan-un-video-antiguo-para-asegurar-que-arce-le-quito-la-sigla-del-mas-ipsp-morales,Usan un video antiguo para asegurar que Arce le quitó la sigla del MAS-IPSP a Morales,Falso
404,,chequeabolivia.bo,https://chequeabolivia.bo/luis-arce-no-dijo-que-un-logro-del-gobierno-es-la-industrializacion-del-chuno,Luis Arce no dijo que un logro del Gobierno es la “industrialización del chuño”,Falso
405,,chequeabolivia.bo,https://chequeabolivia.bo/esta-imagen-no-es-el-nuevo-diseno-de-la-cedula-de-identidad,Esta imagen no es el nuevo diseño de la cédula de identidad,Falso
406,,chequeabolivia.bo,https://chequeabolivia.bo/enganoso-evo-no-dijo-que-quiere-que-toda-bolivia-sea-atea-como-proyecto-de-gobierno,Engañoso: Evo no dijo que quiere que “toda Bolivia sea atea” como proyecto de Gobierno,Falso
407,,chequeabolivia.bo,https://chequeabolivia.bo/manipulan-contenido-de-el-deber-para-implicar-luis-arce-y-evo-morales-en-el-caso-de-las-ambulancias,Manipulan contenido de El Deber para implicar a Luis Arce y Evo Morales en el caso de las ambulancias fantasmas,Falso
408,,chequeabolivia.bo,https://chequeabolivia.bo/huarachi-no-insulto-evo-morales-ni-lo-acuso-de-salir-del-pais-llevandose-dinero,Huarachi no insultó a Evo Morales ni lo acusó de salir del país llevándose dinero,Falso
409,,chequeabolivia.bo,https://chequeabolivia.bo/index%2Ephp/es-falso-que-una-encuesta-de-diagnosis-posiciona-evo-como-primero-en-intencion-de-votos,Es falso que una encuesta de Diagnosis posiciona a Evo como primero en intención de votos,Falso
410,,chequeabolivia.bo,https://chequeabolivia.bo/es-falso-que-hector-garibay-dijo-que-la-seleccion-boliviana-no-es-un-buen-ejemplo,Es falso que Héctor Garibay dijo que la selección boliviana no es un buen ejemplo,Falso
411,,chequeabolivia.bo,https://chequeabolivia.bo/es-falso-que-arce-anuncio-un-impuesto-mensual-quienes-posean-capitales-mayores-71-mil-dolares,Es falso que Arce anunció un impuesto mensual a quienes posean capitales mayores a 71 mil dólares,Falso
412,,chequeabolivia.bo,https://chequeabolivia.bo/index%2Ephp/falso-hija-del-presidente-arce-no-es-gerente-en-la-gestora,Falso: Hija del presidente Arce no es gerente en la Gestora,Falso
413,,chequeabolivia.bo,https://chequeabolivia.bo/andronico-rodriguez-no-dijo-que-evo-trata-de-opacarlo,"Andrónico Rodríguez no dijo que Evo ""trata de opacarlo""",Falso
414,,chequeabolivia.bo,https://chequeabolivia.bo/es-falso-que-no-hubo-banderas-del-mas-para-recibir-al-presidente-luis-arce-en-potosi,Es falso que no hubo banderas del MAS para recibir al presidente Luis Arce en Potosí,Falso
415,,chequeabolivia.bo,https://chequeabolivia.bo/costas-no-afirmo-que-la-detencion-de-camacho-fue-positiva-para-santa-cruz,Costas no afirmó que la detención de Camacho fue positiva para Santa Cruz,Falso
416,,chequeabolivia.bo,https://chequeabolivia.bo/unitel-no-publico-que-evo-y-alvaro-podrian-ser-entregados-la-dea,Unitel no publicó que Evo y Álvaro podrían ser “entregados a la DEA”,Falso
417,,chequeabolivia.bo,https://chequeabolivia.bo/falso-red-uno-no-publico-que-la-mayoria-de-los-bolivianos-estaria-de-acuerdo-para-que-evo-sea,Falso: Red Uno no publicó que la mayoría de los bolivianos estaría de acuerdo “para que Evo sea procesado”,Falso
418,,chequeabolivia.bo,https://chequeabolivia.bo/es-falso-que-evo-expreso-su-preocupacion-por-ser-entregado-la-dea,Es falso que Evo expresó su preocupación por ser entregado a la DEA,Falso
419,,chequeabolivia.bo,https://chequeabolivia.bo/es-falso-que-arcistas-acusaron-evo-y-alvaro-de-robo-al-banco-central,Es falso que “arcistas” acusaron a Evo y Álvaro de robo al Banco Central,Falso
420,,chequeabolivia.bo,https://chequeabolivia.bo/es-falso-que-bolivia-freno-las-exportaciones-de-banano-argentina-tras-las-elecciones-primarias,Es falso que Bolivia frenó las exportaciones de banano a Argentina tras las elecciones primarias,Falso
421,,chequeabolivia.bo,https://chequeabolivia.bo/la-imagen-de-marset-con-una-polera-de-creemos-es-un-fotomontaje,La imagen de Marset con una polera de Creemos es un fotomontaje,Falso
422,,chequeabolivia.bo,https://chequeabolivia.bo/es-falso-que-messi-pidio-votar-por-milei-en-las-elecciones-primarias-de-argentina,Es falso que Messi pidió votar por Milei en las elecciones primarias de Argentina,Falso
423,,chequeabolivia.bo,https://chequeabolivia.bo/circulan-afirmaciones-falsas-atribuidas-al-discurso-de-arce-por-el-6-de-agosto,Circulan afirmaciones falsas atribuidas al discurso de Arce por el 6 de agosto,Falso
424,,chequeabolivia.bo,https://chequeabolivia.bo/evo-no-declaro-que-conocio-marset-en-yapacani,Evo no declaró que conoció a Marset en Yapacaní,Falso
425,,chequeabolivia.bo,https://chequeabolivia.bo/falso-ni-loza-ni-evo-dijeron-que-la-razon-de-falta-de-pagos-palmaflor-es-por-decomiso-de,Falso: Ni Loza ni Evo dijeron que la razón de falta de pagos a Palmaflor es “por decomiso de exportaciones” de pescado,Falso
426,,chequeabolivia.bo,https://chequeabolivia.bo/falso-evo-no-propuso-una-cumbre-para-exportar-productos-iran-venezuela-y-china,"Falso: Evo no propuso una cumbre para exportar productos a Irán, Venezuela y China",Falso
427,,chequeabolivia.bo,https://chequeabolivia.bo/es-falso-fernando-del-rincon-no-dijo-que-el-gobierno-es-indolente-por-lo-que-ocurre-con-carvajal-y,Es falso: Fernando del Rincón no dijo que el Gobierno es “indolente” por lo que ocurre con Carvajal y Camacho,Falso
428,,chequeabolivia.bo,https://chequeabolivia.bo/falso-arce-no-dijo-que-esta-pidiendo-limosna-al-fmi-para-pagar-la-deuda-publica,Falso: Arce no dijo que está “pidiendo limosna” al FMI para pagar la deuda pública,Falso
429,,chequeabolivia.bo,https://chequeabolivia.bo/es-falso-que-cambiaron-albertina-por-anabel-en-la-coleccion-de-barbie-de-galo-sanchez,Es falso que cambiaron a Albertina por Anabel en la colección de Barbie de Galo Sánchez,Falso
430,,chequeabolivia.bo,https://chequeabolivia.bo/falso-unitel-no-informo-que-el-mas-busca-expulsar-evo-morales-tras-su-encuentro-con-arce,Falso: Unitel no informó que el MAS busca expulsar a Evo Morales tras su encuentro con Arce,Falso
431,,chequeabolivia.bo,https://chequeabolivia.bo/index%2Ephp/esta-imagen-viral-no-es-el-nuevo-diseno-de-la-cedula-de-identidad,Esta imagen viral no es el nuevo diseño de la cédula de identidad,Falso
432,,chequeabolivia.bo,https://chequeabolivia.bo/index%2Ephp/falso-evo-no-confeso-en-un-video-en-vivo-como-saca-la-droga,Falso: Evo no confesó en un video en vivo “cómo saca la droga”,Falso
433,,chequeabolivia.bo,https://chequeabolivia.bo/falso-evo-no-dijo-que-la-droga-sale-con-el-aval-del-estado-como-se-hacia-antes,Falso: Evo no dijo que la droga sale con el aval del Estado como se ‘hacía antes’,Falso
434,,chequeabolivia.bo,https://chequeabolivia.bo/falso-camacho-no-dijo-que-solo-faltan-29-anos-para-que-salga-de-la-carcel,Falso: Camacho no dijo que solo faltan 29 años para que salga de la cárcel,Falso
435,,chequeabolivia.bo,https://chequeabolivia.bo/publicacion-difunde-datos-erroneos-sobre-los-sueldos-de-luis-arce-y-luis-f-camacho,Publicación difunde datos erróneos sobre los sueldos de Luis Arce y Luis F. Camacho,Falso
436,,chequeabolivia.bo,https://chequeabolivia.bo/falso-arce-no-informo-que-buscara-gas-en-la-frontera-con-ecuador,Falso: Arce no informó que buscará gas en la frontera con Ecuador,Falso
437,,chequeabolivia.bo,https://chequeabolivia.bo/pagina-siete-no-denuncio-que-evo-teme-que-lo-lleven-chonchocoro,Página Siete no denunció que Evo teme que lo lleven a Chonchocoro,Falso
438,,chequeabolivia.bo,https://chequeabolivia.bo/es-falso-que-patty-sugirio-evo-morales-como-interventor-del-banco-fassil,Es falso que Patty sugirió a Evo Morales como interventor del banco Fassil,Falso
439,,chequeabolivia.bo,https://chequeabolivia.bo/falso-camacho-no-pidio-dejar-de-investigar-empresarios-crucenos-por-el-caso-del-banco-fassil,Falso: Camacho no pidió dejar de investigar a empresarios cruceños por el caso del banco Fassil,Falso
440,,chequeabolivia.bo,https://chequeabolivia.bo/es-falso-que-arce-anuncio-buscar-recursos-en-las-fronteras-para-industrializar-bolivia-y-ser-como,Es falso que Arce anunció buscar recursos en las fronteras para industrializar Bolivia y ser como “Cuba o Venezuela”,Falso
441,,chequeabolivia.bo,https://chequeabolivia.bo/falso-hijo-de-camacho-no-cambia-de-nombre,Falso: Hijo de Camacho no cambia de nombre,Falso
442,,chequeabolivia.bo,https://chequeabolivia.bo/las-fotos-de-evo-morales-detenido-por-militares-por-no-declarar-en-peru-son-fotomontajes,Las fotos de Evo Morales detenido por militares por no declarar en Perú son fotomontajes,Falso
443,,chequeabolivia.bo,https://chequeabolivia.bo/falso-evo-no-publico-en-twitter-que-todo-asambleista-que-apoye-del-castillo-en-su-interpelacion,Falso: Evo no publicó en Twitter que todo asambleísta que “apoye a Del Castillo en su interpelación será considerado un traidor”,Falso
444,,chequeabolivia.bo,https://chequeabolivia.bo/falso-diputados-no-citaron-evo-morales-por-casos-de-pedofilia,Falso: Diputados no citaron a Evo Morales por casos de pedofilia,Falso
445,,chequeabolivia.bo,https://chequeabolivia.bo/falso-luis-fernando-camacho-no-dijo-que-es-el-elegido-de-dios,"Falso: Luis Fernando Camacho no dijo que es ""el elegido de Dios""",Falso
446,,chequeabolivia.bo,https://chequeabolivia.bo/falso-unitel-no-publico-que-comerciantes-agredieron-productor-de-huevos-por-vender-el-maple-bs-20,Falso: Unitel no publicó que comerciantes agredieron a “productor de huevos por vender el maple a Bs. 20”,Falso
447,,chequeabolivia.bo,https://chequeabolivia.bo/es-falso-que-choquehuanca-propuso-criar-gallinas-para-que-no-suban-los-precios-de-pollo-y-huevo,Es falso que Choquehuanca propuso criar gallinas para que no suban los precios de pollo y huevo,Falso
448,,chequeabolivia.bo,https://chequeabolivia.bo/falso-opinion-no-informo-que-evo-tiene-cancer-de-prostata-y-de-colon,Falso: Opinión no informó que Evo tiene cáncer de próstata y de colon,Falso
449,,chequeabolivia.bo,https://chequeabolivia.bo/es-falso-que-evo-morales-haya-renunciado-su-posible-candidatura-para-2025-por-salud,Es falso que Evo Morales haya renunciado a su posible candidatura para 2025 por salud,Falso
450,,chequeabolivia.bo,https://chequeabolivia.bo/falso-arce-no-anuncio-la-construccion-de-una-fabrica-en-tarija-con-prestamos-de-nicaragua-y-mexico,Falso: Arce no anunció la construcción de una fábrica en Tarija con préstamos de Nicaragua y México,Falso
451,,chequeabolivia.bo,https://chequeabolivia.bo/falso-camacho-no-se-refirio-al-embarazo-de-fatima-jordan-ni-dijo-que-es-esteril,Falso: Camacho no se refirió al embarazo de Fátima Jordán ni dijo que es estéril,Falso
452,,chequeabolivia.bo,https://chequeabolivia.bo/index%2Ephp/falso-unitel-no-publico-que-fatima-jordan-esta-casi-segura-que-el-hijo-que-espera-es-de-camacho,Falso: Unitel no publicó que Fátima Jordán está 'casi segura que el hijo que espera es de Camacho’,Falso
453,,chequeabolivia.bo,https://chequeabolivia.bo/falso-ni-evo-morales-ni-garcia-linera-o-gabriela-zapata-esconden-dinero-en-el-banco-del-vaticano,"Falso: Ni Evo Morales, ni García Linera o Gabriela Zapata esconden dinero en el Banco del Vaticano",Falso
454,,chequeabolivia.bo,https://chequeabolivia.bo/index%2Ephp/evo-no-anuncio-por-twitter-la-exportacion-de-pescado-alimentado-con-hojas-de-platano-y-coca,Evo no anunció por Twitter la exportación de pescado “alimentado con hojas de plátano y coca”,Falso
455,,chequeabolivia.bo,https://chequeabolivia.bo/es-falso-que-evo-dijo-que-el-mas-no-esta-dividosolo-es-una-estrategia-de-distraccion,"Es falso que Evo dijo que el MAS no está divido,“solo es una estrategia de distracción”",Falso
456,,chequeabolivia.bo,https://chequeabolivia.bo/falso-camacho-no-dijo-que-la-cocaina-lo-hizo-valiente,Falso: Camacho no dijo que la cocaína lo hizo valiente,Falso
457,,chequeabolivia.bo,https://chequeabolivia.bo/falso-garcia-linera-no-dijo-que-evo-tiene-un-trastorno-psiquiatrico-y-debilidad-por-las-ninas,Falso: García Linera no dijo que Evo tiene un trastorno psiquiátrico y debilidad por las niñas,Falso
458,,chequeabolivia.bo,https://chequeabolivia.bo/esta-imagen-con-ninos-desnudos-no-forma-parte-de-una-campana-del-ministerio-de-educacion,Esta imagen con niños desnudos no forma parte de una campaña del Ministerio de Educación,Falso
459,,chequeabolivia.bo,https://chequeabolivia.bo/unitel-no-publico-que-camacho-es-el-hombre-clave-en-la-lucha-contra-el-dengue,Unitel no publicó que Camacho es el “hombre clave en la lucha contra el dengue”,Falso
460,,chequeabolivia.bo,https://chequeabolivia.bo/es-falso-que-una-carta-demuestra-que-camacho-ordeno-la-especulacion-con-el-dolar,Es falso que una carta demuestra que Camacho “ordenó la especulación con el dólar”,Falso
461,,chequeabolivia.bo,https://chequeabolivia.bo/unitel-no-informo-que-luis-arce-recibio-amenazas-telefonicas-de-evistas,Unitel no informó que Luis Arce recibió amenazas telefónicas de “evistas”,Falso
462,,chequeabolivia.bo,https://chequeabolivia.bo/calvo-no-dijo-que-su-gestion-como-presidente-del-comite-civico-fue-superior-la-de-luis-fernando,Calvo no dijo que su gestión como presidente del Comité Cívico fue superior a la de Luis Fernando Camacho,Falso
463,,chequeabolivia.bo,https://chequeabolivia.bo/es-falso-que-fotoperiodistas-de-evo-ganaron-el-oscar-por-ellas-hablan-pelicula-basada-en-hechos,"Es falso que “fotoperiodistas” de Evo ganaron el Oscar por “Ellas Hablan”, película basada en hechos sucedidos en Bolivia",Falso
464,,chequeabolivia.bo,https://chequeabolivia.bo/falso-fatima-jordan-no-le-pidio-el-divorcio-camacho,Falso: Fátima Jordán no le pidió el divorcio a Camacho,Falso
465,,chequeabolivia.bo,https://chequeabolivia.bo/falso-luisito-comunica-no-se-refirio-la-detencion-de-luis-fernando-camacho,Falso: Luisito Comunica no se refirió a la detención de Luis Fernando Camacho,Falso
466,,chequeabolivia.bo,https://chequeabolivia.bo/index%2Ephp/falso-calvo-no-dijo-que-las-elecciones-del-comite-civico-de-santa-cruz-son-un-ejemplo-de-democracia,Falso: Calvo no dijo que las elecciones del Comité Cívico de Santa Cruz son un ejemplo de democracia,Falso
467,,chequeabolivia.bo,https://chequeabolivia.bo/falso-la-camara-que-encontraron-en-la-celda-de-camacho-no-llevaba-su-nombre,Falso: La cámara que encontraron en la celda de Camacho no llevaba su nombre,Falso
468,,chequeabolivia.bo,https://chequeabolivia.bo/falso-el-hijo-de-camacho-no-se-declaro-sucesor-de-la-la-presidencia-del-comite-civico-pro-santa,Falso: El hijo de Camacho no se declaró sucesor de la la presidencia del Comité Cívico Pro Santa Cruz,Falso
469,,chequeabolivia.bo,https://chequeabolivia.bo/circulan-declaraciones-falsas-de-evo-morales-sobre-su-defensa-por-acusaciones-en-peru,Circulan declaraciones falsas de Evo Morales sobre su defensa por acusaciones en Perú,Falso
470,,chequeabolivia.bo,https://chequeabolivia.bo/falso-unitel-no-informo-que-la-esposa-de-camacho-volvio-santa-cruz,Falso: Unitel no informó que la esposa de Camacho volvió a Santa Cruz,Falso
471,,chequeabolivia.bo,https://chequeabolivia.bo/falso-luis-arce-no-brindo-informacion-sobre-como-generar-ingresos-con-inversion-minima,Falso: Luis Arce no brindó información sobre cómo generar ingresos con inversión mínima,Falso
472,,chequeabolivia.bo,https://chequeabolivia.bo/falso-anez-no-dijo-que-la-aprehension-de-camacho-no-le-apena,Falso: Áñez no dijo que la aprehensión de Camacho no le apena,Falso
473,,chequeabolivia.bo,https://chequeabolivia.bo/falso-la-pina-no-tuiteo-que-se-hizo-justicia-tras-la-aprehension-de-camacho,Falso: “La Piña” no tuiteó que se hizo justicia tras la aprehensión de Camacho,Falso
474,,chequeabolivia.bo,https://chequeabolivia.bo/la-fiscalia-no-emitio-una-orden-de-aprehension-contra-el-expresidente-tuto-quiroga,La Fiscalía no emitió una orden de aprehensión contra el expresidente Tuto Quiroga,Falso
475,,chequeabolivia.bo,https://chequeabolivia.bo/falso-el-deber-no-publico-una-declaracion-de-camacho-celebrando-un-ano-mas-sin-trabajar,Falso: El Deber no publicó una declaración de Camacho celebrando un año más “sin trabajar”,Falso
476,,chequeabolivia.bo,https://chequeabolivia.bo/falso-arce-no-dijo-que-teme-que-le-pase-lo-mismo-que-al-presidente-de-peru,Falso: Arce no dijo que teme que le pase lo mismo que al presidente de Perú,Falso
477,,chequeabolivia.bo,https://chequeabolivia.bo/falso-red-uno-no-informo-que-morales-huiria-por-el-tema-del-silala,Falso: Red Uno no informó que Morales huiría por el tema del Silala,Falso
478,,chequeabolivia.bo,https://chequeabolivia.bo/index%2Ephp/falso-rkc-no-publico-que-evo-acuso-andronico-rodriguez-de-pactar-con-derechistas,Falso: RKC no publicó que Evo acusó a Andrónico Rodríguez de pactar con “derechistas”,Falso
479,,chequeabolivia.bo,https://chequeabolivia.bo/falso-ni-calvo-ni-camacho-convocaron-un-cabildo-para-celebrar-la-ley-del-censo,Falso: Ni Calvo ni Camacho convocaron a un cabildo para celebrar la ley del Censo,Falso
480,,chequeabolivia.bo,https://chequeabolivia.bo/falso-evo-no-advirtio-andronico-rodriguez-sobre-el-tratamiento-de-la-ley-del-censo-en-el-senado,Falso: Evo no advirtió a Andrónico Rodríguez sobre el tratamiento de la ley del Censo en el Senado,Falso
481,,chequeabolivia.bo,https://chequeabolivia.bo/falso-marcelo-claure-no-dijo-que-retiraria-sus-inversiones-de-santa-cruz-debido-al-paro,Falso: Marcelo Claure no dijo que retiraría sus inversiones de Santa Cruz debido al paro,Falso
482,,chequeabolivia.bo,https://chequeabolivia.bo/falso-camacho-no-presento-un-plan-de-trabajo-para-santa-cruz-tras-el-paro-por-el-censo,Falso: Camacho no presentó un plan de trabajo para Santa Cruz tras el paro por el Censo,Falso
483,,chequeabolivia.bo,https://chequeabolivia.bo/index%2Ephp/es-falso-que-vicente-cuellar-dijo-que-es-inaceptable-que-luis-f-camacho-prolongue-sufrimiento-de,Es falso que Vicente Cuellar dijo que es inaceptable que Luis F. Camacho prolongue sufrimiento de los cruceños por su incapacidad,Falso
484,,chequeabolivia.bo,https://chequeabolivia.bo/falso-romulo-calvo-no-menciono-que-pedira-censo-y-la-renuncia-del-presidente-luis-arce,Falso: Rómulo Calvo no mencionó que pedirá “Censo y la renuncia del presidente Luis Arce”,Falso
485,,chequeabolivia.bo,https://chequeabolivia.bo/falso-unitel-no-informo-que-camacho-envio-dinero-para-convulsionar-la-paz,Falso: Unitel no informó que Camacho envió dinero para “convulsionar” La Paz,Falso
486,,chequeabolivia.bo,https://chequeabolivia.bo/falso-anf-no-informo-que-el-80-de-la-poblacion-cree-que-evo-morales-promueve-cortinas-de-humo,Falso: ANF no informó que el 80% de la población cree que Evo Morales promueve cortinas de humo,Falso
487,,chequeabolivia.bo,https://chequeabolivia.bo/falso-pumari-no-declaro-que-sin-el-censo-2023-habra-fraude-el-2025,Falso: Pumari no declaró que sin el Censo 2023 habra fraude el 2025,Falso
488,,chequeabolivia.bo,https://chequeabolivia.bo/schumacher-desperto-del-coma-en-2014-meses-despues-de-su-accidente-y-no-seis-anos-mas-tarde,"Schumacher despertó del coma en 2014, meses después de su accidente y no seis años más tarde",Falso
489,,chequeabolivia.bo,https://chequeabolivia.bo/no-existe-un-comunicado-oficial-para-posesionar-cox-como-nuevo-ministro-de-justicia,No existe un comunicado oficial para posesionar a Cox como nuevo ministro de Justicia,Falso
490,,chequeabolivia.bo,https://chequeabolivia.bo/falso-anf-no-informo-que-evo-morales-pidio-chicotear-ministros,Falso: ANF no informó que Evo Morales pidió chicotear a ministros,Falso
491,,chequeabolivia.bo,https://chequeabolivia.bo/index%2Ephp/ni-pagina-siete-ni-el-deber-publicaron-declaraciones-de-calvo-y-camacho-pidiendo-dejar-de-criticar,Ni Página Siete ni El Deber publicaron declaraciones de Calvo y Camacho pidiendo dejar de criticar la falta de obras,Falso
492,,chequeabolivia.bo,https://chequeabolivia.bo/falso-unitel-no-publico-una-declaracion-de-camacho-reprochando-sus-diputados,Falso: Unitel no publicó una declaración de Camacho reprochando a sus diputados,Falso
493,,chequeabolivia.bo,https://chequeabolivia.bo/falso-unitel-no-informo-que-camacho-critico-el-anuncio-de-repostulacion-de-bukele,Falso: Unitel no informó que Camacho criticó el anuncio de repostulación de Bukele,Falso
494,,chequeabolivia.bo,https://chequeabolivia.bo/es-falso-camacho-no-dijo-que-con-el-federalismo-no-habra-coimas,Es falso: Camacho no dijo que con el federalismo no habrá coimas,Falso
495,,chequeabolivia.bo,https://chequeabolivia.bo/falso-camacho-no-dio-instrucciones-para-recibir-la-marcha-de-adepcoca,Falso: Camacho no dio instrucciones para recibir a la marcha de Adepcoca,Falso
496,,chequeabolivia.bo,https://chequeabolivia.bo/es-falso-el-deber-no-publico-una-declaracion-de-calvo-asegurando-que-camacho-no-permitiria-que-lo,Es falso: El Deber no publicó una declaración de Calvo asegurando que Camacho no permitiría que lo detengan,Falso
497,,chequeabolivia.bo,https://chequeabolivia.bo/falso-cristina-fernandez-no-aparece-junto-su-atacante-en-una-fotografia-de-su-campana,Falso: Cristina Fernández no aparece junto a su atacante en una fotografía de su campaña,Falso
498,,chequeabolivia.bo,https://chequeabolivia.bo/es-falso-placido-cota-no-fallecio-despues-de-su-accidente-en-los-conflictos-de-adepcoca,Es falso: Plácido Cota no falleció después de su accidente en los conflictos de Adepcoca,Falso
499,,chequeabolivia.bo,https://chequeabolivia.bo/es-falso-camacho-no-le-dio-la-razon-al-gobierno-tras-la-reunion-por-el-censo,Es falso: Camacho no le dio la razón al Gobierno tras la reunión por el Censo,Falso
500,,chequeabolivia.bo,https://chequeabolivia.bo/es-falso-unitel-no-publico-una-declaracion-de-camacho-advirtiendo-al-alcalde-de-santa-cruz,Es falso: Unitel no publicó una declaración de Camacho advirtiendo al alcalde de Santa Cruz,Falso
501,,chequeabolivia.bo,https://chequeabolivia.bo/es-falso-unitel-no-informo-que-camacho-anuncio-la-suspension-de-expocruz-2022,Es Falso: Unitel no informó que Camacho anunció la suspensión de Expocruz 2022,Falso
502,,chequeabolivia.bo,https://chequeabolivia.bo/falso-el-deber-no-publico-una-declaracion-de-camacho-advirtiendo-los-crucenos-sino-cumplen-el-paro,Falso: El Deber no publicó una declaración de Camacho advirtiendo a los cruceños sino cumplen el paro,Falso
503,,chequeabolivia.bo,https://chequeabolivia.bo/es-falso-que-el-735-de-la-poblacion-este-vacunada-contra-el-covid-19-como-anuncio-luis-arce,"Es falso que el 73,5% de la población esté vacunada contra el Covid-19, como anunció Luis Arce",Falso
504,,chequeabolivia.bo,https://chequeabolivia.bo/es-falso-el-deber-no-informo-que-camacho-sostuvo-que-apagar-incendios-no-es-su-competencia,Es falso: El Deber no informó que Camacho sostuvo que apagar incendios no es su competencia,Falso
505,,chequeabolivia.bo,https://chequeabolivia.bo/es-falso-anf-no-publico-una-declaracion-de-choquehuanca-criticando-la-copa-evo,Es falso: ANF no publicó una declaración de Choquehuanca criticando la Copa Evo,Falso
506,,chequeabolivia.bo,https://chequeabolivia.bo/circula-contenido-enganoso-de-una-entrevista-morales-en-argentina,Circula contenido engañoso de una entrevista a Morales en Argentina,Falso
507,,chequeabolivia.bo,https://chequeabolivia.bo/es-falso-unitel-no-publico-contenidos-en-los-que-el-comediante-pablo-osorio-ataca-camacho,Es falso: Unitel no publicó contenidos en los que el comediante Pablo Osorio ataca a Camacho,Falso
508,,chequeabolivia.bo,https://chequeabolivia.bo/es-falso-ole-no-publico-una-declaracion-de-lampe-en-rechazo-la-copa-evo,Es falso: Olé no publicó una declaración de Lampe en rechazo a la Copa Evo,Falso
509,,chequeabolivia.bo,https://chequeabolivia.bo/es-falso-unitel-no-informo-que-camacho-es-el-gobernador-mas-flojo,Es falso: Unitel no informó que Camacho es el “gobernador más flojo”,Falso
510,,chequeabolivia.bo,https://chequeabolivia.bo/es-falso-pagina-siete-no-informo-sobre-rechazo-de-varios-equipos-al-narcotorneo-de-evo,Es falso: Página Siete no informó sobre rechazo de varios equipos al “narcotorneo de Evo”,Falso
511,,chequeabolivia.bo,https://chequeabolivia.bo/es-falso-carvajal-no-se-refirio-la-copa-evo-ni-insulto-al-expresidente,Es falso: Carvajal no se refirió a la Copa Evo ni insultó al expresidente,Falso
512,,chequeabolivia.bo,https://chequeabolivia.bo/es-falso-leonardo-loza-no-dijo-que-se-pago-us-70-mil-river-plate-por-participar-en-la-copa-evo,Es Falso: Leonardo Loza no dijo que se pagó $us 70 mil a River Plate por participar en la Copa Evo,Falso
513,,chequeabolivia.bo,https://chequeabolivia.bo/es-falso-unitel-no-informo-sobre-amenaza-de-camacho-su-padre,Es falso: Unitel no informó sobre amenaza de Camacho a su padre,Falso
514,,chequeabolivia.bo,https://chequeabolivia.bo/es-falso-atb-no-publico-declaracion-del-presidente-de-nicaragua-sobre-la-copa-evo,Es Falso: ATB no publicó declaración del presidente de Nicaragua sobre la Copa Evo,Falso
515,,chequeabolivia.bo,https://chequeabolivia.bo/es-falso-funcionarios-de-la-gobernacion-no-exigieron-que-camacho-trabaje,Es falso: funcionarios de la Gobernación no exigieron que Camacho trabaje,Falso
516,,chequeabolivia.bo,https://chequeabolivia.bo/es-un-fotomontaje-jorge-tuto-quiroga-no-utilizo-imagen-de-hugo-banzer-en-el-chat-con-salvatierra,Es un fotomontaje: Jorge “Tuto” Quiroga no utilizó imagen de Hugo Banzer en el chat con Salvatierra,Falso
517,,chequeabolivia.bo,https://chequeabolivia.bo/index%2Ephp/es-falso-lanata-no-sostuvo-que-la-justicia-boliviana-esta-sometida-la-mafia-cocalera-de-evo,Es falso: Lanata no sostuvo que la justicia boliviana está sometida a la “mafia cocalera” de Evo,Falso
518,,chequeabolivia.bo,https://chequeabolivia.bo/es-falso-la-periodista-argentina-viviana-canosa-no-llamo-delincuente-evo-morales,Es Falso: la periodista argentina Viviana Canosa no llamó delincuente a Evo Morales,Falso
519,,chequeabolivia.bo,https://chequeabolivia.bo/el-deber-no-publico-que-camacho-declaro-que-nallar-es-humilde-persona-e-inocente,El Deber no publicó que Camacho declaró que Nallar es humilde persona e inocente,Falso
520,,chequeabolivia.bo,https://chequeabolivia.bo/es-falso-guillermo-lasso-no-vinculo-evo-morales-con-los-conflictos-sociales-en-ecuador,Es Falso: Guillermo Lasso no vinculó a Evo Morales con los conflictos sociales en Ecuador,Falso
521,,chequeabolivia.bo,https://chequeabolivia.bo/index%2Ephp/es-falso-atb-no-publico-declaracion-de-evaliz-morales-apoyando-las-quemas-en-san-juan,Es Falso: ATB no publicó declaración de Evaliz Morales apoyando las quemas en San Juan,Falso
522,,chequeabolivia.bo,https://chequeabolivia.bo/es-falso-vicepresidente-no-califico-de-narcos-diputados-simpatizantes-de-evo-morales,Es falso: Vicepresidente no calificó de “narcos” a diputados simpatizantes de Evo Morales,Falso
523,,chequeabolivia.bo,https://chequeabolivia.bo/atb-no-publico-declaracion-de-cuellar-sobre-que-morales-huyo-cobardemente-como-nina,ATB no publicó declaración de Cuellar sobre que Morales huyó cobardemente como niña,Falso
524,,chequeabolivia.bo,https://chequeabolivia.bo/unitel-no-informo-que-tiktokers-hicieron-campana-para-bajar-la-cuenta-de-albertina-sacaca,Unitel no informó que tiktokers hicieron campaña para bajar la cuenta de Albertina Sacaca,Falso
525,,chequeabolivia.bo,https://chequeabolivia.bo/es-falso-ormachea-no-comparo-el-gobierno-de-anez-con-la-dictadura-de-garcia-mesa,Es Falso: Ormachea no comparó el Gobierno de Áñez con la dictadura de García Mesa,Falso
526,,chequeabolivia.bo,https://chequeabolivia.bo/es-falso-unitel-no-publico-que-acusado-de-items-fantasmas-declaro-que-recibio-ayuda-de-luis,Es Falso: Unitel no publicó que acusado de “ítems fantasmas” declaró que recibió ayuda de Luis Fernando Camacho,Falso
527,,chequeabolivia.bo,https://chequeabolivia.bo/es-falso-evo-no-dijo-que-se-acostumbro-que-le-digan-narcotraficante,Es Falso: Evo no dijo que se acostumbró a que le digan narcotraficante,Falso
528,,chequeabolivia.bo,https://chequeabolivia.bo/falso-unitel-no-publico-que-camacho-afirmo-que-fue-elegido-gobernador-no-para-hacer-obras,"Falso: Unitel no publicó que Camacho afirmó que fue elegido Gobernador, no para hacer obras",Falso
529,,chequeabolivia.bo,https://chequeabolivia.bo/falso-correo-del-sur-no-publico-declaracion-de-del-castillo-afirmando-que-morales-esta-enfermo,Falso: Correo del Sur no publicó declaración de del Castillo afirmando que Morales “está enfermo mentalmente”,Falso
530,,chequeabolivia.bo,https://chequeabolivia.bo/falso-el-deber-no-publico-que-morales-nego-conocer-max-mendoza,Falso: El Deber no publicó que Morales negó conocer a Max Mendoza,Falso
531,,chequeabolivia.bo,https://chequeabolivia.bo/el-deber-no-informo-que-camacho-agradecio-trabajadores-de-la-gobernacion-por-colecta-para-su-regalo,El Deber no informó que Camacho agradeció a trabajadores de la Gobernación por colecta para su regalo de bodas,Falso
532,,chequeabolivia.bo,https://chequeabolivia.bo/falso-el-deber-no-publico-que-jordan-dijo-que-su-boda-con-camacho-fue-por-bienes-separados,Falso: El Deber no publicó que Jordán dijo que su boda con Camacho fue por bienes separados,Falso
533,,chequeabolivia.bo,https://chequeabolivia.bo/falso-el-deber-no-publico-declaracion-de-camacho-mencionado-que-se-casa-por-quinta-vez,Falso: El Deber no publicó declaración de Camacho mencionado que se casa por quinta vez,Falso
534,,chequeabolivia.bo,https://chequeabolivia.bo/circulan-falsas-declaraciones-de-camacho-y-su-novia-sobre-su-boda,Circulan falsas declaraciones de Camacho y su novia sobre su boda,Falso
535,,chequeabolivia.bo,https://chequeabolivia.bo/circulan-contenidos-falsos-sobre-choquehuanca-y-su-visita-tinguipaya,Circulan contenidos falsos sobre Choquehuanca y su visita a Tinguipaya,Falso
536,,chequeabolivia.bo,https://chequeabolivia.bo/index%2Ephp/falso-rkc-no-publico-declaracion-de-morales-cuestionando-al-investigador-chileno-hugo-bustos,Falso: RKC no publicó declaración de Morales cuestionando al investigador chileno Hugo Bustos,Falso
537,,chequeabolivia.bo,https://chequeabolivia.bo/es-falso-morales-no-sostuvo-tener-una-agenda-ocupada-con-movimientos-sociales-de-mexico-y-cuba,Es Falso: Morales no sostuvo tener una agenda ocupada con movimientos sociales de México y Cuba,Falso
538,,chequeabolivia.bo,https://chequeabolivia.bo/es-falso-carlos-mesa-no-nego-reunirse-con-camacho-tras-solicitud-de-anez,Es falso: Carlos Mesa no negó reunirse con Camacho tras solicitud de Áñez,Falso
539,,chequeabolivia.bo,https://chequeabolivia.bo/falso-el-deber-no-publico-declaracion-de-morales-informando-la-dea-que-viaja-cuba-la-feria-del,Falso: El Deber no publicó declaración de Morales informando a la DEA que viaja a Cuba a la feria del libro,Falso
540,,chequeabolivia.bo,https://chequeabolivia.bo/es-falso-el-deber-no-publico-declaracion-de-evo-morales-lamentando-que-la-gente-no-crea-en-su-lucha,Es falso: El Deber no publicó declaración de Evo Morales lamentando que la gente no crea en su “lucha histórica”,Falso
541,,chequeabolivia.bo,https://chequeabolivia.bo/falso-atb-no-informo-que-morales-propone-criar-peces-en-el-chapare-destinados-al-mercado-nacional-e,Falso: ATB no informó que Morales propone criar peces en el Chapare destinados al mercado nacional e internacional en rechazo a la DEA,Falso
542,,chequeabolivia.bo,https://chequeabolivia.bo/falso-pagina-siete-no-publico-declaracion-de-morales-mencionando-que-antes-tenia-mucho-apoyo-de-las,Falso: Página Siete no publicó declaración de Morales mencionando que antes tenía mucho apoyo de las Bartolinas,Falso
543,,chequeabolivia.bo,https://chequeabolivia.bo/es-falso-diputado-cuellar-no-tildo-de-pedofilo-evo-morales,Es falso: Diputado Cuellar no tildó de pedófilo a Evo Morales,Falso
544,,chequeabolivia.bo,https://chequeabolivia.bo/falso-evo-no-publico-un-tuit-pidiendo-arce-que-destruya-todos-los-laboratorios-del-tropico-y-acabe,Falso: Evo no publicó un tuit pidiendo a Arce que “destruya todos los laboratorios del Trópico y acabe con los narcotraficantes”,Falso
545,,chequeabolivia.bo,https://chequeabolivia.bo/falso-utilizan-linea-grafica-de-el-deber-para-manipular-declaracion-de-evo-morales,Falso: Utilizan línea gráfica de El Deber para manipular declaración de Evo Morales,Falso
546,,chequeabolivia.bo,https://chequeabolivia.bo/es-falso-el-deber-no-publico-declaracion-de-calvo-reclamando-camacho-por-la-marcha-del-censo,Es Falso: EL Deber no publicó declaración de Calvo reclamando a Camacho por la marcha del Censo,Falso
547,,chequeabolivia.bo,https://chequeabolivia.bo/es-falso-pinera-no-dijo-que-morales-y-bachelet-llegaron-un-preacuerdo-sobre-el-silala-en-2014-y,Es falso: Piñera no dijo que Morales y Bachelet llegaron a un preacuerdo sobre el Silala en 2014 y 2018,Falso
548,,chequeabolivia.bo,https://chequeabolivia.bo/index%2Ephp/es-falso-jaime-iturri-no-dijo-que-evo-abandono-el-pais-llorando,Es falso: Jaime Iturri no dijo que “Evo abandonó el país llorando”,Falso
549,,chequeabolivia.bo,https://chequeabolivia.bo/es-falso-jorge-lanata-no-publico-un-tuit-sobre-las-declaraciones-de-evo-respecto-al-narcotrafico,Es falso: Jorge Lanata no publicó un tuit sobre las declaraciones de Evo respecto al narcotráfico,Falso
550,,chequeabolivia.bo,https://chequeabolivia.bo/es-falso-el-deber-no-informo-que-evo-es-acusado-de-tener-plantaciones-de-marihuana,Es falso: El Deber no informó que Evo es acusado de tener plantaciones de marihuana,Falso
551,,chequeabolivia.bo,https://chequeabolivia.bo/es-falso-evo-morales-no-dijo-que-uniformados-buscan-involucrar-al-tropico-en-narcotrafico-cuando,Es falso: Evo Morales no dijo que uniformados buscan involucrar al trópico en narcotráfico cuando solo cosechan arroz y crían peces,Falso
552,,chequeabolivia.bo,https://chequeabolivia.bo/es-falso-fernando-del-rincon-no-dijo-que-evo-tiene-cinismo-al-denunciar-narcotrafico,Es falso: Fernando del Rincón no dijo que Evo tiene “cinismo” al denunciar narcotráfico,Falso
553,,chequeabolivia.bo,https://chequeabolivia.bo/es-falso-el-deber-no-publico-una-declaracion-en-la-que-camacho-afirma-que-busca-tumbar-al-gobierno,Es falso: El Deber no publicó una declaración en la que Camacho afirma que busca tumbar al Gobierno,Falso
554,,chequeabolivia.bo,https://chequeabolivia.bo/es-falso-quispe-no-afirmo-que-se-quedo-sin-dinero-para-la-construccion-de-la-doble-la-paz,Es falso: Quispe no afirmó que se quedó sin dinero para la construcción de la doble vía La Paz – Desaguadero,Falso
555,,chequeabolivia.bo,https://chequeabolivia.bo/falso-unitel-no-publico-declaracion-de-santos-quispe-sobre-la-construccion-de-la-carretera-en,Falso: Unitel no publicó declaración de Santos Quispe sobre la construcción de la carretera en Desaguadero,Falso
556,,chequeabolivia.bo,https://chequeabolivia.bo/es-falso-el-deber-no-publico-declaracion-de-ponce-agradeciendo-creemos-y-comunidad-ciudadana-por-su,Es falso: El Deber no publicó declaración de Ponce agradeciendo a Creemos y Comunidad Ciudadana por su apoyo,Falso
557,,chequeabolivia.bo,https://chequeabolivia.bo/falso-unitel-no-informo-que-camacho-ofrecio-trabajo-remunerado-en-dolares-los-ucranianos-que,Falso: Unitel no informó que Camacho ofreció trabajo remunerado en dólares a los ucranianos que lleguen a Santa Cruz,Falso
558,,chequeabolivia.bo,https://chequeabolivia.bo/falso-unitel-no-informo-que-pidieron-camacho-abandonar-un-evento-en-su-visita-brasil,Falso: Unitel no informó que pidieron a Camacho abandonar un evento en su visita a Brasil,Falso
559,,chequeabolivia.bo,https://chequeabolivia.bo/es-falso-arce-no-afirmo-que-no-le-importa-ir-la-carcel-despues-de-decirle-sarna-cuellar,Es falso: Arce no afirmó que no le importa ir a la cárcel después de decirle “sarna” a Cuéllar,Falso
560,,chequeabolivia.bo,https://chequeabolivia.bo/es-falso-veizaga-no-dijo-que-desde-que-evo-volvio-se-promueven-torneos-de-futbol-femenino-en,Es falso: Veizaga no dijo que desde que Evo volvió se promueven torneos de futbol femenino en Chapare,Falso
561,,chequeabolivia.bo,https://chequeabolivia.bo/es-falso-el-deber-ni-unitel-publicaron-que-aguilera-planteo-un-referendum-revocatorio-ante-la,Es falso: El Deber ni Unitel publicaron que Aguilera planteó un referéndum revocatorio ante la “inoperancia” de Camacho,Falso
562,,chequeabolivia.bo,https://chequeabolivia.bo/es-falso-diputado-cuellar-no-afirmo-que-nadie-quiere-evo-y-quintana,Es Falso: Diputado Cuéllar no afirmó que “nadie quiere” a Evo y Quintana,Falso
563,,chequeabolivia.bo,https://chequeabolivia.bo/pagina-siete-no-publico-que-arce-plantea-boric-fabrica-de-soda-cokaquina-en-chile,Página Siete no publicó que Arce plantea a Boric fábrica de soda cokaquina en Chile,Falso
564,,chequeabolivia.bo,https://chequeabolivia.bo/el-deber-no-publico-que-camacho-hablo-con-el-dueno-del-restaurante-brasargent,El Deber no publicó que Camacho habló con el dueño del restaurante Brasargent,Falso
565,,chequeabolivia.bo,https://chequeabolivia.bo/es-falso-que-sosa-amenazo-camacho-y-calvo-si-la-dejan-sola,Es falso que Sosa amenazó a Camacho y Calvo si la dejan sola,Falso
566,,chequeabolivia.bo,https://chequeabolivia.bo/el-deber-no-publico-que-luis-fernando-camacho-dijo-que-el-paro-civico-fue-un-fracaso,El Deber no publicó que Luis Fernando Camacho dijo que el paro cívico fue un fracaso,Falso
567,,chequeabolivia.bo,https://chequeabolivia.bo/el-deber-no-informo-que-tuto-quiroga-condeno-la-invasion-rusa-ucrania,El Deber no informó que Tuto Quiroga condenó la invasión rusa a Ucrania,Falso
568,,chequeabolivia.bo,https://chequeabolivia.bo/red-uno-no-informo-que-el-presidente-de-ucrania-declaro-que-morira-en-honor-su-patria-antes-de-huir,Red Uno no informó que el presidente de Ucrania declaró que morirá en honor a su patria antes de “huir como lo hizo Evo”,Falso
569,,chequeabolivia.bo,https://chequeabolivia.bo/es-falso-que-el-presidente-arce-ofrecio-apoyo-militar-para-rusia,Es falso que el presidente Arce ofreció apoyo militar para Rusia,Falso
570,,chequeabolivia.bo,https://chequeabolivia.bo/unitel-no-publico-una-declaracion-de-camacho-sobre-la-suspension-del-carnaval-en-santa-cruz,Unitel no publicó una declaración de Camacho sobre la suspensión del Carnaval en Santa Cruz,Falso
571,,chequeabolivia.bo,https://chequeabolivia.bo/es-falso-que-el-deber-publico-una-declaracion-de-hector-arce-defendiendo-evo-morales,Es falso que El Deber publicó una declaración de Héctor Arce defendiendo a Evo Morales,Falso
572,,chequeabolivia.bo,https://chequeabolivia.bo/el-deber-no-publico-una-declaracion-de-evo-invitando-la-prensa-ver-sus-terrenos,El Deber no publicó una declaración de Evo invitando a la prensa a ver sus terrenos,Falso
573,,chequeabolivia.bo,https://chequeabolivia.bo/es-falso-que-la-razon-publico-en-su-portada-sobre-la-nueva-faceta-de-evo-como-granjero,Es falso que La Razón publicó en su portada sobre “la nueva faceta” de Evo como granjero,Falso
574,,chequeabolivia.bo,https://chequeabolivia.bo/es-falso-que-cristina-kirchner-dijo-que-estaba-preocupada-ante-una-posible-acusacion-en-contra-de,Es falso que Cristina Kirchner dijo que estaba preocupada ante una posible acusación en contra de Evo por narcotráfico,Falso
575,,chequeabolivia.bo,https://chequeabolivia.bo/el-deber-no-informo-que-ivan-lima-ofrecio-reduccion-de-pena-militares-que-se-declaren-culpables-en,El Deber no informó que Iván Lima ofreció reducción de pena a militares que se declaren culpables en el caso “golpe de Estado”,Falso
576,,chequeabolivia.bo,https://chequeabolivia.bo/gallinate-no-declaro-que-comunidad-ciudadana-lo-presiono-para-conseguir-aportes,Gallinate no declaró que Comunidad Ciudadana lo presionó para conseguir aportes,Falso
577,,chequeabolivia.bo,https://chequeabolivia.bo/roberto-de-la-cruz-no-afirmo-que-al-gobierno-de-arce-solo-le-interesa-proteger-narcos-y-perseguir,Roberto De La Cruz no afirmó que al gobierno de Arce solo le interesa proteger narcos y perseguir opositores,Falso
578,,chequeabolivia.bo,https://chequeabolivia.bo/pagina-siete-no-publico-que-evo-siente-miedo-de-la-dea,Página Siete no publicó que Evo siente miedo de la DEA,Falso
579,,chequeabolivia.bo,https://chequeabolivia.bo/es-falso-que-la-tercera-informo-que-evo-morales-afirmo-no-tener-culpa-por-la-produccion-de-coca-en,Es falso que La Tercera informó que Evo Morales afirmó no tener culpa por la producción de coca en el Chapare y que la DEA tiene envidia,Falso
580,,chequeabolivia.bo,https://chequeabolivia.bo/telesur-no-informo-que-evo-morales-cancelo-viajes-paraguay-y-argentina-por-temor-los-agentes-de-la,Telesur no informó que Evo Morales canceló viajes a Paraguay y Argentina por temor a los agentes de la DEA,Falso
581,,chequeabolivia.bo,https://chequeabolivia.bo/es-falso-que-el-deber-publico-una-declaracion-de-romulo-calvo-asegurando-la-caida-de-camacho-y-los,Es falso que El Deber publicó una declaración de Rómulo Calvo asegurando la caída de Camacho y los caballeros del oriente,Falso
582,,chequeabolivia.bo,https://chequeabolivia.bo/es-falso-que-leonilda-zurita-dijo-que-evo-no-conoce-la-cocaina,Es falso que Leonilda Zurita dijo que Evo “no conoce la cocaína”,Falso
583,,chequeabolivia.bo,https://chequeabolivia.bo/es-falso-que-luis-arce-afirmo-que-bolivia-tendra-un-desarrollo-productivo-como-en-cuba-y-nicaragua,Es falso que Luis Arce afirmó que Bolivia tendrá un desarrollo productivo como en Cuba y Nicaragua,Falso
584,,chequeabolivia.bo,https://chequeabolivia.bo/es-falso-que-chi-hyun-chung-propone-eliminar-la-seleccion-boliviana-de-futbol-de-la-conmebol,Es Falso que Chi Hyun Chung propone eliminar a la selección boliviana de fútbol de la Conmebol,Falso
585,,chequeabolivia.bo,https://chequeabolivia.bo/es-falso-que-el-informante-publico-una-declaracion-de-gerardo-garcia-indicando-que-jamas,Es falso que El Informante publicó una declaración de Gerardo García indicando que jamás comprobarán que Morales es narcotraficante,Falso
586,,chequeabolivia.bo,https://chequeabolivia.bo/es-falso-que-luis-arce-ofrecio-apoyo-militar-gobierno-de-rusia,Es falso que Luis Arce ofreció apoyo militar a gobierno de Rusia,Falso
587,,chequeabolivia.bo,https://chequeabolivia.bo/opinion-no-publico-declaracion-de-lidia-patty-alegando-por-de-evo-morales,Opinión no publicó declaración de Lidia Patty alegando por de Evo Morales,Falso
588,,chequeabolivia.bo,https://chequeabolivia.bo/el-diputado-cuellar-no-se-refirio-arce-sino-los-ministros-cuando-hablo-de-destitucion,El diputado Cuellar no se refirió a Arce sino a los ministros cuando habló de destitución,Falso
589,,chequeabolivia.bo,https://chequeabolivia.bo/es-falso-que-luis-arce-prometio-que-un-dia-bolivia-sera-como-canada-o-suiza,Es falso que Luis Arce prometió que “un día Bolivia será como Canadá o Suiza”,Falso
590,,chequeabolivia.bo,https://chequeabolivia.bo/los-tiempos-no-informo-que-luis-arce-ofrecio-dos-llamas-la-pachamama,Los Tiempos no informó que Luis Arce ofreció dos llamas a la Pachamama,Falso
591,,chequeabolivia.bo,https://chequeabolivia.bo/los-tiempos-no-publico-una-declaracion-de-david-choquehuanca-sobre-imposiciones-de-supuestos,Los Tiempos no publicó una declaración de David Choquehuanca sobre imposiciones de supuestos caudillos,Falso
592,,chequeabolivia.bo,https://chequeabolivia.bo/unitel-no-reporto-sobre-informe-de-gestion-de-luis-fernando-camacho,Unitel no reportó sobre informe de gestión de Luis Fernando Camacho,Falso
593,,chequeabolivia.bo,https://chequeabolivia.bo/unitel-no-informo-que-camacho-se-dio-vacaciones-indefinidas,Unitel no informó que Camacho se dio vacaciones indefinidas,Falso
594,,chequeabolivia.bo,https://chequeabolivia.bo/no-hay-registros-de-que-javier-milei-dijera-que-evo-es-un-sinverguenza-que-pretende-hacer-creer,No hay registros de que Javier Milei dijera que Evo es un “sinvergüenza” que pretende “hacer creer a todos que fue víctima de un golpe de Estado”,Falso
595,,chequeabolivia.bo,https://chequeabolivia.bo/opinion-no-informo-que-evo-morales-acusa-la-familia-de-pinochet-por-un-supuesto-plan-condor-en,Opinión no informó que Evo Morales acusa a la familia de Pinochet por un supuesto plan Cóndor en Bolivia el 2019,Falso
596,,chequeabolivia.bo,https://chequeabolivia.bo/manfred-reyes-villa-no-pidio-paralizar-el-proyecto-del-nuevo-centro-de-convenciones,Manfred Reyes Villa no pidió paralizar el proyecto del nuevo centro de convenciones,Falso
597,,chequeabolivia.bo,https://chequeabolivia.bo/los-tiempos-no-publico-una-declaracion-de-evo-pidiendo-6-ministros-para-el-tropico,Los Tiempos no publicó una declaración de Evo pidiendo 6 ministros para el Trópico,Falso
598,,chequeabolivia.bo,https://chequeabolivia.bo/es-falso-que-periodista-gary-anez-dijo-que-si-sosa-confirma-que-con-items-fantasmas-se-financio,"Es falso que periodista Gary Añez dijo que si Sosa confirma que con “ítems fantasmas” se financió movilización de 2019, “Camacho, Calvo y todos estamos adentro”",Falso
599,,chequeabolivia.bo,https://chequeabolivia.bo/es-falso-que-evo-morales-propone-acortar-el-mandato-de-luis-arce-y-david-choquehuanca,Es falso que Evo Morales propone acortar el mandato de Luis Arce y David Choquehuanca,Falso
600,,chequeabolivia.bo,https://chequeabolivia.bo/atb-no-informo-que-habria-siete-funcionarios-pertenecientes-al-entorno-de-murillo-recomendados-por,ATB no informó que habría siete funcionarios pertenecientes al entorno de Murillo recomendados por Evo Morales,Falso
601,,chequeabolivia.bo,https://chequeabolivia.bo/el-deber-no-informo-del-posible-nuevo-gabinete-tecnico-politico-del-presidente-luis-arce,El Deber no informó del posible nuevo gabinete técnico político del presidente Luis Arce,Falso
602,,chequeabolivia.bo,https://chequeabolivia.bo/es-falso-que-el-deber-informo-que-camacho-cerro-el-hospital-de-montero-en-plena-cuarta-ola,Es falso que El Deber informó que Camacho cerró el hospital de Montero en plena cuarta ola,Falso
603,,chequeabolivia.bo,https://chequeabolivia.bo/el-clarin-no-publico-una-declaracion-de-guillermo-lasso-referente-evo-morales-y-el-referendum-del,El Clarín no publicó una declaración de Guillermo Lasso referente a Evo Morales y el referéndum del 21F,Falso
604,,chequeabolivia.bo,https://chequeabolivia.bo/television-chilena-no-difundio-acusacion-de-evo-morales-al-imperio-romano-de-fabricar-y-esparcir-la,Televisión chilena no difundió acusación de Evo Morales al imperio romano de fabricar y esparcir la pandemia por el mundo,Falso
605,,chequeabolivia.bo,https://chequeabolivia.bo/index%2Ephp/es-falso-que-cnn-informo-que-chile-demandara-evo-morales-por-usar-puertos-chilenos-para-exportar,Es falso que CNN informó que Chile demandará a Evo Morales por usar puertos chilenos para exportar cocaína,Falso
606,,chequeabolivia.bo,https://chequeabolivia.bo/rkc-no-publico-una-declaracion-de-evo-morales-negando-que-exista-corrupcion-en-el-mas,RKC no publicó una declaración de Evo Morales negando que exista corrupción en el MAS,Falso
607,,chequeabolivia.bo,https://chequeabolivia.bo/index%2Ephp/es-falso-que-noticias-fides-publico-que-david-choquehuanca-afirmo-que-bolivia-deberia-fabricar,"Es falso que Noticias Fides publicó que David Choquehuanca afirmó que Bolivia debería fabricar vacunas de curcuma, wira wira y coca",Falso
608,,chequeabolivia.bo,https://chequeabolivia.bo/index%2Ephp/correo-del-sur-no-publico-que-leano-reconocio-que-gano-la-alcaldia-con-fraude,Correo del Sur no publicó que Leaño reconoció que ganó la Alcaldía con fraude,Falso
609,,chequeabolivia.bo,https://chequeabolivia.bo/index%2Ephp/correo-del-sur-no-publico-una-declaracion-de-jorge-richter-sobre-denuncias-de-pedofilia-en-contra,Correo del sur no publicó una declaración de Jorge Richter sobre denuncias de pedofilia en contra de Evo Morales,Falso
610,,chequeabolivia.bo,https://chequeabolivia.bo/es-falso-que-el-deber-publico-una-declaracion-de-carlos-valverde-afirmando-que-camacho-esta-metido,Es falso que El Deber publicó una declaración de Carlos Valverde afirmando que Camacho esta metido en los ítems fantasmas,Falso
611,,chequeabolivia.bo,https://chequeabolivia.bo/es-falso-que-el-pais-informo-que-campesinos-agreden-evo-morales,Es falso que El País informó que campesinos agreden a Evo Morales,Falso
612,,chequeabolivia.bo,https://chequeabolivia.bo/a24-no-publico-una-declaracion-de-guillermo-andino-afirmando-que-en-bolivia-hubo-fraude-el-2019,A24 no publicó una declaración de Guillermo Andino afirmando que en Bolivia hubo fraude el 2019,Falso
613,,chequeabolivia.bo,https://chequeabolivia.bo/el-deber-no-publico-declaracion-de-luis-fernando-camacho-afirmando-que-pagara-fianza-para-marco,El Deber no publicó declaración de Luis Fernando Camacho afirmando que pagará fianza para Marco Pumari,Falso
614,,chequeabolivia.bo,https://chequeabolivia.bo/es-falso-que-luis-f-camacho-pidio-perdon-el-caso-items-fantasmas,Es falso que Luis F. Camacho pidió perdón el caso “ítems fantasmas”,Falso
615,,chequeabolivia.bo,https://chequeabolivia.bo/es-falso-que-rkc-publico-que-evo-morales-aseguro-que-su-lucha-es-para-librarse-del-imperio-romano,Es falso que RKC publicó que Evo Morales aseguró que su lucha es para librarse del imperio romano,Falso
616,,chequeabolivia.bo,https://chequeabolivia.bo/viapais-no-publico-una-declaracion-de-evo-morales-sobre-las-bartolinas,VíaPaís no publicó una declaración de Evo Morales sobre las Bartolinas,Falso
617,,chequeabolivia.bo,https://chequeabolivia.bo/es-falso-que-los-tiempos-informo-que-el-mas-llevo-empleados-publicos-para-continuar-su-marcha,Es falso que Los Tiempos informó que el MAS llevo empleados públicos para continuar su marcha,Falso
618,,chequeabolivia.bo,https://chequeabolivia.bo/el-diario-no-publico-un-articulo-en-el-que-senala-que-evo-y-basteiro-insisten-que-anez-recibio,El Diario no publicó un artículo en el que señala que Evo y Basteiro insisten que Áñez recibió armas en los conflictos de 2019,Falso
619,,chequeabolivia.bo,https://chequeabolivia.bo/los-tiempos-no-publico-un-articulo-asegurando-que-evo-espera-buses-del-tropico-en-el-alto,Los Tiempos no publicó un artículo asegurando que Evo espera buses del trópico en El Alto,Falso
620,,chequeabolivia.bo,https://chequeabolivia.bo/index%2Ephp/es-falso-que-evaliz-morales-se-tomo-una-fotografia-dentro-de-un-vehiculo-durante-la-marcha-del-mas,Es falso que Evaliz Morales se tomó una fotografía dentro de un vehículo durante la marcha del MAS,Falso
621,,chequeabolivia.bo,https://chequeabolivia.bo/red-uno-no-publico-que-luis-arce-anuncio-que-bolivia-sera-como-taiwan-y-cuba,Red Uno no publicó que Luis Arce anunció que “Bolivia será como Taiwán y Cuba”,Falso
622,,chequeabolivia.bo,https://chequeabolivia.bo/los-diarios-no-publicaron-que-evo-sugirio-enviar-lanchipa-peru-para-investigar-congresistas,Los diarios no publicaron que Evo sugirió enviar a Lanchipa a Perú para investigar congresistas,Falso
623,,chequeabolivia.bo,https://chequeabolivia.bo/correo-del-sur-no-publico-una-respuesta-de-morales-congresistas-peruanos-insinuando-estar-pagados,Correo del Sur no publicó una respuesta de Morales a congresistas peruanos insinuando estar pagados por el imperio,Falso
624,,chequeabolivia.bo,https://chequeabolivia.bo/es-falso-que-jaime-paz-zamora-invito-protestar-para-defender-la-democracia,Es falso que Jaime Paz Zamora invitó a protestar para defender la democracia,Falso
625,,chequeabolivia.bo,https://chequeabolivia.bo/el-deber-no-publico-que-baptista-dijo-que-fue-obligada-por-camacho-para-denunciar-irregularidades,El Deber no publicó que Baptista dijo que fue obligada por Camacho para denunciar irregularidades en las elecciones de 2020,Falso
626,,chequeabolivia.bo,https://chequeabolivia.bo/es-falso-que-camacho-esta-dispuesto-dejar-de-ser-gobernador-si-se-hace-una-auditoria,Es Falso que Camacho está dispuesto a dejar de ser gobernador si se hace una auditoría,Falso
627,,chequeabolivia.bo,https://chequeabolivia.bo/el-deber-no-publico-una-declaracion-de-romulo-calvo-amenazando-luis-arce,El Deber no publicó una declaración de Rómulo Calvo amenazando a Luis Arce,Falso
628,,chequeabolivia.bo,https://chequeabolivia.bo/es-falso-que-luis-f-camacho-recomendo-calvo-no-hacer-protestas-que-danan-la-pueblo,Es falso que Luis F. Camacho recomendó a Calvo no hacer “protestas que dañan la pueblo”,Falso
629,,chequeabolivia.bo,https://chequeabolivia.bo/es-falso-que-luis-f-camacho-dijo-que-se-levantara-el-paro-cambio-del-arresto-romulo-calvo,Es falso que Luis F. Camacho dijo que se levantará el paro a cambio del arresto Rómulo Calvo,Falso
630,,chequeabolivia.bo,https://chequeabolivia.bo/es-falso-que-calvo-declaro-que-el-presidente-vaya-contando-sus-horas-que-escapara-como-evo-morales,"Es falso que Calvo declaró que el presidente “vaya contando sus horas, que escapará como Evo Morales”.",Falso
631,,chequeabolivia.bo,https://chequeabolivia.bo/es-falso-que-los-tiempos-publico-una-declaracion-de-morales-culpando-de-conspiracion-al-imperio,Es falso que Los Tiempos publicó una declaración de Morales culpando de conspiración al imperio romano,Falso
632,,chequeabolivia.bo,https://chequeabolivia.bo/el-deber-no-publico-que-larach-se-haya-referido-los-campesinos-y-al-gobierno-de-arce,El Deber no publicó que Larach se haya referido a los campesinos y al Gobierno de Arce,Falso
633,,chequeabolivia.bo,https://chequeabolivia.bo/es-falso-el-documento-sobre-la-operacion-camacho,Es falso el documento sobre la “operación Camacho”,Falso
634,,chequeabolivia.bo,https://chequeabolivia.bo/es-falso-que-los-tiempos-publico-una-declaracion-de-luis-fernando-camacho,Es falso que Los Tiempos publicó una declaración de Luis Fernando Camacho,Falso
635,,chequeabolivia.bo,https://chequeabolivia.bo/es-falso-que-el-deber-publico-una-declaracion-de-camacho-afirmando-que-buscara-un-acuerdo-con,Es falso que El Deber publicó una declaración de Camacho afirmando que buscará un acuerdo con militares,Falso
636,,chequeabolivia.bo,https://chequeabolivia.bo/es-falso-que-interculturales-y-bartolinas-prometieron-lealtad-choquehuanca,Es falso que Interculturales y Bartolinas prometieron lealtad a Choquehuanca,Falso
637,,chequeabolivia.bo,https://chequeabolivia.bo/rkc-no-publico-una-declaracion-de-evo-morales-afirmando-que-se-encuentra-en-argentina-para-ayudar,RKC no publicó una declaración de Evo Morales afirmando que se encuentra en Argentina para ayudar a Alberto Fernández y Cristina Kirchner en su campaña,Falso
638,,chequeabolivia.bo,https://chequeabolivia.bo/es-falso-que-pagina-siete-publico-una-declaracion-de-luis-fernando-camacho-pidiendo-garantizar-el,Es Falso que Página Siete publicó una declaración de Luis Fernando Camacho pidiendo garantizar el embarazo de una menor de 11 años,Falso
639,,chequeabolivia.bo,https://chequeabolivia.bo/es-falso-que-red-uno-informo-que-comunidad-ciudadana-pide-respetar-la-voluntad-de-la-iglesia,Es Falso que Red Uno informó que Comunidad Ciudadana pide respetar la voluntad de la Iglesia respecto al aborto,Falso
640,,chequeabolivia.bo,https://chequeabolivia.bo/luis-almagro-no-se-refirio-recientemente-las-elecciones-de-2019-considerandolas-fraudulentas,Luis Almagro no se refirió recientemente a las elecciones de 2019 considerándolas fraudulentas,Falso
641,,chequeabolivia.bo,https://chequeabolivia.bo/es-falso-que-luis-fernando-camacho-haya-justificado-el-incremento-del-precio-de-la-carne-en-el,Es Falso que Luis Fernando Camacho haya justificado el incremento del precio de la carne en el programa La Revista,Falso
642,,chequeabolivia.bo,https://chequeabolivia.bo/ni-atb-ni-carlos-mesa-afirmaron-que-nina-de-11-anos-debe-dar-luz,Ni ATB ni Carlos Mesa afirmaron que niña de 11 años debe dar a luz,Falso
643,,chequeabolivia.bo,https://chequeabolivia.bo/es-falso-que-ejutv-publico-una-declaracion-de-lidia-patty-enviando-apoyo-luis-arce,Es Falso que Eju.tv publicó una declaración de Lidia Patty enviando apoyo a Luis Arce,Falso
644,,chequeabolivia.bo,https://chequeabolivia.bo/correo-del-sur-no-publico-que-camacho-pide-que-una-nina-embarazada-producto-de-una-violacion-de-luz,Correo del Sur no publicó que Camacho pide que una niña embarazada producto de una violación dé a luz,Falso
645,,chequeabolivia.bo,https://chequeabolivia.bo/el-deber-no-publico-que-camacho-dijo-que-el-incremento-del-costo-de-la-carne-es-para-retribuir-los,El Deber no publicó que Camacho dijo que el incremento del costo de la carne es para retribuir a los empresarios,Falso
646,,chequeabolivia.bo,https://chequeabolivia.bo/atb-no-publico-una-declaracion-de-williams-kaliman-acusando-morales-de-mafioso,ATB no publicó una declaración de Williams Kaliman acusando a Morales de mafioso,Falso
647,,chequeabolivia.bo,https://chequeabolivia.bo/es-falso-que-los-tiempos-publico-una-frase-de-wilfredo-chavez-sobre-fraude-electoral,Es Falso que Los Tiempos publicó una frase de Wilfredo Chávez sobre fraude electoral,Falso
648,,chequeabolivia.bo,https://chequeabolivia.bo/index%2Ephp/rkc-no-publico-una-declaracion-de-evo-morales-condicionando-dialogo-con-gremialistas,RKC no publicó una declaración de Evo Morales condicionando diálogo con gremialistas,Falso
649,,chequeabolivia.bo,https://chequeabolivia.bo/carlos-mesa-no-se-refirio-sobre-la-entrega-del-premio-sajarov,Carlos Mesa no se refirió sobre la entrega del Premio Sájarov,Falso
650,,chequeabolivia.bo,https://chequeabolivia.bo/es-falso-que-pagina-siete-informo-que-francisco-figueroa-agradecio-camacho,Es Falso que Página Siete informó que Francisco Figueroa agradeció a Camacho,Falso
651,,chequeabolivia.bo,https://chequeabolivia.bo/es-falso-que-el-deber-publico-una-cita-de-camacho-defendiendo-al-exministro-lopez,Es falso que El Deber publicó una cita de Camacho defendiendo al exministro López,Falso
652,,chequeabolivia.bo,https://chequeabolivia.bo/es-falso-que-camacho-defendio-al-exministro-lopez-traves-de-su-pagina-de-facebook,Es falso que Camacho defendió al exministro López a través de su página de Facebook,Falso
653,,chequeabolivia.bo,https://chequeabolivia.bo/es-falso-que-luis-arce-anuncio-que-urge-un-impuesto-mensual-quienes-tengan-un-patrimonio-mayor-bs,Es falso que Luis Arce anunció que “urge” un impuesto mensual a quienes tengan un patrimonio mayor a Bs 500 mil,Falso
654,,chequeabolivia.bo,https://chequeabolivia.bo/jorge-quiroga-no-afirmo-que-evo-morales-usa-la-whipala-como-pretexto-para-mentirle-al-campesino-y,Jorge Quiroga no afirmó que Evo Morales usa la Whipala como pretexto para mentirle al campesino y ocultar su red de narcotráfico,Falso
655,,chequeabolivia.bo,https://chequeabolivia.bo/unitel-no-publico-que-carlos-mesa-recomienda-quemar-el-proyecto-de-ley-de-ganancias-ilicitas,Unitel no publicó que Carlos Mesa recomienda “quemar” el proyecto de ley de ganancias ilícitas,Falso
656,,chequeabolivia.bo,https://chequeabolivia.bo/atb-no-informo-que-la-policia-boliviana-apoya-la-wiphala-y-luis-arce,ATB no informó que la policía boliviana apoya a la wiphala y a Luis Arce,Falso
657,,chequeabolivia.bo,https://chequeabolivia.bo/pagina-siete-no-publico-que-tuto-quiroga-pidio-replantear-los-paros,Página Siete no publicó que Tuto Quiroga pidió replantear los paros,Falso
658,,chequeabolivia.bo,https://chequeabolivia.bo/camacho-no-califico-el-paro-civico-como-un-fracaso-raiz-de-la-lluvia-en-santa-cruz,Camacho no calificó el paro cívico como un fracaso a raíz de la lluvia en Santa Cruz,Falso
659,,chequeabolivia.bo,https://chequeabolivia.bo/el-deber-no-publico-una-cita-textual-de-camacho-pidiendo-dialogar-con-arce-tras-fracaso-del-paro,El Deber no publicó una cita textual de Camacho pidiendo dialogar con Arce tras fracaso del paro,Falso
660,,chequeabolivia.bo,https://chequeabolivia.bo/es-falso-que-unitel-informo-que-murillo-implico-camacho-en-lavado-de-dinero,Es Falso que Unitel informó que Murillo implicó a Camacho en lavado de dinero,Falso
661,,chequeabolivia.bo,https://chequeabolivia.bo/el-deber-no-publico-que-arias-pide-acatar-el-paro-de-camacho,El Deber no publicó que Arias pide acatar el paro de Camacho,Falso
662,,chequeabolivia.bo,https://chequeabolivia.bo/es-falso-que-el-deber-publico-declaraciones-de-camacho-y-calvo-pidiendo-acatar-el-paro-civico,Es falso que El Deber publicó declaraciones de Camacho y Calvo pidiendo acatar el paro cívico,Falso
663,,chequeabolivia.bo,https://chequeabolivia.bo/es-falso-que-carlos-mesa-afirmo-que-si-no-se-apoya-al-paro-no-se-podra-derrocar-al-nuevo-tirano,"Es falso que Carlos Mesa afirmó que si no se apoya al paro, no se podrá “derrocar al nuevo tirano” Luis Arce",Falso
664,,chequeabolivia.bo,https://chequeabolivia.bo/es-falso-que-encuesta-de-ciesmori-concluye-que-la-mayoria-de-la-poblacion-no-apoya-el-paro-civico,"Es falso que encuesta de Ciesmori concluye que la mayoría de la población no apoya el paro cívico, como lo muestran varias publicaciones",Falso
665,,chequeabolivia.bo,https://chequeabolivia.bo/es-falso-que-evo-morales-afirmo-que-el-paro-civico-dejara-sin-sustento-diario-las-personas,Es falso que Evo Morales afirmó que el paro cívico dejará sin sustento diario a las personas,Falso
666,,chequeabolivia.bo,https://chequeabolivia.bo/no-hay-registros-de-que-camacho-doria-medina-y-manfred-reyes-villa-esten-involucrados-en-el-caso,"No hay registros de que Camacho, Doria Medina y Manfred Reyes Villa estén involucrados en el caso Papeles de Pandora",Falso
667,,chequeabolivia.bo,https://chequeabolivia.bo/el-deber-no-publico-una-declaracion-en-la-que-la-hija-de-anez-culpa-mesa-y-camacho-de-la-situacion,El Deber no publicó una declaración en la que la hija de Áñez culpa a Mesa y Camacho de la situación de su madre,Falso
668,,chequeabolivia.bo,https://chequeabolivia.bo/es-falso-que-el-deber-informo-que-luis-fernando-camacho-tiene-miedo-de-ir-testificar-la-paz,Es Falso que El Deber informó que Luis Fernando Camacho tiene miedo de ir a testificar a La Paz,Falso
669,,chequeabolivia.bo,https://chequeabolivia.bo/jose-luis-camacho-no-afirmo-que-negocio-con-la-fiscalia-para-que-su-hijo-no-declare-en-la-paz,José Luis Camacho no afirmó que negoció con la fiscalía para que su hijo no declare en La Paz,Falso
670,,chequeabolivia.bo,https://chequeabolivia.bo/la-razon-no-publico-que-andronico-rodriguez-dijo-que-no-enviara-grupos-masistas-para-atacar-camacho,La Razón no publicó que Andrónico Rodríguez dijo que no enviará grupos masistas para atacar a Camacho,Falso
671,,chequeabolivia.bo,https://chequeabolivia.bo/index%2Ephp/rkc-no-publico-una-declaracion-de-choquehuanca-en-relacion-una-ofrenda-la-pachamama-para-que-haya,RKC no publicó una declaración de Choquehuanca en relación a una ofrenda a la “Pachamama” para que haya lluvia,Falso
672,,chequeabolivia.bo,https://chequeabolivia.bo/oxigenobo-no-publico-que-alanes-afirmo-que-hablaria-con-arce-para-comprar-otro-predio-para-adepcoca,Oxígeno.bo no publicó que Alanes afirmó que hablaría con Arce para comprar otro predio para Adepcoca,Falso
673,,chequeabolivia.bo,https://chequeabolivia.bo/es-falso-que-el-deber-publico-que-diputados-anuncian-acusacion-constitucional-contra-luis-arce-por,Es falso que El Deber publicó que diputados anuncian acusación constitucional contra Luis Arce por Papeles de Pandora,Falso
674,,chequeabolivia.bo,https://chequeabolivia.bo/es-falso-que-opinion-publico-que-camacho-apoya-armin-lluta,Es falso que Opinión publicó que Camacho apoya a Armín Lluta,Falso
675,,chequeabolivia.bo,https://chequeabolivia.bo/es-falso-que-el-deber-publico-una-declaracion-de-camacho-afirmando-que-los-pueblos-indigenas-deben,Es Falso que El Deber publicó una declaración de Camacho afirmando que los pueblos indígenas deben vender sus territorios a empresarios cruceños,Falso
676,,chequeabolivia.bo,https://chequeabolivia.bo/el-deber-no-publico-la-declaracion-de-una-asambleista-de-creemos-afirmando-que-los-collas-deben,El Deber no publicó la declaración de una asambleísta de Creemos afirmando que los collas deben quedarse en occidente,Falso
677,,chequeabolivia.bo,https://chequeabolivia.bo/el-potosi-no-informo-que-los-mineros-potosinos-respaldan-santa-cruz-indicando-que-la-wiphala,El Potosí no informó que los mineros potosinos respaldan a Santa Cruz indicando que la wiphala representa a un partido político,Falso
678,,chequeabolivia.bo,https://chequeabolivia.bo/los-tiempos-no-publico-un-articulo-informando-que-mesa-respalda-armin-lluta,Los Tiempos no publicó un artículo informando que Mesa respalda a Armin Lluta,Falso
679,,chequeabolivia.bo,https://chequeabolivia.bo/pagina-siete-no-publico-una-nota-en-la-que-afirmo-que-regionales-de-la-adepcoca-pactan-un-acuerdo,Página Siete no publicó una nota en la que afirmó que regionales de la Adepcoca pactan un acuerdo por los Yungas,Falso
680,,chequeabolivia.bo,https://chequeabolivia.bo/es-falso-que-bolivia-tv-publico-un-contenido-en-el-que-arce-pide-sintonizar-el-canal-estatal,Es Falso que Bolivia Tv publicó un contenido en el que Arce pide sintonizar el canal estatal,Falso
681,,chequeabolivia.bo,https://chequeabolivia.bo/es-falso-que-luis-fernando-camacho-realizo-una-publicacion-enviando-respaldo-al-dirigente-armin,Es falso que Luis Fernando Camacho realizó una publicación enviando respaldo al dirigente Armin Lluta,Falso
682,,chequeabolivia.bo,https://chequeabolivia.bo/index%2Ephp/es-falso-que-erbol-afirmo-que-luis-arce-plantea-la-celac-discutir-la-trasformacion-de-la-oea,Es Falso que Erbol afirmó que Luis Arce plantea a la Celac discutir la trasformación de la OEA a Runasur,Falso
683,,chequeabolivia.bo,https://chequeabolivia.bo/es-falso-que-bolivia-tv-publico-que-arce-apunta-exportar-textiles-cuba-venezuela-y-nicaragua,"Es falso que Bolivia Tv publicó que Arce apunta a exportar textiles a Cuba, Venezuela y Nicaragua",Falso
684,,chequeabolivia.bo,https://chequeabolivia.bo/el-diario-no-publico-un-articulo-afirmando-que-el-presidente-luis-arce-solo-repitio-varias-veces,"El Diario no publicó un artículo afirmando que el presidente Luis Arce solo repitió varias veces golpe, de facto y golpista",Falso
685,,chequeabolivia.bo,https://chequeabolivia.bo/es-falso-que-el-deber-publico-una-declaracion-de-ruben-costas-en-contra-de-luis-fernando-camacho,Es Falso que El Deber publicó una declaración de Rubén Costas en contra de Luis Fernando Camacho,Falso
686,,chequeabolivia.bo,https://chequeabolivia.bo/atb-noticias-no-publico-una-frase-de-jaime-iturri-afirmando-que-yassir-molina-fue-pillado-con,"ATB noticias no publicó una frase de Jaime Iturri afirmando que Yassir Molina fue “pillado” con armamento, juegos de mesa y celulares en la cárcel",Falso
687,,chequeabolivia.bo,https://chequeabolivia.bo/ejutv-no-informo-que-los-cochabambinos-gritan-trucho-arce-al-presidente-y-vitorean-manfred-reyes,Eju.tv no informó que los cochabambinos gritan “trucho Arce” al Presidente y vitorean a Manfred Reyes Villa,Falso
688,,chequeabolivia.bo,https://chequeabolivia.bo/correo-del-sur-no-publico-que-leonardo-loza-quiere-ser-candidato-presidencial-en-2025,Correo del Sur no publicó que Leonardo Loza quiere ser candidato presidencial en 2025,Falso
689,,chequeabolivia.bo,https://chequeabolivia.bo/unitel-no-publico-una-nota-en-la-que-se-informa-que-camacho-rechaza-vacunas-para-santa-cruz,Unitel no publicó una nota en la que se informa que Camacho rechaza vacunas para Santa Cruz,Falso
690,,chequeabolivia.bo,https://chequeabolivia.bo/index%2Ephp/erbol-no-publico-una-nota-sobre-el-representante-de-willa-lluchs-en-la-que-asegura-que-estan-listos,Erbol no publicó una nota sobre el representante de Willa Lluch´s en la que asegura que están listos para la lucha interplanetaria del expresidente Evo Morales,Falso
691,,chequeabolivia.bo,https://chequeabolivia.bo/atb-no-publico-un-contenido-sobre-arturo-murillo-afirmando-que-la-dea-tiene-toda-la-informacion-de,ATB no publicó un contenido sobre Arturo Murillo afirmando que la DEA tiene toda la información de Evo Morales y el Chapare,Falso
692,,chequeabolivia.bo,https://chequeabolivia.bo/pagina-siete-no-publico-un-articulo-asegurando-que-legisladores-de-comunidad-ciudadana-alistan,Página Siete no publicó un artículo asegurando que legisladores de Comunidad Ciudadana alistan reconocimiento para Anabel Angus,Falso
693,,chequeabolivia.bo,https://chequeabolivia.bo/valverde-no-califico-como-telenovela-al-lanzamiento-de-un-misil-contra-el-avion-que-llevaba-evo,Valverde no calificó como “telenovela” al lanzamiento de un misil contra el avión que llevaba a Evo a México,Falso
694,,chequeabolivia.bo,https://chequeabolivia.bo/atb-no-publico-una-nota-en-la-que-luis-arce-afirmo-que-prestarse-del-fmi-no-es-malo,ATB no publicó una nota en la que Luis Arce afirmó que “prestarse del FMI no es malo”,Falso
695,,chequeabolivia.bo,https://chequeabolivia.bo/ejutv-no-publico-una-nota-en-la-que-lidia-patty-denuncio-waldo-albarracin-y-carlos-mesa-por-acoso,Eju.tv no publicó una nota en la que Lidia Patty denunció a Waldo Albarracín y Carlos Mesa por acoso,Falso
696,,chequeabolivia.bo,https://chequeabolivia.bo/euronews-no-publico-una-nota-en-la-que-menciona-que-morales-debe-ser-juzgado-en-una-corte,Euronews no publicó una nota en la que menciona que Morales debe ser juzgado en una corte internacional,Falso
697,,chequeabolivia.bo,https://chequeabolivia.bo/ejutv-no-publico-una-nota-en-la-que-castillo-acepta-el-proyecto-planteado-por-morales-en-peru,Eju.tv no publicó una nota en la que Castillo acepta el proyecto planteado por Morales en Perú,Falso
698,,chequeabolivia.bo,https://chequeabolivia.bo/la-bbc-no-publico-una-nota-en-la-que-evo-morales-acusa-la-corte-idh-de-discriminacion,La BBC no publicó una nota en la que Evo Morales acusa a la Corte IDH de discriminación,Falso
699,,chequeabolivia.bo,https://chequeabolivia.bo/la-nota-de-atb-sobre-un-libro-en-el-que-se-senala-que-evo-morales-convirtio-bolivia-en-un-narco,"La nota de ATB sobre un libro en el que se señala que Evo Morales convirtió a Bolivia en un ""narco-Estado"" es de 2020",Falso
700,,chequeabolivia.bo,https://chequeabolivia.bo/telemundo-no-informo-sobre-la-supuesta-participacion-de-evo-morales-en-la-reina-del-sur,Telemundo no informó sobre la supuesta participación de Evo Morales en la Reina del Sur,Falso
701,,chequeabolivia.bo,https://chequeabolivia.bo/es-falso-que-evo-morales-planteo-la-reduccion-de-la-poblacion-mundial,Es falso que Evo Morales planteó la reducción de la población mundial,Falso
702,,chequeabolivia.bo,https://chequeabolivia.bo/el-deber-no-publico-una-cita-textual-en-la-que-arce-dice-que-en-10-anos-bolivia-sera-como-dubai,El Deber no publicó una cita textual en la que Arce dice que en 10 años Bolivia será como Dubái,Falso
703,,chequeabolivia.bo,https://chequeabolivia.bo/andrea-barrientos-no-menciono-que-morales-es-un-mitomano-y-piromano,Andrea Barrientos no mencionó que Morales es un mitómano y pirómano,Falso
704,,chequeabolivia.bo,https://chequeabolivia.bo/es-falso-que-el-clarin-publico-una-nota-en-la-que-asegura-que-el-discurso-de-arce-fue-un-bochorno,Es falso que el Clarín publicó una nota en la que asegura que el discurso de Arce fue un “bochorno”,Falso
705,,chequeabolivia.bo,https://chequeabolivia.bo/es-falso-que-luis-fernando-camacho-fue-detenido-y-trasladado-la-ciudad-de-la-paz,Es falso que Luis Fernando Camacho fue detenido y trasladado a la ciudad de La Paz,Falso
706,,chequeabolivia.bo,https://chequeabolivia.bo/camacho-no-dijo-que-aqui-hubo-golpe-no-fraude,"Camacho no dijo que “aquí hubo golpe, no fraude”",Falso
707,,chequeabolivia.bo,https://chequeabolivia.bo/luis-arce-no-menciono-que-el-comunismo-ayudara-salir-adelante-bolivia,Luis Arce no mencionó que el comunismo ayudará a salir adelante a Bolivia,Falso
708,,chequeabolivia.bo,https://chequeabolivia.bo/no-hubo-una-concentracion-masiva-en-tarija-para-pedir-la-renuncia-de-arce-catacora,No hubo una concentración masiva en Tarija para pedir la renuncia de Arce Catacora,Falso
709,,chequeabolivia.bo,https://chequeabolivia.bo/vidal-no-dijo-que-toda-acusacion-de-evo-morales-contra-macri-cayo-en-un-saco-roto,Vidal no dijo que “toda acusación de Evo Morales contra Macri cayó en un saco roto”,Falso
710,,chequeabolivia.bo,https://chequeabolivia.bo/carlos-valverde-no-menciono-que-nunca-hubo-fraude-en-las-elecciones-de-2019,Carlos Valverde no mencionó que nunca hubo fraude en las elecciones de 2019,Falso
711,,chequeabolivia.bo,https://chequeabolivia.bo/el-rector-de-la-universidad-de-salamanca-no-se-refirio-al-peritaje-sobre-el-caso-fraude-de-2019,El rector de la Universidad de Salamanca no se refirió al peritaje sobre el caso “fraude” de 2019,Falso
712,,chequeabolivia.bo,https://chequeabolivia.bo/el-comercio-no-publico-una-nota-indicando-que-morales-estaba-ebrio-luego-de-cenar-con-cerron,El Comercio no publicó una nota indicando que Morales estaba ebrio luego de cenar con Cerrón,Falso
713,,chequeabolivia.bo,https://chequeabolivia.bo/el-potosi-no-publico-una-nota-en-la-que-evo-morales-cita-una-lista-de-personas-que-intervinieron-en,El Potosí no publicó una nota en la que Evo Morales cita una lista de personas que intervinieron en los “planes de golpe”,Falso
714,,chequeabolivia.bo,https://chequeabolivia.bo/los-domos-del-salar-de-uyuni-no-pertenecen-la-familia-de-evo-morales,Los domos del Salar de Uyuni no pertenecen a la familia de Evo Morales,Falso
715,,chequeabolivia.bo,https://chequeabolivia.bo/es-falso-que-anf-publico-un-texto-en-el-que-evo-morales-asegura-que-las-plataformas-golpistas,Es falso que ANF publicó un texto en el que Evo Morales asegura que las plataformas “golpistas” fueron financiadas por EEUU,Falso
716,,chequeabolivia.bo,https://chequeabolivia.bo/pagina-siete-no-publico-una-frase-en-la-que-arce-pide-apoyar-cuba,Página Siete no publicó una frase en la que Arce pide apoyar a Cuba,Falso
717,,chequeabolivia.bo,https://chequeabolivia.bo/pagina-siete-no-publico-una-nota-en-la-que-tonchy-bascope-pide-apoyo-luis-fernando-camacho,Página Siete no publicó una nota en la que Tonchy Bascopé pide apoyo a Luis Fernando Camacho,Falso
718,,chequeabolivia.bo,https://chequeabolivia.bo/es-falso-que-el-clarin-publico-que-analistas-politicos-consideraron-evo-como-el-hazmerreir-en,Es falso que El Clarín publicó que analistas políticos consideraron a Evo como el hazmerreír en Latinoamérica,Falso
719,,chequeabolivia.bo,https://chequeabolivia.bo/el-ambito-no-publico-una-nota-sobre-una-acusacion-evo-morales-por-denunciar-el-envio-de-material,El Ámbito no publicó una nota sobre una acusación a Evo Morales por denunciar el envío de material bélico a Bolivia,Falso
720,,chequeabolivia.bo,https://chequeabolivia.bo/index%2Ephp/la-razon-no-publico-que-nadia-cruz-dijo-que-solo-arce-puede-cambiarla,La Razón no publicó que Nadia Cruz dijo que sólo Arce puede cambiarla,Falso
721,,chequeabolivia.bo,https://chequeabolivia.bo/rkc-no-realizo-una-publicacion-en-la-que-evo-morales-agradece-venezuela-por-hundir-la-derecha-con,RKC no realizó una publicación en la que Evo Morales agradece a Venezuela por “hundir” a la derecha con el Plan Condor,Falso
722,,chequeabolivia.bo,https://chequeabolivia.bo/pagina-12-no-publico-una-nota-en-la-que-axel-kicillof-menciona-que-evo-morales-es-un-torpe-en-sus,Página 12 no publicó una nota en la que Axel Kicillof menciona que Evo Morales es un torpe en sus declaraciones,Falso
723,,chequeabolivia.bo,https://chequeabolivia.bo/es-falso-que-pagina-siete-y-ejutv-hayan-publicado-nota-de-evo-morales-acusando-al-imperio-romano-y,Es falso que Página Siete y Eju.tv hayan publicado nota de Evo Morales acusando al imperio romano y Donald Trump de promover un “golpe de estado” en Cuba,Falso
724,,chequeabolivia.bo,https://chequeabolivia.bo/bolivia-tv-no-publico-que-evo-morales-haya-acusado-canada-brasil-chipre-israel-argentina-y-eeuu-de,"Bolivia TV no publicó que Evo Morales haya acusado a Canadá, Brasil, Chipre, Israel, Argentina y EEUU de brindar armamento al gobierno de Añez",Falso
725,,chequeabolivia.bo,https://chequeabolivia.bo/index%2Ephp/la-fotografia-que-publico-sonia-brito-mostrando-una-multitud-en-cuba-que-salio-defender-su,"La fotografía que publicó Sonia Brito mostrando a una multitud en Cuba que “salió a defender su revolución” no es actual, es de 2017",Falso
726,,chequeabolivia.bo,https://chequeabolivia.bo/el-deber-no-publico-una-nota-en-la-que-morales-menciona-que-luchara-contra-el-imperialismo-hasta,El Deber no publicó una nota en la que Morales menciona que luchará contra el imperialismo hasta sus 90 años,Falso
727,,chequeabolivia.bo,https://chequeabolivia.bo/valverde-no-dijo-que-morales-es-impresionantemente-violento-y-terriblemente-ignorante,Valverde no dijo que Morales es “impresionantemente violento y terriblemente ignorante”,Falso
728,,chequeabolivia.bo,https://chequeabolivia.bo/la-imagen-de-una-masiva-concentracion-no-es-de-cuba-ni-es-actual-es-de-barcelona,"La imagen de una masiva concentración no es de Cuba ni es actual, es de Barcelona",Falso
729,,chequeabolivia.bo,https://chequeabolivia.bo/fotografia-de-marcha-independentista-en-barcelona-es-usada-para-reportar-manifestacion-en-cuba,Fotografía de marcha independentista en Barcelona es usada para reportar manifestación en Cuba,Falso
730,,chequeabolivia.bo,https://chequeabolivia.bo/es-falso-que-williams-kaliman-hablo-con-atb-y-califico-evo-morales-como-mafioso,Es falso que Williams Kaliman habló con ATB y calificó a Evo Morales como “mafioso”,Falso
731,,chequeabolivia.bo,https://chequeabolivia.bo/es-falso-que-el-diario-publico-que-victor-borda-dijo-que-evo-morales-es-inocente,Es falso que El Diario publicó que Víctor Borda dijo que Evo Morales “es inocente”,Falso
732,,chequeabolivia.bo,https://chequeabolivia.bo/el-deber-no-publico-que-el-mas-dispone-us500-millones-para-la-alimentacion-de-luis-arce-y-evo,El Deber no publicó que el MAS dispone $us500 millones para la alimentación de Luis Arce y Evo Morales,Falso
733,,chequeabolivia.bo,https://chequeabolivia.bo/atb-no-publico-que-murillo-tiene-una-declaracion-en-la-justicia-estadounidense-contra-morales-por,ATB no publicó que Murillo tiene una declaración en la justicia estadounidense contra Morales por ser jefe de un cartel,Falso
734,,chequeabolivia.bo,https://chequeabolivia.bo/index%2Ephp/erbol-no-publico-un-articulo-en-el-que-eva-copa-califica-de-sinverguenza-evo-morales,Erbol no publicó un artículo en el que Eva Copa califica de “sinvergüenza” a Evo Morales,Falso
735,,chequeabolivia.bo,https://chequeabolivia.bo/andrea-martinez-que-protagonizo-el-video-viral-de-la-csutcb-no-afirmo-que-tenia-un-vinculo,"Andrea Martínez, que protagonizó el video viral de la Csutcb, no afirmó que tenía un vínculo emocional con Arce",Falso
736,,chequeabolivia.bo,https://chequeabolivia.bo/radio-exito-no-publico-una-nota-en-la-que-evo-morales-dijo-que-no-tendria-que-disculparse-con-el,Radio Éxito no publicó una nota en la que Evo Morales dijo que no tendría que disculparse con el pueblo de El Alto,Falso
737,,chequeabolivia.bo,https://chequeabolivia.bo/es-falso-que-pagina-siete-publicara-nota-indicando-que-la-comunidad-de-pititas-piensa-que-el-video,Es falso que Página Siete publicara nota indicando que la “comunidad de pititas” piensa que el video filtrado de Evo Morales es de 2019,Falso
738,,chequeabolivia.bo,https://chequeabolivia.bo/la-razon-no-publico-que-lima-dijo-que-los-indigenas-no-mienten-y-se-debe-seguir-con-los-procesos,La Razón no publicó que Lima dijo que los indígenas no mienten y se debe seguir con los “procesos acusatorios” contra Mesa,Falso
739,,chequeabolivia.bo,https://chequeabolivia.bo/es-falso-que-evo-morales-afirmo-que-los-altenos-sirven-como-carne-de-canon,Es falso que Evo Morales afirmó que los alteños sirven como carne de cañón,Falso
740,,chequeabolivia.bo,https://chequeabolivia.bo/es-falso-que-la-seleccion-boliviana-de-futbol-perdio-el-vuelo-de-regreso,Es falso que la selección boliviana de fútbol perdió el vuelo de regreso,Falso
741,,chequeabolivia.bo,https://chequeabolivia.bo/red-uno-no-publico-que-iris-flores-presento-un-proyecto-de-ley-para-que-bachilleres-puedan-acceder,Red Uno no publicó que Iris Flores presentó un proyecto de ley para que bachilleres puedan acceder al cargo de asesor,Falso
742,,chequeabolivia.bo,https://chequeabolivia.bo/eva-copa-no-menciono-que-morales-tiene-que-pedir-perdon-de-rodillas-el-alto,Eva Copa no mencionó que Morales tiene que pedir perdón de rodillas a El Alto,Falso
743,,chequeabolivia.bo,https://chequeabolivia.bo/carlos-mesa-no-borro-sus-publicaciones-de-twitter-del-2019-y-2020,Carlos Mesa no borró sus publicaciones de Twitter del 2019 y 2020,Falso
744,,chequeabolivia.bo,https://chequeabolivia.bo/ejutv-no-publico-una-nota-en-la-que-carlos-valverde-senala-que-evo-morales-es-un-aprovechador-de,Eju.tv no publicó una nota en la que Carlos Valverde señala que Evo Morales es un aprovechador de los alteños,Falso
745,,chequeabolivia.bo,https://chequeabolivia.bo/el-deber-no-publico-un-articulo-en-el-que-evo-morales-pide-carcel-para-mesa-tuto-y-camacho,"El Deber no publicó un artículo en el que Evo Morales pide cárcel para Mesa, Tuto y Camacho",Falso
746,,chequeabolivia.bo,https://chequeabolivia.bo/index%2Ephp/el-deber-no-publico-un-articulo-en-el-que-evaliz-morales-se-refiere-al-tema-de-su-vacuna,El Deber no publicó un artículo en el que Evaliz Morales se refiere al tema de su vacuna,Falso
747,,chequeabolivia.bo,https://chequeabolivia.bo/el-dia-no-publico-que-lidia-patty-acuso-carlos-mesa-por-acoso-sexual,El Día no publicó que Lidia Patty acusó a Carlos mesa por acoso sexual,Falso
748,,chequeabolivia.bo,https://chequeabolivia.bo/el-deber-no-publico-una-nota-en-la-que-salvatierra-afirmo-que-dio-la-orden-para-que-los,El Deber no publicó una nota en la que Salvatierra afirmó que dio la orden para que los legisladores de su partido renuncien,Falso
749,,chequeabolivia.bo,https://chequeabolivia.bo/es-falsa-la-campana-de-plantatreeco-que-donara-dinero-para-evitar-el-maltrato-perros-en-un-festival,Es falsa la campaña de plantatreeco que donará dinero para evitar el maltrato a perros en un festival de China,Falso
750,,chequeabolivia.bo,https://chequeabolivia.bo/el-deber-no-publico-una-nota-en-la-que-villegas-denuncia-fraude-en-las-elecciones-generales-de-peru,El Deber no publicó una nota en la que Villegas denuncia fraude en las elecciones generales de Perú,Falso
751,,chequeabolivia.bo,https://chequeabolivia.bo/marianela-paco-no-dijo-que-arce-no-sabe-conducir-el-pais,Marianela Paco no dijo que Arce no sabe conducir el país,Falso
752,,chequeabolivia.bo,https://chequeabolivia.bo/azcentral-no-publico-un-articulo-en-el-que-vinculan-evo-morales-con-el-chapo-guzman,Azcentral no publicó un artículo en el que vinculan a Evo Morales con el Chapo Guzmán,Falso
753,,chequeabolivia.bo,https://chequeabolivia.bo/es-falso-que-del-castillo-dijo-que-evo-corre-el-riesgo-de-ser-acusado-por-la-dea,Es Falso que Del Castillo dijo que Evo corre el riesgo de ser acusado por la DEA,Falso
754,,chequeabolivia.bo,https://chequeabolivia.bo/ejutv-no-informo-que-david-choquehuanca-dijo-que-el-imperio-inca-y-romano-eran-hermanos,Eju.tv no informó que David Choquehuanca dijo que el imperio inca y romano eran hermanos,Falso
755,,chequeabolivia.bo,https://chequeabolivia.bo/es-falso-que-bolivision-informo-que-marianela-paco-aseguro-que-arce-se-aplazo-en-salud-y-economia,Es falso que Bolivisión informó que Marianela Paco aseguró que “Arce se aplazó en salud y economía”,Falso
756,,chequeabolivia.bo,https://chequeabolivia.bo/es-falso-que-la-alcaldia-de-la-paz-emitio-nuevas-restricciones-partir-del-pasado-fin-de-semana,Es falso que la Alcaldía de La Paz emitió nuevas restricciones a partir del pasado fin de semana,Falso
757,,chequeabolivia.bo,https://chequeabolivia.bo/pagina-siete-no-publico-una-declaracion-de-nelida-sifuentes-sobre-luis-arce,Página Siete no publicó una declaración de Nélida Sifuentes sobre Luis Arce,Falso
758,,chequeabolivia.bo,https://chequeabolivia.bo/ruben-costas-no-dijo-que-financio-el-paro-del-2019-con-dinero-de-la-gobernacion-en-respuesta,Rubén Costas no dijo que financió el paro del 2019 con dinero de la Gobernación en respuesta a Camacho,Falso
759,,chequeabolivia.bo,https://chequeabolivia.bo/ramon-grimalt-no-dijo-que-atb-habia-tomado-una-ideologia-apoyando-un-partido-politico,Ramón Grimalt no dijo que ATB había tomado una ideología apoyando a un partido político,Falso
760,,chequeabolivia.bo,https://chequeabolivia.bo/ok-diario-no-publico-una-nota-sobre-el-descontento-de-los-bolivianos-por-el-gobierno-de-arce,Ok Diario no publicó una nota sobre el descontento de los bolivianos por el Gobierno de Arce,Falso
761,,chequeabolivia.bo,https://chequeabolivia.bo/es-falso-que-correo-del-sur-publico-que-el-comite-civico-de-chuquisaca-rechazo-visita-de-arce,Es falso que Correo del Sur publicó que el Comité Cívico de Chuquisaca rechazó visita de Arce Catacora en las efemérides del 25 de mayo,Falso
762,,chequeabolivia.bo,https://chequeabolivia.bo/es-falso-que-morales-tuiteo-que-como-partido-pacifista-apoyamos-nuestros-hermanos-colombianos,Es falso que Morales tuiteó que “como partido pacifista apoyamos a nuestros hermanos colombianos”,Falso
763,,chequeabolivia.bo,https://chequeabolivia.bo/camacho-no-envio-una-carta-en-apoyo-al-presidente-de-colombia,Camacho no envió una carta en apoyo al presidente de Colombia,Falso
764,,chequeabolivia.bo,https://chequeabolivia.bo/el-potosi-no-publico-nota-en-la-que-el-presidente-arce-catacora-afirma-ser-la-reencarnacion-de,El Potosí no publicó nota en la que el presidente Arce Catacora afirma ser la reencarnación de Túpac Katari,Falso
765,,chequeabolivia.bo,https://chequeabolivia.bo/es-falso-que-revilla-ira-santa-cruz-por-temor-ser-encarcelado,Es falso que Revilla irá a Santa Cruz por temor a ser encarcelado,Falso
766,,chequeabolivia.bo,https://chequeabolivia.bo/index%2Ephp/keiko-fujimori-no-insulto-evo-morales-ni-afirmo-que-salvara-su-pais-de-las-garras-del-comunismo,Keiko Fujimori no insultó a Evo Morales ni afirmó que salvará a su país de las “garras” del comunismo,Falso
767,,chequeabolivia.bo,https://chequeabolivia.bo/es-falso-que-cayo-un-sicario-de-confianza-de-luis-fernando-camacho,Es falso que cayó un sicario de confianza de Luis Fernando Camacho,Falso
768,,chequeabolivia.bo,https://chequeabolivia.bo/es-falso-que-subastaran-una-polera-que-uso-luis-fernando-camacho,Es falso que subastarán una polera que usó Luis Fernando Camacho,Falso
769,,chequeabolivia.bo,https://chequeabolivia.bo/cesar-dockweiler-no-fue-designado-como-nuevo-ministro-de-obras-publicas,César Dockweiler no fue designado como nuevo ministro de Obras Públicas,Falso
770,,chequeabolivia.bo,https://chequeabolivia.bo/manipulan-imagen-de-una-entrevista-del-universal-de-mexico-hecha-evo-morales,Manipulan imagen de una entrevista del Universal de México hecha a Evo Morales,Falso
771,,chequeabolivia.bo,https://chequeabolivia.bo/es-falso-que-los-tiempos-publico-un-articulo-en-el-que-llally-le-dice-evo-morales-que-no-tiene,Es falso que Los Tiempos publicó un artículo en el que Llally le dice a Evo Morales que no tiene pisada en Potosí,Falso
772,,chequeabolivia.bo,https://chequeabolivia.bo/manipulan-fotografia-al-momento-que-luis-arce-fue-emitir-su-voto,Manipulan fotografía al momento que Luis Arce fue a emitir su voto,Falso
773,,chequeabolivia.bo,https://chequeabolivia.bo/la-encuesta-atribuida-unitel-que-da-como-ganador-santos-quispe-en-segunda-vuelta-es-falsa,La encuesta atribuida a Unitel que da como ganador a Santos Quispe en segunda vuelta es falsa,Falso
774,,chequeabolivia.bo,https://chequeabolivia.bo/santos-quispe-no-hizo-alianza-con-creemos,Santos Quispe no hizo alianza con Creemos,Falso
775,,chequeabolivia.bo,https://chequeabolivia.bo/es-falso-que-ariana-campero-justificara-denuncias-de-pederastia-contra-evo-morales,Es falso que Ariana Campero justificara denuncias de pederastia contra Evo Morales,Falso
776,,chequeabolivia.bo,https://chequeabolivia.bo/empresa-no-habilitada-por-el-tse-difunde-encuesta-de-intencion-de-voto-falsa,Empresa no habilitada por el TSE difunde encuesta de intención de voto falsa,Falso
777,,chequeabolivia.bo,https://chequeabolivia.bo/red-uno-y-pagina-siete-no-publicaron-sobre-campana-de-racismo-contra-franklin-flores,Red Uno y Página Siete no publicaron sobre campaña de racismo contra Franklin Flores,Falso
778,,chequeabolivia.bo,https://chequeabolivia.bo/el-deber-no-publico-que-santos-quispe-y-luis-fernando-camacho-estudian-una-posible-alianza,El Deber no publicó que Santos Quispe y Luis Fernando Camacho estudian una posible alianza,Falso
779,,chequeabolivia.bo,https://chequeabolivia.bo/ni-pagina-siete-ni-jubileo-publicaron-una-encuesta-sobre-la-segunda-vuelta-en-tarija,"Ni Página Siete, ni Jubileo publicaron una encuesta sobre la segunda vuelta en Tarija",Falso
780,,chequeabolivia.bo,https://chequeabolivia.bo/index%2Ephp/richter-no-escribio-que-evo-morales-es-un-pseudo-campesino-y-delincuente,Richter no escribió que Evo Morales es un “pseudo campesino y delincuente”,Falso
781,,chequeabolivia.bo,https://chequeabolivia.bo/opinion-no-publico-una-nota-sobre-luis-arce-proponiendo-entregar-el-litio-mexico,Opinión no publicó una nota sobre Luis Arce proponiendo entregar el Litio a México,Falso
782,,chequeabolivia.bo,https://chequeabolivia.bo/es-falso-que-el-ministro-de-gobierno-anuncio-ordenes-de-aprehension-para-camacho-arias-y-copa-por,"Es falso que el ministro de Gobierno anunció órdenes de aprehensión para Camacho, Arias y Copa por “golpe de estado”",Falso
783,,chequeabolivia.bo,https://chequeabolivia.bo/arce-catacora-no-se-encuentra-delicado-de-salud-y-morales-no-podria-regresar-la-presidencia,Arce Catacora no se encuentra delicado de salud y Morales no podría regresar a la Presidencia,Falso
784,,chequeabolivia.bo,https://chequeabolivia.bo/es-falso-que-eva-copa-y-jallalla-se-declaren-en-emergencia-en-apoyo-camacho,Es falso que Eva Copa y Jallalla se declaren en emergencia en apoyo a Camacho,Falso
785,,chequeabolivia.bo,https://chequeabolivia.bo/luis-almagro-no-llamo-delincuente-terrorista-evo-morales,Luis Almagro no llamó “delincuente terrorista” a Evo Morales,Falso
786,,chequeabolivia.bo,https://chequeabolivia.bo/militantes-de-creemos-no-quemaron-anforas-en-los-municipios-donde-perdia-su-candidato,Militantes de Creemos no quemaron ánforas en los municipios donde perdía su candidato,Falso
787,,chequeabolivia.bo,https://chequeabolivia.bo/el-tse-no-designa-arbitrariamente-jurados-electorales-de-un-mismo-partido-para-inhabilitar-mesas-de,El TSE no designa arbitrariamente jurados electorales de un mismo partido para inhabilitar mesas de sufragio,Falso
788,,chequeabolivia.bo,https://chequeabolivia.bo/candidato-marcelo-perez-no-gano-los-resultados-de-boca-de-urna-con-un-475,"Candidato Marcelo Pérez no ganó los resultados de Boca de Urna con un 47,5 %",Falso
789,,chequeabolivia.bo,https://chequeabolivia.bo/las-personas-en-la-imagen-no-estan-llenando-material-oficial-de-las-elecciones-subnacionales-2021,Las personas en la imagen no están llenando material oficial de las Elecciones Subnacionales 2021,Falso
790,,chequeabolivia.bo,https://chequeabolivia.bo/circula-fotografia-alterada-de-camacho-votando-por-el-mas,Circula fotografía alterada de Camacho votando por el MAS,Falso
791,,chequeabolivia.bo,https://chequeabolivia.bo/el-tse-no-habilito-manfred-reyes-villa-como-senala-un-documento-que-circula-en-redes-sociales,El TSE no habilitó a Manfred Reyes Villa como señala un documento que circula en redes sociales,Falso
792,,chequeabolivia.bo,https://chequeabolivia.bo/unitel-no-publico-una-posible-habilitacion-del-candidato-manfred-reyes-villa,Unitel no publicó una posible habilitación del candidato Manfred Reyes Villa,Falso
793,,chequeabolivia.bo,https://chequeabolivia.bo/chequeo-al-discurso-de-mario-cronenbold-en-debate-asi-decidimos-de-unitel,Chequeo al discurso de Mario Cronenbold en “Debate Así Decidimos” de Unitel,Falso
794,,chequeabolivia.bo,https://chequeabolivia.bo/cronenbold-y-morales-no-usaron-un-helicoptero-del-estado-en-la-campana-de-yapacani,Cronenbold y Morales no usaron un helicóptero del Estado en la campaña de Yapacaní,Falso
795,,chequeabolivia.bo,https://chequeabolivia.bo/index%2Ephp/morales-no-pago-1400-bolivianos-por-un-corte-de-cabello-por-el-estilista-rodolfo-paz,Morales no pagó 1400 bolivianos por un corte de cabello por el estilista Rodolfo Paz,Falso
796,,chequeabolivia.bo,https://chequeabolivia.bo/es-falso-que-evo-morales-tuiteo-que-los-cochabambinos-tienen-la-obligacion-de-votar-por-nelson-cox,Es falso que Evo Morales tuiteó que los cochabambinos tienen “la obligación de votar” por Nelson Cox,Falso
797,,chequeabolivia.bo,https://chequeabolivia.bo/zacarias-ratuki-maquera-no-rogo-por-votos-para-lograr-un-concejal-en-el-alto,Zacarías “Ratuki” Maquera no rogó por votos para lograr un concejal en El Alto,Falso
798,,chequeabolivia.bo,https://chequeabolivia.bo/es-falso-que-pagina-siete-publico-que-franklin-flores-considero-que-el-alto-no-recibio-bien-evo,Es falso que Página Siete publicó que Franklin Flores consideró que El Alto no recibió bien a Evo Morales,Falso
799,,chequeabolivia.bo,https://chequeabolivia.bo/cnn-en-espanol-no-publico-que-evo-morales-se-llevo-tres-camiones-con-dinero-y-oro,CNN en español no publicó que Evo Morales se llevó tres camiones con dinero y oro,Falso
800,,chequeabolivia.bo,https://chequeabolivia.bo/unitel-no-publico-encuesta-en-la-que-ivan-arias-gana-con-925,Unitel no publicó encuesta en la que Iván Arias gana con 92.5%,Falso
801,,chequeabolivia.bo,https://chequeabolivia.bo/camacho-no-dijo-que-decidira-quien-recibira-vacunas-en-una-transmision-de-unitel,Camacho no dijo que decidirá quién recibirá vacunas en una transmisión de Unitel,Falso
802,,chequeabolivia.bo,https://chequeabolivia.bo/opinion-no-publico-la-historia-de-una-nina-haciendo-sus-tareas-en-la-calle-para-no-ser-como-evaliz,Opinión no publicó la historia de una niña haciendo sus tareas en la calle para no ser como Evaliz Morales,Falso
803,,chequeabolivia.bo,https://chequeabolivia.bo/empresas-que-dan-como-favorito-gary-anez-en-una-encuesta-no-estan-habilitadas-por-el-tse,Empresas que dan como favorito a Gary Áñez en una encuesta no están habilitadas por el TSE,Falso
804,,chequeabolivia.bo,https://chequeabolivia.bo/es-falso-que-todos-los-billetes-nuevos-estan-sin-escudo-como-afirma-carlos-mesa-en-sus-redes,"Es falso que todos los billetes nuevos están “SIN escudo”, como afirma Carlos Mesa en sus redes sociales",Falso
805,,chequeabolivia.bo,https://chequeabolivia.bo/encuesta-que-da-el-65-por-ciento-de-intencion-de-voto-jhonny-fernandez-es-falsa,Encuesta que da el 65 por ciento de intención de voto a Jhonny Fernández es falsa,Falso
806,,chequeabolivia.bo,https://chequeabolivia.bo/encuesta-que-posiciona-en-primer-lugar-nelson-cox-es-falsa,Encuesta que posiciona en primer lugar a Nelson Cox es falsa,Falso
807,,chequeabolivia.bo,https://chequeabolivia.bo/es-falso-que-arce-afirmara-que-bolivia-seria-mas-grande-que-el-imperio-ingles-en-una-cita-de-rkc,Es falso que Arce afirmara que Bolivia sería más grande que “el Imperio inglés” en una cita de RKC,Falso
808,,chequeabolivia.bo,https://chequeabolivia.bo/luis-fernando-camacho-no-declaro-que-botaria-los-collas-en-una-entrevista-con-unitel,Luis Fernando Camacho no declaró que botaría a los collas en una entrevista con Unitel,Falso
809,,chequeabolivia.bo,https://chequeabolivia.bo/evo-morales-no-menciono-en-un-tuit-su-situacion-economica,Evo Morales no mencionó en un tuit su situación económica,Falso
810,,chequeabolivia.bo,https://chequeabolivia.bo/anez-no-felicito-arias-por-el-resultado-de-las-encuestas-de-intencion-de-voto,Áñez no felicitó a Arias por el resultado de las encuestas de intención de voto,Falso
811,,chequeabolivia.bo,https://chequeabolivia.bo/presunta-encuesta-filtrada-de-unitel-es-falsa,Presunta encuesta filtrada de Unitel es falsa,Falso
812,,chequeabolivia.bo,https://chequeabolivia.bo/andronico-no-menciono-que-no-le-interesa-si-no-van-votar-las-elecciones-subnacionales-2021,Andrónico no mencionó que no le interesa si no van a votar a las elecciones Subnacionales 2021,Falso
813,,chequeabolivia.bo,https://chequeabolivia.bo/guido-nayar-no-es-el-jefe-de-campana-de-gary-anez,Guido Náyar no es el jefe de campaña de Gary Áñez,Falso
814,,chequeabolivia.bo,https://chequeabolivia.bo/el-deber-no-publico-que-angelica-sosa-lidera-las-encuestas-para-la-alcaldia-de-santa-cruz,El Deber no publicó que Angélica Sosa lidera las encuestas para la Alcaldía de Santa Cruz,Falso
815,,chequeabolivia.bo,https://chequeabolivia.bo/evo-morales-brinda-un-dato-falso-sobre-el-covid-19-en-eeuu,Evo Morales brinda un dato falso sobre el COVID-19 en EE.UU.,Falso
816,,chequeabolivia.bo,https://chequeabolivia.bo/unitel-no-informo-que-camacho-declaro-que-santa-cruz-no-quiere-vacunas,Unitel no informó que Camacho declaró que Santa Cruz no quiere vacunas,Falso
817,,chequeabolivia.bo,https://chequeabolivia.bo/la-patria-no-publico-un-comentario-de-tuto-quiroga-sobre-la-hija-de-felipe-quispe,La Patria no publicó un comentario de Tuto Quiroga sobre la hija de Felipe Quispe,Falso
818,,chequeabolivia.bo,https://chequeabolivia.bo/es-falso-que-la-candidata-concejala-paola-valdenassi-violara-las-restricciones-impuestas-en-la-paz,Es falso que la candidata a concejala Paola Valdenassi violara las restricciones impuestas en La Paz,Falso
819,,chequeabolivia.bo,https://chequeabolivia.bo/evo-morales-no-publico-que-sono-con-fidel-y-hugo-mientras-estuvo-internado-por-covid-19,Evo Morales no publicó que soñó con “Fidel y Hugo” mientras estuvo internado por Covid-19,Falso
820,,chequeabolivia.bo,https://chequeabolivia.bo/pagina-siete-no-informo-que-el-coronavirus-dejara-secuelas-en-el-cerebro-de-evo-morales,Página Siete no informó que el coronavirus dejará secuelas en el cerebro de Evo Morales,Falso
821,,chequeabolivia.bo,https://chequeabolivia.bo/circula-una-encuesta-de-intencion-de-voto-en-santa-cruz-para-las-elecciones-subnacionales-2021-sin,Circula una encuesta de intención de voto en Santa Cruz para las elecciones subnacionales 2021 sin cumplir los requisitos legales,Falso
822,,chequeabolivia.bo,https://chequeabolivia.bo/el-deber-arce-dijo-567-veces-gobierno-de-facto-900-veces-dijo-autoproclamada-de-economia-salud-y,"El Deber: “Arce dijo 567 veces (gobierno de facto) 900 veces dijo (autoproclamada) de economía, salud y trabajo no dijo nada”",Falso
823,,chequeabolivia.bo,https://chequeabolivia.bo/circula-una-encuesta-de-intencion-de-voto-en-el-alto-para-las-elecciones-subnacionales-2021-sin,Circula una encuesta de intención de voto en El Alto para las elecciones subnacionales 2021 sin cumplir los requisitos legales,Falso
824,,chequeabolivia.bo,https://chequeabolivia.bo/pagina-siete-no-publico-un-articulo-en-el-que-arce-dice-que-con-alcohol-se-vencera-al-coronavirus,Página Siete no publicó un artículo en el que Arce dice que “con alcohol” se vencerá al coronavirus,Falso
825,,chequeabolivia.bo,https://chequeabolivia.bo/evo-morales-no-tuiteo-indicando-que-el-covid-19-fue-creado-por-el-imperio-de-la-derecha,Evo Morales no tuiteó indicando que el Covid-19 fue creado por el imperio de la derecha,Falso
826,,chequeabolivia.bo,https://chequeabolivia.bo/circula-cadena-en-whatsapp-para-poder-bloquear-los-nuevos-terminos-de-la-app,Circula cadena en WhatsApp para poder bloquear los nuevos términos de la App,Falso
827,,chequeabolivia.bo,https://chequeabolivia.bo/empresa-que-difunde-una-encuesta-que-da-como-favorita-adriana-salvatierra-para-la-alcaldia-de-santa,Empresa que difunde una encuesta que da como favorita a Adriana Salvatierra para la Alcaldía de Santa Cruz no está habilitada,Falso
828,,chequeabolivia.bo,https://chequeabolivia.bo/opinion-no-publico-que-evo-morales-ira-rusia-para-tratamiento-contra-covid-19-porque-padece-de,Opinión no publicó que Evo Morales irá a Rusia para tratamiento contra Covid-19 porque padece de cáncer,Falso
829,,chequeabolivia.bo,https://chequeabolivia.bo/anez-no-compara-evo-morales-con-trump-por-los-conflictos-en-eeuu,Áñez no compara a Evo Morales con Trump por los conflictos en EEUU,Falso
830,,chequeabolivia.bo,https://chequeabolivia.bo/evo-morales-denuncia-la-habilitacion-de-jorge-morales-como-candidato-la-alcaldia,Evo Morales denuncia la habilitación de Jorge Morales como candidato a la alcaldía,Falso
831,,chequeabolivia.bo,https://chequeabolivia.bo/abi-no-publico-que-morales-pide-disculpas-sus-seguidores-por-el-dedazo-y-apoyo-en-las-urnas,ABI no publicó que Morales pide disculpas a sus seguidores por el dedazo y apoyo en las urnas,Falso
832,,chequeabolivia.bo,https://chequeabolivia.bo/es-falso-correo-del-sur-no-informo-que-evo-morales-califico-los-altenos-cachorros-del-imperio-y-se,Es falso: Correo del Sur no informó que Evo Morales calificó a los alteños “cachorros del imperio” y “se hacen manejar con una mujer traicionera”,Falso
833,,chequeabolivia.bo,https://chequeabolivia.bo/el-deber-no-publico-que-evo-morales-considera-los-altenos-sin-capacidad-para-elegir-sus-gobernantes,El Deber no publicó que Evo Morales considera a los alteños sin capacidad para elegir a sus gobernantes,Falso
834,,chequeabolivia.bo,https://chequeabolivia.bo/es-falso-que-el-deber-haya-publicado-una-nota-de-evo-morales-criticando-eva-copa,Es falso que El Deber haya publicado una nota de Evo Morales criticando a Eva Copa,Falso
835,50 y 5000,chequeabolivia.bo,https://chequeabolivia.bo/es-falso-que-huawei-esta-sorteando-regalos-por-ano-nuevo-en-bolivia,Es falso que Huawei está sorteando regalos por Año Nuevo en Bolivia,Falso
836,,chequeabolivia.bo,https://chequeabolivia.bo/el-tse-no-inhabilito-cesar-dockweiler-como-candidato-la-alcaldia-de-la-paz,El TSE no inhabilitó a César Dockweiler como candidato a la alcaldía de La Paz,Falso
837,,chequeabolivia.bo,https://chequeabolivia.bo/circulan-encuestas-falsas-de-intencion-de-voto-para-las-elecciones-subnacionales-2021,Circulan encuestas falsas de intención de voto para las Elecciones Subnacionales 2021,Falso
838,,chequeabolivia.bo,https://chequeabolivia.bo/es-falso-que-haya-restriccion-vehicular-nivel-nacional-en-bolivia,Es falso que haya restricción vehicular a nivel nacional en Bolivia,Falso
839,,chequeabolivia.bo,https://chequeabolivia.bo/es-falso-que-evo-morales-tuiteo-vale-mas-sentirse-que-ser-profesional,Es falso que Evo Morales tuiteó: “Vale más sentirse que ser profesional”,Falso
840,,chequeabolivia.bo,https://chequeabolivia.bo/el-mallku-propone-llevar-la-carcel-evo-morales,El Mallku propone llevar a la cárcel a Evo Morales,Falso
841,,chequeabolivia.bo,https://chequeabolivia.bo/el-deber-evo-morales-designa-su-novia-cielo-veizaga-como-viceministra-de-deportes,El Deber: “Evo Morales designa a su novia Cielo Veizaga como viceministra de deportes”,Falso
842,,chequeabolivia.bo,https://chequeabolivia.bo/tata-quispe-se-pronuncia-tras-el-sillazo-evo-morales,Tata Quispe se pronuncia tras el “sillazo” a Evo Morales,Falso
843,,chequeabolivia.bo,https://chequeabolivia.bo/erbol-no-publico-que-marco-pumari-sera-candidato-por-pan-bol-en-las-subnacionales,Erbol no publicó que Marco Pumari será candidato por PAN-BOL en las subnacionales,Falso
844,,chequeabolivia.bo,https://chequeabolivia.bo/jhasmani-torrico-junto-exministros-del-gobierno-de-evo-morales,Jhasmani Torrico junto a exministros del gobierno de Evo Morales,Falso
845,,chequeabolivia.bo,https://chequeabolivia.bo/el-deber-evo-denuncia-golpe-de-estado-luego-de-sillazo,El Deber: “Evo denuncia 'Golpe de Estado' luego de sillazo”,Falso
846,,chequeabolivia.bo,https://chequeabolivia.bo/mario-cronenbold-apunta-candidato-alcalde-con-creemos,Mario Cronenbold apunta candidato a alcalde con CREEMOS,Falso
847,,chequeabolivia.bo,https://chequeabolivia.bo/gobierno-activa-alerta-migratoria-contra-camacho,Gobierno activa alerta migratoria contra Camacho,Falso
848,,chequeabolivia.bo,https://chequeabolivia.bo/david-choquehuanca-evo-va-morir-como-mueren-los-cobardes-en-el-olvido,"David Choquehuanca: “Evo va a morir como mueren los cobardes, en el olvido”",Falso
849,,chequeabolivia.bo,https://chequeabolivia.bo/evo-morales-la-mayoria-de-companeros-si-no-renunciaron-se-volvieron-colaboracionistas,Evo Morales: La mayoría de compañeros si no renunciaron se volvieron colaboracionistas,Falso
850,,chequeabolivia.bo,https://chequeabolivia.bo/evo-morales-anuncia-su-candidatura-la-gobernacion-de-cochabamba,Evo Morales anuncia su candidatura a la Gobernación de Cochabamba,Falso
851,,chequeabolivia.bo,https://chequeabolivia.bo/atb-lidia-patty-acusa-exsoldados-y-premilitares-por-el-motin-contra-morales,ATB: Lidia Patty acusa a exsoldados y premilitares por el motín contra Morales,Falso
852,,chequeabolivia.bo,https://chequeabolivia.bo/biden-cometio-fraude-para-obtener-los-votos-de-pensilvania,Biden cometió fraude para obtener los votos de Pensilvania,Falso
853,,chequeabolivia.bo,https://chequeabolivia.bo/cardenal-toribio-ticona-da-consentimiento-morales-con-sus-parejas,Cardenal Toribio Ticona da consentimiento a Morales con sus parejas,Falso
854,,chequeabolivia.bo,https://chequeabolivia.bo/ministra-de-culturas-instruye-encarcelar-opositores-prohibir-la-lectura-de-la-biblia-y-luchar,"Ministra de Culturas instruye encarcelar a opositores, prohibir la lectura de la Biblia y luchar contra el imperialismo",Falso
855,,chequeabolivia.bo,https://chequeabolivia.bo/george-soros-fue-detenido-por-realizar-fraude-en-bolivia-y-diferentes-paises,George Soros fue detenido por realizar fraude en Bolivia y diferentes países,Falso
856,,chequeabolivia.bo,https://chequeabolivia.bo/empresa-dominiun-voting-es-confiscada-por-multiples-irregularidades-en-las-elecciones-generales-de,Empresa “Dominiun Voting” es confiscada por múltiples irregularidades en las elecciones generales de Bolivia,Falso
857,,chequeabolivia.bo,https://chequeabolivia.bo/unitel-ciudadana-llora-de-felicidad-tras-el-retorno-de-evo,Unitel: Ciudadana llora de felicidad tras el retorno de Evo.,Falso
858,,chequeabolivia.bo,https://chequeabolivia.bo/el-gobierno-pone-un-helicoptero-disposicion-de-evo,El Gobierno pone un helicóptero a disposición de Evo,Falso
859,,chequeabolivia.bo,https://chequeabolivia.bo/arce-propone-ayudar-con-descuento-de-50-en-servicios-basicos-del-hogar,Arce propone ayudar con descuento de 50% en servicios básicos del hogar,Falso
860,,chequeabolivia.bo,https://chequeabolivia.bo/arce-catacora-promueve-el-uso-del-bitcoin-para-salir-de-la-crisis-economica,Arce Catacora promueve el uso del Bitcoin para salir de la crisis económica,Falso
861,,chequeabolivia.bo,https://chequeabolivia.bo/vocal-del-tse-denuncia-fraude-en-las-elecciones-generales,Vocal del TSE denuncia fraude en las elecciones generales,Falso
862,,chequeabolivia.bo,https://chequeabolivia.bo/el-deber-pinera-no-asistira-posesion-de-arce-por-posible-fraude,El Deber: Piñera no asistirá a posesión de Arce por posible fraude,Falso
863,,chequeabolivia.bo,https://chequeabolivia.bo/entrambasaguas-afirma-que-se-develara-el-fraude-en-bolivia,Entrambasaguas afirma que se develará el fraude en Bolivia,Falso
864,,chequeabolivia.bo,https://chequeabolivia.bo/fepc-desconoce-al-marcelo-pierola-como-presidente-del-comite-civico,FEPC desconoce al Marcelo Piérola como presidente del Comité Cívico,Falso
865,,chequeabolivia.bo,https://chequeabolivia.bo/unitel-union-juvenil-crucenista-apoya-al-regreso-de-evo-morales,Unitel: Unión Juvenil Cruceñista apoya al regreso de Evo Morales,Falso
866,,chequeabolivia.bo,https://chequeabolivia.bo/angelica-sosa-sugiere-crear-un-nuevo-comite-civico-pro-santa-cruz-elegido-por-voto,Angélica Sosa sugiere crear un nuevo Comité Cívico Pro Santa Cruz elegido por voto,Falso
867,,chequeabolivia.bo,https://chequeabolivia.bo/orlando-gutierrez-antes-de-morir-evo-morales-mando-callarme,Orlando Gutiérrez antes de morir: “Evo Morales mandó a callarme”,Falso
868,,chequeabolivia.bo,https://chequeabolivia.bo/el-deber-arce-dice-que-no-se-podra-pagar-el-bono-contra-el-hambre,El Deber: “Arce dice que no se podrá pagar el bono Contra el Hambre”,Falso
869,,chequeabolivia.bo,https://chequeabolivia.bo/certificado-de-sufragio-contiene-el-escudo-del-socialismo-bolivariano,Certificado de sufragio contiene el escudo del socialismo bolivariano,Falso
870,,chequeabolivia.bo,https://chequeabolivia.bo/evo-morales-dijo-que-la-eliminacion-de-los-23-permitira-castigar-los-golpistas-y-las-ffaa,Evo Morales dijo que la eliminación de los 2/3 permitirá castigar a los ‘golpistas’ y las FFAA,Falso
871,,chequeabolivia.bo,https://chequeabolivia.bo/morales-quiere-restringir-redes-sociales-en-bolivia,Morales quiere restringir redes sociales en Bolivia,Falso
872,,chequeabolivia.bo,https://chequeabolivia.bo/actas-fueron-llenadas-solo-por-cuatro-personas-en-provincias-de-potosi,Actas fueron llenadas solo por cuatro personas en provincias de Potosí,Falso
873,,chequeabolivia.bo,https://chequeabolivia.bo/denuncian-codigos-qr-falsos-de-certificados-de-sufragio,Denuncian codigos QR falsos de certificados de sufragio,Falso
874,,chequeabolivia.bo,https://chequeabolivia.bo/la-olaf-inicia-investigacion-por-fraude-electoral-en-bolivia,La OLAF inicia investigación por fraude electoral en Bolivia,Falso
875,,chequeabolivia.bo,https://chequeabolivia.bo/entrambasaguas-denuncia-otro-fraude-de-las-elecciones-del-18-de-octubre,Entrambasaguas denuncia otro fraude de las elecciones del 18 de octubre,Falso
876,,chequeabolivia.bo,https://chequeabolivia.bo/el-tse-manipula-votos-para-favorecer-al-mas-en-una-mesa-de-warnes,El TSE manipula votos para favorecer al MAS en una mesa de Warnes,Falso
877,,chequeabolivia.bo,https://chequeabolivia.bo/unitel-santa-cruz-celebra-el-triunfo-de-arce,Unitel: Santa Cruz celebra el triunfo de Arce,Falso
878,,chequeabolivia.bo,https://chequeabolivia.bo/villegas-nos-robaron-las-elecciones,Villegas: “Nos robaron las elecciones”,Falso
879,,chequeabolivia.bo,https://chequeabolivia.bo/ingeniero-villegas-denuncia-fraude-electoral,Ingeniero Villegas denuncia fraude electoral,Falso
880,,chequeabolivia.bo,https://chequeabolivia.bo/circula-un-video-denunciando-un-posible-fraude-en-las-elecciones-generales-2020,Circula un video denunciando un posible fraude en las elecciones generales 2020,Falso
881,,chequeabolivia.bo,https://chequeabolivia.bo/monitoreo-de-villegas-muestra-carlos-mesa-como-ganador,Monitoreo de Villegas muestra a Carlos Mesa como ganador,Falso
882,,chequeabolivia.bo,https://chequeabolivia.bo/anez-aclara-que-mesa-gano-segun-los-resultados-oficiales,Áñez aclara que Mesa ganó según los resultados oficiales,Falso
883,,chequeabolivia.bo,https://chequeabolivia.bo/gobierno-de-anez-impide-que-evo-morales-emita-su-voto,Gobierno de Áñez impide que Evo Morales emita su voto,Falso
884,,chequeabolivia.bo,https://chequeabolivia.bo/video-muestra-camacho-llorando-tras-conocer-resultados-sobre-las-elecciones,Video muestra a Camacho llorando tras conocer resultados sobre las elecciones,Falso
885,,chequeabolivia.bo,https://chequeabolivia.bo/circula-imagen-de-resultados-en-boca-de-urna-con-el-logo-de-tu-voto-cuenta,Circula imagen de resultados en boca de urna con el logo de Tu Voto Cuenta,Falso
886,,chequeabolivia.bo,https://chequeabolivia.bo/unitel-encuestas-boca-de-urna-apuntan-preferencia-por-luis-arce-con-el-436,"Unitel: Encuestas a boca de urna apuntan preferencia por Luis Arce con el 43,6%",Falso
887,,chequeabolivia.bo,https://chequeabolivia.bo/creemos-gana-en-australia-china-japon-y-corea-del-sur,"Creemos gana en Australia, China, Japón y Corea del Sur",Falso
888,,chequeabolivia.bo,https://chequeabolivia.bo/se-filtran-fotos-de-exesposa-de-camacho-brutalmente-golpeada,Se filtran fotos de exesposa de Camacho brutalmente golpeada,Falso
889,,chequeabolivia.bo,https://chequeabolivia.bo/luis-fernando-camacho-gana-votacion-en-china,Luis Fernando Camacho gana votación en China,Falso
890,,chequeabolivia.bo,https://chequeabolivia.bo/trump-dice-que-los-bolivianos-no-tenemos-la-capacidad-de-industrializar-el-litio-y-pide-votar-por,Trump dice que los bolivianos no tenemos la capacidad de industrializar el litio y pide votar por Mesa,Falso
891,,chequeabolivia.bo,https://chequeabolivia.bo/carlos-mesa-renuncia-su-candidatura,Carlos Mesa renuncia a su candidatura,Falso
892,,chequeabolivia.bo,https://chequeabolivia.bo/camacho-renuncia-su-candidatura,Camacho renuncia a su candidatura,Falso
893,,chequeabolivia.bo,https://chequeabolivia.bo/mesa-propone-devaluacion-de-la-moneda-como-primer-acto-de-gobierno,Mesa propone devaluación de la moneda como primer acto de gobierno,Falso
894,,chequeabolivia.bo,https://chequeabolivia.bo/carlos-mesa-pondra-jeanine-anez-como-ministra,Carlos Mesa pondrá a Jeanine Áñez como ministra,Falso
895,,chequeabolivia.bo,https://chequeabolivia.bo/unitel-mesa-renuncia-su-candidatura-por-la-presidencia,Unitel: Mesa renuncia a su candidatura por la presidencia,Falso
896,,chequeabolivia.bo,https://chequeabolivia.bo/pagina-7-camacho-desplaza-mesa-un-tercer-lugar-24-horas-de-desesperacion,"Página 7: “Camacho desplaza a Mesa a un tercer lugar, 24 horas de desesperación”",Falso
897,,chequeabolivia.bo,https://chequeabolivia.bo/el-deber-camacho-desplaza-mesa-tercer-lugar,El Deber: Camacho desplaza a Mesa a tercer lugar,Falso
898,,chequeabolivia.bo,https://chequeabolivia.bo/hay-que-marcar-todas-las-franjas-de-la-papeleta-electoral-para-votar,Hay que marcar todas las franjas de la papeleta electoral para votar,Falso
899,,chequeabolivia.bo,https://chequeabolivia.bo/encuesta-nivel-nacional-informa-que-camacho-esta-un-punto-de-empatar-al-mas,Encuesta a nivel nacional informa que Camacho está a un punto de empatar al MAS,Falso
900,,chequeabolivia.bo,https://chequeabolivia.bo/arce-dice-que-si-gana-eliminara-la-policia-y-se-vengara-de-los-militares,Arce dice que si gana eliminará la Policía y se vengará de los militares,Falso
901,,chequeabolivia.bo,https://chequeabolivia.bo/camacho-supera-mesa-en-encuesta-electoral-nivel-nacional,Camacho supera a Mesa en encuesta electoral a nivel nacional,Falso
902,,chequeabolivia.bo,https://chequeabolivia.bo/pagina-siete-mesa-afirma-que-devaluara-la-moneda-en-su-gobierno,Página Siete: Mesa afirma que devaluará la moneda en su Gobierno,Falso
903,,chequeabolivia.bo,https://chequeabolivia.bo/carlos-mesa-quiere-regalar-el-litio-los-chilenos,Carlos Mesa quiere regalar el litio a los chilenos,Falso
904,,chequeabolivia.bo,https://chequeabolivia.bo/pagina-siete-morales-dice-ganar-elecciones-gracias-camacho,Página Siete: Morales dice ganar elecciones gracias a Camacho,Falso
905,,chequeabolivia.bo,https://chequeabolivia.bo/captura-consulting-muestra-empatados-mesa-y-camacho-en-intencion-de-voto,Captura Consulting muestra empatados a Mesa y Camacho en intención de voto,Falso
906,,chequeabolivia.bo,https://chequeabolivia.bo/mesa-propone-congelar-el-pago-de-algunos-bonos,Mesa propone congelar el pago de algunos bonos,Falso
907,,chequeabolivia.bo,https://chequeabolivia.bo/anez-postula-para-la-gobernacion-de-beni-con-comunidad-ciudadana,Áñez postula para la Gobernación de Beni con Comunidad Ciudadana,Falso
908,,chequeabolivia.bo,https://chequeabolivia.bo/la-mancha-de-tinta-de-una-huella-dactilar-en-la-papeleta-puede-anular-el-voto,La mancha de tinta de una huella dactilar en la papeleta puede anular el voto,Falso
909,,chequeabolivia.bo,https://chequeabolivia.bo/apresan-nuevamente-expolicia-solo-por-asistir-al-cierre-de-campana-del-mas,Apresan nuevamente a expolicía solo por asistir al cierre de campaña del MAS,Falso
910,,chequeabolivia.bo,https://chequeabolivia.bo/nueva-encuesta-situa-camacho-como-primero-en-intencion-de-voto,Nueva encuesta sitúa a Camacho como primero en intención de voto,Falso
911,,chequeabolivia.bo,https://chequeabolivia.bo/mi-teleferico-esta-en-venta-y-mesa-la-ofrece-empresa-espanola,Mi Teleférico está en venta y Mesa la ofrece a empresa española,Falso
912,,chequeabolivia.bo,https://chequeabolivia.bo/murillo-compra-armamento-para-masacrar-al-que-se-oponga-al-fraude,Murillo compra armamento para masacrar al que se oponga al “fraude”,Falso
913,,chequeabolivia.bo,https://chequeabolivia.bo/mesa-murillo-es-y-puede-ser-un-buen-ministro,Mesa: “Murillo es y puede ser un buen ministro”,Falso
914,,chequeabolivia.bo,https://chequeabolivia.bo/reyes-villa-amenaza-camacho-para-que-decline-su-candidatura,Reyes Villa amenaza a Camacho para que decline su candidatura,Falso
915,,chequeabolivia.bo,https://chequeabolivia.bo/unitel-arce-planea-trasladar-la-sede-de-gobierno-al-chapare,Unitel: Arce planea trasladar la Sede de Gobierno al Chapare,Falso
916,,chequeabolivia.bo,https://chequeabolivia.bo/encuesta-posiciona-al-mas-en-primer-lugar-con-67,Encuesta posiciona al MAS en primer lugar con 67%,Falso
917,,chequeabolivia.bo,https://chequeabolivia.bo/index%2Ephp/la-razon-ultima-encuesta-de-ciesmori-pronostica-victoria-del-mas-en-primera-vuelta,La Razón: Última encuesta de Ciesmori pronostica victoria del MAS en primera vuelta,Falso
918,,chequeabolivia.bo,https://chequeabolivia.bo/crean-grupo-falso-del-tse,Crean grupo falso del TSE,Falso
919,,chequeabolivia.bo,https://chequeabolivia.bo/el-deber-ortiz-dice-que-murillo-seguira-como-ministro-si-gana-mesa,El Deber: Ortiz dice que Murillo seguirá como ministro si gana Mesa,Falso
920,,chequeabolivia.bo,https://chequeabolivia.bo/carlos-mesa-hara-alianza-con-mujeres-creando,Carlos Mesa hará alianza con Mujeres Creando,Falso
921,,chequeabolivia.bo,https://chequeabolivia.bo/representantes-del-fri-retiran-apoyo-comunidad-ciudadana,Representantes del FRI retiran apoyo a Comunidad Ciudadana,Falso
922,,chequeabolivia.bo,https://chequeabolivia.bo/carlos-mesa-tiene-principios-de-alzheimer,Carlos Mesa tiene principios de Alzheimer,Falso
923,,chequeabolivia.bo,https://chequeabolivia.bo/index%2Ephp/waldo-albarracin-mesa-es-la-continuidad-de-anez,Waldo Albarracín: Mesa es la continuidad de Añez,Falso
924,,chequeabolivia.bo,https://chequeabolivia.bo/chunoman-es-candidato-senador-por-la-paz,“Chuñoman” es candidato a senador por La Paz,Falso
925,,chequeabolivia.bo,https://chequeabolivia.bo/luis-arce-sobre-morales-creo-que-el-cargo-le-quedo-muy-grande-y-fallo-al-pais,Luis Arce sobre Morales: “Creo que el cargo le quedo muy grande y falló al país”,Falso
926,,chequeabolivia.bo,https://chequeabolivia.bo/tse-niega-estatus-de-observador-internacional-progresista,TSE niega estatus de observador a Internacional Progresista,Falso
927,,chequeabolivia.bo,https://chequeabolivia.bo/usaid-tiene-oficinas-dentro-del-tse,Usaid tiene oficinas dentro del TSE,Falso
928,,chequeabolivia.bo,https://chequeabolivia.bo/mesa-pago-mas-de-37-mil-bolivianos-en-publicidad-contra-camacho,Mesa pagó más de 37 mil bolivianos en publicidad contra Camacho,Falso
929,,chequeabolivia.bo,https://chequeabolivia.bo/encuesta-da-el-498-de-preferencia-de-voto-arce-catacora,Encuesta da el 49.8% de preferencia de voto a Arce Catacora,Falso
930,,chequeabolivia.bo,https://chequeabolivia.bo/el-porcentaje-total-de-la-encuesta-de-ciesmori-es-725,"El porcentaje total de la encuesta de Ciesmori es 72,5 %",Falso
931,,chequeabolivia.bo,https://chequeabolivia.bo/comunidad-ciudadana-promueve-una-educacion-lgtb,Comunidad Ciudadana promueve una educación LGTB,Falso
932,,chequeabolivia.bo,https://chequeabolivia.bo/copa-consiente-relacion-de-morales-y-jovenes-menores-de-edad,Copa consiente relación de Morales y jóvenes menores de edad,Falso
933,,chequeabolivia.bo,https://chequeabolivia.bo/encuesta-de-ciesmori-posiciona-arce-con-28-y-mesa-con-27,Encuesta de Ciesmori posiciona a Arce con 28% y Mesa con 27%,Falso
934,,chequeabolivia.bo,https://chequeabolivia.bo/anez-presenta-como-iniciativa-propia-la-idea-de-morales-de-convertir-viru-viru-en-un-hub,Áñez presenta como iniciativa propia la idea de Morales de convertir Viru Viru en un hub,Falso
935,,chequeabolivia.bo,https://chequeabolivia.bo/resultado-de-encuesta-posterior-la-renuncia-de-anez-el-mas-gana-con-un-5170,"Resultado de encuesta posterior a la renuncia de Áñez: El MAS gana con un 51,70 %",Falso
936,,chequeabolivia.bo,https://chequeabolivia.bo/melania-torrico-exfuncionaria-de-gobierno-de-morales-es-candidata-vicepresidencial-junto-chi-hyun,Melania Torrico exfuncionaria de gobierno de Morales es candidata vicepresidencial junto a Chi Hyun Chung,Falso
937,,chequeabolivia.bo,https://chequeabolivia.bo/carlos-mesa-sobre-arce-el-mas-grande-de-los-bolivianos,Carlos Mesa sobre Arce: “El más grande de los bolivianos”,Falso
938,,chequeabolivia.bo,https://chequeabolivia.bo/jeanine-anez-pide-apoyar-carlos-mesa-en-twitter,Jeanine Áñez pide apoyar a Carlos Mesa en Twitter,Falso
939,,chequeabolivia.bo,https://chequeabolivia.bo/nueva-encuesta-situa-camacho-como-segundo-en-intencion-de-voto,Nueva encuesta sitúa a Camacho como segundo en intención de voto,Falso
940,,chequeabolivia.bo,https://chequeabolivia.bo/banzer-y-mesa-juntos-en-el-golpe-de-estado-de-1971,Banzer y Mesa juntos en el golpe de Estado de 1971,Falso
941,,chequeabolivia.bo,https://chequeabolivia.bo/imagen-con-propuestas-de-luis-fernando-camacho-para-iglesias-cristianas,Imagen con propuestas de Luis Fernando Camacho para iglesias cristianas,Falso
942,,chequeabolivia.bo,https://chequeabolivia.bo/jorge-tuto-quiroga-pide-votar-por-evo-morales,"Jorge ""Tuto"" Quiroga pide votar por Evo Morales",Falso
943,,chequeabolivia.bo,https://chequeabolivia.bo/circula-encuesta-que-posiciona-al-mas-en-primer-lugar-con-47,Circula encuesta que posiciona al MAS en primer lugar con 47%,Falso
944,,chequeabolivia.bo,https://chequeabolivia.bo/luis-fernando-camacho-jamas-renunciare-mi-candidatura,Luis Fernando Camacho: “Jamás renunciaré a mi candidatura”,Falso
945,,chequeabolivia.bo,https://chequeabolivia.bo/arce-dice-que-tiene-plan-para-devolver-bs-18mil-millones-gastados-del-tgn,Arce dice que tiene plan para devolver Bs 18mil millones gastados del TGN,Falso
946,,chequeabolivia.bo,https://chequeabolivia.bo/anez-sella-alianza-con-comunidad-ciudadana,Áñez sella alianza con Comunidad Ciudadana,Falso
947,,chequeabolivia.bo,https://chequeabolivia.bo/garcia-linera-estas-semanas-tenemos-que-salir-con-todo-realizar-las-campanas-casa-por-casa,García Linera: “Estas semanas tenemos que salir con todo a realizar las campañas casa por casa”,Falso
948,,chequeabolivia.bo,https://chequeabolivia.bo/carlos-mesa-se-reunio-con-la-cia,Carlos Mesa se reunió con la CIA,Falso
949,,chequeabolivia.bo,https://chequeabolivia.bo/murillo-dice-que-no-ganara-el-mas-y-que-hay-acuerdo-con-cc-para-trabajar-en-el-nuevo-gobierno,Murillo dice que no ganará el MAS y que hay acuerdo con CC para trabajar en el nuevo gobierno,Falso
950,,chequeabolivia.bo,https://chequeabolivia.bo/carlos-mesa-la-privatizacion-es-una-opcion-positiva-para-bolivia,Carlos Mesa: “La privatización es una opción positiva para Bolivia”,Falso
951,,chequeabolivia.bo,https://chequeabolivia.bo/carlos-mesa-ni-muerto-les-doy-autonomia-los-crucenos,Carlos Mesa: “Ni muerto les doy autonomía a los cruceños”,Falso
952,,chequeabolivia.bo,https://chequeabolivia.bo/luis-arce-responde-la-carta-de-mesa,Luis Arce responde a la carta de Mesa,Falso
953,,chequeabolivia.bo,https://chequeabolivia.bo/carlos-mesa-dice-que-prefiere-volver-pedir-limosna-que-regrese-el-mas,Carlos Mesa dice que prefiere volver a pedir limosna a que regrese el MAS,Falso
954,,chequeabolivia.bo,https://chequeabolivia.bo/encuesta-de-intencion-de-voto-le-da-el-triunfo-al-mas-con-67,Encuesta de intención de voto le da el triunfo al MAS con 67%,Falso
955,,chequeabolivia.bo,https://chequeabolivia.bo/carlos-mesa-admite-que-promovio-el-golpe-de-estado,Carlos Mesa admite que promovió el golpe de Estado,Falso
956,,chequeabolivia.bo,https://chequeabolivia.bo/ultima-encuesta-nivel-nacional-el-mas-lidera-con-un-483,Última encuesta a nivel nacional: El MAS lidera con un 48.3%,Falso
957,,chequeabolivia.bo,https://chequeabolivia.bo/carlos-valverde-expresa-su-apoyo-carlos-mesa,Carlos Valverde expresa su apoyo a Carlos Mesa,Falso
958,,chequeabolivia.bo,https://chequeabolivia.bo/gabriela-montano-dice-que-joven-vinculada-evo-tiene-la-culpa-por-guardar-fotos-intimas,Gabriela Montaño dice que joven vinculada a Evo tiene la culpa por guardar fotos íntimas,Falso
959,,chequeabolivia.bo,https://chequeabolivia.bo/potosinos-salen-en-manifestacion-contra-la-campana-del-mas,Potosinos salen en manifestación contra la campaña del MAS,Falso
960,,chequeabolivia.bo,https://chequeabolivia.bo/carlos-mesa-propone-privatizar-empresas-y-suprimir-bonos,Carlos Mesa propone privatizar empresas y suprimir bonos,Falso
961,,chequeabolivia.bo,https://chequeabolivia.bo/circula-encuesta-de-preferencia-electoral-de-la-fundacion-jubileo,Circula encuesta de preferencia electoral de la Fundación Jubileo,Falso
962,,chequeabolivia.bo,https://chequeabolivia.bo/transportan-simpatizantes-de-juntos-en-buses-para-hacer-campana,Transportan a simpatizantes de Juntos en buses para hacer campaña,Falso
963,,chequeabolivia.bo,https://chequeabolivia.bo/potosi-denuncian-supuesta-intervencion-y-agresion-policial-en-acto-de-campana-del-mas,Potosí: denuncian supuesta intervención y agresión policial en acto de campaña del MAS,Falso
964,,chequeabolivia.bo,https://chequeabolivia.bo/hijo-de-anez-trabaja-en-el-tse,Hijo de Áñez trabaja en el TSE,Falso
965,,chequeabolivia.bo,https://chequeabolivia.bo/mas-ipsp-lidera-intencion-de-voto-en-unitel-con-mas-de-50,MAS-IPSP lidera intención de voto en Unitel con más de 50%,Falso
966,,chequeabolivia.bo,https://chequeabolivia.bo/ruben-costas-dice-que-el-fue-quien-freno-evo-morales-y-al-mas,Rubén Costas dice que él fue quien frenó a Evo Morales y al MAS,Falso
967,,chequeabolivia.bo,https://chequeabolivia.bo/leonardo-loza-en-el-programa-en-portada-evo-es-inocente-solo-se-enamoro,Leonardo Loza en el programa En Portada: Evo es inocente solo se enamoró,Falso
968,,chequeabolivia.bo,https://chequeabolivia.bo/luis-arce-catacora-se-averguenza-de-la-whipala,Luis Arce Catacora se avergüenza de la whipala,Falso
969,,chequeabolivia.bo,https://chequeabolivia.bo/encuesta-de-ipsos-da-como-ganador-mesa-con-356,"Encuesta de Ipsos da como ganador a Mesa con 35,6%",Falso
970,,chequeabolivia.bo,https://chequeabolivia.bo/unitel-arce-fue-abucheado-en-inicio-de-campana,Unitel: Arce fue abucheado en inicio de campaña,Falso
971,,chequeabolivia.bo,https://chequeabolivia.bo/se-filtran-fotos-de-junior-arias-en-argentina-recibiendo-ordenes-de-evo-morales,Se filtran fotos de Junior Arias en Argentina recibiendo órdenes de Evo Morales,Falso
972,,chequeabolivia.bo,https://chequeabolivia.bo/pagina-siete-comunidad-ciudadana-y-mas-ipsp-firman-alianza-para-campanas-en-el-beni,Página Siete: Comunidad Ciudadana y MAS-IPSP firman alianza para campañas en el Beni,Falso
973,,chequeabolivia.bo,https://chequeabolivia.bo/exvocal-del-tcp-si-las-ninas-tienen-12-anos-y-aceptan-una-relacion-no-hay-delito,Exvocal del TCP: “Si las niñas tienen 12 años y aceptan una relación no hay delito”,Falso
974,,chequeabolivia.bo,https://chequeabolivia.bo/tse-entrega-policia-y-ffaa-el-traslado-de-papeletas-y-resultados-de-votacion-sin-control-civil,TSE entrega a Policía y FFAA el traslado de papeletas y resultados de votación sin control civil,Falso
975,,chequeabolivia.bo,https://chequeabolivia.bo/unitel-fernando-camacho-lidera-encuesta-electoral-con-un-337,"Unitel: Fernando Camacho lidera encuesta electoral con un 33,7%",Falso
976,,chequeabolivia.bo,https://chequeabolivia.bo/imagen-muestra-messi-con-un-cartel-pidiendo-que-evo-se-vaya-de-argentina,Imagen muestra a Messi con un cartel pidiendo que Evo se vaya de Argentina,Falso
977,,chequeabolivia.bo,https://chequeabolivia.bo/evo-morales-en-el-clarin-fui-acusado-de-estupro-por-ser-indigena,Evo Morales en el Clarín: Fui acusado de estupro por ser indígena,Falso
978,,chequeabolivia.bo,https://chequeabolivia.bo/encuesta-de-intencion-de-voto-muestra-como-favorito-jorge-tuto-quiroga,Encuesta de intención de voto muestra como favorito a Jorge ‘Tuto’ Quiroga,Falso
979,,chequeabolivia.bo,https://chequeabolivia.bo/mesa-propone-disminuir-el-salario-minimo-por-la-inminente-crisis-economica,Mesa propone disminuir el salario mínimo por la inminente crisis económica,Falso
980,,chequeabolivia.bo,https://chequeabolivia.bo/video-muestra-fraude-en-sorteo-de-jueces-en-el-tribunal-supremo-de-justicia-de-bolivia,Vídeo muestra fraude en sorteo de jueces en el Tribunal Supremo de Justicia de Bolivia,Falso
981,,chequeabolivia.bo,https://chequeabolivia.bo/jimena-antelo-evo-deberia-tener-mas-cuidado-y-no-sacarse-fotos-con-menores,Jimena Antelo: “Evo debería tener más cuidado y no sacarse fotos con menores”,Falso
982,,chequeabolivia.bo,https://chequeabolivia.bo/index%2Ephp/morales-increpo-okdiario-y-entrambasaguas-por-revelar-su-relacion-amorosa,Morales increpó a Okdiario y Entrambasaguas por revelar su relación amorosa,Falso
983,,chequeabolivia.bo,https://chequeabolivia.bo/los-tiempos-diputada-juana-quispe-afirma-que-evo-puede-tener-cholas-jovencitas,Los Tiempos: Diputada Juana Quispe afirma que “Evo puede tener cholas jovencitas”,Falso
984,,chequeabolivia.bo,https://chequeabolivia.bo/evaliz-morales-se-refiere-la-denuncia-de-estupro-que-involucra-evo,Evaliz Morales se refiere a la denuncia de estupro que involucra a Evo,Falso
985,,chequeabolivia.bo,https://chequeabolivia.bo/abuchean-hermano-de-evo-morales-en-un-vuelo-miami,Abuchean a hermano de Evo Morales en un vuelo a Miami,Falso
986,,chequeabolivia.bo,https://chequeabolivia.bo/index%2Ephp/morales-dice-que-las-relaciones-con-menores-de-edad-son-tradicionales-en-chapare,Morales dice que las relaciones con menores de edad son tradicionales en Chapare,Falso
987,,chequeabolivia.bo,https://chequeabolivia.bo/diputado-franklin-flores-morales-es-inocente-los-padres-consintieron-esa-relacion,"Diputado Franklin Flores: Morales es inocente, los padres consintieron esa relación",Falso
988,,chequeabolivia.bo,https://chequeabolivia.bo/publican-fotografias-de-anez-con-un-nino-y-de-mesa-con-una-joven-presuntamente-menor-de-edad,Publican fotografías de Áñez con un niño y de Mesa con una joven presuntamente menor de edad,Falso
989,,chequeabolivia.bo,https://chequeabolivia.bo/evo-desmiente-relacion-con-una-menor,Evo desmiente relación con una menor,Falso
990,,chequeabolivia.bo,https://chequeabolivia.bo/difunden-imagenes-de-carlos-mesa-junto-persona-presuntamente-menor-de-edad,Difunden imágenes de Carlos Mesa junto a persona presuntamente menor de edad,Falso
991,,chequeabolivia.bo,https://chequeabolivia.bo/leonardo-loza-evo-tiene-derecho-tener-parejas-jovenes,Leonardo Loza: Evo tiene derecho a tener parejas jóvenes,Falso
992,,chequeabolivia.bo,https://chequeabolivia.bo/evo-morales-pasea-en-un-yate-en-argentina,Evo Morales pasea en un yate en Argentina,Falso
993,,chequeabolivia.bo,https://chequeabolivia.bo/morales-amenazo-por-facebook-periodista-espanol-alejandro-entrambasaguas,Morales amenazó por Facebook a periodista español Alejandro Entrambasaguas,Falso
994,,chequeabolivia.bo,https://chequeabolivia.bo/fiscalia-emite-orden-de-aprehension-contra-luis-arce,Fiscalía emite orden de aprehensión contra Luis Arce,Falso
995,,chequeabolivia.bo,https://chequeabolivia.bo/copa-muchos-se-contagiaran-y-moriran-en-el-dia-de-las-elecciones-pero-es-algo-que-mi-partido-esta,"Copa: “Muchos se contagiarán y morirán en el día de las elecciones, pero es algo que mi partido está dispuesto a aceptar”",Falso
996,,chequeabolivia.bo,https://chequeabolivia.bo/evo-morales-esta-dispuesto-que-gente-muera-con-tal-de-regresar-bolivia,Evo Morales está dispuesto a que gente muera con tal de regresar a Bolivia,Falso
997,,chequeabolivia.bo,https://chequeabolivia.bo/morales-sugiere-no-atender-en-hospitales-personas-de-la-tercera-edad,Morales sugiere no atender en hospitales a personas de la tercera edad,Falso
998,,chequeabolivia.bo,https://chequeabolivia.bo/putin-dice-que-elecciones-en-bolivia-deben-ser-el-6-de-septiembre,Putin dice que elecciones en Bolivia deben ser el 6 de septiembre,Falso
999,,chequeabolivia.bo,https://chequeabolivia.bo/la-paz-fotografia-muestra-presunta-muerte-de-una-persona-como-producto-de-las-protestas-en-el-tse,La Paz: fotografía muestra presunta muerte de una persona como producto de las protestas en el TSE,Falso
1000,,chequeabolivia.bo,https://chequeabolivia.bo/jeanine-anez-hablamos-con-romero-para-suspender-elecciones-definitivamente,Jeanine Áñez: Hablamos con Romero para suspender elecciones definitivamente,Falso
1001,,chequeabolivia.bo,https://chequeabolivia.bo/anez-propone-suspender-elecciones-del-18-de-octubre,Áñez propone suspender elecciones del 18 de octubre,Falso
1002,,chequeabolivia.bo,https://chequeabolivia.bo/carlos-mesa-dice-que-no-pedira-la-anulacion-del-mas-y-debe-decidirse-en-las-urnas,Carlos Mesa dice que no pedirá la anulación del MAS y debe decidirse en las urnas,Falso
1003,,chequeabolivia.bo,https://chequeabolivia.bo/posicionan-eduardo-leon-como-nuevo-fiscal-general-del-estado,Posicionan a Eduardo León como nuevo Fiscal General del Estado,Falso
1004,,chequeabolivia.bo,https://chequeabolivia.bo/arce-copa-y-salvatierra-acuden-clinicas-al-infectarse-con-coronavirus,"Arce, Copa y Salvatierra acuden a clínicas al infectarse con coronavirus",Falso
1005,,chequeabolivia.bo,https://chequeabolivia.bo/carlos-mesa-felicita-anez-por-pedir-creditos-para-dar-bonos,Carlos Mesa felicita a Áñez por pedir créditos para dar bonos,Falso
1006,,chequeabolivia.bo,https://chequeabolivia.bo/encuesta-de-el-deber-posiciona-al-mas-como-primero-en-encuesta-de-intencion-de-voto,Encuesta de El Deber posiciona al MAS como primero en encuesta de intención de voto,Falso
1007,,chequeabolivia.bo,https://chequeabolivia.bo/carlos-mesa-pide-la-policia-usar-toda-la-fuerza-necesaria-contra-la-cob-y-maestros,Carlos Mesa pide a la policía usar “toda la fuerza necesaria” contra la COB y maestros,Falso
1008,,chequeabolivia.bo,https://chequeabolivia.bo/arce-catacora-fue-internado-por-covid-19,Arce Catacora fue internado por Covid-19,Falso
1009,,chequeabolivia.bo,https://chequeabolivia.bo/circula-un-enlace-para-la-consulta-de-jurados-electorales-para-las-elecciones-de-septiembre,Circula un enlace para la consulta de jurados electorales para las elecciones de septiembre,Falso
1010,,chequeabolivia.bo,https://chequeabolivia.bo/primera-encuesta-oficial-informa-que-el-mas-lidera-con-673,"Primera encuesta oficial informa que el MAS lidera con 67,3%",Falso
1011,,chequeabolivia.bo,https://chequeabolivia.bo/nueva-encuesta-favorece-anez-con-un-425,Nueva encuesta favorece a Ánez con un 42.5%,Falso
1012,,chequeabolivia.bo,https://chequeabolivia.bo/arce-catacora-no-nos-dejaron-construir-hospitales,Arce Catacora: No nos dejaron construir hospitales,Falso
1013,,chequeabolivia.bo,https://chequeabolivia.bo/luis-arce-pide-solidaridad-con-hermanos-venezolanos,Luis Arce pide solidaridad con hermanos venezolanos,Falso
1014,,chequeabolivia.bo,https://chequeabolivia.bo/bbc-twitter-suspende-cuenta-del-candidato-la-presidencia-del-mas-por-navegar-en-pornografia,"BBC: “Twitter suspende cuenta del candidato a la presidencia del MAS, por navegar en pornografía infantil todas las noches”",Falso
1015,,chequeabolivia.bo,https://chequeabolivia.bo/camacho-he-decidido-poner-mi-candidatura-en-blanco,Camacho: “He decidido poner mi candidatura en blanco”,Falso
1016,,chequeabolivia.bo,https://chequeabolivia.bo/luis-fernando-camacho-halaga-evo-morales,Luis Fernando Camacho halaga a Evo Morales,Falso
1017,,chequeabolivia.bo,https://chequeabolivia.bo/morales-quiero-volver-al-poder-la-desesperacion-me-mata,"Morales: “Quiero volver al poder, la desesperación me mata”",Falso
1018,,chequeabolivia.bo,https://chequeabolivia.bo/anez-anuncia-nuevo-bono-de-bs-5000-para-policias,Áñez anuncia nuevo bono de Bs 5000 para policías,Falso
1019,,chequeabolivia.bo,https://chequeabolivia.bo/jeanine-anez-dice-que-no-quiere-elecciones,Jeanine Áñez dice que no quiere elecciones,Falso
1020,,chequeabolivia.bo,https://chequeabolivia.bo/pagina-siete-anez-confirma-que-su-hija-esta-embarazada-de-evo,Página Siete: “Áñez confirma que su hija está embarazada de EVO”,Falso
1021,,chequeabolivia.bo,https://chequeabolivia.bo/encuesta-electoral-da-67-de-preferencia-de-voto-arce-catacora,Encuesta electoral da 67% de preferencia de voto a Arce Catacora,Falso
1022,,chequeabolivia.bo,https://chequeabolivia.bo/los-tiempos-expresidente-evo-morales-dona-plasma-enfermo-con-coronavirus,Los Tiempos: Expresidente Evo Morales dona plasma a enfermo con coronavirus,Falso
1023,,chequeabolivia.bo,https://chequeabolivia.bo/circula-una-encuesta-de-gqr-sobre-percepcion-de-la-pandemia-y-las-elecciones-en-bolivia,Circula una encuesta de GQR sobre percepción de la pandemia y las elecciones en Bolivia,Falso
1024,,chequeabolivia.bo,https://chequeabolivia.bo/vocalista-de-efecto-mandarina-se-alegra-por-cierre-del-ministerio-de-culturas,Vocalista de Efecto Mandarina se alegra por cierre del Ministerio de Culturas,Falso
1025,,chequeabolivia.bo,https://chequeabolivia.bo/solbo-rompera-alianza-con-juntos-para-regresar-con-comunidad-ciudadana,Sol.bo romperá alianza con Juntos para regresar con Comunidad Ciudadana,Falso
1026,,chequeabolivia.bo,https://chequeabolivia.bo/encuesta-electoral-posiciona-arce-catacora-como-favorito,Encuesta electoral posiciona a Arce Catacora como favorito,Falso
1027,,chequeabolivia.bo,https://chequeabolivia.bo/mas-y-cc-firman-un-acuerdo-en-contra-del-gobierno-actual,MAS y CC firman un acuerdo en contra del gobierno actual,Falso
1028,,chequeabolivia.bo,https://chequeabolivia.bo/el-hospital-de-campana-en-trinidad-fue-derribado-por-el-viento,El hospital de campaña en Trinidad fue derribado por el viento,Falso
1029,,chequeabolivia.bo,https://chequeabolivia.bo/carlos-mesa-yo-tengo-apellido-pedigri,"Carlos Mesa: “Yo tengo apellido, pedigrí”",Falso
1030,,chequeabolivia.bo,https://chequeabolivia.bo/arce-catacora-dice-que-el-gobierno-de-morales-no-invirtio-en-salud-y-merece-otra-oportunidad,Arce Catacora dice que el gobierno de Morales no invirtió en salud y merece otra oportunidad,Falso
1031,,chequeabolivia.bo,https://chequeabolivia.bo/la-empresa-de-celuares-y-accesorios-huawei-regala-tablets,La empresa de celuares y accesorios Huawei regala tablets,Falso
1032,,chequeabolivia.bo,https://chequeabolivia.bo/jeanine-anez-entrego-ambulancias-que-ya-fueron-otorgadas-en-la-gestion-de-evo-morales,Jeanine Añez entregó ambulancias que ya fueron otorgadas en la gestión de Evo Morales,Falso
1033,,chequeabolivia.bo,https://chequeabolivia.bo/estatua-de-los-padres-de-evo-morales-costo-4-millones-de-dolares,Estatua de los padres de Evo Morales costó 4 millones de dólares,Falso
1034,,chequeabolivia.bo,https://chequeabolivia.bo/pagina-siete-andronico-rodriguez-pide-la-ampliacion-de-la-cuarentena-sin-importar-las-elecciones,Página Siete: Andrónico Rodríguez pide la ampliación de la cuarentena sin importar las elecciones,Falso
1035,,chequeabolivia.bo,https://chequeabolivia.bo/anez-se-retira-de-su-candidatura-y-apoya-mesa,Áñez se retira de su candidatura y apoya a Mesa,Falso
1036,,chequeabolivia.bo,https://chequeabolivia.bo/rkc-informa-que-nacio-el-hijo-de-evo-morales-y-gabriela-montano,RKC informa que nació el hijo de Evo Morales y Gabriela Montaño,Falso
1037,,chequeabolivia.bo,https://chequeabolivia.bo/estados-unidos-manejara-las-elecciones-de-bolivia,Estados Unidos manejará las elecciones de Bolivia,Falso
1038,,chequeabolivia.bo,https://chequeabolivia.bo/arce-catacora-corta-transmision-en-vivo-por-malos-comentarios,Arce Catacora corta transmisión en vivo por malos comentarios,Falso
1039,,chequeabolivia.bo,https://chequeabolivia.bo/el-mas-vuelve-encabezar-las-encuestas-de-intencion-de-voto,El MAS vuelve a encabezar las encuestas de intención de voto,Falso
1040,,chequeabolivia.bo,https://chequeabolivia.bo/a24-evo-morales-conduce-un-auto-de-lujo,A24: Evo Morales conduce un auto de lujo,Falso
1041,,chequeabolivia.bo,https://chequeabolivia.bo/circula-un-informe-de-intencion-de-voto-realizado-por-mitofsky-mexico,Circula un informe de intención de voto realizado por Mitofsky (México),Falso
1042,,chequeabolivia.bo,https://chequeabolivia.bo/decomisan-documentos-falsificados-que-pretendian-ser-usados-para-proximas-elecciones,Decomisan documentos falsificados que pretendían ser usados para próximas elecciones,Falso
1043,,chequeabolivia.bo,https://chequeabolivia.bo/jeanine-anez-dijo-que-mando-pintar-el-hospital-de-montero-verde-agua-por-accidente,Jeanine Añez dijo que mandó a pintar el hospital de Montero verde agua por accidente,Falso
1044,,chequeabolivia.bo,https://chequeabolivia.bo/tata-quispe-dice-que-anez-no-quiere-llamar-elecciones-porque-sabe-que-ganara-el-mas,Tata Quispe dice que Áñez no quiere llamar a elecciones porque sabe que ganará el MAS,Falso
1045,,chequeabolivia.bo,https://chequeabolivia.bo/el-mas-lidera-encuesta-de-intencion-de-voto,El MAS lidera encuesta de intención de voto,Falso
1046,,chequeabolivia.bo,https://chequeabolivia.bo/denuncian-que-anez-viola-la-constitucion-con-posesion-de-exejecutivo-de-transnacional-como-nuevo,Denuncian que Áñez viola la Constitución con posesión de exejecutivo de transnacional como nuevo presidente en YPFB,Falso
1047,,chequeabolivia.bo,https://chequeabolivia.bo/carta-de-evo-morales-en-respuesta-la-de-murillo,Carta de Evo Morales en respuesta a la de Murillo,Falso
1048,,chequeabolivia.bo,https://chequeabolivia.bo/clonan-cuenta-de-facebook-del-candidato-presidencial-luis-arce,Clonan cuenta de Facebook del candidato presidencial Luis Arce,Falso
1049,,chequeabolivia.bo,https://chequeabolivia.bo/carlos-mesa-presenta-carta-de-renuncia-la-candidatura-presidencial-de-comunidad-ciudadana,Carlos Mesa presenta carta de renuncia a la candidatura presidencial de Comunidad Ciudadana,Falso
1050,,chequeabolivia.bo,https://chequeabolivia.bo/luis-fernando-camacho-anuncio-que-el-mas-ganara-las-elecciones,Luis Fernando Camacho anunció que el MAS ganará las elecciones,Falso
1051,,chequeabolivia.bo,https://chequeabolivia.bo/campesinos-marchan-pidiendo-elecciones-en-plena-cuarentena,Campesinos marchan pidiendo elecciones en plena cuarentena,Falso
1052,,chequeabolivia.bo,https://chequeabolivia.bo/resultados-en-boca-de-urna-nivel-nacional-de-las-elecciones-generales-2020,Resultados en boca de urna a nivel nacional de las Elecciones Generales 2020,Falso
1053,,chequeabolivia.bo,https://chequeabolivia.bo/bbc-jeanine-anez-y-sus-ministros-se-aferran-al-poder-y-rechazan-las-elecciones-democraticas-en,BBC: “Jeanine Áñez y sus ministros se aferran al poder y rechazan las elecciones democráticas en Bolivia”,Falso
1054,,chequeabolivia.bo,https://chequeabolivia.bo/faltan-87-dias-para-las-elecciones-generales,Faltan 87 días para las elecciones generales,Falso
1055,,chequeabolivia.bo,https://chequeabolivia.bo/eva-copa-queremos-elecciones-y-que-la-gente-muera-no-es-nuestro-problema,Eva Copa: Queremos elecciones y que la gente muera no es nuestro problema,Falso
1056,,chequeabolivia.bo,https://chequeabolivia.bo/revista-forbes-nombra-evo-morales-el-primer-multimillonario-de-bolivia,Revista Forbes nombra a Evo Morales el primer multimillonario de Bolivia,Falso
1057,,chequeabolivia.bo,https://chequeabolivia.bo/el-mas-lidera-encuestas-con-62,El MAS lidera encuestas con 62%,Falso
1058,,chequeabolivia.bo,https://chequeabolivia.bo/adjudican-7-millones-de-dolares-una-empresa-de-luis-fernando-camacho,Adjudican 7 millones de dólares a una empresa de Luis Fernando Camacho,Falso
1059,,chequeabolivia.bo,https://chequeabolivia.bo/ministro-murillo-amenaza-con-encarcelar-luis-arce-catacora,Ministro Murillo amenaza con encarcelar a Luis Arce Catacora,Falso
1060,,chequeabolivia.bo,https://chequeabolivia.bo/revilla-pago-11-millones-al-real-plaza-hotel-donde-es-accionista,Revilla pagó 11 millones al Real Plaza Hotel donde es accionista,Falso
1061,,chequeabolivia.bo,https://chequeabolivia.bo/afp-encuesta-la-posibilidad-de-entregar-60-de-ahorros,AFP encuesta la posibilidad de entregar 60% de ahorros,Falso
1062,,chequeabolivia.bo,https://chequeabolivia.bo/pagina-de-internet-solicita-cedula-de-identidad-para-revisar-acceso-al-bono-universal,Página de Internet solicita cédula de identidad para revisar acceso al Bono Universal,Falso
1063,,chequeabolivia.bo,https://chequeabolivia.bo/evo-morales-pide-sus-bases-no-cobrar-bono-anunciado-por-jeanine-anez,Evo Morales pide a sus bases no cobrar bono anunciado por Jeanine Áñez,Falso
1064,,chequeabolivia.bo,https://chequeabolivia.bo/morales-rechaza-bono-universal-de-bs-500,Morales rechaza bono universal de Bs 500,Falso
1065,,chequeabolivia.bo,https://chequeabolivia.bo/dirigente-loza-pide-llevar-imagen-de-evo-en-procesion,Dirigente Loza pide llevar imagen de Evo en procesión,Falso
1066,,chequeabolivia.bo,https://chequeabolivia.bo/arce-dice-que-los-hospitales-no-eran-importantes,"Arce dice que ""los hospitales no eran importantes""",Falso
1067,,chequeabolivia.bo,https://chequeabolivia.bo/morales-pide-su-militancia-desestabilizar-el-gobierno-de-jeanine-anez,Morales pide a su militancia desestabilizar el gobierno de Jeanine Áñez,Falso
1068,,chequeabolivia.bo,https://chequeabolivia.bo/index%2Ephp/tuto-quiroga-si-yo-fuera-presidente-cerraria-el-congreso,Tuto Quiroga: “Si yo fuera presidente cerraría el congreso”,Falso
1069,,chequeabolivia.bo,https://chequeabolivia.bo/empresa-avicola-de-luis-fernando-camacho-dona-25-toneladas-de-pollo,"Empresa avícola de Luis Fernando Camacho dona 2,5 toneladas de pollo",Falso
1070,,chequeabolivia.bo,https://chequeabolivia.bo/en-bolivia-no-hay-coronavirus-y-solo-quieren-suspender-las-elecciones,En Bolivia no hay coronavirus y sólo quieren suspender las elecciones,Falso
1071,,chequeabolivia.bo,https://chequeabolivia.bo/anez-lamenta-el-fallecimiento-de-luis-arce-gomez,Áñez lamenta el fallecimiento de Luis Arce Gómez,Falso
1072,,chequeabolivia.bo,https://chequeabolivia.bo/evo-morales-dio-positivo-prueba-de-coronavirus,Evo Morales dio positivo a prueba de coronavirus,Falso
1073,,chequeabolivia.bo,https://chequeabolivia.bo/anez-inaugura-casa-de-campana-durante-la-cuarentena,Áñez inaugura casa de campaña durante la cuarentena,Falso
1074,,chequeabolivia.bo,https://chequeabolivia.bo/anez-analiza-suspender-las-elecciones-del-3-de-mayo,Áñez analiza suspender las elecciones del 3 de mayo,Falso
1075,,chequeabolivia.bo,https://chequeabolivia.bo/duena-rompe-contrato-tras-destrozos-en-casa-de-campana-de-anez,Dueña rompe contrato tras destrozos en casa de campaña de Áñez,Falso
1076,,chequeabolivia.bo,https://chequeabolivia.bo/pumari-le-dice-corrupto-camacho-y-elogia-anez-en-red-uno,Pumari le dice corrupto a Camacho y elogia a Áñez en Red Uno,Falso
1077,,chequeabolivia.bo,https://chequeabolivia.bo/goni-manda-su-apoyo-rotundo-carlos-mesa,Goni manda su apoyo rotundo a Carlos Mesa,Falso
1078,,chequeabolivia.bo,https://chequeabolivia.bo/ciesmori-no-se-acredito-ante-el-tse-para-realizar-estudios-de-opinion,Ciesmori no se acreditó ante el TSE para realizar estudios de opinión,Falso
1079,,chequeabolivia.bo,https://chequeabolivia.bo/marco-pumari-se-une-comunidad-ciudadana,Marco Pumari se une a Comunidad Ciudadana,Falso
1080,,chequeabolivia.bo,https://chequeabolivia.bo/camacho-pide-reprimir-y-aprehender-personas-que-interrumpan-su-campana,Camacho pide reprimir y aprehender a personas que interrumpan su campaña,Falso
1081,,chequeabolivia.bo,https://chequeabolivia.bo/unitel-difunde-una-encuesta-de-intencion-de-voto,Unitel difunde una encuesta de intención de voto,Falso
1082,,chequeabolivia.bo,https://chequeabolivia.bo/camacho-y-mesa-acuerdan-trasladar-el-poder-judicial-santa-cruz,Camacho y Mesa acuerdan trasladar el poder judicial a Santa Cruz,Falso
1083,,chequeabolivia.bo,https://chequeabolivia.bo/creemos-difunde-su-propuesta-electoral-2020-2025,Creemos difunde su propuesta electoral 2020 – 2025,Falso
1084,,chequeabolivia.bo,https://chequeabolivia.bo/camacho-y-mesa-firman-supuesta-alianza,Camacho y Mesa firman supuesta alianza,Falso
1085,,chequeabolivia.bo,https://chequeabolivia.bo/gobierno-muestra-video-que-incrimina-camacho-con-el-incendio-de-la-chiquitania,Gobierno muestra video que incrimina a Camacho con el incendio de la Chiquitania,Falso
1086,,chequeabolivia.bo,https://chequeabolivia.bo/evo-morales-obsequia-tierras-cambio-de-votos,Evo Morales obsequia tierras a cambio de votos,Falso
1087,,chequeabolivia.bo,https://chequeabolivia.bo/adriana-gil-acompanara-mesa-como-candidata-la-vicepresidencia,Adriana Gil acompañará a Mesa como candidata a la Vicepresidencia,Falso
1088,,chequeabolivia.bo,https://chequeabolivia.bo/extienden-orden-de-aprehension-contra-luis-arce-catacora,Extienden orden de aprehensión contra Luis Arce Catacora,Falso
1089,,chequeabolivia.bo,https://chequeabolivia.bo/evo-morales-dice-que-las-hermanas-teran-estan-arrepentidas,Evo Morales dice que las hermanas Terán están “arrepentidas”,Falso
1090,,chequeabolivia.bo,https://chequeabolivia.bo/morales-denuncia-incautacion-de-1400-kilos-que-le-costo-esfuerzo,Morales denuncia incautación de 1400 kilos que le “costó esfuerzo”,Falso
1091,,chequeabolivia.bo,https://chequeabolivia.bo/extranjeros-capturados-confirman-que-fueron-contratados-por-camacho-y-mesa,Extranjeros capturados confirman que fueron contratados por Camacho y Mesa,Falso
1092,,chequeabolivia.bo,https://chequeabolivia.bo/evo-morales-propone-boicotear-las-elecciones-para-volver-bolivia,Evo Morales propone boicotear las elecciones para volver a Bolivia,Falso
1093,,chequeabolivia.bo,https://chequeabolivia.bo/camacho-anuncia-que-no-sera-candidato-y-que-trabajara-para-ser-gobernador-de-santa-cruz,Camacho anuncia que no será candidato y que trabajará para ser gobernador de Santa Cruz,Falso
1094,,chequeabolivia.bo,https://chequeabolivia.bo/evo-morales-contrajo-matrimonio-civil-con-gabriela-montano,Evo Morales contrajo matrimonio civil con Gabriela Montaño,Falso
1095,,chequeabolivia.bo,https://chequeabolivia.bo/se-confirma-que-evo-morales-tiene-cancer-de-garganta,Se confirma que Evo Morales tiene cáncer de garganta,Falso
1096,,chequeabolivia.bo,https://chequeabolivia.bo/ivanka-trump-posa-junto-fernando-camacho-y-jeanine-anez,Ivanka Trump posa junto a Fernando Camacho y Jeanine Áñez,Falso
1097,,chequeabolivia.bo,https://chequeabolivia.bo/la-bancada-del-mas-reconoce-la-renuncia-de-evo-morales,La bancada del MAS reconoce la renuncia de Evo Morales,Falso
1098,,chequeabolivia.bo,https://chequeabolivia.bo/evo-felicita-anez-como-nueva-presidenta-de-bolivia,Evo felicita a Áñez como nueva presidenta de Bolivia,Falso
1099,,chequeabolivia.bo,https://chequeabolivia.bo/evo-morales-no-se-subio-al-avion-rumbo-mexico,Evo Morales no se subió al avión rumbo a México,Falso
1100,,chequeabolivia.bo,https://chequeabolivia.bo/oea-ratifica-el-fraude-y-evo-morales-desconoce-resultado,OEA ratifica el fraude y Evo Morales desconoce resultado,Falso
1101,,chequeabolivia.bo,https://chequeabolivia.bo/evo-sale-en-unas-fotografias-junto-pablo-escobar,Evo sale en unas fotografías junto a Pablo Escobar,Falso
1102,,chequeabolivia.bo,https://chequeabolivia.bo/fsutcc-determina-expulsion-de-evo-morales,FSUTCC determina expulsión de Evo Morales,Falso
1103,,chequeabolivia.bo,https://chequeabolivia.bo/index%2Ephp/chi-hyun-chung-dios-sabe-porque-toma-sus-decisiones-y-se-debe-respetar-la-victoria-de-evo-morales,Chi Hyun Chung: Dios sabe porque toma sus decisiones y se debe respetar la victoria de Evo Morales,Falso
1104,,chequeabolivia.bo,https://chequeabolivia.bo/evo-morales-autoriza-la-policia-boliviana-disparar-disidentes,Evo Morales autoriza a la Policía Boliviana a disparar a disidentes,Falso
1105,,chequeabolivia.bo,https://chequeabolivia.bo/juan-carlos-valdivia-compro-pasajes-espana-para-carlos-y-ximena-mesa,Juan Carlos Valdivia compró pasajes a España para Carlos y Ximena Mesa,Falso
1106,,chequeabolivia.bo,https://chequeabolivia.bo/asi-decidimos-informa-sobre-el-voto-en-el-exterior-por-facebook,Así Decidimos informa sobre el voto en el exterior por Facebook,Falso
1107,,chequeabolivia.bo,https://chequeabolivia.bo/carlos-mesa-provoca-accidente-en-auto-de-buen-gobierno,Carlos Mesa provoca accidente en Auto de Buen Gobierno,Falso
1108,,chequeabolivia.bo,https://chequeabolivia.bo/oscar-ortiz-renuncia-su-candidatura-y-pide-apoyar-carlos-mesa,Óscar Ortiz renuncia a su candidatura y pide apoyar a Carlos Mesa,Falso
1109,,chequeabolivia.bo,https://chequeabolivia.bo/marianela-paco-dijo-que-expulsara-los-bolivianos-que-insulten-evo-morales,Marianela Paco dijo que expulsará a los bolivianos que insulten a Evo Morales,Falso
1110,,chequeabolivia.bo,https://chequeabolivia.bo/gonzalo-sanchez-de-lozada-da-su-rotundo-apoyo-carlos-mesa,Gonzalo Sánchez de Lozada da su rotundo apoyo a Carlos Mesa,Falso
1111,,chequeabolivia.bo,https://chequeabolivia.bo/entrevista-jimmy-iturri-como-director-del-documental-mesa-y-la-ballena-rosada,Entrevista a Jimmy Iturri como director del documental Mesa y la Ballena Rosada,Falso
1112,,chequeabolivia.bo,https://chequeabolivia.bo/evo-dice-que-entregar-la-banda-presidencial-depende-de-los-movimientos-sociales,Evo dice que entregar la banda presidencial depende de los movimientos sociales,Falso
1113,,chequeabolivia.bo,https://chequeabolivia.bo/evo-morales-llama-racistas-potosinos-que-interrumpieron-su-cierre-de-campana,Evo Morales llama racistas a potosinos que interrumpieron su cierre de campaña,Falso
1114,,chequeabolivia.bo,https://chequeabolivia.bo/evaliz-morales-llama-los-potosinos-cobardes-y-mediocres-por-agredir-su-padre,Evaliz Morales llama a los potosinos cobardes y mediocres por agredir a su padre,Falso
1115,,chequeabolivia.bo,https://chequeabolivia.bo/morales-planea-armar-militantes-del-mas-y-acabar-con-neoliberales,Morales planea armar a militantes del MAS y acabar con neoliberales,Falso
1116,,chequeabolivia.bo,https://chequeabolivia.bo/smartmatic-es-la-empresa-que-contrato-el-gobierno-para-el-recuento-de-urnas,Smartmatic es la empresa que contrató el Gobierno para el recuento de urnas,Falso
1117,,chequeabolivia.bo,https://chequeabolivia.bo/nicolas-maduro-pide-al-pueblo-boliviano-que-voten-por-morales,Nicolás Maduro pide al pueblo boliviano que voten por Morales,Falso
1118,,chequeabolivia.bo,https://chequeabolivia.bo/garcia-linera-les-dice-ninos-que-pidan-la-reeleccion-de-evo-morales,García Linera les dice a niños que pidan la reelección de Evo Morales,Falso
1119,,chequeabolivia.bo,https://chequeabolivia.bo/balcazar-amnistia-goni-y-senaturias-son-parte-del-acuerdo-mas-mnr-por-campana-contra-mesa,Balcazar: Amnistía a Goni y senaturías son parte del acuerdo MAS-MNR por campaña contra Mesa,Falso
1120,,chequeabolivia.bo,https://chequeabolivia.bo/oscar-ortiz-elogia-evo-morales-y-alvaro-garcia-linera-en-uno-decide,Óscar Ortiz elogia a Evo Morales y a Álvaro García Linera en Uno Decide,Falso
1121,,chequeabolivia.bo,https://chequeabolivia.bo/equipo-de-campana-de-cc-confirma-que-carlos-mesa-no-asistira-mas-entrevistas-en-medios,Equipo de campaña de CC confirma que Carlos Mesa no asistirá más a entrevistas en medios,Falso
1122,,chequeabolivia.bo,https://chequeabolivia.bo/evo-morales-renuncia-su-candidatura,Evo Morales renuncia a su candidatura,Falso
1123,,chequeabolivia.bo,https://chequeabolivia.bo/carlos-mesa-hace-declaraciones-en-contra-la-periodista-gabriela-oviedo,Carlos Mesa hace declaraciones en contra la periodista Gabriela Oviedo,Falso
1124,,chequeabolivia.bo,https://chequeabolivia.bo/index%2Ephp/candidato-chi-debemos-eliminar-los-programas-basura-si-me-eligen-empezare-con-calle-7,"Candidato Chi: “Debemos eliminar los programas basura, si me eligen empezaré con Calle 7”",Falso
1125,,chequeabolivia.bo,https://chequeabolivia.bo/evo-morales-esconde-su-dinero-en-el-banco-del-vaticano,Evo Morales esconde su dinero en el Banco del Vaticano,Falso
1126,,chequeabolivia.bo,https://chequeabolivia.bo/estudiantes-mueren-en-accidente-de-transito-en-la-avenida-melchor-perez,Estudiantes mueren en accidente de tránsito en la avenida Melchor Pérez,Falso
1127,,chequeabolivia.bo,https://chequeabolivia.bo/encuentran-seguidores-de-carlos-mesa-quemando-en-robore,Encuentran a seguidores de Carlos Mesa quemando en Roboré,Falso
1128,,chequeabolivia.bo,https://chequeabolivia.bo/evo-morales-la-extrema-derecha-quiere-utilizar-el-incendio-para-atacarme,Evo Morales: La extrema derecha quiere utilizar el incendio para atacarme,Falso
1129,,chequeabolivia.bo,https://chequeabolivia.bo/carlos-mesa-elogia-goni-y-trump-en-red-uno,Carlos Mesa elogia a Goni y a Trump en Red Uno,Falso
1130,,chequeabolivia.bo,https://chequeabolivia.bo/evo-morales-no-somos-la-derecha-para-pedir-ayuda-internacional,Evo Morales: No somos la derecha para pedir ayuda internacional,Falso
1131,,chequeabolivia.bo,https://chequeabolivia.bo/evo-morales-siento-que-la-pachamama-castigo-al-oriente-por-no-apoyarme,Evo Morales: Siento que la Pachamama castigó al oriente por no apoyarme,Falso
1132,,chequeabolivia.bo,https://chequeabolivia.bo/carlos-mesa-bloquea-la-periodista-carla-tejerina-en-twitter,Carlos Mesa bloquea a la periodista Carla Tejerina en Twitter,Falso
1133,,chequeabolivia.bo,https://chequeabolivia.bo/bbc-informa-que-caida-de-macri-desinfla-la-candidatura-de-carlos-mesa,BBC informa que caída de Macri desinfla la candidatura de Carlos Mesa,Falso
1134,,chequeabolivia.bo,https://chequeabolivia.bo/evo-celebra-el-regreso-de-parada-que-fue-condenado-por-narcotrafico,Evo celebra el regreso de Parada que fue condenado por narcotráfico,Falso
1135,,chequeabolivia.bo,https://chequeabolivia.bo/se-prepara-fraude-electoral-en-bolivia,Se prepara fraude electoral en Bolivia,Falso
1136,,chequeabolivia.bo,https://chequeabolivia.bo/mesa-promete-investigar-evo-pero-goni-no-lo-investigara-y-lo-declara-inocente,"Mesa promete investigar a Evo, pero a Goni no lo investigará y lo declara inocente",Falso
1137,,chequeabolivia.bo,https://chequeabolivia.bo/encuesta-de-intencion-de-voto-para-las-elecciones-generales-2019,Encuesta de intención de voto para las elecciones generales 2019,Falso
1138,,chequeabolivia.bo,https://chequeabolivia.bo/edwin-rodriguez-es-candidato-diputado-plurinominal-por-comunidad-ciudadana,Edwin Rodríguez es candidato a diputado plurinominal por Comunidad Ciudadana,Falso
1139,,chequeabolivia.bo,https://chequeabolivia.bo/vecinos-echan-mesa-de-un-micro-y-le-recuerdan-que-no-hizo-nada-por-bolivia,Vecinos echan a Mesa de un micro y le recuerdan que no hizo nada por Bolivia,Falso
1140,,chequeabolivia.bo,https://chequeabolivia.bo/indigenas-en-bolivia-62-entre-senadoras-de-mesa-0,Indígenas en Bolivia 62%; entre senadoras de Mesa 0%,Falso
1141,,chequeabolivia.bo,https://chequeabolivia.bo/carlos-mesa-publica-en-twitter-y-le-da-la-bienvenida-edwin-rodriguez,Carlos Mesa publica en Twitter y le da la bienvenida a Edwin Rodríguez,Falso
1142,,chequeabolivia.bo,https://chequeabolivia.bo/edwin-rodriguez-se-reunio-con-carlos-mesa-antes-de-su-renuncia,Edwin Rodríguez se reunió con Carlos Mesa antes de su renuncia,Falso
1143,,chequeabolivia.bo,https://chequeabolivia.bo/princesa-mako-llama-maleducado-evo-morales-por-saludo-con-la-mano,Princesa Mako llama maleducado a Evo Morales por saludo con la mano,Falso
1144,,chequeabolivia.bo,https://chequeabolivia.bo/mujer-mas-longeva-de-bolivia-desaira-evo-morales,Mujer más longeva de Bolivia desaira a Evo Morales,Falso
1145,,chequeabolivia.bo,https://chequeabolivia.bo/confirmado-evo-morales-y-oscar-ortiz-son-aliados,Confirmado Evo Morales y Óscar Ortiz son Aliados,Falso
1146,,chequeabolivia.bo,https://chequeabolivia.bo/evo-construyo-una-clinica-solo-para-el,Evo construyó una clínica sólo para él,Falso
1147,,chequeabolivia.bo,https://chequeabolivia.bo/es-verdad-que-la-nueva-gerente-de-emapa-fue-candidata-del-mas-en-las-ultimas-elecciones-generales,Es verdad que la nueva gerente de Emapa fue candidata del MAS en las últimas elecciones generales,Verdadero
1148,,chequeabolivia.bo,https://chequeabolivia.bo/es-verdad-que-la-nueva-directora-de-la-anh-fue-viceministra-de-evo-morales,Es verdad que la nueva directora de la ANH fue viceministra de Evo Morales,Verdadero
1149,,chequeabolivia.bo,https://chequeabolivia.bo/es-verdad-que-samuel-doria-medina-critico-bukele-por-su-reeleccion-y-ahora-lo-felicita-por-su-exito,Es verdad que Samuel Doria Medina criticó a Bukele por su reelección y ahora lo felicita por su “éxito” en el combate contra el crimen,Verdadero
1150,,chequeabolivia.bo,https://chequeabolivia.bo/es-verdad-que-tuto-quiroga-antes-criticaba-trump-y-que-tras-su-victoria-electoral-se-acerco-el,Es verdad que ‘Tuto’ Quiroga antes criticaba a Trump y que tras su victoria electoral se acercó a él,Verdadero
1151,,chequeabolivia.bo,https://chequeabolivia.bo/candidata-del-mas-regala-fosforos-para-hacer-campana,Candidata del MAS regala fósforos para hacer campaña,Verdadero
1152,,chequeabolivia.bo,https://chequeabolivia.bo/evo-paga-anticretico-de-us-48-mil-para-zapata,Evo paga anticrético de $us 48 mil para Zapata,Verdadero
1153,,chequeabolivia.bo,https://chequeabolivia.bo/es-verdad-que-luis-arce-actualmente-gana-bs-24978-y-david-choquehuanca-bs-23591,Es verdad que Luis Arce actualmente gana Bs. 24.978 y David Choquehuanca Bs. 23.591,Verdadero
1154,,chequeabolivia.bo,https://chequeabolivia.bo/index%2Ephp/la-antivacuna-y-promotora-del-dioxido-de-cloro-karla-revollo-se-vacuno-con-jj,"La antivacuna y promotora del dióxido de cloro, Karla Revollo se vacunó con J&J",Verdadero
1155,,chequeabolivia.bo,https://chequeabolivia.bo/es-verdad-susana-rivero-publico-su-renuncia-irrevocable-en-twitter-el-2019-y-luego-la-borro,"Es verdad, Susana Rivero publicó su “renuncia irrevocable” en Twitter el 2019 y luego la borró",Verdadero
1156,,chequeabolivia.bo,https://chequeabolivia.bo/index%2Ephp/es-verdad-que-barrientos-y-ormachea-de-comunidad-ciudadana-se-vacunaron-fuera-del-rango-de-edad,Es verdad que Barrientos y Ormachea de Comunidad Ciudadana se vacunaron fuera del rango de edad,Verdadero
1157,,chequeabolivia.bo,https://chequeabolivia.bo/index%2Ephp/es-verdad-que-el-sistema-nacional-de-informacion-en-salud-registro-evaliz-morales-como-vacunada,Es verdad que el Sistema Nacional de Información en Salud registró a Evaliz Morales como vacunada contra el COVID-19,Verdadero
1158,,chequeabolivia.bo,https://chequeabolivia.bo/arce-si-reconocio-anez-como-presidenta-transitoria-constitucional-durante-una-entrevista-en-2020,Arce sí reconoció a Áñez como presidenta “transitoria constitucional” durante una entrevista en 2020,Verdadero
1159,,chequeabolivia.bo,https://chequeabolivia.bo/es-verdad-que-la-defensoria-del-pueblo-elimino-un-tuit-que-sugeria-la-renuncia-de-morales-y-linera,Es verdad que la Defensoría del Pueblo eliminó un tuit que sugería la renuncia de Morales y Linera en 2019,Verdadero
1160,,chequeabolivia.bo,https://chequeabolivia.bo/es-verdad-que-hubo-errores-ortograficos-y-de-redaccion-en-generador-de-caracteres-del-programa,Es verdad que hubo errores ortográficos y de redacción en generador de caracteres del programa Educa Bolivia,Verdadero
1161,,chequeabolivia.bo,https://chequeabolivia.bo/candidato-diputado-de-creemos-ofrece-talleres-de-automaquillaje-y-liderazgo-para-empoderar-la-mujer,Candidato a diputado de Creemos ofrece talleres de automaquillaje y liderazgo para empoderar a la mujer,Verdadero
1162,,chequeabolivia.bo,https://chequeabolivia.bo/nils-quinteros-y-chunoman-participaron-en-acto-de-campana-del-mas,Nils Quinteros y “Chuñoman” participaron en acto de campaña del MAS,Verdadero
1163,,chequeabolivia.bo,https://chequeabolivia.bo/congresistas-de-eeuu-exigen-evaluacion-transparente-del-informe-de-la-oea-sobre-las-elecciones-en,Congresistas de EEUU exigen evaluación transparente del informe de la OEA sobre las elecciones en Bolivia,Verdadero
1164,,chequeabolivia.bo,https://chequeabolivia.bo/huarachi-estuvo-en-el-cierre-de-campana-del-mas,Huarachi estuvo en el cierre de campaña del MAS,Verdadero
1165,,chequeabolivia.bo,https://chequeabolivia.bo/esther-morales-acudia-al-programa-del-compadre-palenque-cuando-evo-era-dirigente,Esther Morales acudía al programa del compadre Palenque cuando Evo era dirigente,Verdadero
1166,,chequeabolivia.bo,https://chequeabolivia.bo/elon-musk-felicito-bolivia-por-expulsar-evo-morales,Elon Musk felicitó a Bolivia por expulsar a Evo Morales,Verdadero
1167,,chequeabolivia.bo,https://chequeabolivia.bo/excandidato-de-fpv-que-critica-al-mas-hizo-campana-por-el-si-en-2016,Excandidato de FPV que critica al MAS hizo campaña por el SÍ en 2016,Verdadero
1168,,chequeabolivia.bo,https://chequeabolivia.bo/evo-felicita-estados-unidos-en-2019-y-ahora-critica-al-ministerio-de-relaciones-exteriores,Evo felicita a Estados Unidos en 2019 y ahora critica al Ministerio de Relaciones Exteriores,Verdadero
1169,,chequeabolivia.bo,https://chequeabolivia.bo/ano-nuevo-andino-comparan-tuits-de-la-presidente-del-estado-jeanine-anez,Año Nuevo Andino: comparan tuits de la presidente del Estado Jeanine Áñez,Verdadero
1170,,chequeabolivia.bo,https://chequeabolivia.bo/tuto-pide-que-la-iglesia-pueda-convocar-y-juntar-las-autoridades-de-ambos-poderes,Tuto pide que la Iglesia pueda “convocar y juntar a las autoridades de ambos poderes”,Verdadero
1171,,chequeabolivia.bo,https://chequeabolivia.bo/doria-medina-comparte-encuesta-no-oficial-en-facebook,Doria Medina comparte encuesta no oficial en Facebook,Verdadero
1172,,chequeabolivia.bo,https://chequeabolivia.bo/luis-fernando-camacho-se-traslada-san-jose-de-chiquitos-y-rompe-la-cuarentena,Luis Fernando Camacho se traslada a San José de Chiquitos y rompe la cuarentena,Verdadero
1173,,chequeabolivia.bo,https://chequeabolivia.bo/alcaldia-de-santa-cruz-de-la-sierra-solicita-produccion-de-ivermectina,Alcaldía de Santa Cruz de la Sierra solicita producción de Ivermectina,Verdadero
1174,,chequeabolivia.bo,https://chequeabolivia.bo/arce-catacora-pide-anez-dejar-persecucion-politica-y-conseguir-mas-pruebas-de-coronavirus,Arce Catacora pide a Añez dejar persecución política y conseguir más pruebas de coronavirus,Verdadero
1175,,chequeabolivia.bo,https://chequeabolivia.bo/manfred-reyes-villa-sugiere-postergar-las-elecciones-hasta-el-proximo-ano,Manfred Reyes Villa sugiere postergar las elecciones hasta el próximo año,Verdadero
1176,,chequeabolivia.bo,https://chequeabolivia.bo/cocaleros-emiten-pronunciamiento-por-amenaza-contra-evo-morales,Cocaleros emiten pronunciamiento por amenaza contra Evo Morales,Verdadero
1177,,chequeabolivia.bo,https://chequeabolivia.bo/manfred-reyes-villa-en-reuniones-junto-gente-de-creemos,Manfred Reyes Villa en reuniones junto a gente de Creemos,Verdadero
1178,,chequeabolivia.bo,https://chequeabolivia.bo/policias-arrestan-personas-durante-campana-de-creemos-en-quillacollo,Policías arrestan personas durante campaña de Creemos en Quillacollo,Verdadero
1179,,chequeabolivia.bo,https://chequeabolivia.bo/integrante-de-pk2-pide-modificar-la-fecha-de-las-elecciones-al-tse,Integrante de PK2 pide modificar la fecha de las elecciones al TSE,Verdadero
1180,,chequeabolivia.bo,https://chequeabolivia.bo/medio-de-comunicacion-alternativo-cubano-confirma-la-reeleccion-de-evo-morales-sin-haberse,Medio de comunicación alternativo cubano confirma la reelección de Evo Morales sin haberse publicado los resultados del cómputo oficial,Verdadero
1181,,chequeabolivia.bo,https://chequeabolivia.bo/hermano-de-evo-morales-agrede-verbalmente-periodistas-y-policias,Hermano de Evo Morales agrede verbalmente a periodistas y policías,Verdadero
1182,,chequeabolivia.bo,https://chequeabolivia.bo/empresa-china-extermina-fauna-boliviana-y-el-gobierno-de-evo-lo-permite,Empresa china extermina fauna boliviana y el gobierno de Evo lo permite,Verdadero
1183,,chequeabolivia.bo,https://chequeabolivia.bo/dirigentes-de-comunidad-ciudadana-golpean-una-mujer-de-su-partido,Dirigentes de Comunidad Ciudadana golpean a una mujer de su partido,Verdadero
1184,,chequeabolivia.bo,https://chequeabolivia.bo/usan-voz-de-camacho-y-una-multitud-hecha-con-ia-para-simular-una-cabildo-exigiendo-la-renuncia-de,Usan voz de Camacho y una multitud hecha con IA para simular una cabildo exigiendo la renuncia de Paz,Engañoso
1185,,chequeabolivia.bo,https://chequeabolivia.bo/esta-carta-del-pdc-solicitando-una-declinatoria-de-las-elecciones-fue-rechazada-porque-no-fue,Esta carta del PDC solicitando una declinatoria de las elecciones fue rechazada porque no fue emitida por su delegado oficial,Engañoso
1186,,chequeabolivia.bo,https://chequeabolivia.bo/loza-aun-no-obtuvo-mas-del-40-de-votos-evitando-la-segunda-vuelta,Loza aún no obtuvo más del 40% de votos evitando la segunda vuelta,Engañoso
1187,,chequeabolivia.bo,https://chequeabolivia.bo/esta-informacion-sobre-la-eliminacion-de-votos-que-favorecian-david-vargas-es-enganosa,Esta información sobre la eliminación de votos que favorecían a David Vargas es engañosa,Engañoso
1188,,chequeabolivia.bo,https://chequeabolivia.bo/esta-imagen-del-expresidente-evo-morales-junto-al-candidato-cesar-dockweiler-no-es-actual,Esta imagen del expresidente Evo Morales junto al candidato César Dockweiler no es actual,Engañoso
1189,,chequeabolivia.bo,https://chequeabolivia.bo/publicacion-de-radar-altiplanico-sobre-encuestas-en-la-paz-santa-cruz-y-cochabamba-es-enganosa,"Publicación de Radar Altiplánico sobre encuestas en La Paz, Santa Cruz y Cochabamba es engañosa",Engañoso
1190,,chequeabolivia.bo,https://chequeabolivia.bo/enganoso-luis-arce-dijo-que-el-gas-se-agoto-pero-no-anuncio-el-cobro-de-impuestos-como-en-cuba,"Engañoso: Luis Arce dijo que el gas se agotó, pero no anunció el cobro de impuestos como en Cuba",Engañoso
1191,,chequeabolivia.bo,https://chequeabolivia.bo/unitel-no-publico-nota-en-la-que-jugadores-de-la-seleccion-aseguran-que-perderan-si-no-se-les-paga,Unitel no publicó nota en la que jugadores de la selección aseguran que perderán si no se les paga,Engañoso
1192,,chequeabolivia.bo,https://chequeabolivia.bo/el-verdadero-carlos-mesa-despedira-todos-los-funcionarios,El verdadero Carlos Mesa despedirá a todos los funcionarios,Engañoso
1193,,chequeabolivia.bo,https://chequeabolivia.bo/evo-morales-comparte-informacion-enganosa-sobre-venta-de-gas-cada-15-dias,Evo Morales comparte información engañosa sobre venta de gas cada 15 días,Engañoso
1194,,chequeabolivia.bo,https://chequeabolivia.bo/es-enganoso-que-bukele-dijo-que-ayudara-bolivia-replicar-el-modelo-carcelario-de-el-salvador,Es engañoso que Bukele dijo que ayudará a Bolivia a replicar el modelo carcelario de El Salvador,Engañoso
1195,,chequeabolivia.bo,https://chequeabolivia.bo/morales-cambio-la-constitucion-para-ganar-con-el-40-por-ciento-de-los-votos,Morales cambió la Constitución para ganar con el 40 por ciento de los votos,Engañoso
1196,,chequeabolivia.bo,https://chequeabolivia.bo/reciben-evo-morales-con-insultos-en-la-fiesta-de-urkupina,Reciben a Evo Morales con insultos en la fiesta de Urkupiña,Engañoso
1197,,chequeabolivia.bo,https://chequeabolivia.bo/empresa-de-encuestas-viaciencia-fue-creada-hace-seis-meses,Empresa de encuestas ViaCiencia fue creada hace seis meses,Engañoso
1198,,chequeabolivia.bo,https://chequeabolivia.bo/insultan-evo-morales-en-una-concentracion-de-yacuiba,Insultan a Evo Morales en una concentración de Yacuiba,Engañoso
1199,,chequeabolivia.bo,https://chequeabolivia.bo/esto-es-lo-que-quiere-carlos-mesa,Esto es lo que quiere Carlos Mesa,Engañoso
1200,,chequeabolivia.bo,https://chequeabolivia.bo/es-enganoso-un-video-que-muestra-jorge-tuto-quiroga-denunciando-fraude-electoral-tras-la-segunda,Es engañoso un video que muestra a Jorge Tuto Quiroga denunciando fraude electoral tras la segunda vuelta,Engañoso
1201,,chequeabolivia.bo,https://chequeabolivia.bo/nicolas-maduro-hablo-de-las-elecciones-en-bolivia-pero-no-brindo-su-apoyo-ningun-candidato,Nicolás Maduro habló de las elecciones en Bolivia pero no brindó su apoyo a ningún candidato,Engañoso
1202,,chequeabolivia.bo,https://chequeabolivia.bo/index%2Ephp/unitel-no-publico-una-foto-filtrada-de-rodrigo-paz-con-marcelo-claure-en-eeuu,Unitel no publicó una foto filtrada de Rodrigo Paz con Marcelo Claure en EEUU,Engañoso
1203,,chequeabolivia.bo,https://chequeabolivia.bo/el-tse-no-advirtio-que-inhabilitara-candidatos-por-guerra-sucia,"El TSE no advirtió que inhabilitará a candidatos por ""guerra sucia""",Engañoso
1204,,chequeabolivia.bo,https://chequeabolivia.bo/juan-carlos-medrano-no-califico-ninguna-propuesta-de-jorge-tuto-quiroga-como-socialista-y-populista,Juan Carlos Medrano no calificó ninguna propuesta de Jorge “Tuto” Quiroga como socialista y populista,Engañoso
1205,,chequeabolivia.bo,https://chequeabolivia.bo/el-asesor-de-jorge-tuto-quiroga-hablo-del-conflicto-entre-un-nino-autista-y-el-gobierno-de-milei-no,"El asesor de Jorge ""Tuto"" Quiroga habló del conflicto entre un niño autista y el Gobierno de Milei, no sobre el PDC",Engañoso
1206,,chequeabolivia.bo,https://chequeabolivia.bo/esta-publicacion-de-el-pais-es-de-2019-e-informa-sobre-un-recorrido-de-morales-por-diferentes,Esta publicación de El País es de 2019 e informa sobre un recorrido de Morales por diferentes alcaldías,Engañoso
1207,,chequeabolivia.bo,https://chequeabolivia.bo/samuel-doria-medina-dijo-que-le-gustaria-ir-elecciones-con-morales-pero-para-derrotarlo,"Samuel Doria Medina dijo que le gustaría ir a elecciones con Morales, pero para derrotarlo",Engañoso
1208,,chequeabolivia.bo,https://chequeabolivia.bo/urgente-impuestazo-en-la-construccion,Urgente impuestazo en la construcción,Engañoso
1209,,chequeabolivia.bo,https://chequeabolivia.bo/evo-se-rie-de-dios,Evo se ríe de Dios,Engañoso
1210,,chequeabolivia.bo,https://chequeabolivia.bo/desempleo-con-mesa-llego-al-11-y-al-4-con-evo-morales,Desempleo con Mesa llegó al 11% y al 4% con Evo Morales,Engañoso
1211,,chequeabolivia.bo,https://chequeabolivia.bo/clan-morales-alvarado-cardenas,"Clan Morales, Alvarado, Cárdenas",Engañoso
1212,,chequeabolivia.bo,https://chequeabolivia.bo/el-vehiculo-registrado-nombre-de-evo-morales-no-paga-impuestos,El vehículo registrado a nombre de Evo Morales no paga impuestos,Engañoso
1213,,chequeabolivia.bo,https://chequeabolivia.bo/explicacion-del-caso-medina-y-su-vinculo-con-carlos-mesa,Explicación del caso Medina y su vínculo con Carlos Mesa,Engañoso
1214,,chequeabolivia.bo,https://chequeabolivia.bo/encuesta-que-posiciona-como-favorito-rodrigo-paz-es-enganosa,Encuesta que posiciona como favorito a Rodrigo Paz es engañosa,Engañoso
1215,,chequeabolivia.bo,https://chequeabolivia.bo/jaime-dunn-no-destrozo-samuel-doria-medina-ni-elogio-jorge-tuto-quiroga,Jaime Dunn no “destrozó” a Samuel Doria Medina ni “elogió” a Jorge Tuto Quiroga,Engañoso
1216,,chequeabolivia.bo,https://chequeabolivia.bo/doria-medina-no-admitio-haber-comprado-encuestas-de-red-uno,Doria Medina no “admitió” haber comprado encuestas de Red Uno,Engañoso
1217,,chequeabolivia.bo,https://chequeabolivia.bo/red-uno-no-silencio-manfred-reyes-villa-durante-el-debate-presidencial-por-hablar-de-las-encuestas,"Red Uno no silenció a Manfred Reyes Villa durante el debate presidencial por hablar de las ""encuestas falsas""",Engañoso
1218,,chequeabolivia.bo,https://chequeabolivia.bo/enganoso-andronico-no-dijo-que-si-llega-ser-presidente-aprehendera-evo-morales,"Engañoso: Andrónico no dijo que si llega a ser presidente, aprehenderá a Evo Morales",Engañoso
1219,,chequeabolivia.bo,https://chequeabolivia.bo/amalia-pando-no-celebro-triunfo-de-dunn-en-una-encuesta-solo-comento-un-sondeo-de-opinion,"Amalia Pando no celebró triunfo de Dunn en una encuesta, solo comentó un sondeo de opinión",Engañoso
1220,,chequeabolivia.bo,https://chequeabolivia.bo/manfred-no-dijo-que-doria-medina-tiene-relacion-con-dinero-del-narcotrafico-pero-si-cuestiono-su,"Manfred no dijo que Doria Medina tiene relación con dinero del narcotráfico, pero sí cuestionó su acceso anticipado a encuestas",Engañoso
1221,,chequeabolivia.bo,https://chequeabolivia.bo/manipulan-entrevista-de-samuel-doria-medina-sobre-la-participacion-de-evo-morales-en-las-elecciones,Manipulan entrevista de Samuel Doria Medina sobre la participación de Evo Morales en las elecciones,Engañoso
1222,,chequeabolivia.bo,https://chequeabolivia.bo/publicacion-que-afirma-que-en-el-tropico-crearan-billetes-con-la-cara-de-evo-es-enganosa,Publicación que afirma que en el Trópico crearán billetes con la cara de Evo es engañosa,Engañoso
1223,,chequeabolivia.bo,https://chequeabolivia.bo/manipulan-video-de-virginio-lema-para-favorecer-tuto-quiroga,Manipulan video de Virginio Lema para favorecer a Tuto Quiroga,Engañoso
1224,,chequeabolivia.bo,https://chequeabolivia.bo/junior-arias-no-informo-que-morales-sera-habilitado-sino-sobre-el-amparo-que-pan-bol-presento-en-la,"Junior Arias no informó que Morales será habilitado, sino sobre el amparo que PAN-Bol presentó en La Paz",Engañoso
1225,,chequeabolivia.bo,https://chequeabolivia.bo/enganoso-presidente-interino-del-tse-no-publico-que-la-reeleccion-indefinida-no-es-un-derecho,Engañoso: Presidente interino del TSE no publicó que la “reelección indefinida no es un derecho humano”,Engañoso
1226,,chequeabolivia.bo,https://chequeabolivia.bo/enganoso-tergiversan-declaraciones-de-jose-gary-anez-sobre-tuto-quiroga,Engañoso: tergiversan declaraciones de José Gary Añez sobre Tuto Quiroga,Engañoso
1227,,chequeabolivia.bo,https://chequeabolivia.bo/enganoso-el-deber-no-publico-una-cita-de-andronico-negandose-ser-jefe-de-campana-de-evo-morales,Engañoso: El Deber no publicó una cita de Andrónico negándose a ser jefe de campaña de Evo Morales,Engañoso
1228,,chequeabolivia.bo,https://chequeabolivia.bo/encuesta-de-captura-consulting-y-poder-y-placer-que-posiciona-primero-tuto-quiroga-no-es-confiable,Encuesta de Captura Consulting y Poder y Placer que posiciona primero a ‘Tuto’ Quiroga no es confiable,Engañoso
1229,,chequeabolivia.bo,https://chequeabolivia.bo/manfred-reyes-villa-difunde-encuesta-no-confiable-para-promover-su-campana-politica,Manfred Reyes Villa difunde encuesta no confiable para promover su campaña política,Engañoso
1230,,chequeabolivia.bo,https://chequeabolivia.bo/tuto-quiroga-no-fue-de-izquierda-ni-el-fundador-del-fri-guerrillero-del-che-guevara,Tuto Quiroga no fue de ‘izquierda’ ni el fundador del FRI guerrillero del ‘Che’ Guevara,Engañoso
1231,,chequeabolivia.bo,https://chequeabolivia.bo/la-encuesta-que-jaime-soliz-phiel-compartio-en-redes-no-es-confiable,La encuesta que Jaime Soliz Phiel compartió en redes no es confiable,Engañoso
1232,,chequeabolivia.bo,https://chequeabolivia.bo/unitel-no-informo-sobre-polemica-por-concurso-que-premiaba-ninos-disfrazados-de-evo-morales,Unitel no informó sobre polémica por concurso que premiaba a niños disfrazados de Evo Morales,Engañoso
1233,,chequeabolivia.bo,https://chequeabolivia.bo/enganoso-unitel-no-publico-que-la-exministra-nemesia-achacollo-pagaba-servicios-sexuales-de-jovenes,Engañoso: Unitel no publicó que la exministra Nemesia Achacollo pagaba servicios sexuales de jóvenes para Evo Morales,Engañoso
1234,,chequeabolivia.bo,https://chequeabolivia.bo/unitel-no-informo-que-evo-morales-confirmo-que-tuvo-una-hija-con-una-menor-de-edad,Unitel no informó que Evo Morales confirmó que tuvo una hija con una menor de edad,Engañoso
1235,,chequeabolivia.bo,https://chequeabolivia.bo/enganoso-unitel-no-informo-que-morales-gasto-bs-14-millones-en-marcha,Engañoso: Unitel no informó que Morales gastó Bs 14 millones en marcha,Engañoso
1236,,chequeabolivia.bo,https://chequeabolivia.bo/la-red-uno-no-informo-que-evo-morales-fue-diagnosticado-con-afasia,La Red Uno no informó que Evo Morales fue diagnosticado con afasia,Engañoso
1237,,chequeabolivia.bo,https://chequeabolivia.bo/esta-publicacion-con-datos-de-personas-nacidas-en-santa-cruz-para-denunciar-fraude-en-el-censo-es,Esta publicación con datos de personas nacidas en Santa Cruz para denunciar fraude en el Censo es engañosa,Engañoso
1238,,chequeabolivia.bo,https://chequeabolivia.bo/es-falso-que-marcelo-claure-dijo-que-el-socialismo-trae-miseria,Es falso que Marcelo Claure dijo que el socialismo “trae miseria”,Engañoso
1239,,chequeabolivia.bo,https://chequeabolivia.bo/enganoso-el-excomandante-zuniga-no-dijo-que-arce-lo-traiciono,"Engañoso: El excomandante Zúñiga no dijo que ""Arce lo traicionó""",Engañoso
1240,,chequeabolivia.bo,https://chequeabolivia.bo/foto-de-la-encargada-de-negocios-de-eeuu-con-luis-arce-en-el-aniversario-de-chuquisaca-es-enganosa,Foto de la encargada de Negocios de EE.UU. con Luis Arce en el aniversario de Chuquisaca es engañosa,Engañoso
1241,,chequeabolivia.bo,https://chequeabolivia.bo/evo-morales-no-nacio-en-argentina-aunque-si-asistio-la-escuela-en-ese-pais,"Evo Morales no nació en Argentina, aunque sí asistió a la escuela en ese país",Engañoso
1242,,chequeabolivia.bo,https://chequeabolivia.bo/morales-no-confeso-una-alianza-con-la-derecha-para-el-bloqueo-de-caminos,Morales no confesó una alianza con la derecha para el bloqueo de caminos,Engañoso
1243,,chequeabolivia.bo,https://chequeabolivia.bo/marset-no-acuso-evo-morales-de-pedofilia-y-violacion,Marset no acusó a Evo Morales de pedofilia y violación,Engañoso
1244,,chequeabolivia.bo,https://chequeabolivia.bo/circula-un-video-con-informacion-enganosa-sobre-una-alianza-de-arce-con-ucs,Circula un video con información engañosa sobre una alianza de Arce con UCS,Engañoso
1245,,chequeabolivia.bo,https://chequeabolivia.bo/evo-dijo-que-si-la-derecha-gana-sera-culpa-de-arce-y-david-pero-no-que-tiene-miedo-de-ir,"Evo dijo que si la derecha gana será culpa de Arce y David, pero no que tiene miedo de ir a Chonchocoro",Engañoso
1246,,chequeabolivia.bo,https://chequeabolivia.bo/luis-arce-si-fue-invitado-la-ceremonia-de-asuncion-de-milei,Luis Arce sí fue invitado a la ceremonia de asunción de Milei,Engañoso
1247,,chequeabolivia.bo,https://chequeabolivia.bo/manipulan-declaraciones-del-diputado-hector-arce-sobre-el-narcotrafico-en-bolivia,Manipulan declaraciones del diputado Héctor Arce sobre el narcotráfico en Bolivia,Engañoso
1248,,chequeabolivia.bo,https://chequeabolivia.bo/manipulan-un-contenido-de-unitel-para-cambiar-una-declaracion-del-jugador-marcelo-martins,Manipulan un contenido de Unitel para cambiar una declaración del jugador Marcelo Martins,Engañoso
1249,,chequeabolivia.bo,https://chequeabolivia.bo/unitel-no-informo-que-evo-morales-protege-sebastian-marset-en-el-tropico,Unitel no informó que Evo Morales protege a Sebastián Marset en el trópico,Engañoso
1250,,chequeabolivia.bo,https://chequeabolivia.bo/barriga-denuncio-por-supuesta-pedofilia-evo-por-un-supuesto-delito-cometido-cuando-era-presidente,"Barriga denunció por supuesta pedofilia a Evo por un supuesto delito cometido cuando era presidente, no durante la pandemia",Engañoso
1251,,chequeabolivia.bo,https://chequeabolivia.bo/eduardo-del-castillo-figuro-como-exministro-en-wikipedia-antes-de-ser-restituido-por-arce,Eduardo del Castillo figuró como exministro en Wikipedia antes de ser restituido por Arce,Engañoso
1252,,chequeabolivia.bo,https://chequeabolivia.bo/arce-si-dijo-que-hubo-11-anos-de-nefasta-administracion-fue-un-lapsus-en-un-acto-oficial-en-2020,"Arce sí dijo que hubo “11 años de nefasta administración”, fue un lapsus en un acto oficial en 2020",Engañoso
1253,,chequeabolivia.bo,https://chequeabolivia.bo/evo-si-denuncio-que-se-oculta-cocaina-incautada-pero-no-pide-que-se-devuelva-al-chapare,"Evo sí denunció que se oculta cocaína incautada, pero no pide que se devuelva al Chapare",Engañoso
1254,,chequeabolivia.bo,https://chequeabolivia.bo/el-video-donde-supuestamente-abuchean-evo-en-un-vuelo-estados-unidos-es-enganoso,El video donde supuestamente abuchean a Evo en un vuelo a Estados Unidos es engañoso,Engañoso
1255,,chequeabolivia.bo,https://chequeabolivia.bo/arce-dijo-que-si-vuelve-la-derecha-estaran-jodidos-pero-no-menciono-que-seria-por-temas-de,"Arce dijo que si vuelve la derecha estarán “jodidos”, pero no mencionó que sería por temas de “corrupción”",Engañoso
1256,,chequeabolivia.bo,https://chequeabolivia.bo/morales-no-dijo-que-quiere-saber-si-el-presidente-y-los-ministros-respetaran-las-decisiones-del,Morales no dijo que quiere saber si el presidente y los ministros respetarán las decisiones del trópico,Engañoso
1257,,chequeabolivia.bo,https://chequeabolivia.bo/manipulan-una-cita-de-castillo-sobre-evo-morales,Manipulan una cita de Castillo sobre Evo Morales,Engañoso
1258,,chequeabolivia.bo,https://chequeabolivia.bo/pagina-siete-no-informo-que-copa-senalo-morales-como-narco,Página Siete no informó que Copa señaló a Morales como “narco”,Engañoso
1259,,chequeabolivia.bo,https://chequeabolivia.bo/enganoso-manipulan-una-declaracion-del-vicepresidente-choquehuanca,Engañoso: Manipulan una declaración del vicepresidente Choquehuanca,Engañoso
1260,,chequeabolivia.bo,https://chequeabolivia.bo/los-tiempos-no-publico-que-morales-declaro-que-hay-un-ministro-derechista,Los Tiempos no publicó que Morales declaró que hay un “ministro derechista”,Engañoso
1261,,chequeabolivia.bo,https://chequeabolivia.bo/el-deber-no-difundio-declaracion-del-diputado-de-cc-miguel-roca,El Deber no difundió declaración del diputado de CC Miguel Roca,Engañoso
1262,,chequeabolivia.bo,https://chequeabolivia.bo/enganoso-exviceministro-bobaryn-no-dijo-que-morales-destruye-todo-lo-que-toca,Engañoso: Exviceministro Bobaryn no dijo que Morales “destruye” todo lo que toca,Engañoso
1263,,chequeabolivia.bo,https://chequeabolivia.bo/es-enganoso-diputado-arce-no-acuso-investigadores-chilenos-de-fregar-el-negocio-de-autos-chutos,"Es engañoso: Diputado Arce no acusó a investigadores chilenos de “fregar” el negocio de autos chutos, pero los llamó “mercenarios”",Engañoso
1264,,chequeabolivia.bo,https://chequeabolivia.bo/anf-no-publico-declaracion-del-diputado-arce-mencionando-yapacani-como-municipio-de-autos-chutos,ANF no publicó declaración del diputado Arce mencionando a Yapacaní como municipio de autos chutos,Engañoso
1265,,chequeabolivia.bo,https://chequeabolivia.bo/es-enganoso-evo-no-utilizo-el-termino-cocaineros-cuando-se-refirio-impulsar-una-nueva-revolucion-en,Es engañoso: Evo no utilizó el término “cocaineros” cuando se refirió a impulsar una nueva revolución en el MAS,Engañoso
1266,,chequeabolivia.bo,https://chequeabolivia.bo/pagina-siete-no-informo-que-comunidad-ciudadana-impugna-postulacion-de-cruz-por-ser-afin-al-mas,Página Siete no informó que Comunidad Ciudadana impugna postulación de Cruz por ser afín al MAS,Engañoso
1267,,chequeabolivia.bo,https://chequeabolivia.bo/red-uno-no-informo-que-de-la-cruz-llamo-vividor-chupasangre-del-estado-morales,Red Uno no informó que De La Cruz llamó “vividor chupasangre del Estado” a Morales,Engañoso
1268,,chequeabolivia.bo,https://chequeabolivia.bo/manipulan-una-declaracion-del-exministro-sanchez-berzain-sobre-evo-morales,Manipulan una declaración del exministro Sánchez Berzaín sobre Evo Morales,Engañoso
1269,,chequeabolivia.bo,https://chequeabolivia.bo/evo-morales-comparte-una-foto-de-2018-para-vincular-un-diplomatico-de-eeuu-con-la-posesion-de-anez,Evo Morales comparte una foto de 2018 para vincular a un diplomático de EE.UU. con la posesión de Áñez,Engañoso
1270,,chequeabolivia.bo,https://chequeabolivia.bo/correo-del-sur-no-informo-que-evo-morales-se-siente-satisfecho-por-liberacion-de-zapata,Correo del Sur no informó que Evo Morales se siente satisfecho por liberación de Zapata,Engañoso
1271,,chequeabolivia.bo,https://chequeabolivia.bo/diputada-luisa-nayar-de-comunidad-ciudadana-no-agradecio-luis-arce-por-su-gestion,Diputada Luisa Nayar de Comunidad Ciudadana no agradeció a Luis Arce por su gestión,Engañoso
1272,,chequeabolivia.bo,https://chequeabolivia.bo/la-nota-de-unitel-sobre-la-denuncia-en-contra-de-arce-es-de-2020,La nota de Unitel sobre la denuncia en contra de Arce es de 2020,Engañoso
1273,,chequeabolivia.bo,https://chequeabolivia.bo/ni-camacho-ni-carlos-mesa-figuran-en-el-caso-papeles-de-pandora,Ni Camacho ni Carlos Mesa figuran en el caso Papeles de Pandora,Engañoso
1274,,chequeabolivia.bo,https://chequeabolivia.bo/jose-luis-camacho-no-afirmo-que-hubo-fraude-y-existio-un-golpe-de-estado-en-2019,José Luis Camacho no afirmó que hubo fraude y existió un golpe de Estado en 2019,Engañoso
1275,,chequeabolivia.bo,https://chequeabolivia.bo/choquehuanca-no-pidio-carcel-para-evo-pero-si-dijo-que-si-alguien-cometio-estupro-debe-someterse-la,"Choquehuanca no pidió cárcel para Evo, pero sí dijo que si alguien cometió estupro debe someterse a la ley",Engañoso
1276,,chequeabolivia.bo,https://chequeabolivia.bo/medios-extranjeros-no-publicaron-un-articulo-de-expresidentes-iberoamericanos-acusando-arce-por-la,Medios extranjeros no publicaron un artículo de expresidentes iberoamericanos acusando a Arce por la situación de Áñez,Engañoso
1277,,chequeabolivia.bo,https://chequeabolivia.bo/tuto-quiroga-llamo-mitomano-evo-morales-pero-no-lo-acuso-de-aprovecharse-de-los-indigenas,"“Tuto” Quiroga llamó mitómano a Evo Morales, pero no lo acusó de aprovecharse de los indígenas",Engañoso
1278,,chequeabolivia.bo,https://chequeabolivia.bo/el-director-del-fbi-no-denuncio-que-murillo-tiene-contacto-directo-con-morales,El director del FBI no denunció que Murillo tiene contacto directo con Morales,Engañoso
1279,,chequeabolivia.bo,https://chequeabolivia.bo/son-7-mil-y-no-10-mil-las-monedas-conmemorativas-acunadas-con-el-rostro-de-evo,"Son 7 mil y no 10 mil, las monedas conmemorativas acuñadas con el rostro de Evo",Engañoso
1280,,chequeabolivia.bo,https://chequeabolivia.bo/el-video-que-muestra-personas-de-rodillas-en-brasil-pidiendo-proteccion-es-enganoso,El video que muestra a personas de rodillas en Brasil pidiendo protección es engañoso,Engañoso
1281,,chequeabolivia.bo,https://chequeabolivia.bo/que-manfred-reyes-villa-no-figura-en-la-lista-de-candidatos-habilitados-no-es-una-noticia-de-ultimo,Que Manfred Reyes-Villa no figura en la lista de candidatos habilitados no es una noticia de último momento,Engañoso
1282,,chequeabolivia.bo,https://chequeabolivia.bo/circula-un-video-del-2019-para-promover-el-voto-castigo-en-santa-cruz-y-cochabamba,Circula un video del 2019 para promover el voto castigo en Santa Cruz y Cochabamba,Engañoso
1283,,chequeabolivia.bo,https://chequeabolivia.bo/acusan-pedro-garcia-de-copiar-las-acciones-de-camacho,Acusan a Pedro García de “copiar” las acciones de Camacho,Engañoso
1284,,chequeabolivia.bo,https://chequeabolivia.bo/bolivision-no-afirmo-que-evo-morales-se-llevo-bs-520-millones,Bolivisión no afirmó que Evo Morales se llevó Bs 520 millones,Engañoso
1285,,chequeabolivia.bo,https://chequeabolivia.bo/denuncia-sobre-fallas-en-el-sistema-del-tse-no-corresponde-bolivia,Denuncia sobre fallas en el sistema del TSE no corresponde a Bolivia,Engañoso
1286,,chequeabolivia.bo,https://chequeabolivia.bo/larrea-declaro-que-los-militantes-del-mas-usan-corbata-para-parecer-gente-cuando-aun-no-era,Larrea declaró que los militantes del MAS usan corbata para parecer “gente” cuando aún no era candidato a la alcaldía de La Paz,Engañoso
1287,,chequeabolivia.bo,https://chequeabolivia.bo/arce-no-menciono-al-imperio-yanqui-en-la-posesion-del-nuevo-ministro-de-salud,Arce no mencionó al “imperio yanqui” en la posesión del nuevo Ministro de Salud,Engañoso
1288,,chequeabolivia.bo,https://chequeabolivia.bo/revilla-no-anuncio-nuevo-contrato-de-alquiler-del-real-plaza-hotel,Revilla no anunció nuevo contrato de alquiler del Real Plaza Hotel,Engañoso
1289,,chequeabolivia.bo,https://chequeabolivia.bo/circula-pagina-enganosa-que-difunde-encuestas-para-las-elecciones-subnacionales-2021,Circula página engañosa que difunde encuestas para las elecciones subnacionales 2021,Engañoso
1290,,chequeabolivia.bo,https://chequeabolivia.bo/mesa-no-apoyara-el-juicio-de-responsabilidades-contra-anez-y-tampoco-lo-hizo-con-sanchez-de-lozada,Mesa no apoyará el juicio de responsabilidades contra Áñez y tampoco lo hizo con Sánchez de Lozada,Engañoso
1291,,chequeabolivia.bo,https://chequeabolivia.bo/valverde-apoya-cronenbold-calificandolo-de-simpatico-y-candidato-ideal,Valverde apoya a Cronenbold calificándolo de “simpático” y “candidato ideal”,Engañoso
1292,,chequeabolivia.bo,https://chequeabolivia.bo/arce-admite-que-la-administracion-del-mas-desde-11-anos-fue-nefasta,Arce admite que la administración del MAS desde 11 años fue nefasta,Engañoso
1293,,chequeabolivia.bo,https://chequeabolivia.bo/encuesta-2020-camacho-pierde-apoyo-para-la-gobernacion-de-santa-cruz,Encuesta 2020: Camacho pierde apoyo para la gobernación de Santa Cruz,Engañoso
1294,,chequeabolivia.bo,https://chequeabolivia.bo/mesa-reconoce-que-por-la-enorme-diferencia-esta-vez-es-imposible-recurrir-al-relato-de-un-supuesto,Mesa reconoce que por la enorme diferencia esta vez es imposible recurrir al relato de un supuesto “fraude”,Engañoso
1295,,chequeabolivia.bo,https://chequeabolivia.bo/arce-catacora-aplicara-impuesto-los-que-tengan-un-patrimonio-igual-o-mayor-500-mil-bolivianos,Arce Catacora aplicará impuesto a los que tengan un patrimonio igual o mayor a 500 mil bolivianos,Engañoso
1296,,chequeabolivia.bo,https://chequeabolivia.bo/fotos-muestran-campana-de-vacunacion-animal-en-santa-cruz,Fotos muestran campaña de vacunación animal en Santa Cruz,Engañoso
1297,,chequeabolivia.bo,https://chequeabolivia.bo/representantes-de-la-zona-sud-dan-la-espalda-cc-y-se-unen-al-mas,Representantes de la zona sud dan la espalda a CC y se unen al MAS,Engañoso
1298,,chequeabolivia.bo,https://chequeabolivia.bo/bolivision-mujer-denuncia-carlos-mesa-porque-utiliza-los-indigenas-solo-para-sacarse-fotos-y-videos,Bolivisión: Mujer denuncia a Carlos Mesa porque utiliza a los indígenas solo para sacarse fotos y vídeos,Engañoso
1299,,chequeabolivia.bo,https://chequeabolivia.bo/carlos-mesa-cero-nacionalizaciones-vamos-privatizar-las-empresas-estatales,"Carlos Mesa: Cero nacionalizaciones, vamos a privatizar las empresas estatales",Engañoso
1300,,chequeabolivia.bo,https://chequeabolivia.bo/encuesta-de-tu-voto-cuenta-no-incluye-voto-del-area-rural-ni-del-extranjero,Encuesta de Tu Voto Cuenta no incluye voto del área rural ni del extranjero,Engañoso
1301,,chequeabolivia.bo,https://chequeabolivia.bo/carlos-mesa-la-capitalizacion-ha-sido-la-medida-mas-inteligente,Carlos Mesa: “La capitalización ha sido la medida más inteligente”,Engañoso
1302,,chequeabolivia.bo,https://chequeabolivia.bo/en-enganoso-que-evo-morales-se-autodenomino-narcotraficante-y-asesino,En engañoso que Evo Morales se autodenominó narcotraficante y asesino,Engañoso
1303,,chequeabolivia.bo,https://chequeabolivia.bo/tuto-quiroga-votemos-por-carlos-mesa,Tuto Quiroga: “Votemos por Carlos Mesa”,Engañoso
1304,,chequeabolivia.bo,https://chequeabolivia.bo/juan-carlos-arana-habla-favor-de-luis-arce-catacora,Juan Carlos Arana habla a favor de Luis Arce Catacora,Engañoso
1305,,chequeabolivia.bo,https://chequeabolivia.bo/argentinos-empiezan-movilizaciones-para-pedir-que-evo-se-vaya-de-su-pais,Argentinos empiezan movilizaciones para pedir que Evo se vaya de su país,Engañoso
1306,,chequeabolivia.bo,https://chequeabolivia.bo/carlos-mesa-traiciona-la-paz-y-busca-el-traslado-de-poderes-sucre,Carlos Mesa traiciona a La Paz y busca el traslado de poderes a Sucre,Engañoso
1307,,chequeabolivia.bo,https://chequeabolivia.bo/ministro-fernando-lopez-se-controlara-el-voto-en-el-campo,Ministro Fernando López: “Se controlará el voto en el campo”,Engañoso
1308,,chequeabolivia.bo,https://chequeabolivia.bo/obligan-altenos-marchar-por-postergar-elecciones-del-6-de-septiembre,Obligan a alteños a marchar por postergar elecciones del 6 de septiembre,Engañoso
1309,,chequeabolivia.bo,https://chequeabolivia.bo/luis-larrea-y-anibal-cruz-se-opusieron-construccion-de-67-hospitales,Luis Larrea y Aníbal Cruz se opusieron a construcción de 67 hospitales,Engañoso
1310,,chequeabolivia.bo,https://chequeabolivia.bo/juntos-creemos-y-libre-21-acuden-la-oea-para-postergar-las-elecciones,"Juntos, Creemos y Libre 21 acuden a la OEA para postergar las elecciones",Engañoso
1311,,chequeabolivia.bo,https://chequeabolivia.bo/mesa-habla-de-su-alianza-con-juntos-e-invita-otros-partidos-sumarse,Mesa habla de su alianza con Juntos e invita a otros partidos a sumarse,Engañoso
1312,,chequeabolivia.bo,https://chequeabolivia.bo/organizaciones-sociales-firman-un-acuerdo-y-convocan-al-pueblo-para-defender-la-democracia,Organizaciones sociales firman un acuerdo y convocan al pueblo para defender la democracia,Engañoso
1313,,chequeabolivia.bo,https://chequeabolivia.bo/camacho-critica-al-gobierno-y-anez-le-responde-en-twitter,Camacho critica al Gobierno y Áñez le responde en Twitter,Engañoso
1314,,chequeabolivia.bo,https://chequeabolivia.bo/evo-morales-usa-su-helicoptero-para-ir-un-partido-de-futsal,Evo Morales usa su helicóptero para ir a un partido de futsal,Engañoso
1315,,chequeabolivia.bo,https://chequeabolivia.bo/evo-quiere-elecciones-nacionales,Evo quiere elecciones nacionales,Engañoso
1316,,chequeabolivia.bo,https://chequeabolivia.bo/gente-afin-al-mas-destroza-camara-de-desinfeccion,Gente afín al MAS destroza cámara de desinfección,Engañoso
1317,,chequeabolivia.bo,https://chequeabolivia.bo/carlos-mesa-planeo-el-ascenso-de-evo-morales,Carlos Mesa planeó el ascenso de Evo Morales,Engañoso
1318,,chequeabolivia.bo,https://chequeabolivia.bo/carlos-mesa-reconoce-que-en-bolivia-si-hubo-golpe-de-estado,Carlos Mesa reconoce que en Bolivia sí hubo golpe de Estado,Engañoso
1319,,chequeabolivia.bo,https://chequeabolivia.bo/diputados-de-argentina-resuelven-revocar-el-estatus-de-asilado-evo-morales,Diputados de Argentina resuelven revocar el estatus de asilado a Evo Morales,Engañoso
1320,,chequeabolivia.bo,https://chequeabolivia.bo/choque-confirma-el-regreso-de-evo-morales-al-pais,Choque confirma el regreso de Evo Morales al país,Engañoso
1321,,chequeabolivia.bo,https://chequeabolivia.bo/evo-morales-muestra-video-antiguo-para-mostrar-hechos-de-violencia-actuales,Evo Morales muestra video antiguo para mostrar hechos de violencia actuales,Engañoso
1322,,chequeabolivia.bo,https://chequeabolivia.bo/robert-de-niro-llama-dictador-y-asesino-evo-morales,Robert De Niro llama “dictador y asesino” a Evo Morales,Engañoso
1323,,chequeabolivia.bo,https://chequeabolivia.bo/la-onu-apoya-plenamente-el-resultado-de-las-elecciones-en-bolivia,La ONU apoya “plenamente” el resultado de las elecciones en Bolivia,Engañoso
1324,,chequeabolivia.bo,https://chequeabolivia.bo/evo-morales-viaja-la-habana-para-tratarse-un-problema-en-la-garganta,Evo Morales viaja a La Habana para tratarse un problema en la garganta,Engañoso
1325,,chequeabolivia.bo,https://chequeabolivia.bo/evo-ayuda-cuba-en-medio-de-incendios-en-el-oriente,Evo ayuda a Cuba en medio de incendios en el oriente,Engañoso
1326,,chequeabolivia.bo,https://chequeabolivia.bo/evo-morales-autorizo-el-desmonte-y-la-quema-del-bosque,Evo Morales autorizó el desmonte y la quema del bosque,Engañoso
1327,,chequeabolivia.bo,https://chequeabolivia.bo/el-nuevo-jefe-de-las-ffaa-se-declara-soldado-del-proceso-de-cambio,El nuevo jefe de las FFAA se declara soldado del proceso de cambio,Engañoso
1328,,chequeabolivia.bo,https://chequeabolivia.bo/presidenta-del-tse-asiste-parada-militar,Presidenta del TSE asiste a parada militar,Engañoso
1329,,chequeabolivia.bo,https://chequeabolivia.bo/mensaje-de-carlos-mesa-la-nacion-miseria-y-miedo,Mensaje de Carlos Mesa a la nación: Miseria y miedo,Engañoso
1330,,chequeabolivia.bo,https://chequeabolivia.bo/evo-admite-que-gonistas-siempre-fueron-sus-companeros,Evo admite que gonistas siempre fueron sus compañeros,Engañoso
1331,,chequeabolivia.bo,https://chequeabolivia.bo/evo-confiesa-ser-narcotraficante-y-asesino,Evo confiesa ser narcotraficante y asesino,Engañoso
1332,,chequeabolivia.bo,https://chequeabolivia.bo/datos-sobre-produccion-de-hoja-de-coca-en-bolivia,Datos sobre producción de hoja de coca en Bolivia,Engañoso
