id_registro,fuente_verificadora,url_origen,texto_crudo,categoria_original,label
1,chequeabolivia.bo,https://chequeabolivia.bo/es-verdad-que-la-nueva-directora-de-la-anh-fue-viceministra-de-evo-morales,"Es verdad que la nueva directora de la ANH fue viceministra de Evo Morales. Margot Ayala fue viceministra de Industrialización, Comercialización, Transporte y Almacenaje de Hidrocarburos desde 2017 hasta 2018. En TikTok circula que la nueva directora ejecutiva de la Agencia Nacional de Hidrocarburos (ANH), Margot Ayala, fue viceministra durante la gestión de Evo Morales ( 1 , 2 y 3 ). ChequeaBolivia verificó que la información es verdadera. Nuestro equipo confirmó la información tras buscar el nombre de la ejecutiva en publicaciones anteriores de medios de comunicación. Ayala fue viceministra de Industrialización, Comercialización, Transporte y Almacenaje de Hidrocarburos desde el 12 de julio de 2017, cargo que dependía del Ministerio de Hidrocarburos, durante la gestión del expresidente Evo Morales. En aquella ocasión, Ayala expresó su compromiso “por continuar con el proceso de cambio que vive el país, apoyando la industrialización que es uno de nuestros mayores retos y toda la política sectorial”, según una nota del periódico Opinión. La información también fue registrada en los portales del IBCE , la CBHE , Erbol , que publicaron notas y fotografías relacionadas. Captura de la nota de Erbol sobre la posesión de Ayala como Viceministra en 2017. De acuerdo con su perfil en LinkedIn , Ayala trabajó en ese Viceministerio hasta marzo de 2018. Después ocupó cargos en la Gerencia de Contratos de Exportación de Yacimientos Petrolíferos Fiscales Bolivianos (YPFB), y posteriormente impulsó emprendimientos ecológicos y artísticos, entre otros. Su actividad más reciente corresponde a una consultoría externa en el Banco Interamericano de Desarrollo (BID). No existen detalles públicos sobre su gestión como viceministra durante el Gobierno de Morales. ChequeaBolivia se contactó con el equipo de prensa de Ayala para obtener su versión. Hasta la fecha de esta publicación, no se recibió respuesta. Fuentes: Notas de prensa sobre la posesión de Ayala como viceministra disponibles en Opinión , IBCE , CBHE y Erbol Perfil profesional de Margot Ayala en LinkedIn Tags Margot Ayala ANH MAS Rodrigo Paz Tendencia Política Indeterminada Fecha Publicación Web Thu, 11/13/2025 - 08:53 Log in to post comments",Verdadero,Baja
2,chequeabolivia.bo,https://chequeabolivia.bo/garcia-linera-nunca-he-querido-ser-presidente-y-menos-vicepresidente,"García Linera: Nunca he querido ser presidente y menos vicepresidente. Los pasados días se estuvo viralizando la imagen que se reproduce a través de redes sociales en la que se lee una cita del vicepresidente Álvaro García Linera. Dicho texto es verdadero; sin embargo, corresponde a una entrevista de 2017. La declaración fue hecha por el Vicepresidente en una entrevista con Radio El Deber el 14 de febrero de 2017. Por tanto, que sea viralizada a más de dos años de su difusión, parece responder a una intención de manipulación. FUENTE: Radio El Deber Tags García Linera Log in to post comments",Verdadero,Baja
3,chequeabolivia.bo,https://chequeabolivia.bo/es-verdad-que-luis-arce-actualmente-gana-bs-24978-y-david-choquehuanca-bs-23591,"Es verdad que Luis Arce actualmente gana Bs. 24.978 y David Choquehuanca Bs. 23.591. Los datos de esta publicación difunden los salarios de 2019 y 2024 establecidos en los decretos supremos 3889 y 5155. Por Lucas Illanes En Facebook circula una publicación que muestra el aumento salarial de los más altos cargos ejecutivos del país: el presidente, vicepresidente y ministros. ChequeaBolivia verificó que se difunde información verdadera. La publicación compara cuánto aumentaron los salarios de estas autoridades desde 2019 hasta 2024 basándose en información recabada de decretos supremos 3889 y 5155 . Muestra que el sueldo del presidente del Estado, Luis Arce, aumentó de 24.251 en 2019 a 24.978 bolivianos en 2024; el del vicepresidente, David Choquehuanca, de 22.904 a 23.591 bolivianos; y el de los ministros, de 21.556 a 22.202 bolivianos. Para corroborar los datos, ChequeaBolivia revisó los decretos supremos 3889 y 5155 en la Gaceta Oficial del Estado y efectivamente, todas las cifras coinciden con los de la publicación. Ambos decretos son de incrementos salariales de funcionarios estatales, una promulgada en mayo de 2019 en la gestión del expresidente, Evo Morales, y otra en mayo de este año durante la gestión del presidente Arce. Esta medida corresponde a la decisión del Gobierno de incrementar en 5,85 por ciento el Salario Mínimo Nacional que corresponde a 2.500 bolivianos y el haber básico en 3 por ciento. Cabe aclarar que la publicación también presenta la diferencia entre los sueldos de estas autoridades entre 2019 y 2024. Aunque el sueldo del vicepresidente aumentó en 687 bolivianos y el de los ministros en 646 bolivianos, la publicación intercambia estas cifras. Esta falta de precisión no afecta la calificación de ""verdadero"" asignada por ChequeaBolivia. Fuentes: Decreto Supremo 3889 recabado de la Gaceta Oficial del Estado Decreto Supremo 5155 recabado de la Gaceta Oficial del Estado Nota publicada por el Ministerio de Economía y Finanzas Tags Luis Arce Catacora Economía David Choquehuanca Salario Tendencia Política Indeterminada Fecha Publicación Web Wed, 06/19/2024 - 17:18 Log in to post comments",Verdadero,Baja
4,chequeabolivia.bo,https://chequeabolivia.bo/el-video-viral-que-muestra-una-nina-recitar-un-poema-antiimperialista-en-el-aniversario-del-mas-es,"El video viral que muestra a una niña recitar un poema “antiimperialista” en el aniversario del MAS es verdadero. El hecho quedó registrado en las transmisiones en vivo de medios locales. El poema inicia así: “Maldito, gringo, imperialista, enfermo, capitalista”. Por Lucas Illanes Mediante Facebook, Tiktok y WhatsApp ( 1 , 2 , 3 , 4 , 5 ) se comparte un video en el que aparece una niña durante el aniversario del Movimiento Al Socialismo (MAS) recitando ante una multitud y líderes de este partido político un poema “antiimperialista” que comienza de la siguiente manera: “Maldito, gringo, imperialista, enfermo, capitalista”. ChequeaBolivia verificó que se trata de un video real. Tras una revisión a la transmisión en vivo de Radio Kausachun Coca por el aniversario del MAS celebrado el pasado domingo en Ivirgarzama, se comprobó que la niña empezó a recitar este poema a partir del minuto 29. En otra transmisión del evento difundida por Radio Carrasco también se escucha a la menor recitar el poema que compartieron los usuarios. El poema recitado es el siguiente: “Maldito gringo imperialista Enfermo, capitalista, fascista, racista, colonialista, golpista, imperialista Enemigo de la humanidad, mataste los sueños de la humanidad Armaste soldados en contra de la sociedad Sudamérica en su integridad clama libertad Hermanos originarios milenarios, hermanos originarios contemporáneos La patria nos llama, amenazado al exterminio, hay que salvar con honor y valor Somos anticapitalistas, somos antiimperialistas, Nunca nos rendimos, jamás nos rendiremos Revolución democrática cultural para salvar a la humanidad de la crisis social Paz con justicia social América Plurinacional Qué viva Evo Morales Qué viva el Estado Plurinacional”. Durante el evento, el maestro de ceremonias anunció a la menor con su nombre y su unidad educativa, lo que también se difunde por los medios mencionados. La grabación muestra que la niña recita el poema en presencia del presidente del Estado Luis Arce, el vicepresidente David Choquehuanca, el senador Andrónico Rodríguez, el expresidente Evo Morales, y otras figuras públicas del MAS. Fuentes: Transmisión en vivo de Radio Kausachun Coca archivada en Archive.li Transmisión en vivo de Radio Carrasco archivada en Archive.li Tags MAS Tendencia Política No simpatizantes del MAS Fecha Publicación Web Tue, 03/28/2023 - 17:03 Log in to post comments",Verdadero,Baja
5,chequeabolivia.bo,https://chequeabolivia.bo/index%2ephp/es-verdadero-el-tuit-del-presidente-electo-de-chile-donde-afirma-que-en-bolivia-hubo-golpe-en-2019,"Es verdadero el tuit del presidente electo de Chile donde afirma que en Bolivia hubo “golpe” en 2019. El tuit fue publicado el 10 de noviembre de 2019 en la cuenta verificada del presidente electo de Chile. En las redes sociales circula una imagen de un supuesto tuit del presidente electo de Chile, Gabriel Boric Font, acompañada del siguiente texto: “Terrible lo de Bolivia. Los golpes de Estado y la intervención militar nunca son las soluciones a crisis institucionales. Repudio absoluto al golpe en país hermano. Ojalá en nuestro país nadie vuelva a validar esta via para resolver nuestros problemas políticos”. ChequeaBolivia verificó que se trata de un contenido verdadero. ChequeaBolivia realizó una revisión en la cuenta oficial de Twitter de Boric y constató que, el 10 de noviembre de 2019, publicó dicha información a través de su cuenta de Twitter verificada. Terrible lo de Bolivia. Los golpes de Estado y la intervención militar nunca son las soluciones a crisis institucionales. Repudio absoluto al golpe en país hermano. Ojalá en nuestro país nadie vuelva a validar esta via para resolver nuestros problemas políticos. — Gabriel Boric Font (@gabrielboric) November 10, 2019 La captura de la imagen circula después de que el diputado José Manuel Ormachea de Comunidad Ciudadana solicitara que el presidente electo de Chile “reconozca que Evo Morales renunció producto del fraude que cometió”. Debemos demandarle al nuevo Pdte. de Chile @gabrielboric que reconozca que Evo Morales renunció producto del fraude que cometió.El Estado chileno reconoció la legalidad del Gobierno Transitorio 2019-2020 en Bolivia. Es un deber de todo Pdte. de Chile reafirmar ese reconocimiento. — José Manuel Ormachea ?? (@JoseMOrmachea) December 20, 2021 FUENTE: Revisión de la cuenta oficial de Twitter del presidente electo de Chile, Gabriel Boric Font Revisión hemerográfica Tags Gabriel Boric Tendencia Política Simpatizantes del MAS Fecha Publicación Web Tue, 12/21/2021 - 16:03 Log in to post comments",Verdadero,Baja
6,chequeabolivia.bo,https://chequeabolivia.bo/es-verdad-que-barrientos-y-ormachea-de-comunidad-ciudadana-se-vacunaron-fuera-del-rango-de-edad,"Es verdad que Barrientos y Ormachea de Comunidad Ciudadana se vacunaron fuera del rango de edad. Ambos asambleístas están registrados como vacunados en el Sistema Único de Salud. En Facebook y Twitter circulan carnets de vacunación de los asambleístas de Comunidad Ciudadana (CC), Andrea Barrientos y José Manuel Ormachea, ambos de 32 años de edad, indicando que habrían sido inmunizados contra el coronavirus. ChequeaBolivia constató que se trata de información verdadera. ChequeaBolivia mediante el escaneo del código QR del carnet de vacunación que circulaba en Twitter con los datos de la senadora Andrea Barrientos constató que el documento era real. El código QR condujo al sitio web del Sistema Único de Salud (SUS) donde se encuentran las fichas de vacunación de todos los ciudadanos inmunizados en el país, mediante el que se corroboró que Barrientos fue vacunada el 1 de junio en el Centro de Salud Integral “Asistencia Pública”; cuando para la fecha los únicos habilitados para vacunarse según el Ministerio de Salud y Deportes eran las personas mayores de 40 años, o que presentaran enfermedades de base, además de policías, maestros, choferes del transporte público urbano, periodistas y personal de salud, trabajadores que presentan mayores posibilidades de contagio. ChequeaBolivia contactó a Barrientos para consultar bajo qué motivo se la inmunizó, a lo que la senadora aseguró que la habían vacunado en la Cámara de Senadores, y no respondió más interrogantes. Por lo tanto, ChequeaBolivia se contactó con la Unidad de Comunicación de la Cámara de Senadores para corroborar la versión de Barrientos, pero se derivó la consulta a la Dirección Social de la Cámara, desde dónde nuevamente derivaron la consulta a la Unidad de Comunicación, quienes ya no contestaron. Del mismo modo, en Facebook circulaba el carnet de vacunación del diputado de CC, José Manuel Ormachea , de también 32 años, cuya búsqueda en el sitio web del SUS certifica su vacunación el 26 de mayo, el mismo día que, según el Viceministerio de Comunicación, iniciaba la vacunación a mayores de 40 años y/o los trabajadores antes mencionados. Mediante una publicación en su página de Facebook, Ormachea aseguró que se vacunó en la Cámara de Diputados bajo el criterio de la aglomeración que existe en el hemiciclo de la Asamblea. Además, mediante su cuenta de Twitter compartió la imagen de un comunicado de la Oficialía Mayor, que mediante la Dirección de Recursos Humanos de la Cámara de Diputados instruyó que el 15 de junio se aplicaría la segunda dosis de la vacuna de Sinopharm a quienes recibieron la primera dosis el 26 de mayo. (*) En contacto con ChequeaBolivia, Ormachea señaló que tanto diputados de oposición como del oficialismo fueron vacunados sin importar el rango de edad, tras gestiones realizadas por el presidente de la Cámara de Diputados, Freddy Mamani para habilitar un punto de vacunación. Recalcó que su vacunación no fue ilegal, sino todo lo contrario. Para los que me acusan de haberme vacunado ""ilegalmente"". Acá la prueba de que no es así. pic.twitter.com/Bf5VytkZui — José Manuel Ormachea ?? (@JoseOrmi) June 15, 2021 (*) ChequeaBolivia incluye este cambio en la nota publicada a solicitud del diputado de Comunidad Ciudadana (CC), José Ormachea a las 17:42 del 16 de junio de 2021, en contacto con ChequeaBolivia. FUENTES Ministerio de Salud y Deportes – Bolivia Segura Página de Facebook del Viceministerio de Comunicación Servicio Único de Salud Andrea Barrientos Página de Facebook de José Manuel Ormachea Cuenta de Twitter de José Manuel Ormachea Tags Vacunación Tendencia Política Simpatizantes del MAS Fecha Publicación Web Wed, 06/16/2021 - 14:34 Log in to post comments",Verdadero,Baja
7,chequeabolivia.bo,https://chequeabolivia.bo/es-verdad-que-el-sistema-nacional-de-informacion-en-salud-registro-evaliz-morales-como-vacunada,"Es verdad que el Sistema Nacional de Información en Salud registró a Evaliz Morales como vacunada contra el COVID-19. El código QR dirige a un enlace del Registro Nominal de Vacunación Electrónica del Sistema Nacional de Información en Salud. Por Lucas Illanes En Facebook y Twitter circula una imagen de un carnet de vacunación Covid- 19  mostrando que la hija del expresidente Evo Morales, Evaliz Morales Alvarado, de 26 años, recibió su primera dosis. ChequeaBolivia verificó que la información es verdadera. La imagen que se comparte en Facebook no permitía ver todos los detalles debido a su baja resolución. Tras una búsqueda en Twitter, ChequeaBolivia constató que una usuaria publicó otra imagen que muestra con más claridad otros elementos, como ser el código QR. El escaneo de este código dirige a un enlace del Registro Nominal de Vacunación Electrónica del Sistema Nacional de Información en Salud, en el que se establece que se vacunó a Evaliz Morales en la Caja Bancaria Estatal de Salud – “Clinica Modelo La Paz"" con la primera dosis de la vacuna Sputnik-V. La fecha de la vacunación es del 24 de mayo 2021. La página web de la Caja Bancaria Estatal de Salud indica en un comunicado del 24 de mayo que se vacuna a personas de 40 a  mayores a 60 años “con o sin patologías de base”. Para asegurar que se trata de la hija de Morales de 26 años de edad, ChequeaBolivia verificó que la fecha de nacimiento de la persona registrada como vacunada  (24.09.1994) coincide con la información brindada de medios de comunicación en anteriores ocasiones ( 1 , 2 y 3 ). La última disposición del Gobierno establece que de acuerdo a lo programado sólo las personas mayores de 40 años y choferes del transporte público pueden vacunarse. El Gobierno permite que otros sectores como ser periodistas, personal médico, policías y personas con enfermedad de base, entre otros, también acudan a los centros de vacunación. ChequeaBolivia se contactó con Evaliz Morales vía Twitter, quien es funcionaria pública de la Procuraduría General del Estado , para pedir aclaraciones al respecto. Hasta el momento de esta publicación, no se obtuvo una respuesta. Fuentes: Enlace del Registro Nominal de Vacunación Electrónica del Sistema Nacional de Información en Salud registrado con archive.today Revisión hemerográfica ( 1 , 2 y 3 ) Página web del Viceministerio de Comunicación página web de la Caja Bancaria Estatal de Salud Tuit del procurador general del Estado, Wilfredo Chávez Tags Evaliz Morales Fecha Publicación Web Sun, 06/13/2021 - 13:07 Log in to post comments",Verdadero,Baja
8,chequeabolivia.bo,https://chequeabolivia.bo/index%2ephp/es-verdad-que-el-ministerio-de-gobierno-publico-que-diputado-colque-de-40-anos-es-de-la-tercera,"Es verdad que el Ministerio de Gobierno publicó que diputado Colque de 40 años es de la “tercera edad”. La información fue editada aunque sigue visible debido a que se observa en el historial de cambios que se hizo en una publicación. Por Lucas Illanes En Twitter circula información indicando que el diputado del Movimiento Al Socialismo (MAS), Antonio Colque, de 40 años “aparece como persona de la tercera edad” en una publicación del Ministerio de Gobierno. ChequeaBolivia verificó que la información es verdadera. Varios medios de comunicación registraron, el 8 de junio, en una sesión de la Asamblea Legislativa, a la que asistió el ministro de Gobierno, Eduardo del Castillo, para una interpelación, una pelea entre legisladores del oficialismo y la oposición. A través de una revisión de la página de Facebook del Ministerio de Gobierno, ChequeaBolivia verificó que la entidad estatal publicó lo siguiente : “ El senador por Creemos, Henry Cabrera, se abalanzó a los puños sobre un diputado de la tercera edad, el diputado Colque, representante de los pueblos indígenas, quien se encuentra con golpes en su integridad”. Posteriormente, se editó esta información aunque sigue visible debido a que se observa en el historial de cambios que se hizo en una publicación. Distintos medios de comunicación también informaron que Colque era una persona de la tercera edad ( 1 , 2 , 3 y 4 ). De acuerdo a la Ley General de las Personas Adultas Mayores , son adultas mayores las personas que tienen “sesenta (60) o más años”. Consultado por el tema, Colque aseguró a ChequeaBolivia que la información que circula es “falsa”. “ Tengo 40 años”, afirmó. Además, la página web de la Cámara de Diputados señala que Colque nació el 8 Marzo de 1981 . Fuentes: Publicación de la página de Facebook del Ministerio de Gobierno recabado del historial de cambios Ley General de las Personas Adultas Mayores Diputado Antonio Colque Página web de la Cámara de Diputados Publicaciones de medios de comunicación ( 1 , 2 , 3 y 4 ) Tags Ministerio de Gobierno Fecha Publicación Web Thu, 06/10/2021 - 14:49 Log in to post comments",Verdadero,Baja
9,chequeabolivia.bo,https://chequeabolivia.bo/index%2ephp/camara-de-diputados-borra-un-tuit-que-muestra-lidia-patty-aprobando-ley-de-prorroga-de-mandato,"Cámara de Diputados borra un tuit que muestra a Lidia Patty aprobando ley de “prórroga de mandato constitucional” que incluía a Áñez. El tuit eliminado se publicó el 17 de enero del 2020 y quedó registrado en WayBack Machine Por Lucas Illanes En Facebook circula la información de que la cuenta de Twitter de la Cámara de Diputados de Bolivia eliminó un tuit que anunciaba la sanción por unanimidad de la “Ley Excepcional de Prórroga de Mandato Constitucional de Autoridades Electas”, entre las que se incluía a Jeanine Áñez.  ChequeaBolivia verificó que es información verdadera. Tras una revisión a la cuenta de oficial de esta instancia legislativa , se constató que el tuit no está disponible. Sin embargo, el tuit quedó registrado con una herramienta, Wayback Machine, que sirve para almacenar contenidos que pueden ser eliminados. El tuit fue publicado el 17 de enero del 2020. En estas fotografías aparece la exdiputada del MAS Lidia Patty levantando la mano. Patty inició un proceso penal que denuncia  un “golpe de Estado”. “El pleno de la Cámara de Diputados sanciona por unanimidad la ‘Ley Excepcional de Prórroga de Mandato Constitucional de Autoridades Electas’”, anunció la cuenta en esa ocasión . Captura del  tuit eliminado que fue recuperado de WayBack Machine. Varios medios replicaron esta información pues esta ley incluía la prórroga de mandato de la expresidenta Jeanine Áñez  ( 1 , 2 , 3 y 4 ). Posteriormente esta norma fue promulgada por Áñez y permanece en la Gaceta Oficial de Bolivia . En su artículo 4 se establece: “ Excepcionalmente se prorroga el mandato de la Presidenta del Estado Plurinacional, las y los Asambleístas de la Asamblea Legislativa Plurinacional y las Autoridades Electas de las Entidades Territoriales Autónomas elegidas para el periodo 2015-2020 hasta la posesión de las nuevas autoridades para el periodo 2020-2025”. Fuentes: Cuenta de Twitter de la Cámara de Diputados Tuit eliminado recuperado de WayBack Machine Revisión de hemeroteca ( 1 , 2 , 3 y 4 ) Gaceta Oficial de Bolivia Tags Cámara de Diputados Tendencia Política No simpatizantes del MAS Fecha Publicación Web Wed, 03/17/2021 - 12:06 Log in to post comments",Verdadero,Baja
10,chequeabolivia.bo,https://chequeabolivia.bo/arce-si-reconocio-anez-como-presidenta-transitoria-constitucional-durante-una-entrevista-en-2020,"Arce sí reconoció a Áñez como presidenta “transitoria constitucional” durante una entrevista en 2020. “Es transitoria constitucional"", respondió en una entrevista el 21 de mayo 2020. En Facebook se comparte un video  en el que se observa al presidente del Estado, Luis Arce Catacora, en una entrevista afirmando que la expresidenta, Jeanine  Áñez, es “transitoria constitucional”. ChequeaBolivia verificó que el contenido es verdadero. Se trata una entrevista a Arce cuando era candidato presidencial en un programa  televisivo emitido el 21 de mayo 2020 y conducido por la periodista Jimena Antelo. La entrevista se subió a YouTube en el canal “No Mentiras PAT”. A partir del min 40 y 54’’ del video , se escucha que Antelo pregunta a Arce si Áñez “es presidenta constitucional o de facto” en cuatro oportunidades, a lo que él respondió: “Es transitoria constitucional”. A continuación se muestra el fragmento del video. La jueza Regina Santa Cruz  decidió  el domingo (14.03.2021) enviar a la expresidenta Jeanine Áñez y  a dos exministros  a prisión preventiva durante cuatro meses por el caso “Golpe de Estado” ( 1 , 2 , y 3 ). Fuentes: Entrevista de Luis Arce en No Mentirás Revisión de hemeroteca ( 1 , 2 , y 3 ) Tags Luis Arce Catacora Tendencia Política No simpatizantes del MAS Fecha Publicación Web Tue, 03/16/2021 - 16:31 Log in to post comments",Verdadero,Baja
11,chequeabolivia.bo,https://chequeabolivia.bo/index%2Ephp/es-verdad-que-la-defensoria-del-pueblo-elimino-un-tuit-que-sugeria-la-renuncia-de-morales-y-linera,"Es verdad que la Defensoría del Pueblo eliminó un tuit que sugería la renuncia de Morales y Linera en 2019. Herramienta digital que sirve para almacenar contenidos que pueden ser eliminados confirma que el tuit es real y fue publicado  el 10 de noviembre de 2019. En Twitter y Facebook circula la información de que la Defensoría del Pueblo eliminó un tuit que pedía la renuncia del expresidente Evo Morales, y el exvicepresidente Álvaro García Linera. ChequeaBolivia verificó que se trata de información verdadera. A través del uso de la herramienta digital Wayback Machine , que sirve para almacenar contenidos que pueden ser eliminados; ChequeaBolivia verificó que el tuit es real y fue publicado  el 10 de noviembre de 2019. “Apelando el compromiso con la Patria, se sugiere al Primer Mandatario y al vicepresidente del Estado, considerar la dimisión de su cargo para lograr la pacificación del Estado Plurinacional de Bolivia”, publicó la cuenta oficial de la Defensoría en ese entonces. Captura del tuit de la Defensoría del Pueblo almacenado en Wayback Machine. La jueza Regina Santa Cruz  decidió  ayer (15.03.2021) enviar a la expresidenta Jeanine Áñez y  a dos exministros  a prisión preventiva durante cuatro meses por el caso “Golpe de Estado” ( 1 , 2 , y 3 ). Fuentes: Archivo de Wayback Machine Cuenta oficial de Twitter de la Defensoría del Pueblo Revisión hemerográfica ( 1 , 2 , y 3 ) Tags Defensoría del Pueblo Tendencia Política Imagen Fecha Publicación Web Mon, 03/15/2021 - 09:31 Log in to post comments",Verdadero,Baja
12,chequeabolivia.bo,https://chequeabolivia.bo/el-sello-de-no-voto-es-parte-del-procedimiento-oficial-de-los-jurados-electorales,"El sello de “NO VOTÓ” es parte del procedimiento oficial de los Jurados Electorales. Se deben marcar los certificados de sufragio no reclamados. En las redes sociales circula la imagen de un certificado de sufragio con un sello de “NO VOTÓ” en la parte posterior. ChequeaBolivia constató que se trata de un procedimiento verdadero. ChequeaBolivia revisó las normas de procedimiento de las mesas electorales y confirmó que en el tercer sobre que los Jurados Electorales deben entregar al final de la jornada debe contener los certificados de sufragrio anulados con el sello de “NO VOTÓ” como figura en la imagen que se comparte. Además, en la página 39 del documento oficial de Guía para Jurados Electorales del Órgano Electoral Plurinacional (OEP), se detalla todo lo que deben entregar una vez concluido el día de votación. Documento oficial del Órgano Electoral Plurnacional FUENTE: Página web del Órgano Supremo Electoral Tags Tribunal Supremo Electoral Tendencia Política Indeterminada Fecha Publicación Web Sun, 03/07/2021 - 19:01 Log in to post comments",Verdadero,Baja
13,chequeabolivia.bo,https://chequeabolivia.bo/imagen-que-circula-con-rango-de-multas-por-faltas-electorales-es-verdadera,"Imagen que circula con rango de multas por faltas electorales es verdadera. El reglamento de faltas y sanciones del TSE establece el mismo rango de multas. En Facebook y WhatsApp circula una publicación en la que se difunde las multas que se aplicarán por no emitir el voto, no estar inscrito en el padrón electoral y por estar ausente en la mesa de sufragio siendo jurado electoral. ChequeaBolivia advierte que se trata de información verdadera. ChequeaBolivia a través de una revisión en el Reglamento de faltas electorales y sanciones del Órgano Electoral Plurinacional (OEP) , corroboró que la sanción económica por no emitir el voto es del 10% de un sueldo mínimo (Bs212); por no estar registrado en el padrón electoral de 20% (Bs424 Bs), y por estar ausente o incumplir los horarios de la mesa de sufragio siendo jurado electoral del 30 % (Bs637). FUENTES: OEP Tags Elecciones subnacionales 2021 Fecha Publicación Web Sun, 03/07/2021 - 13:41 Log in to post comments",Verdadero,Baja
14,chequeabolivia.bo,https://chequeabolivia.bo/la-carta-en-la-que-andrea-cornejo-renuncia-ser-militante-de-solbo-y-su-candidatura-como-asambleista,"La carta en la que Andrea Cornejo renuncia a ser militante de Sol.BO y a su candidatura como asambleísta es verdadera. Cornejo brindará declaraciones al respecto en los próximos días. En WhatsApp circula la imagen de una carta firmada por la concejal de la ciudad de La Paz, Andrea Cornejo, en la que renuncia a su militancia en Soberanía y Libertad (Sol.Bo) y a su candidatura como asambleísta departamental de La Paz. ChequeaBolivia verificó que se trata de un contenido verdadero. ChequeaBolivia se contactó con el área de Comunicación de Cornejo quien confirmó que se trata de una carta verídica. Por su parte, en contacto con este medio, la concejal indicó que de momento no emitirá declaraciones sobre el tema y que la siguiente semana atenderá a la prensa. En la misiva, Cornejo aclara que no tuvo problemas de carácter personal con los militantes del partido y que, al contrario, llegó a “buenos acuerdos”. La renuncia de la concejal con fecha del 17 de febrero de 2021, se hace pública luego de que se denunciara que apoya en la campaña electoral al candidato de Somos Pueblo, Iván Arias. Fuente: Comunicación de la Concejal Andrea Cornejo Concejal Andrea Cornejo Revisión hemerográfica Tendencia Política Indeterminada Fecha Publicación Web Sun, 02/21/2021 - 16:03 Log in to post comments",Verdadero,Baja
15,chequeabolivia.bo,https://chequeabolivia.bo/index%2ephp/el-mas-resuelve-revisar-hojas-de-vida-de-funcionarios-para-evitar-infiltrados-de-la-oposicion,"El MAS resuelve revisar hojas de vida de funcionarios para evitar infiltrados de la oposición. El vicepresidente del MAS confirmó la información. En las redes sociales circula la fotografía de las presuntas determinaciones de un ampliado del Movimiento al Socialismo (MAS), en las que se instruye la revisión de las hojas de vida de los funcionarios públicos, para evitar que existan infiltrados de la oposición que dañen la imagen del actual gobierno. ChequeaBolivia constató que se trata de información verdadera. ChequeaBolivia contactó al vicepresidente del MAS, Gerardo García, quien confirmó la veracidad del documento. García explicó que se trata de una determinación tomada en un ampliado del MAS enfocada en dar oportunidad a la militancia que nunca tuvo un cargo en la función pública, y que la repartición encargada de esta labor de verificación es el Viceministerio de Coordinación con los Movimientos Sociales y las dirigencias departamentales del MAS. Ante la consulta de ChequeaBolivia sobre quienes son las personas que según el MAS no deberían ser funcionarios públicos, García declaró: “Aquellos que realmente nos han hecho la vida imposible, aquellos que han participado trancando las calles, aquellos que han participado maltratando a nuestros compañeros, discriminando, quemando la bandera, la Whipala, los símbolos patrios, aquella gente que ha hecho daño, han quemado casas, órganos electorales, todos aquellos que han participado en esos actos”. FUENTES: Vicepresidente del MAS, Gerardo García. Tags MAS Tendencia Política Indeterminada Log in to post comments",Verdadero,Baja
16,chequeabolivia.bo,https://chequeabolivia.bo/nils-quinteros-y-chunoman-participaron-en-acto-de-campana-del-mas,"Nils Quinteros y “Chuñoman” participaron en acto de campaña del MAS. Hay fotografías oficiales y videos en medios de comunicación que registraron la asistencia de ambos. En las redes sociales circula una fotografía en la que se observa a la senadora del Movimiento al Socialismo (MAS) Adriana Salvatierra y, detrás de ella, sentados al cantante y modelo Nils Quinteros y al comediante Younn, conocido popularmente como ‘Chuñoman’, afirmando que ambos habrían participado de un acto de campaña del MAS. ChequeaBolivia comprobó que se trata de información verdadera. ChequeaBolivia a través de una revisión en las redes sociales constató que, en la página de Facebook oficial del candidato a senador por el MAS Andrónico Rodríguez fueron publicadas fotografías en las que ambas personas posan junto a candidatos y dirigentes de dicho partido. Además, Quinteros aparece en un video del periódico digital Erbol , que registró el acto proselitista. FUENTES: Cuenta de Facebook de Andrónico Rodríguez Periódico digital Erbol Tags Elecciones 2020 Tendencia Política No simpatizantes del MAS Log in to post comments",Verdadero,Baja
17,chequeabolivia.bo,https://chequeabolivia.bo/huarachi-estuvo-en-el-cierre-de-campana-del-mas,"Huarachi estuvo en el cierre de campaña del MAS. Una nota televisiva muestra a Huarachi en el cierre de campaña del MAS. En las redes sociales circula una fotografía del secretario ejecutivo de la Central Obrera Boliviana (COB), Juan Carlos Huarachi, rodeado de exautoridades del gobierno de Evo Morales, con una descripción acusándolo de haber asistido al cierre de campaña del Movimiento al Socialismo (MAS) en El Alto, en octubre de 2019. ChequeaBolivia constató que se trata de información verdadera. ChequeaBolivia, a través de una revisión hemerográfica, evidenció que, en una nota televisiva de Meganoticias (Chile), se puede ver a Huarachi rodeado de miembros del gobierno de Morales y militantes del MAS en el cierre de campaña que realizó dicho partido en la ciudad de El Alto, el 16 de octubre de 2019, en miras de las elecciones generales que se celebrarían ese año. FUENTES: Revisión hemerográfica Meganoticias – Chile Tags Elecciones 2020 Tendencia Política No simpatizantes del MAS Log in to post comments",Verdadero,Baja
18,chequeabolivia.bo,https://chequeabolivia.bo/esther-morales-acudia-al-programa-del-compadre-palenque-cuando-evo-era-dirigente,"Esther Morales acudía al programa del compadre Palenque cuando Evo era dirigente. Esther Morales acudió al programa Tribuna Libre que era conducido por Carlos Palenque para denunciar la desaparición de su hermano, Evo Morales, cuando era dirigente. En Facebook circula un video en el que se observa a la recientemente fallecida hermana de Evo Morales, Esther Morales, en Tribuna Libre, un programa que conducía Carlos Palenque Avilés, más conocido como El Compadre, jefe del partido Conciencia de Patria (Condepa). En el texto que acompaña la imagen se afirma que Esther Morales no ocupó cargos públicos e intentaron quemar su casa durante los conflictos de octubre de 2019. ChequeaBolivia verificó que la información es verdadera. ChequeaBolivia realizó una búsqueda de videos y constató que parte del programa del Compadre Palenque en el que Esther Morales aparece haciendo una denuncia por la desaparición de Evo Morales durante su época de dirigente en un video producido como homenaje a la fecha de nacimiento del jefe de Condepa. En tanto, en revisiones hemerográficas también se constató que Esther Morales no ocupó cargos públicos durante el Gobierno de Morales, aunque sí participó en actividades públicas de apoyo a emigrantes bolivianos en España, por los derechos de la mujer en Reino Unido y a favor de la demanda marítima en Chile. El 9 de noviembre de 2019, un grupo de manifestantes atacó  la casa de Ester Morales Ayma en Oruro y quemó parte del inmueble. El caso fue denunciado por medios de comunicación y también el exmandatario lo hizo a través de su cuenta de Twitter. Fuente: Video en conmemoración al nacimiento de Carlos Palenque Avilés Revisión Hemerográfica Herramientas digitales de búsqueda Tags Evo Morales Tendencia Política Simpatizantes del MAS Log in to post comments",Verdadero,Baja
19,chequeabolivia.bo,https://chequeabolivia.bo/un-cabildo-nacional-digital-amenaza-al-organo-electoral-con-pedir-la-destitucion-de-sus-autoridades,"Un “cabildo nacional digital” amenaza al Órgano Electoral con pedir la destitución de sus autoridades si no invita a sus líderes. Uno de los organizadores corroboró la información que se comparte en las redes sociales. En las redes sociales circula una imagen que recopila las conclusiones a las que llegó el autodenominado Cabildo Nacional Digital, organizado el pasado 16 de agosto por ciudadanos de todo el país. ChequeaBolivia constató que se trata de información verdadera. ChequeaBolivia contactó al excandidato a la presidencia por el Movimiento Nacionalista Revolucionario (MNR) y uno de los organizadores, Virginio Lema, quien afirmó que la imagen recopilatoria con las determinaciones del cabildo es verdadera. “Todos nos hemos autoconvocado, yo me he autoconvocado, igual que otros miles de bolivianos. Se ha compartido en más de 50.000 páginas, hemos tenido más de 200.000 mensajes solamente en las 6 páginas que hemos transmitido, y de ahí otros miles de mensajes seguramente”, aseveró Lema. En la lista de conclusiones que conformó el cabildo, se destacan además las que exigen a la Fiscalía General del Estado y al Órgano Electoral Plurinacional cumplir sus peticiones en los plazos solicitados, amenazando con tomar acciones legales contra las autoridades de dichas instituciones y desconocerlas. Además de convocar al denominado ‘Verdadero Pacto Social’ para conciliar las diferencias entre bolivianos, y exigir a las autoridades que se elijan en las próximas elecciones acatar las decisiones adoptadas. FUENTES: Virginio Lema Página de Facebook: Virginio Lema Trigo Tags Elecciones 2020 Tendencia Política Indeterminada Log in to post comments",Verdadero,Baja
20,chequeabolivia.bo,https://chequeabolivia.bo/sanchez-berzain-marincovic-debe-pedir-la-presidente-la-restitucion-de-la-republica,"Sánchez Berzaín: Marincovic debe pedir a la presidente la restitución de la República. El exministro dio a conocer su opinión durante el programa de PAT. En las redes sociales circula una publicación en la que se informa que Carlos Sánchez Berzaín, polémico ex ministro de Estado, cree que Branko Marincovic, recientemente nombrado ministro de Planificación del Desarrollo, debe pedir a la presidenta, Jeanine Áñez, restituir la Constitución Política de la República de 1967 con reforma en 1994. ChequeaBolivia constató que se trata de información verdadera. ChequeaBolivia realizó una revisión de la entrevista completa que Jimena Antelo, del programa “No Mentirás”, hizo a Sánchez Berzaín el 5 de agosto, en la que se evidenció que el entrevistado dice lo que repoduce la publicación viral. Las palabras exactas de Sáchez Berzaín fueron: “Yo espero que Branko, con su experiencia en el exilio, le pida a la presidenta que mañana, por ser el día de la patria, le regale a Bolivia el reconocimiento de la vigencia de la Constitución Política de 1967 reformada en 1994”. FUENTE: Programa “No Mentirás” Tendencia Política Indeterminada Log in to post comments",Verdadero,Baja
21,chequeabolivia.bo,https://chequeabolivia.bo/elon-musk-felicito-bolivia-por-expulsar-evo-morales,"Elon Musk felicitó a Bolivia por expulsar a Evo Morales. El tuit fue publicado por Musk. En las redes sociales circula la captura de una felicitación del multimillonario sudafricano, nacionalizado canadiense y estadounidense Elon Musk, a un tuit que afirma que el pueblo boliviano expulsó al expresidente Evo Morales. ChequeaBolivia constató que se trata de información verdadera. ChequeaBolivia a través de una revisión en la cuenta de Twitter de Musk evidenció que el usuario ‘I like Teslas’ publicó un tuit en respuesta al empresario el pasado 25 de julio, que traducido al español refiere: “Soy de Bolivia, por favor visite y no. La gente se puso de pie y paralizó el país durante 21 días. Sacamos a Evo Morales, el dictador. Cometió fraude (dos veces) y estuvo en el poder durante 14 años cuando solo es legal hacerlo durante 5”. Musk al respecto respondió “¡Lo sé! ¡Felicitaciones a la gente de Bolivia!”. Anteriormente ChequeaBolivia ya verificó otro tuit de Musk que se hizo viral, en el que respondió a un usuario de Twitter que acusaba a Estados Unidos de haber organizado un golpe de estado en Bolivia para hacerse con las reservas de litio en el país. I know! Congratulations to the people of Bolivia ??!! — Elon Musk (@elonmusk) July 26, 2020 FUENTES: Revisión hemerográfica Cuenta de Twitter de Elon Musk Tags Elon Musk Tendencia Política Simpatizantes del MAS Log in to post comments",Verdadero,Baja
22,chequeabolivia.bo,https://chequeabolivia.bo/index%2Ephp/excandidato-de-fpv-que-critica-al-mas-hizo-campana-por-el-si-en-2016,"Excandidato de FPV que critica al MAS hizo campaña por el SÍ en 2016. El video que circula fue publicado el 3 de febrero del 2016 por la red Unitel. En Facebook circula un video informando que el excandidato de Frente Para la Victoria (FPV) y exfiscal departamental de Santa Cruz, Jaime Soliz, hizo campaña a favor del SÍ en el Referéndum Constitucional de Bolivia del 2016. Actualmente Soliz critica  al Movimiento Al Socialismo (MAS) mediante sus redes sociales. Chequea Bolivia anuncia que se trata de información verdadera. Mediante el uso de herramientas digitales, ChequeaBolivia verificó que el video fue publicado el 3 de febrero del 2016 por la red Unitel. El él Soliz pide votar a favor de la reelección del expresidente Morales. “Yo creo que el SÍ es tan contundente porque no existe proyecto político que pueda anteponerse a este proyecto que dirige el presidente Evo Morales (…) Ya se vio que, en 10 años de gestión, ha trasformado el país y hemos crecido un 50 por ciento”, declara en el video. Asimismo, ChequeaBolivia, a través de una revisión hemerográfica, constató que Soliz fue candidato presidencial por FPV el 2 marzo 2020 y viajó a Buenos Aires para gestionar una orden de aprehensión contra Morales. Después de una semana renunció a su candidatura porque consideró que “no se puede seguir dispersando el voto"". Actualmente, el exfiscal mantiene una página en Facebook “Jaime Soliz Phiel”.  Ayer, 21 de julio, publicó un video con el siguiente texto: “Hay que acabar con el MAS. Hemos sido muy indulgentes. No puede seguir secuestrado el país de 11 millones de bolivianos por una secta política irresponsable que busca caos y muerte”. En una entrevista con El Deber, Soliz declaró, en marzo, que “no acepto que nadie me vincule con el MAS”. Chequea Bolivia se contactó con él, sin embargo, hasta el momento de esta publicación, no se pronunció al respecto. Fuentes: Canal de Youtube de la red Unitel Página de Facebook Jaime Soliz Phiel Revisión Hemerográfica Tags MAS Tendencia Política Indeterminada Log in to post comments",Verdadero,Baja
23,chequeabolivia.bo,https://chequeabolivia.bo/camara-de-diputados-suspende-actividades-por-covid-19-hasta-el-31-de-julio,"Cámara de Diputados suspende actividades por Covid-19 hasta el 31 de julio. La medida fue tomada para precautelar “la salud y el bienestar de los servidores públicos de la Cámara de Diputados y de sus familias"". En Facebook y WhatsApp circula una fotografía de un comunicado informando que la Cámara de Diputados suspendió las actividades hasta el viernes 31 de julio por la pandemia del Covid-19. ChequeaBolivia anuncia que el documento es verdadero. A través de una revisión hemerográfica, ChequeaBolivia verificó que el documento que circula fue emitido el miércoles 15 de julio bajo responsabilidad de la Oficialía Mayor, la Dirección de Recursos Humanos y la Unidad de Administración de la Cámara Baja, que informan de la suspensión de actividades hasta el viernes 31 de Julio para precautelar “la salud y el bienestar de los servidores públicos de la Cámara de Diputados y de sus familias”. La responsable de prensa de la Cámara de Diputados, Sofía Peralta, agregó que se adoptó esa decisión por el fallecimiento de dos diputados a causa del coronavirus y porque hay ocho legisladores que estarían contagiados. El comunicado no se encuentra en las plataformas virtuales oficiales de la Asamblea Legislativa Plurinacional. Sin embargo, el presidente de la Cámara de Diputados, Sergio Choque, indicó que las sesiones virtuales continuarán desarrollándose con normalidad, pese a la “cuarentena interna” en la institución, e informó que ocho personas de la parte administrativa están infectadas con la enfermedad. ? #VIDEO La Cámara de Diputados sesionará virtualmente esta semana para tratar Proyectos de Ley que requiere el pueblo. #LegislandoConAltura #YoMeQuedoEnCasa pic.twitter.com/sPVqPyyrYk — Diputados Bolivia (@Diputados_Bol) July 20, 2020 Fuentes: Revisión Hemerográfica Plataformas digitales de Asamblea Legislativa Plurinacional. Tags Cámara de Diputados Tendencia Política No simpatizantes del MAS Log in to post comments",Verdadero,Baja
24,chequeabolivia.bo,https://chequeabolivia.bo/sedes-de-la-paz-publica-una-lista-de-medicamentos-para-tratar-pacientes-con-sintomas-leves-de,"Sedes de La Paz publica una lista de medicamentos para tratar pacientes con síntomas leves de coronavirus. El director del Sedes de La Paz explicó que el protocolo debe ser “siempre vigilado por un médico"" A través de WhatsApp y Facebook circula una imagen con una lista de medicamentos para pacientes con síntomas leves de COVID-19 con la marca del periódico Página Siete y citando al Servicio Departamental de Salud (Sedes) de La Paz. ChequeaBolivia verificó que el contenido es verdadero. A través de una revisión a las plataformas virtuales de este diario, se pudo verificar que esta lista no se encuentra en la página de Facebook de Página Siete, pero sí en su página web correspondiente al 08 de julio, en la nota informativa titulada: “Conozca la lista de medicamentos para pacientes con síntomas leves de Covid-19”. El Sedes también publicó la misma lista en su página de Facebook. El director del Sedes de La Paz, Ramiro Narváez, explicó ayer en una entrevista que el protocolo debe ser “siempre vigilado por un médico, tenemos que evitar la automedicación y el uso indiscriminado de medicamentos (…) cada jueves vamos a revisar (la lista), el comité científico se va a reunir este jueves y lo va a mejorar o ampliar”. Narváez informó que se habilitaron los números 168/ 2-2156261 / 2-2156263 / 2-2155754. Fuentes: Página Web y de Facebook de Página Siete Revisión Hemerográfica Tags Covid-19 Tendencia Política Indeterminada Log in to post comments",Verdadero,Baja
25,chequeabolivia.bo,https://chequeabolivia.bo/ano-nuevo-andino-comparan-tuits-de-la-presidente-del-estado-jeanine-anez,"Año Nuevo Andino: comparan tuits de la presidente del Estado Jeanine Áñez. Los dos tuits fueron difundidos en diferentes años por la presidente del Estado, Jeanine Áñez. En redes sociales se comparte la captura de dos tuits difundidos en diferentes años por la presidente del Estado, Jeanine Áñez, contradictorios entre sí. El primero, publicado el 20 de junio de 2013 y el segundo el pasado 20 de junio, respecto a la celebración del Año Nuevo Andino Amazónico Chaqueño. ChequeaBolivia constató que se trata de información verdadera. ChequeaBolivia, tras una búsqueda con la herramienta digital Wayback Machine, que permite archivar datos de páginas webs, verificó que: 1.- El primer tuit, con el texto: “Que año nuevo aymara ni lucero del alba!! satànicos, a Dios nadie lo reemplaza!!” (sic), fue publicado el 20 de junio de 2013, cuando Jeanine Áñez ocupaba el cargo de vicepresidenta de la Cámara de Senadores. 2.- El segundo tuit , con el texto: “En este nuevo año, que llega con el solsticio de Invierno y que es parte sagrada de la tradición cultural amazónica, convocó a todos los bolivianos a trabajar unidos por la salud y la economía de los hogares en todo el país”, fue publicado el 21 de junio de 2020, en su calidad de Presidenta del Estado Plurinacional de Bolivia. FUENTE: Cuenta oficial de Twitter de Jeanine Áñez Revisión de Herramientas digitales Tags Jeanine Áñez Tendencia Política No simpatizantes del MAS Log in to post comments",Verdadero,Baja
26,chequeabolivia.bo,https://chequeabolivia.bo/director-de-migracion-uso-una-foto-antigua-para-acusar-mas-sobre-los-bloqueos-en-carretera-al-beni,"Director de Migración usó una foto antigua para acusar a MAS sobre los bloqueos en carretera al Beni. En Twitter, el director general de Migración, Marcel Rivas, compartió una fotografía pasada para denunciar que militantes del Movimiento al Socialismo (MAS) bloquean impidiendo el ingreso del equipamiento de salud al Beni. ChequeaBolivia constató que la denuncia del uso de una fotografía antigua es verdadera. ChequeaBolivia revisó la cuenta de Twitter del aludido y encontró la publicación viral. Asimismo, a través de una revisión hemerográfica, se verificó que la imagen compartida por Rivas corresponde a una cobertura que realizó el diario El Deber el 17 de noviembre de 2018 cuando también hubo bloqueos en la carretera a Trinidad. FUENTE: Cuenta de Twitter de Marcel Rivas El Deber Tendencia Política Indeterminada Log in to post comments",Verdadero,Baja
27,chequeabolivia.bo,https://chequeabolivia.bo/luis-fernando-camacho-se-traslada-san-jose-de-chiquitos-y-rompe-la-cuarentena,"Luis Fernando Camacho se traslada a San José de Chiquitos y rompe la cuarentena. La publicación de Facebook contiene fotos de Camacho. En redes sociales se comparte una publicación en la que se asegura que Luis Fernando Camacho, candidato presidencial de Creemos, habría roto la cuarentena, trasladándose hasta San José de Chiquitos. ChequeaBolivia verificó que se trata de información verdadera. A través de una revisión hemerográfica, ChequeaBolivia constató que el candidato Luis Fernando Camacho sí estuvo presente en la localidad de San José de Chiquitos el pasado domingo. Camacho, que fue entrevistado por la periodista Jimena Antelo en el programa No Mentirás, aceptó haber visitado la localidad, pero negó que fueran por motivos electorales. “Nosotros venimos realizando ayuda desde el primer día. El hambre no tiene un solo día de espera, la necesidad no tiene un solo día de espera. Yo entré a San José con todo en orden, con una hoja de ruta, entregada por el alcalde de San Ignacio (…). Yo solo ingresé hasta la casa del alcalde y me volví a retirar”, declaró en el programa de Red PAT, añadiendo que los pobladores habrían recibido una explicación ese mismo día. Fuente: Revisión hemerográfica Luis Fernando Camacho, candidato presidencial de Creemos Tags Luis Fernando Camacho Creemos Tendencia Política Creemos Log in to post comments",Verdadero,Baja
28,chequeabolivia.bo,https://chequeabolivia.bo/desde-personas-muertas-y-cualquier-numero-de-cedula-estan-habilitados-para-el-cobro-en-el-sistema,"Desde personas muertas y cualquier número de cédula están habilitados para el cobro en el sistema de verificación del Bono Universal. ChequeaBolivia ingresó números aleatorios e incluso datos de una persona fallecida A través de Facebook, circula información sobre el sistema de beneficiarios del Bono Universal. La publicación afirma: “ Pongan cualquier número y cualquier fecha de nacimiento y les va a decir que están habilitados… hasta los muertos están habilitados para cobrar el bono universal”. ChequeaBolvia anuncia que la información es verdadera. ChequeaBolivia verificó que ingresando números aleatorios de carnet de identidad y fechas de nacimientos, el sistema continúa indicando: “El propietario de la Cédula de Identidad proporcionada está habilitado para cobrar a partir de la semana que le corresponda”. Además, ChequeaBolivia probó que si se introduce los datos de una persona fallecida el sistema responde: “Usted está habilitado al cobro del Bono Universal”. Una consulta realizada por ChequeaBolivia con datos de una persona fallecida. Contactados por este medio, desde la Gestora Pública de la Seguridad Social de Largo Plazo indicaron: “El sistema de consultas es un aplicativo que le permite al ciudadano (consciente y que proporciona sus datos reales) verificar si está o no incluido en alguno de los factores de exclusión del Bono Universal (…) con la misma certeza con la que se verifica en el momento del cobro. La única diferencia es que en el aplicativo de consulta, podría aceptar datos de un CI ""inventado"" y en ese caso el resultado de la consulta tampoco sería real”. Aclaran que: “Con datos reales, la validación es efectiva. Esto no ocurre con el sistema de pago que inicialmente verifica la existencia de la cédula y la veracidad de los datos introducidos. Se está trabajando para subsanar esta diferencia en el sistema de consulta la que se produce por razones de resguardo y seguridad de la base de datos de cédulas de identidad”. Varios usuarios denunciaron que ingresan al sistema y figuran como habilitados, pero cuando quieren efectuar el cobro no se puede hacer efectivo. Ante esta situación, se recomienda a la población realizar una consulta directa llamando al número gratuito 800 10 1610 habilitado para este tipo de circunstancias. La semana pasada se reportaron fallas en la página web de la Gestora, este tuvo problemas a causa de la gran cantidad de gente que quiere saber si está habilitada para recibir el Bono Universal. A través de su página de Facebook se pueden leer diferentes reclamos. FUENTES Página Web Gestora Pública de la Seguridad Social de Largo Plazo Página de Facebook Gestora Pública de la Seguridad Social de Largo Plazo Solicitud de información al área de Comunicación de Gestora Pública de la Seguridad Social de Largo Plazo Tags Gobierno de transición Tendencia Política Verdadero Log in to post comments",Verdadero,Baja
29,chequeabolivia.bo,https://chequeabolivia.bo/arce-catacora-pide-anez-dejar-persecucion-politica-y-conseguir-mas-pruebas-de-coronavirus,"Arce Catacora pide a Añez dejar persecución política y conseguir más pruebas de coronavirus. Luis Arce publicó al respecto en su página oficial de Facebook. En las redes sociales se difunde una declaración del candidato a la Presidencia por el Movimiento al Socialismo (MAS), Luis Arce Catacora, solicitando a la presidenta de Bolivia, Jeanine Añez, parar la persecución política y conseguir más pruebas para la detección del coronavirus. ChequeaBolivia constató que se trata de información verdadera. ChequeaBolivia, a través de una búsqueda en las cuentas oficiales de Arce Catacora, encontró que la publicación se realizó el 20 de abril en su página de Facebook , en la que señala que “el gobierno intensifica su campaña de acusaciones y persecución política para desviar la atención de sus errores en la lucha contra el coronavirus. En Bolivia urgen más pruebas para conocer la magnitud real del contagio y equipos de bioseguridad para el personal de salud”. Fuentes: Página oficial de Luis Arce Catacora en Facebook Tags Luis Arce Catacora Tendencia Política Simpatizantes del MAS Log in to post comments",Verdadero,Baja
30,chequeabolivia.bo,https://chequeabolivia.bo/se-desplomo-la-sede-social-de-la-comunidad-de-santa-barbara-en-el-municipio-de-coripata,"Se desplomó la sede social de la comunidad de Santa Bárbara en el municipio de Coripata. El acontecimiento sucedió en el departamento de La Paz. En las redes sociales circula un video con el sello de FM Bolivia, en el que se observa el desplome de la sede social de la comunidad de Santa Bárbara en Coripata, La Paz. ChequeaBolivia constató que se trata de información verdadera. ChequeaBolivia consultó con el director de FM Bolivia, Galo Hubner Mamani, quien confirmó la veracidad de la noticia. En una nota del mismo medio, relacionada con el primer video, se puede ver la entrevista realizada al secretario general de la comunidad de Santa Bárbara, Paulino Cordero, en la que éste explica que la primera etapa de construcción del edificio fue llevada a cabo en la gestión de Froilán Mamani, y que fue proseguida por el alcalde por el MAS, Wilfredo Ortiz “Para mí, pareciera que es una mala construcción, porque imagínese que el primer piso de abajo, de la planta baja, están sanos los machones, como usted verá, pero de encima ha colapsado esto”, agregó Cordero. FUENTE: Director de FM Bolivia, Galo Hubner Mamani. Revisión del portal web de FM Bolivia. Tendencia Política Indeterminada Log in to post comments",Verdadero,Baja
31,chequeabolivia.bo,https://chequeabolivia.bo/cocaleros-emiten-pronunciamiento-por-amenaza-contra-evo-morales,"Cocaleros emiten pronunciamiento por amenaza contra Evo Morales. El documento es original y fue publicado el pasado 5 de abril. En redes sociales circula un pronunciamiento de los dirigentes de la Coordinadora de las 6 Federaciones del Trópico de Cochabamba en el que se declaran en alerta máxima tras una reciente amenaza en contra del expresidente de Bolivia, Evo Morales, por parte del secretario privado de la presidenta del Estado, Jeanine Áñez. ChequeaBolivia verificó que el documento es verdadero. En una revisión hemerográfica que realizó ChequeaBolivia constató que evidentemente el pronunciamiento público es verdadero y fue redactado el 5 de abril de 2020. La información fue emitida por medios del trópico de Cochabamba. Contactado por ChequeaBolivia, el dirigente cocalero del trópico, Leonardo Loza, indicó que el documento fue elaborado  y firmado respetando la distancia de más de un metro y todos los protocolos sanitarios. FUENTE: Revisión hemerográfica Tags Evo Morales Log in to post comments",Verdadero,Baja
32,chequeabolivia.bo,https://chequeabolivia.bo/percy-pide-licencia-y-angelica-sosa-asume-como-alcaldesa-de-santa-cruz-de-la-sierra,"Percy pide licencia y Angélica Sosa asume como alcaldesa de Santa Cruz de la Sierra. La carta fue aprobada por el Concejo Municipal de Santa Cruz de la Sierra. En redes sociales empezó a circular la carta de licencia que hizo llegar el alcalde de Santa Cruz de la Sierra, Percy Fernández, y posteriormente fotografías de la presidenta del Concejo Municipal, Angélica Sosa, jurando como alcaldesa interina. ChequeaBolivia informa que es verdadero. Los medios cruceños confirmaron la veracidad de la carta en la que Fernández solicita licencia hasta que termine la emergencia sanitaria (15 de abril), dada su imposibilidad de asistir a las mesas de trabajo interinstitucional. Posteriormente, la presidenta del Concejo Municipal de Santa Cruz de la Sierra asumió como alcaldesa interina. Fuente: Revisión hemerográfica Cuenta de Facebook de Angélica Sosa Tags Coronavirus en Bolivia Log in to post comments",Verdadero,Baja
33,chequeabolivia.bo,https://chequeabolivia.bo/alcalde-de-trinidad-dona-su-sueldo-para-la-compra-de-viveres,"Alcalde de Trinidad dona su sueldo para la compra de víveres. La información que cirucla en las redes sociales es cierta. En las redes sociales circula una imagen en la que se afirma que el Alcalde de Trinidad, Mario Suarez, donó su sueldo para la compra de víveres para familias en cuarentena. ChequeaBolivia constató que se trata de información verdadera. En una revisión de medios de comunicación nacionales, ChequeaBolivia confirmó que Suarez entregó un cheque por 17.911 bolivianos e hizo un llamado a otras autoridades para que se sumen a la iniciativa. FUENTE: Medios de comunicación nacionales Tags Cuarentena Log in to post comments",Verdadero,Baja
34,chequeabolivia.bo,https://chequeabolivia.bo/policias-arrestan-personas-durante-campana-de-creemos-en-quillacollo,"Policías arrestan personas durante campaña de Creemos en Quillacollo. El comandante regional de Quillacollo, Walter Alvis, informó que dos personas fueron arrestadas por alteración e incidentes el pasado 11 de febrero. En las redes sociales se comparten diferentes videos en los que se observa como la Policía arresta a personas que protestan en la plaza Bolivar de Quillacollo, en rechazo a un grupo de afines a la alianza Creemos que realizaba campaña en el lugar. ChequeaBolivia verificó que la información es real. En una comparación de videos que realizó ChequeaBolivia sobre los incidentes que ocurrieron en la plaza Bolivar, se confirmó la veracidad de las imágenes que circulan en redes sociales. Una captura del video que circula en redes sociales donde se observa a una persona que estuvo presente durante todo el incidente. Una captura de un video al que accedió ChequeaBolivia, minutos antes de la intervención de la Policía. En la imagen se observa a la misma persona. Por otra parte, aunque en el video se observa que son varias personas las que fueron conducidas a los ambientes del comando regional de Quillacollo, el comandante de esta división, Walter Alvis, informó que sólo dos personas fueron arrestadas por alteración e incidentes el pasado 11 de febrero. Una periodista que cubrió la parte inicial del incidente, relató que las personas afines a la alianza Creemos se dispusieron a realizar un recorrido en Quillacollo, pese a la ausencia de Luis Fernando Camacho, candidato a presidente y Marco Antonio Pumari, candidato a vicepresidente. Agregó que cuando llegaron a la plaza Bolivar, otro grupo de personas los abucheo y les pidió que se retiren. Posteriormente la Policía intervino. FUENTE: Comparación de videos que circulan en redes sociales e imágenes a las que accedió ChequeaBolivia El comandante regional de Quillacollo Walter Alvis Periodista que cubrió el conflicto Tags Elecciones 2020 Log in to post comments",Verdadero,Baja
35,chequeabolivia.bo,https://chequeabolivia.bo/modelo-paceno-apoya-la-candidatura-de-binomio-del-mas,"Modelo paceño apoya la candidatura de binomio del  MAS. En una revisión de las imágenes que realizó ChequeaBolivia, se constató que evidentemente Neilss Quinteros participó del evento. En las redes sociales circulan imágenes sobre la participación del modelo paceño Neilss Quinteros en el acto de proclamación del binomio del Movimiento Al Socialismo (MAS), en El Alto. ChequeaBolivia verificó que es verdad. En una revisión de las imágenes que realizó ChequeaBolivia, se constató que evidentemente Neilss Quinteros participó del evento, el pasado 8 de febrero de 2020. En tanto, Quinteros publicó una aclaración en su cuenta de Facebook. “Es innegable las cosas buenas que se hicieron en la gestión del MAS como también sabemos de todo lo malo que pasó y en que se convirtió, pero estamos para cambiar eso y subsanar errores, de encontrar esa verdadera unidad y pacificación del país para construir la Bolivia que todos y todas queremos”, señala el texto. FUENTE: Revisión de fotografías Cuenta de Facebook de Neilss Quinteros Tags Elecciones 2020 Log in to post comments",Verdadero,Baja
36,chequeabolivia.bo,https://chequeabolivia.bo/hermano-de-evo-morales-agrede-verbalmente-periodistas-y-policias,"Hermano de Evo Morales agrede verbalmente a periodistas y policías. En una revisión, ChequeaBolivia verificó que la noticia evidentemente la publicó Página 7 y otros medios  en marzo de 2015. En Facebook se volvió a compartir un video en el que figura el hermano del presidente Evo Morales, Hugo Morales en aparente estado de ebriedad. ChequeaBolivia corroboró que la información es verdadera pero está fuera de contexto. En una revisión a la página web de Página 7, se comprobó que existe dicha información, pero fue publicada el 31 de marzo de 2015. El hecho ocurrió cuando la policía cubría un operativo de tránsito en la ciudad de Oruro, en la que encontró en posible estado de ebriedad a Hugo Morales. En la nota la periodista  Irene Torres de la Red PAT y  su colega Edwin Choque de Red UNO denunciaron que sufrieron amenazas y agresiones verbales de parte de Hugo Morales. El video vuelve a compartirse en Facebook como si fuera un hecho que ocurrió recientemente. FUENTE: Reportes periodísticos Tags Evo Morales Log in to post comments",Verdadero,Baja
37,chequeabolivia.bo,https://chequeabolivia.bo/dirigentes-de-comunidad-ciudadana-golpean-una-mujer-de-su-partido,"Dirigentes de Comunidad Ciudadana golpean a una mujer de su partido. El candidato a la presidencia por la alianza Comunidad Ciudadana, Carlos Mesa, informó a través de su cuenta de Twitter que se condena cualquier acto de violencia en contra de la mujer. En Twitter y Facebook se comenzó a viralizar las imágenes sobre una denuncia de la militante de Comunidad Ciudadana (CC) Roxana Illanes en contra de Santiago Quenta, primer jefe en el Frente Revolucionario de Izquierda (FRI) y Jhon Huayta, segundo responsable de la Circunscripción 8 en La Paz por violencia física, dejándola con tres días de impedimento. ChequeaBolivia verificó que la información es real. Entrevistado por ChequeaBolivia, el jefe de campaña de Comunidad Ciudadana, Ricardo Paz, sostuvo que la información es real y que se tomaron medidas drásticas. Añadió que la militante recibe el apoyo de la alianza. Condenamos sin dubitación, toda acción de violencia contra la mujer, por eso tomamos la decisión de expulsar definitivamente de Comunidad Ciudadana, a Santiago Quenta y John Huayta, involucrados en este tipo de hechos inadmisibles. — Carlos D. Mesa Gisbert (@carlosdmesag) July 12, 2019 El candidato a la presidencia por la alianza Comunidad Ciudadana, Carlos Mesa, informó a través de su cuenta de Twitter que se condena cualquier acto de violencia en contra de la mujer por lo que se definió la expulsión de Santiago Quenta y Jhon Huayta de Comunidad Ciudadana. Según un reporte de Los Tiempos, en Bolivia, la Fiscalía General del Estado reportó desde enero hasta la fecha 73 casos de feminicidio; sin embargo, la Fuerza Especial de Lucha Contra la Violencia (Felcv) registró un total de 59 casos. FUENTE: Cuenta oficial de Twitter de Carlos Mesa Reporte de medios de comunicación Jefe de campaña de Comunidad Ciudadana, Ricardo Paz Tags Carlos Mesa Comunidad Ciudadana Log in to post comments",Verdadero,Baja
38,chequeabolivia.bo,https://chequeabolivia.bo/usan-voz-de-camacho-y-una-multitud-hecha-con-ia-para-simular-una-cabildo-exigiendo-la-renuncia-de,"Usan voz de Camacho y una multitud hecha con IA para simular una cabildo exigiendo la renuncia de Paz. La voz que se escucha es de un discurso de Camacho en 2019, la imagen del cabildo se generó con IA. La COB sí pidió la renuncia del Gobierno el 1ro de mayo, pero sin estos elementos. Por Álvaro Montoya En TikTok circula una publicación en la que se ve a una muchedumbre levantando banderas de Bolivia y pancartas con la frase “Que renuncie Rodrígo Paz”, mientras que escuchan el discurso del ejecutivo de la Central Obrera Bolivia (COB), Mario Argollo, en el que este le da 48 horas ‘al tirano’ para que renuncie a su puesto. ChequeaBolivia constató que se trata de información engañosa. ChequeaBolivia puso en Google la frase que se le atribuye a Argollo: “Decirle al tirano que tiene 48 horas para renunciar porque el día lunes a las siete de la noche vamos a tomar determinaciones y vamos a garantizar que el se vaya”, y comprobó que en realidad fue dicha por el exgobernador Luis Fernando Camacho el 2 de noviembre de 2019, durante las protestas post electorales de ese año. La frase quedó registrada en notas de prensa de medios como Opinión y en videos que aún son conservados en Facebook, en los que se oye a Camacho lanzar aquella amenaza al entonces presidente Evo Morales Ayma. ChequeaBolivia también notó que el video en el que se ve a cientas de personas levantando la bandera boliviana y pancartas tiene un pie de foto que “AI-Generated”, además que el propio autor del video etiquetó el video como generado por Inteligencia Artificial. Después de una observación detallada ChequeaBolivia, encontró errores propios de esta tecnología en el video, como una bandera que al moverse atraviesa una de las pancartas dos veces. No obstante, el video del cuadro superior derecho, más pequeño en comparación con el video de la muchedumbre, es real, fue grabado el 1ro de mayo de este año cuando el ejecutivo de la COB, Mario Argollo pronunció un discurso anunciando el inicio de un paro indefinido hasta que se escuchen sus peticiones, además de la renuncia de las autoridades del ejecutivo. Para finalizar, en el video engañoso se insertó un logo de DTV Noticias, ChequeaBolivia buscó en la página de Facebook del medio si había publicado el video y no encontró registros. Lo que sí publicó DTV fue el discurso original de Argollo el 1ro de mayo, en el que no se lo oye decir que da 48 horas para la renuncia ‘del tirano’. Fuentes: Opinión , dónde se recogió el discurso de Luis Fernando Camacho Erbol, dónde se registró el verdadero discurso de Argollo DTV , con la verdadera cobertura del discurso de la COB, no el que se atribuye. Tags COB Tendencia Política Indeterminada Fecha Publicación Web Thu, 05/07/2026 - 16:39",Engañoso,Media
39,chequeabolivia.bo,https://chequeabolivia.bo/enganoso-luis-arce-dijo-que-el-gas-se-agoto-pero-no-anuncio-el-cobro-de-impuestos-como-en-cuba,"Engañoso: Luis Arce dijo que el gas se agotó, pero no anunció el cobro de impuestos como en Cuba. La declaración del presidente Luis Arce sobre la falta de gas fue manipulada Por Pablo Arancibia En Facebook circula una imagen donde el presidente del Estado, Luis Arce, supuestamente dijo que “se agotó el gas, no hay dólares, ahora vamos a tener ingresos de los impuestos como en Cuba”. ChequeaBolivia verificó que esta información es engañosa. Se hizo una búsqueda de la declaración de Arce en Google y en X , y no se encontró información similar a la que circula. También se revisaron las redes sociales de Arce ( 1 , 2 ) y tampoco se encontraron rastros de dicha declaración. Al revisar  la página oficial de Facebook del presidente de Bolivia, Luis Arce, se encontró un video de un congreso ordinario de la Federación Departamental Única de Mujeres Campesinas Indígenas Originarias de La Paz. En dicho evento, el presidente sostuvo: “El gas se ha agotado, estamos recién volviendo a hacer más exploraciones, para ver si hay más gas. Hermanas y hermanos no tenemos esos recursos, y cuando nos queremos prestar, la Asamblea Legislativa, la derecha y el Ala Evista nos niegan la aprobación de créditos”. Pero, en esa intervención, Arce no mencionó en ningún momento a Cuba. Esta publicación circula tras distintas declaraciones de figuras públicas ante la rebaja de la calificación crediticia de Bolivia por Moody's de ‘Caa1’ a ‘Caa3 . Según la calificadora los desafíos de gobernanza, riesgo político interno y presiones de liquidez externa debido a la disminución de las reservas de divisas, podría llevar a una crisis de balanza de pagos. Fuentes: Redes sociales oficiales de Luis Arce ( 1 , 2 ) Búsqueda con palabras clave en Google y en X Video del Congreso Ordinario de la Federación Departamental Única de Mujeres Campesinas Indígenas Originarias de La Paz Moody's Tags Luis Arce Catacora Economía Tendencia Política Indeterminada Fecha Publicación Web Tue, 04/30/2024 - 16:17 Log in to post comments",Engañoso,Media
40,chequeabolivia.bo,https://chequeabolivia.bo/diputada-del-mas-dice-las-bartolinas-mujeres-de-pollera-son-gente-muy-sucia,"Diputada del MAS dice “Las bartolinas mujeres de pollera son gente muy sucia”. La imagen surge a raíz de un audio filtrado. En redes sociales circula una imagen en la que figura Betty Yañíquez, diputada de la bancada del Movimiento Al Socialismo (MAS), con la frase “Las bartolinas mujeres de pollera son gente muy sucia”. La imagen surge a raíz de un audio que registra una presunta conversación entre Yañíquez y Segundina Flores, secretaria ejecutiva nacional de las Bartolinas. ChequeaBolivia advierte que la información es engañosa. A través de una revisión hemerográfica, ChequeaBolivia constató que en dicho audio no existe la frase citada; sin embargo, Yañíquez sí acusa a las Bartolinas de La Paz de haberse “dado la vuelta” y ser “gente muy sucia”. “Todas esas bartolinas se han dado la vuelta de La Paz. Sí, tal vez hubiera sido mejor hermana. Pero realmente bien decepcionante y seguramente cuando vayan donde ustedes, van a ir “hermana, hermana, hermana”, y son gente muy sucia hermana, muy sucia, con el mismo discurso de la Shirley Franco por su otro lado, con el mismo discurso han venido”, dice la voz atribuida a la diputada por el MAS. Fuente: Revisión hemerográfica Tags Movimiento Al Socialismo Tendencia Política No simpatizantes del MAS Log in to post comments",Engañoso,Media
41,chequeabolivia.bo,https://chequeabolivia.bo/militantes-del-mas-contrataron-venezolanos-para-cometer-actos-violentos,"Militantes del MAS contrataron a venezolanos para cometer actos violentos. Los disturbios en Sucre ocurridos durante el fin de semana fueron causados por el choque de dos vehículos. En redes sociales estuvo circulando un video en el que se observa disturbios en las calles de Sucre. El título del audiovisual es que militantes del MAS contrataron a venezolanos para cometer actos violentos en campañas electorales de otras organizaciones políticas. ChequeaBolivia constató que la información es engañosa. Después de una revisión de medios, ChequeaBolivia confirmó que el acontecimiento sucedió el pasado domingo 6 en la ciudad de Sucre durante una caravana organizada por PAN BOL. En una entrevista para la Agencia de Noticias Violeta (ANV), dos militantes de esa alianza presentes en el lugar explicaron que se produjo un choque entre una camioneta de la caravana y un auto particular. La mujer del vehículo privado intentó filmar a la otra que intentó agredirla después del choque. Ahí se generó la tensión y los gritos en la calle. Por ello, se trata de una publicación engañosa debido al uso de un video de hechos reales con una descripción que los descontextualiza para intentar denunciar que militantes del MAS habrían contratado a venezolanos para cometer actos violentos. FUENTE: - Revisión de medios nacionales Tags Movimiento Al Socialismo Log in to post comments",Engañoso,Media
42,chequeabolivia.bo,https://chequeabolivia.bo/index%2ephp/enganoso-unitel-no-informo-que-santos-quispe-tiene-99-de-desaprobacion-como-gobernador,"Engañoso: Unitel no informó que Santos Quispe tiene 99% de desaprobación como gobernador. En febrero, la Red Unitel informó que la gestión del gobernador de La Paz, Santos Quispe, alcanzó un 69% de desaprobación. Por Claudia Rodriguez En Facebook ( 1 y 2 ) circula la publicación de los resultados de una encuesta de desaprobación con el logotipo de Unitel, que muestra al candidato a la gobernación de La Paz por Unión por el Cambio (UPC) , Santos Quispe Quispe, que registra un 99 por ciento de desaprobación en la ciudad de La Paz. ChequeaBolivia verificó, que se trata de información engañosa. ChequeaBolivia rastreo la publicación original que publicó Unitel, el contenido corresponde a una encuesta realizada por Ipsos CIESMORI para Unitel, donde registra un 69 por ciento de desaprobación, frente a un 23 por ciento que respalda y lo aprueba, mientras que un 8 por ciento respondió que “no sabe”. Esta información se dio a conocer el 19 de febrero. Para finalizar, se realizó una búsqueda hemerográfica en Google, la cual permitió corroborar que diversos medios de comunicación nacionales replicaron oportunamente los datos oficiales de Unitel, donde se confirma la cifra real, lo que desvirtúa la publicación que circula en las redes sociales. Fuentes: Contenido de la información falsa Búsquedas hemerográficas en Google ( 1 y 2 ) Plubicación original de Unitel Esta verificación se hizo en el marco de la segunda generación de la Escuela para Fortalecer la Integridad de la Información de ChequeaBolivia. Tags Santos Quispe Gobernación de La Paz Elecciones Subnacionales 2026 Tendencia Política Imagen Fecha Publicación Web Tue, 03/03/2026 - 11:53",Engañoso,Media
43,chequeabolivia.bo,https://chequeabolivia.bo/index%2ephp/la-imagen-que-atribuye-fernando-del-rincon-una-declaracion-contra-la-personeria-del-mas-es-enganosa,"La imagen que atribuye a Fernando Del Rincón una declaración contra la personería del MAS es engañosa. Una declaración parecida del periodista fue realizada en 2020, en un contexto político distinto al actual. Por Linda Barrancos En Facebook y X circula una imagen ( 1 , 2 , 3 , 4 ) que muestra al periodista de CNN Fernando Del Rincón, quien habría afirmado que “el MAS (Movimiento Al Socialismo) no debería tener personería jurídica”. ChequeaBolivia advierte que se trata de una información engañosa. Las imágenes que se comparten atribuyen las siguientes declaraciones a Del Rincón: “El MAS no debería tener personería jurídica, no sé porqué participa en las elecciones, es un partido que ha cometido fraude y muchos delitos de lesa humanidad"". ChequeaBolivia encontró que Del Rincón dijo una frase parecida,  pero no es actual ni corresponde al contexto político de 2026. Las declaraciones fueron realizadas en septiembre de 2020 cuando cuestionó la participación del MAS en unas nuevas elecciones presidenciales con estas declaraciones: “Un partido, una agrupación política que participó de lo que la OEA (Organización de los Estados Americano) señala como un fraude, no debería de tener personería jurídica, no debería de existir en una boleta”. Este registro está disponible a partir del minuto 9 de este video . En esa ocasión, Del Rincón se refirió al contexto político que vivía Bolivia tras las Elecciones Generales de 2019, proceso en el que un informe de la OEA concluyó irregularidades graves. No existe ningún registro de que Fernando Del Rincón haya reiterado esas declaraciones en 2026, confirme a una búsqueda en Google . Además, para las Elecciones Subnacionales 2026 el MAS no está participando ni presentó candidato alguno en ningún departamento. Por lo tanto, carece de sentido que circule la versión de que Del Rincón haya cuestionado su participación en las elecciones de este año. Fuentes: Revisión de la entrevista exclusiva del programa Uno Decide2020 de la Red Uno. Informe final de la OEA sobre la auditoría de las elecciones en Bolivia. Revisión de las plataformas digitales de la Red Uno ( 1 , 2, 3 ). Tags Fernando del Rincón MAS Elecciones Subnacionales 2026 Tendencia Política Imagen Fecha Publicación Web Wed, 02/25/2026 - 12:07",Engañoso,Media
44,chequeabolivia.bo,https://chequeabolivia.bo/es-enganoso-que-candidata-concejal-de-santa-cruz-haya-dicho-que-los-crucenos-son-racistas-y,"Es engañoso que candidata a concejal de Santa Cruz haya dicho que los “cruceños” son “racistas y discriminadores”. Este video fue manipulado con inteligencia artificial y tergiversa un comentario de la candidata Reina Condarco. Por Lucas Illanes En TikTok y Facebook circula un video ( 1 y 2 ) que afirma que la candidata a concejal en Santa Cruz por la agrupación VOS, Reina Condarco, dijo que los “cruceños” son “racistas y discriminadores”. ChequeaBolivia verificó que es engañoso. El video aparenta ser del periodista de Detrás de la Verdad (DTV), Junior Arias, quien aseguró a ChequeaBolivia que esas no fueron sus declaraciones, ya que se trata de un audio creado con inteligencia artificial. Se analizó el audio del video con la herramienta Hiya Deepfake Voice Detector, y los resultados indican que la voz es probablemente una deepfake, es decir, generada por inteligencia artificial, con la puntuación más alta de probabilidad. Resultados de las muestras analizadas con Hiya. Tampoco hay registros de que Condarco haya dicho textualmente que los habitantes de Santa Cruz sean “racistas y discriminadores”. El video tergiversa una opinión de la candidata sobre otro video de la cuenta “Pollos Guvi”, quien al final de su material indica haber recibido maltrato verbal en Santa Cruz con las siguientes palabras: “¡ándate, colla!”. Ante esto, la cuenta de Facebook de Condarco compartió este video con el siguiente comentario : “Yo también he sido víctima de discriminación en Santa Cruz y les puedo asegurar que hay mucha discriminación en esta ciudad. Por eso quiero llegar al Concejo Municipal con el compañero Mamen, y ese es mi compromiso con todos mis hermanos: eliminar el racismo de esta ciudad. ¡Fuerza Guvi!” Condarco es candidata a concejala junto a la agrupación del candidato Carlos “Mamen” Saavedra VOS para la Alcaldía de Santa Cruz. La desinformación circula a poco más de tres meses de las Elecciones Subnacionales 2026. Las verificaciones sobre estas elecciones están disponibles aquí . Fuentes: Periodista en Detrás de la Verdad (DTV), Junior Arias Hiya Deepfake Voice Detector Cuenta de Facebook de Reina Condarco Tags Elecciones Subnacionales 2026 Tendencia Política Indeterminada Fecha Publicación Web Fri, 01/16/2026 - 16:18 Log in to post comments",Engañoso,Media
45,chequeabolivia.bo,https://chequeabolivia.bo/evo-morales-comparte-informacion-enganosa-sobre-venta-de-gas-cada-15-dias,"Evo Morales comparte información engañosa sobre venta de gas cada 15 días. No hay una restricción nacional en la compra de garrafas; un control interno rige en Pando. Por Lucas Illanes El expresidente, Evo Morales, indicó que la Agencia Nacional de Hidrocarburos (ANH) empezó a vender garrafas de Gas Licuado de Petróleo (GLP) solo cada 15 días y previa presentación de cedula de identidad. ChequeaBolivia verificó es información engañosa. Se trata de información engañosa, porque es una publicación sobre una medida aplicada en Pando, departamento que limita con Brasil. Varias publicaciones de Facebook y TikTok ( 1 , 2 y 3 ) también difundieron que la ANH controlará la compra de una garrafa por persona cada 15 días. Se trata de información sobre Pando, pues la imagen se compartió originalmente en Televisión Universitaria (TVU) Pando el 31 de diciembre 2025. Publicación de TVU Pando. Otros dos videos de TVU Pando revelan que la medida de control de compras de garrafas se está implementando en el lugar ( 4 y 5 ). En su publicación, Evo Morales señaló , sin aclarar que no se trata de una disposición a nivel nacional, que esta medida afecta a personas que se dedican a cocinar para vender en mercados y calles, a quienes una garrafa puede durarles solo un día. Sobre el tema, el director distrital de la Agencia Nacional de Hidrocarburos (ANH) en Pando, Marco Sánchez, explicó que el control es porque ""todo se iba al contrabando"". Además, indicó que las personas que necesiten más garrafas pueden comprarlas con justificación. Por su parte, la ANH a nivel nacional emitió hoy un comunicado asegurando que no existen cupos ni restricciones para la compra de garrafas y que su precio se mantiene a 22.50 bolivianos. Comunicado de la ANH. Estas publicaciones circulan en medio de varios reportes de medios de comunicación sobre filas para comprar garrafas de GLP en diferentes regiones del país ( 6 , 7 , 8 , 9 y 10 ). Hasta el momento, el Gobierno no limitó la compra de garrafas por personas a nivel nacional. La ANH también mencionó que actualmente existe una sobredemanda a causa de las “noticias falsas de desabastecimiento”, bloqueos y desvío de gente “inescrupulosa”. Fuentes: Publicación de Evo Morales en X Imagen original de TVU Pando Videos de TVU Pando ( 4 y 5 ) Declaraciones del director distrital de la Agencia Nacional de Hidrocarburos (ANH) en Pando, Marco Sánchez Reportes de medios de comunicación sobre filas para comprar garrafas ( 6 , 7 , 8 , 9 y 10 ) Comunicado de la ANH Tags Evo Morales ANH Gas Tendencia Política Indeterminada Fecha Publicación Web Tue, 01/06/2026 - 18:31 Log in to post comments",Engañoso,Media
46,chequeabolivia.bo,https://chequeabolivia.bo/es-enganoso-que-bukele-dijo-que-ayudara-bolivia-replicar-el-modelo-carcelario-de-el-salvador,"Es engañoso que Bukele dijo que ayudará a Bolivia a replicar el modelo carcelario de El Salvador. Bukele no confirmó ayuda para crear cárceles “anti-mafia” en Bolivia, pero el presidente Rodrigo Paz dijo que le pidió ayuda con las cárceles del país. Por Yirleyn Gabriel Motaño En Facebook circula una imagen donde se asegura que el presidente de El Salvador, Nayib Bukele, ayudará a Bolivia a replicar el modelo carcelario “anti-mafia”. ChequeaBolivia verificó que el contenido es engañoso. ChequeaBolivia realizó una búsqueda de palabras en Google “Bukele ayudará Bolivia a replicar el sistema penitenciario de El Salvador” y no se encontraron resultados que confirmen que Bukele haya anunciado o aceptado ayudar a Bolivia a implementar su modelo penitenciario. Sin embargo, al revisar las últimas declaraciones sobre la interacción entre Bukele y el presidente de Bolivia, Rodrigo Paz, se evidenció que Paz aseguró el 28 de octubre, en una entrevista con Bolivisión , que tuvo una llamada telefónica con el mandatario salvadoreño y que le pidió “ayuda con las cárceles y que vamos a tener que hacer muchas acá”. Por parte del gobierno salvadoreño, el vicepresidente Félix Ulloa declaró en una entrevista realizada en el programa “Que No Me Pierda” del canal Red Uno, el 7 de noviembre, que:  El Salvador ha compartido su modelo con otros países y que “nosotros de manera fraterna y solidaria, estamos dispuestos para compartir” y que “ si ese fuera el caso de Bolivia… lo podemos hacer con todo gusto con el gobierno de Bolivia ”. En la entrevista con diario El Deber , Ulloa también señaló respecto al tema que “es cada gobierno el que decide cómo, de qué manera nosotros podemos dar algún tipo de asistencia técnica” . Aun así, ninguna de las autoridades salvadoreñas confirmó que exista un acuerdo, ni que Bukele haya aceptado replicar el sistema penitenciario salvadoreño en Bolivia. Fuentes: Búsqueda de palabras en Google “Bukele ayudará Bolivia a replicar el sistema penitenciario de El Salvador” Red social Tik Tok de Bolivisìón ( entrevista 28 de octubre ) Entrevista al Vicepresidente de El Salvador, Félix Ulloa  realizada por el programa “Que No Me Pierda” del canal Red Uno el 7 de noviembre. Entrevista al Vicepresidente de El Salvador, Félix Ulloa realizada por el diario El Deber el 7 de noviembre. Tags Nayib Bukele Rodrigo Paz Tendencia Política Indeterminada Fecha Publicación Web Thu, 11/20/2025 - 13:43",Engañoso,Media
47,chequeabolivia.bo,https://chequeabolivia.bo/senadora-salvatierra-propone-eliminar-facebook-de-bolivia,"Senadora Salvatierra propone eliminar Facebook de Bolivia. En mayo de este año la presidenta de la Cámara de Senadores, Adriana Salvatierra afirmó que regular las redes sociales no es ""prioridad"" de la Asamblea Legislativa ni del Gobierno. En Facebook se compartió una imagen en la que se asegura que la presidenta de la Cámara de Senadores, Adriana Salvatierra, propuso eliminar el Facebook de Bolivia. Se añade: “La Ley de Imprenta y las redes sociales, en la mira del MAS”. ChequeaBolivia advierte que la información es engañosa. En una revisión de reportes de medios de comunicación, se constató que en septiembre de 2018 , Salvatierra y el diputado Gonzalo Aguilar, ambos del Movimiento Al Socialismo (MAS), plantearon que la propuesta del presidente Evo Morales de elaborar una ley contra la mentira para regular a medios de comunicación y políticos, también abarque al ámbito de las redes sociales. “La mentira está en las redes sociales, que son masivas en esta época que tenemos gracias al Whatsapp, Facebook, y ahora se escudan en el anonimato para incurrir en la mentira ciertas personas, no son todas, ciertos políticos”, manifestó Salvatierra en ese entonces. Sin embargo, no propuso eliminar el Facebook. En tanto, en mayo de este año y tras asumir la presidencia en la Cámara de Senadores, Salvatierra afirmó que regular las redes sociales no es ""prioridad"" de la Asamblea Legislativa ni del Gobierno, ya que la población tiene derecho a expresarse a través de diferentes medios. FUENTE: Revisión hemerográfica Tags Adriana Salvatierra Log in to post comments",Engañoso,Media
48,chequeabolivia.bo,https://chequeabolivia.bo/reciben-evo-morales-con-insultos-en-la-fiesta-de-urkupina,"Reciben a Evo Morales con insultos en la fiesta de Urkupiña. Este año, la fiesta de la virgen de Urkupiña en Cochabamba se caracterizó por la ausencia de autoridades nacionales. En Facebook se compartió un video en el que se observa al presidente Evo Morales en una visita a la festividad de Urkupiña. En el encabezado se indica que se trata de una noticia de último momento y que el primer mandatario salió corriendo al oír insultos y abucheos. ChequeaBolivia advierte que el contenido es engañoso. Este año, la fiesta de la virgen de Urkupiña en Cochabamba se caracterizó por la ausencia de autoridades nacionales, incluido el presidente Morales que no llegó a Cochabamba para participar de la festividad ni el día que se celebró la misa central, ni para la jornada del calvario. En la festividad sí participaron algunos políticos como Samuel Doria Medina y candidatos para las elecciones nacionales como Óscar Ortiz, Shirley Franco y Carlos Mesa. El video que se comparte en Facebook corresponde a la visita del presidente Morales en 2017, justo en el momento en el que llegó a Quillacollo para participar de la misa central de la festividad de la Virgen de Urkupiña. FUENTE: Reportes de medios de comunicación Revisión de videos Tags Evo Morales Log in to post comments",Engañoso,Media
49,chequeabolivia.bo,https://chequeabolivia.bo/insultan-evo-morales-en-una-concentracion-de-yacuiba,"Insultan a Evo Morales en una concentración de Yacuiba. En un recuento de las actividades que realizó el presidente Evo Morales el pasado sábado 10 de agosto en Yacuiba, se constató que no estuvo presente en ningún estadio ni en actos oficiales durante la noche. En WhatsApp se compartió un video en el que se oyen cánticos en rechazo al presidente Evo Morales presuntamente durante uno de los actos en los que estaba presente el primer mandatario en Yacuiba, el pasado 10 de agosto de 2019. ChequeaBolivia verificó que la noticia es engañosa. En un recuento de las actividades que realizó el presidente Morales el pasado sábado 10 de agosto en Yacuiba, se constató que no estuvo presente en ningún estadio ni en actos oficiales durante la noche. Sin embargo, este mismo video circuló en las redes sociales desde el pasado 7 de agosto y las imágenes corresponden al clásico cruceño Blooming versus oriente Petrolero en la quinta jornada del torneo clausura en el estadio Ramón Tahuichi Aguilera. FUENTE: Revisión de videos Reportes de medios de Comunicación Tags Evo Morales Log in to post comments",Engañoso,Media
50,chequeabolivia.bo,https://chequeabolivia.bo/index%2ephp/unitel-no-publico-una-foto-filtrada-de-rodrigo-paz-con-marcelo-claure-en-eeuu,"Unitel no publicó una foto filtrada de Rodrigo Paz con Marcelo Claure en EEUU. El medio desmintió el contenido y la imagen que circula en las redes sociales es del 23 de mayo. Natalia Cuadros En Facebook circula una imagen con la línea gráfica de Unitel. El titular de esta publicación señala que se filtró una fotografía de Rodrigo Paz, candidato a la Presidencia por el Partido Demócrata Cristiano (PDC), con el empresario boliviano Marcelo Claure en Estados Unidos (EEUU). ChequeaBolivia verificó que se trata de contenido engañoso. Se realizó una búsqueda rápida en Google con palabras clave como: “Rodrigo Paz con Marcelo Claure en EEUU”. Entre los resultados no existe ninguna noticia similar que haya sido publicada por Unitel. También se consultó con  el editor web del medio Unitel, Christopher André, quien confirmó que se trata de información que no fue publicada por el medio. En una búsqueda en las cuentas oficiales del medio y su página web ( 1 , 2 , 3 ) no se encontró dicho contenido. En una búsqueda a la inversa, se verificó que la fotografía fue tomada durante el evento llamado Bolivia 360 , organizado por Marcelo Claure, en el que se trata una diversidad de temas políticos y económicos. Este evento se llevó a cabo en Harvard. La imagen fue publicada el 23 de mayo, en la cuenta oficial del economista Gonzalo Chávez, que también participó de esta actividad. Por tanto, no se trata de una fotografía actual ni del viaje que realizó Rodrigo Paz a EEUU, en septiembre pasado. Fuentes: Cuentas oficiales y página web de Unitel: ( 1 , 2 , 3 ) Búsqueda rápida en Google: ( 1 ) Christopher André, editor web de Unitel Brújula Digital ( 1 ) Tags Rodrigo Paz Marcelo Claure Unitel Elecciones Generales 2025 Tendencia Política Indeterminada Fecha Publicación Web Wed, 10/08/2025 - 11:54",Engañoso,Media
51,chequeabolivia.bo,https://chequeabolivia.bo/index%2ephp/desempleo-con-mesa-llego-al-11-y-al-4-con-evo-morales,"Desempleo con Mesa llegó al 11% y al 4% con Evo Morales. Según informes del Instituto Nacional de Estadística, los datos de la publicación en Facebook son engañosos. La anterior captura de pantalla, compartida a través de la red social Facebook durante el 20 de mayo, es engañosa. Según el informe del Instituto Nacional de Estadística (INE), los porcentajes establecidos en la publicación son incorrectos. A razón de una “tweet” realizado por el candidato presidencial, Carlos Mesa, se estuvo compartiendo la imagen en redes sociales que establece que el desempleo durante el gobierno de Carlos Mesa fue del 11% y el 4% en el tiempo de gestión de Evo Morales. Sin embargo, según los datos presentados en el informe del INE, durante el mandato de Mesa (2003-2005) el desempleo pasó de 9,1% a 8,4% y no llegó a ser la más alta de la región. Asimismo, el porcentaje establecido en el informe para el periodo de Evo Morales (2006 - 2018) es de 4,48%. En conclusión, tras la investigación del origen y veracidad de la información, ChequeaBolivia está en condiciones de afirmar que es engañosa. FUENTE: - Instituto Nacional de Estadística Tags Evo Morales Carlos Mesa Desempleo Log in to post comments",Engañoso,Media
52,chequeabolivia.bo,https://chequeabolivia.bo/clan-morales-alvarado-cardenas,"Clan Morales, Alvarado, Cárdenas. El pasado domingo, el diario Página Siete publicó una noticia en la que se establece como verdadero el hecho de que Francisca Álvarez suscribió cuatro contratos con la petrolera YPFB por al menos 200 mil bolivianos. El 15 de mayo se estuve viralizando la anterior imagen a través de las redes sociales. En ella se establece que existe un “clan” compuesto por Evo Morales, Evaliz Morales, Félix Cárdenas y Francisca Alvarado. Dicha publicación contiene un párrafo del periódico Página Siete en el que se revela que la radio Jacinto Rodríguez, de Francisca Alvarado Pinto, madre de Evaliz Morales, suscribió al menos cuatro contratos con la estatal petrolera Yacimientos Petrolíferos Fiscales Bolivianos (YPFB). ChequeaBolivia procedió a investigar el origen y la veracidad de la publicación y está en condiciones de afirmar que contiene información ambigua. El pasado domingo, el diario Página Siete publicó una noticia en la que se establece como verdadero el hecho de que Francisca Álvarez suscribió cuatro contratos con la petrolera YPFB por al menos 200 mil bolivianos. En marzo de 2018, mediante un correo electrónico YPFB mandó la invitación directa a la empresa unipersonal ""Radio Jacinto Rodríguez"" de propiedad de Francisca Alvarado, quien tiene una hija con el presidente Evo Morales y es pareja del exviceministro de Descolonización, Félix Cárdenas, situación que podría ser considerada como tráfico de influencias. Sin embargo, no se menciona la existencia de ningún “clan” o agrupación. (*Existen varias publicaciones en redes sociales relacionados con el tema) FUENTE: Revisión hemerográfica Log in to post comments",Engañoso,Media
53,chequeabolivia.bo,https://chequeabolivia.bo/index%2ephp/el-vehiculo-registrado-nombre-de-evo-morales-no-paga-impuestos,"El vehículo registrado a nombre de Evo Morales no paga impuestos. Los impuestos correspondientes a dicho vehículo a nombre del presidente Evo Morales, aún pueden ser pagados hasta el 30 de junio del presente año. El 12 de mayo se reprodujo la siguiente publicación a través de redes sociales. En ella se observan imágenes de documentos del Registro Nacional de Vehículos y el Registro Único para la Administración Tributaria Municipal correspondientes a un vehículo registrando a nombre del presidente Evo Morales. La segunda imagen muestra la deuda de impuestos de dicho vehículo. ChequeaBolivia procedió a investigar el origen y veracidad de dicha información y está en condiciones de afirmar que es verdadera, sin embargo, está incompleta. Los impuestos correspondientes a dicho vehículo aún pueden ser pagados hasta el 30 de junio del presente año, al igual que para el resto de la población boliviana. Además, los informes del RUAT muestran que los impuestos del vehículo fueron pagados hasta el 2017. FUENTE: Registro Único para la Administración Tributaria Municipal Tags Evo Morales Log in to post comments",Engañoso,Media
54,chequeabolivia.bo,https://chequeabolivia.bo/index%2ephp/enganoso-andronico-no-dijo-que-si-llega-ser-presidente-aprehendera-evo-morales,"Engañoso: Andrónico no dijo que si llega a ser presidente, aprehenderá a Evo Morales. Andrónico Rodríguez no afirma ni niega que aprehendería a Morales, sino que hará respetar la ley sin ejercer presión política. Por Lucas Illanes En TikTok y X ( 1 , 2 , 3 y 4 ) circulan videos en los que se asegura que el candidato presidencial por Alianza Popular, Andrónico Rodríguez, anunció que “se aprehenderá a Evo (Morales) si llega a ser presidente”. ChequeaBolivia advierte que es contenido engañoso. Los videos muestran un fragmento de una entrevista de Rodríguez en el programa Así Decidimos 2025 de la Red Unitel del domingo 6 de julio. Durante el programa, la periodista Gabriela Oviedo preguntó a Rodríguez qué haría sobre la orden de aprehensión del expresidente Evo Morales. Rodríguez no afirmó ni negó textualmente que aprehendería a Morales como se escucha a partir del minuto 6:31 de este video . A continuación, la transcripción completa sobre este tema: Gabriela Oviedo: Hay una orden de aprehensión emitida contra Evo Morales por trata de personas. Si usted llega a ser presidente, Andrónico, ¿qué hará con eso? Andrónico Rodríguez: Yo no voy a ejercer presión política contra nadie, pero haremos cumplir la ley. Gabriela Oviedo: ¿Eso implica hacer efectiva esta orden de aprensión? Andrónico Rodríguez: Haremos cumplir la ley porque ese es el mandato del gobernante, no es juez ni fiscal para emitir ninguna versión y respuesta afirmativa. Pero sí está en manos del presidente fiel cumplimiento, cumplir y hacer cumplir la norma. Andrónico Rodríguez: ¿Haría ejecutar esa orden de aprensión con la Policía? Gabriela Oviedo: Bueno, me remito a que no vamos a ejercer ninguna presión política contra nadie, pero vamos a hacer cumplir la ley. Sin duda es lo que el pueblo requiere y necesita. ChequeaBolivia encontró otra entrevista del 8 de julio en el programa No Mentirás con la periodista Jimena Antelo, quien pidió aclarar a Rodríguez si ejecutaría ahora mismo la orden de aprehensión en contra de Morales. “Claramente se ha ejercido presión política, lamentablemente esto es consecuencia de la vieja práctica del sistema tradicional de los políticos del pasado (…) donde corresponde la justicia actuará”, respondió Rodríguez. El contenido surge en medio de dudas sobre la relación entre la Alianza Popular y el expresidente Evo Morales, quien cuenta con una orden de captura por un caso de presunta trata de una menor que fue restituida el 2 de mayo después de que una jueza lo anulara. Sobre el tema, la candidata a la vicepresidencia de esta misma alianza, Mariana Prado, consideró que , sobre que “no vamos a hacer nada contra Evo (Morales)” . Fuentes: Entrevista de Andrónico Rodríguez en el programa Así Decidimos 2025 Entrevista de Andrónico Rodríguez en el programa No Mentirás DW El Deber Tags Andrónico Rodríguez Evo Morales Unitel Tendencia Política Indeterminada Fecha Publicación Web Thu, 07/10/2025 - 12:07 Log in to post comments",Engañoso,Media
55,chequeabolivia.bo,https://chequeabolivia.bo/index%2ephp/manipulan-video-de-virginio-lema-para-favorecer-tuto-quiroga,"Manipulan video de Virginio Lema para favorecer a Tuto Quiroga. Se modificó el fondo original del video para simular apoyo político, aunque Lema promueve respaldar al más votado en su iniciativa “Primarias de El Bunker”. Por Lucas Illanes En TikTok se difunde un video en el que se muestra al periodista, Virginio Lema, indicando que el Movimiento Al Socialismo (MAS) le teme al precandidato, Jorge “Tuto” Quiroga. ChequeaBolivia verificó que el contenido es engañoso. El video muestra una imagen de fondo que proclama como ganadores en las “encuestas ciudadanas de El Bunker” a Quiroga junto a Juan Pablo Velasco, precandidato a la presidencia.  Mientras se oye a Lema mencionar lo siguiente: “A esto le teme la mafia del MAS, le teme al pueblo, le temen a la fuerza de la gente”. ChequeaBolivia consultó con Lema, quien respondió que el video no es suyo, “es armado”. Tras la revisión de la cuenta oficial de TikTok del periodista, se constató que un contenido publicado el 25 de abril fue manipulado porque el original no presenta un fondo que promociona a Tuto, sino que difunde que su iniciativa denominada “Primaria Digital” acumuló 183.723 votos en las primeras 12 horas. Las “votaciones primarias” o también conocidas como “encuestas ciudadanas de El Bunker” es una iniciativa de Lema que tiene el objetivo de definir a un solo candidato de la oposición que se enfrentará al MAS en las Elecciones Generales previstas para agosto de este año. Estas “votaciones” se realizan de forma virtual en una plataforma. ChequeaBolivia explicó anteriormente que este proceso no puede considerarse como una elección primaria y que su sistema registra falencias, por lo que sus resultados no son confiables. El 26 de mayo Lema presentó los resultados de un tercer proceso indicando que hará otras “votaciones” y anima a apoyar al político más favorecido, quien por el momento es Tuto Quiroga. Fuentes: Periodista, Virginio Lema Contenido original publicado en la cuenta de TikTok de Virginio Lema Tags Jorge 'Tuto' Quiroga Virginio Lema Elecciones Generales 2025 Tendencia Política Indeterminada Fecha Publicación Web Sun, 06/01/2025 - 22:26 Log in to post comments",Engañoso,Media
56,chequeabolivia.bo,https://chequeabolivia.bo/index%2ephp/junior-arias-no-informo-que-morales-sera-habilitado-sino-sobre-el-amparo-que-pan-bol-presento-en-la,"Junior Arias no informó que Morales será habilitado, sino sobre el amparo que PAN-Bol presentó en La Paz. En la nota televisiva Arias habla del amparo constitucional interpuesto por PAN-Bol y el TSE informó que Evo no se registró como candidato. Por Álvaro Montoya En TikTok circula un video del periodista Junior Arias Paravicini, informando sobre un Amparo Constitucional que presentó PAN-Bol para habilitar al expresidente Evo Morales como candidato a las elecciones generales 2025, acompañado de un texto que dice: “Noticia de último momento. Evo Morales será habilitado”.   ChequeaBoliva advierte que se trata de información engañosa. ChequeaBolivia realizó una búsqueda en Google con las palabras “PAN-Bol presenta Amparo Constitucional en La Paz”, mismo texto que aparece en el generador de caracteres mientras Paravicini habla en la nota que circula en TikTok, y encontró el contenido original. El video que se comparte en redes sociales fue originalmente publicado por DTV, medio del que es director Paravicini, y que él mismo reposteó en su página personal de Facebook. En este contenido se informa sobre el amparo constitucional que fue presentado el pasado 20 de mayo por PAN-Bol ante la Sala Constitucional Cuarta del Tribunal Departamental de Justicia de La Paz que busca que el Tribunal Supremo Electoral reciba la inscripción de la candidatura de Morales de manera provisional hasta que se resuelvan los recursos para recuperar su personería jurídica. En ningún momento se asegura que Morales será habilitado. Evo no se registró por tanto no está habilitado En conferencia de prensa del 20 de mayo, fecha en la que feneció el plazo para registrar candidaturas, consultado sobre la postulación de Morales en el minuto 5:44 , el secretario de Cámara del TSE, Fernando Arteaga afirmó: “Evo Pueblo no es un partido con personería jurídica vigente y PAN-Bol tiene su personería jurídica cancelada, por lo tanto no pueden hacer registro de candidatos”. Ayer, la presidenta PAN-Bol, Ruth Nina, informó que el amparo constitucional presentado contra el Tribunal Supremo Electoral (TSE) fue admitido por el Tribunal Departamental de Justicia de La Paz, pero que la medida cautelar temporal que pretendía inscribir al expresidente Evo Morales y otros candidatos en la carrera electoral fue rechazada. Fuentes: Cuenta de Facebook de Junior Arias Parravicini Informe del TSE transmitido por Facebook Revisión hemerográfica Tags Elecciones Generales 2025 Evo Morales Tendencia Política Indeterminada Fecha Publicación Web Thu, 05/22/2025 - 15:49",Engañoso,Media
57,chequeabolivia.bo,https://chequeabolivia.bo/es-enganoso-que-se-puedan-impulsar-primarias-ciudadanas-con-una-votacion-digital-como-lo-afirmo,"Es engañoso que se puedan impulsar “primarias ciudadanas” con una votación digital como lo afirmó Virginio Lema. Esta iniciativa no puede ser considerada como una verdadera elección primaria, ya que ese proceso está regulado por la Ley 1096 de organizaciones políticas y para las elecciones de 2025 se aprobó una norma que la dejó sin efecto. Por Lucas Illanes El periodista Virginio Lema mediante sus redes sociales y las cuentas de “El Búnker” anunció en reiteradas ocasiones  que unas “primarias electorales ciudadanas” se llevarán a cabo en línea para determinar un único candidato de la oposición. ChequeaBolivia verificó que su discurso es engañoso. A pesar de que en Bolivia una ley estableció que en este año no se llevarán a cabo las elecciones primarias, una página web que promovía “primarias electorales ciudadanas” y promocionada por Lema recopiló datos personales sensibles de miles de personas, no respetó la normativa que debe seguir este proceso, tuvo varias fallas y no fue transparente. ChequeaBolivia hizo seguimiento a este proceso y expone por qué esta iniciativa no puede ser considerada como una verdadera elección primaria. ¿Qué son en realidad las elecciones primarias? Unas votaciones que la ley determinó que no se realizarán este año Las elecciones primarias son aquellas que sirven para hacer elecciones internas en las organizaciones políticas y así definir oficialmente a sus candidatos para la presidencia y vicepresidencia. El 19 de agosto del año pasado se dispuso mediante la Ley 1578 de Régimen Excepcional y Transitorio de Elecciones Primarias que estas elecciones no se llevarán a cabo para 2025. Esto tras que organizaciones políticas acordaron suspender las elecciones primarias en julio del año pasado en una reunión llamada: “Encuentro Multipartidario e Interinstitucional por la Democracia” . De este encuentro participaron líderes de los 11 partidos y las dos alianzas presentes , a excepción del expresidente Evo Morales que se retiró mostrando su desacuerdo. La principal razón fue la de evitar que las primarias se realicen cerca de las fechas de las Elecciones Judiciales. Para que se lleven a cabo las elecciones primarias en Bolivia, deben cumplirse varios requisitos establecidos por ley. Este proceso debe ser organizado por el Tribunal Supremo Electoral (TSE) y financiado con recursos del Estado. La normativa indica que las primarias deben realizarse en los mismos recintos de votación utilizados en las elecciones generales. Además, cada recinto debe contar con al menos un notario electoral. Solo pueden participar militantes registrados en el padrón de su organización política y en el padrón electoral. El voto debe ser individual, voluntario, directo, libre y secreto. 300 mil personas respondieron con datos personales a la iniciativa promovida por Virginio Lema Las “primarias electorales ciudadanas” fueron promovidas principalmente por Lema y mediante las redes sociales de “El Búnker”. En un video el 25 de marzo el periodista anunció que las primarias se iban a hacer realidad en los próximos días. El objetivo: definir a un solo candidato de la oposición que se enfrentará al Movimiento Al Socialismo (MAS) en las Elecciones Generales previstas para agosto de este año. Para acceder a esta “votación”, como menciona Lema, se debía ingresar a una plataforma web que pedía brindar los siguientes datos personales: país, ciudad, número de WhatsApp, documento de identidad, fecha de nacimiento. El portal mostraba las siguientes opciones: Amparo Ballivián, Chi Hyung Chu, Edgar Uriona, Gustavo Blacutt,  Manfred Reyes Villa, Samuel Doria Medina, José Carlos Sanchez, Edmar Lara, Jaime Dunn y Jorge Quiroga. La plataforma intentó evitar que las personas votaran más de una vez enviando un enlace por WhatsApp para que eligieran una opción. Sin embargo, según la propia versión de Lema, se registraron votos “fraudulentos”. De acuerdo con información disponible en el Búnker , se llegó a un total de 307.524 votos válidos. Las falencias de las primarias de El Bunker La plataforma fue vulnerable a ataques de terceras personas. Por ejemplo, las personas podían votar más de una vez, para esto ingresaron más de un número de WhatsApp. Sobre esto, Lema admitió que se registraron “una infinidad de dificultades, en la primera votación, que se van a superar en la segunda”. El periodista anunció que se harán otras versiones en los próximos meses. Además, este proceso virtual no fue transparente. Por ejemplo, la página web, que usualmente está caída, no permite consultar los resultados ni verificar los datos, como normalmente sucede en las elecciones. Tampoco se explica qué mecanismos de seguridad se tomaron para proteger los datos de 307.524 de las personas que votaron “válido”. “Hemos hecho (el sistema) en plataformas gratuitas, Él Búnker no tiene recursos “, reconoció Lema. Finalmente, el periodista invitó a las organizaciones políticas e incluso al Órgano Electoral Plurinacional a auditar los resultados. Como se mencionó anteriormente, la participación de terceros debía ser efectiva durante el proceso, algo que no ocurrió. Fuentes: Redes sociales de Virginio Lema y El Búnker Ley 1578 Ley 1096 Correo del Sur Fuente Directa OEP Tags Virginio Lema El Búnker Tendencia Política Indeterminada Fecha Publicación Web Fri, 04/04/2025 - 20:15 Log in to post comments",Engañoso,Media
58,chequeabolivia.bo,https://chequeabolivia.bo/index%2ephp/enganoso-el-deber-no-publico-una-cita-de-andronico-negandose-ser-jefe-de-campana-de-evo-morales,"Engañoso: El Deber no publicó una cita de Andrónico negándose a ser jefe de campaña de Evo Morales. El Deber negó que el contenido les pertenezca, pero la nota usa el mismo texto que publicó el periodista José Pomacusi, sin revelar la fuente. Por Álvaro Montoya En TikTok circula una presunta noticia con los sellos de El Deber, afirmando que el presidente de la Cámara de Diputados, Andrónico Rodríguez, le habría dicho al expresidente Evo Morales que no será su jefe de campaña como él solicitó y que le tiene celos desde 2019. ChequeaBolivia advierte que se trata de información engañosa. ChequeaBolivia contactó a la editora web de El Deber, Beatriz Ávalos, quién afirmó que el contenido no es de su medio. Adicionalmente, ChequeaBolivia realizó una revisión en la página web de El Deber con la etiqueta “Andrónico Rodríguez” y en su página de Facebook de forma manual, y no encontró que el medio haya publicado la noticia. No obstante, una búsqueda en Google con el mismo texto lleva al programa Poder, Medios y Miedos de José Pomacusi, dónde en la transmisión del 18 de febrero minuto 18:27 el comunicador afirma, sin mencionar la fuente, que el presidente de la Cámara de Senadores le dijo a Morales durante una reunión: “Evo no voy a ser tu jefe de campaña. Me tienes celos desde 2019, estás celoso Evo”. El 22 de enero Rodríguez le dijo a Evo Morales durante un evento de celebración de sus seguidores por el aniversario del Estado Plurinacional que el expresidente “debe sentirse orgulloso y no celoso de muchos jóvenes, hombres y mujeres, que siguen sus pasos de la dirigencia sindical”. No obstante no hay registro audiovisual ni escrito de la cita textual que Pomacusi le atribuye a Rodríguez. Fuentes: Editora web de El Deber, Beatriz Ávalos Sitio web de El Deber Página de Facebook de El Deber Poder, Medios y Miedos El País - Tarija Tags Andrónico Rodríguez Tendencia Política Indeterminada Fecha Publicación Web Wed, 02/26/2025 - 17:06",Engañoso,Media
59,chequeabolivia.bo,https://chequeabolivia.bo/index%2ephp/manfred-reyes-villa-difunde-encuesta-no-confiable-para-promover-su-campana-politica,"Manfred Reyes Villa difunde encuesta no confiable para promover su campaña política. El alcalde de Cochabamba difundió una encuesta sin transparencia sobre su financiamiento, metodología y con una muestra reducida Por Lucas Illanes El alcalde de Cochabamba, Manfred Reyes Villa compartió en sus cuentas oficiales de  Facebook, Instagram y X una encuesta atribuida a Ipsos Ciesmori en el que se muestra como favorito ante las elecciones presidenciales previstas para agosto de este año ( 1 , 2 , 3 , 4 ). ChequeaBolivia verificó que se trata de información engañosa. En una de sus publicaciones los resultados de la encuesta contienen el siguiente texto en la descripción: “No cabe ninguna duda, Manfred Reyes Villa y la unidad del pueblo boliviano, lideran todas las encuestas”. Esta encuesta fue revisada por el equipo de ChequeaBolivia anteriormente y se determinó que no es confiable por diversos motivos. Uno de ellos es la falta de transparencia, pues no hay información sobre quién la financió y no existen datos claros sobre cómo fue realizada. Ipsos Ciesmori, la empresa a cargo de su realización, anunció públicamente que un cliente, sin especificar el nombre, difundió estos resultados sin autorización. La encuestadora no brindó información más detallada a ChequeaBolivia. Otro factor clave radica en que esta y otras encuestas se están difundiendo antes de que se defina el calendario electoral, el cual aún no ha sido establecido por el Órgano Electoral Plurinacional (OEP). Dicha entidad es responsable de acreditar a las encuestadoras, asegurando que cumplan con los requisitos mínimos establecidos por norma. Por lo tanto, esta encuesta no cuenta con la validación del OEP. Según el artículo 135  de la Ley No. 026 del Régimen Electoral, está prohibida la elaboración y difusión de estudios de opinión que no tengan un autor plenamente identificado, y que no haya realizado su registro ante el Órgano Electoral Plurinacional (OEP) para la elaboración y difusión de encuestas. Una vez que el OEP lance la convocatoria para las elecciones nacionales, también presentará un calendario electoral. Ese calendario electoral establecerá un plazo para que las empresas de estudios de opinión se presenten ante esta instancia y se acrediten para realizar este trabajo de cara a las elecciones. Por último, esta encuesta tiene una muestra considerada pequeña, pues se consultó a 800 personas de las ciudades de La Paz, El Alto, Cochabamba y Santa Cruz. En las publicaciones de Reyes Villa no se aclara que solo se tomó en cuenta estas cuatro ciudades para difundir estos resultados. ChequeaBolivia se contactó con el equipo de comunicación de Reyes Villa. Hasta el momento de esta publicación no se obtuvo ninguna respuesta. Puede acceder a más información sobre la investigación de esta encuesta mediante este enlace . Fuentes: Redes sociales de Manfred Reyes Villa Comunicado de Ipsos Ciesmori Ley No. 26 del Régimen Electoral Verificado Tags Manfred Reyes Villa Encuestas Elecciones Generales 2025 Tendencia Política Indeterminada Fecha Publicación Web Mon, 01/27/2025 - 17:57",Engañoso,Media
60,chequeabolivia.bo,https://chequeabolivia.bo/index%2ephp/tuto-quiroga-no-fue-de-izquierda-ni-el-fundador-del-fri-guerrillero-del-che-guevara,"Tuto Quiroga no fue de ‘izquierda’ ni el fundador del FRI guerrillero del ‘Che’ Guevara. Quiroga fue parte del gobierno del líder de izquierda Jaime Paz Zamora debido al ‘acuerdo patriótico’ entre el MIR y el ADN, y el creador del FRI apoyó a Guevara, pero no peleó a su lado. Por Álvaro Montoya En TikTok circula un video de un creador de contenido afirmando que el expresidente y actual candidato, Jorge ‘Tuto’ Quiroga, nunca fue “de derecha” y más bien, siempre fue de izquierda por haber sido parte del gobierno de Jaime Paz Zamora y por ahora ser candidato del Frente Revolucionario de Izquierda (FRI), cuyo fundador fue guerrillero del ‘Che’ Guevara. ChequeaBolivia constató que se trata de información engañosa. ChequeaBolivia revisó diversas fuentes historiográficas, y comprobó que, si bien es cierto que Quiroga fue parte del gobierno de Jaime Paz Zamora, líder histórico del Movimiento de Izquierda Revolucionario (MIR), nunca fue parte de este partido. Según el Centro de Asuntos Internacionales de Barcelona (CIDOB) Quiroga llegó al gobierno de Paz Zamora gracias al “Acuerdo Patriótico” entre el MIR y Acción Democrática Nacionalista (ADN), partido del ex dictador Hugo Banzer Suárez, de derecha. Pese a las contradicciones ideológicas entre ambos partidos, el Acuerdo Patriótico se creó en 1989 para vencer en las elecciones congresales al Movimiento Nacionalista Revolucionario (MNR) y llevar a Paz Zamora a la presidencia en el periodo 1989-1993, en el que, según el libro ‘Presidentes de Bolivia: Entre Urnas y Fusiles’, co-gobernó con el ADN. El video también afirma que Oscar “Motete” Zamora+, fundador del Frente Revolucionario de Izquierda (FRI), partido que prestó su sigla a Quiroga hace más de un mes, fue guerrillero de Ernesto ‘Che’ Guevara durante su campaña en Bolivia entre 1966 y 1967. Si bien es cierto que, según ANF , Zamora defendió públicamente la guerrilla del Che, el libro “Sueño y Tragedia: La Aventura en Bolivia”, relata que él, al igual que muchos políticos bolivianos de izquierda de la época, se rehusó a participar del conflicto armado. Fuentes: Centro de Asuntos Internacionales de Barcelona (CIDOB) Presidentes de Bolivia: Entre Urnas y Fusiles de Carlos Mesa Gisbert Sueño y Tragedia: La Aventura en Bolivia Antología de Documentos Fundamentales de La Historia de Bolivia ANF Tags Jorge 'Tuto' Quiroga Tendencia Política Indeterminada Fecha Publicación Web Mon, 01/27/2025 - 14:37",Engañoso,Media
61,chequeabolivia.bo,https://chequeabolivia.bo/unitel-no-informo-sobre-polemica-por-concurso-que-premiaba-ninos-disfrazados-de-evo-morales,"Unitel no informó sobre polémica por concurso que premiaba a niños disfrazados de Evo Morales. El contenido fue desmentido por Unitel, pero el concurso fue real y se llevó a cabo el 8 de enero en un evento por el Día de Reyes. Por Gabriel López Circula en TikTok una imagen con el formato gráfico y sellos de la Red Unitel que informa sobre una supuesta polémica que se desató por un concurso que premiaba a niños disfrazados como Evo Morales. ChequeaBolivia constató que se trata de información engañosa. En una revisión de la página de Facebook de RKC, se constató que el concurso es real y se realizó el 8 de enero, por la celebración de Día de Reyes, en la localidad de Lauca Ñ, municipio de Shinahota, Cochabamba. La actividad fue organizada por la Federación Departamental de Médicos de Santa Cruz y consistía en la entrega de mil juguetes, además de premiar con una bicicleta al niño que asistiera disfrazado como Evo Morales y a la niña vestida como Bartolina Sisa. En la publicación de RKC, se detalla: “Gran entrega de regalos para los niños y niñas en predios de la Coordinadora de las 6 Federaciones del Trópico de Cochabamba (Lauca Ñ) a iniciativa de la Federación Departamental de Médicos de Santa Cruz, se hará la entrega de 1.000 juguetes y al niño que venga idéntico al hermano Evo Morales Ayma se llevará una bicicleta y a la niña que traiga la vestimenta de Bartolina Sisa se llevará otra bicicleta, está actividad es para cerrar las fiestas navideñas de la gestión 2024.” En una revisión de la página web y las redes sociales de Unitel, se verificó que no existe una publicación titulada: “Polémica desatada por Evo Morales al premiar a niños disfrazados de su imagen con juguetes”. Christopher André, editor web del medio, desmintió que la información haya sido publicada por Unitel. Fuentes: Revisión de la cuenta de Facebook de RKC Revisión de la página web y las redes sociales de Unitel El editor Web de Unitel, Christopher André Tags Evo Morales Tendencia Política Indeterminada Fecha Publicación Web Wed, 01/15/2025 - 19:20",Engañoso,Media
62,chequeabolivia.bo,https://chequeabolivia.bo/enganoso-unitel-no-publico-que-la-exministra-nemesia-achacollo-pagaba-servicios-sexuales-de-jovenes,"Engañoso: Unitel no publicó que la exministra Nemesia Achacollo pagaba servicios sexuales de jóvenes para Evo Morales. Sin embargo, la abogada Paola Barriga afirma, sin presentar pruebas a ChequeaBolivia, que dos policías sentenciados confesaron encargarse de llevar jóvenes ante Morales Por Lucas Illanes En TikTok circula un video que aparenta ser publicado por la Red Unitel e indica “exministra Nemesia Achacollo pagaba servicios sexuales de jóvenes que eran contratadas para Evo Morales”. ChequeaBolivia constató que es información engañosa. El video circula con los sellos de Unitel, medio que no publicó ese titular en su página web ni en las redes sociales ( 1 , 2 , 3 , 4 , 5 ). El contenido que difunde la acusación sobre Achacollo, quien fue ministra de Desarrollo Rural y Tierras durante la gestión del expresidente Evo Morales, fue publicado por la cuenta “ @unitel.beni.bo ”. Consultado por el equipo de ChequeaBolivia, el editor web de este medio, Christopher André, aclaró que la cuenta oficial de Unitel es “@unitel.bo” y no la que comparte este contenido. André también confirmó que esa información no fue publicada por su medio. Aunque el contenido no está disponible en Unitel, la información surgió a partir de las declaraciones de la abogada, Paola Barriga, quien asevera que dos policías sentenciados confesaron que se encargaban de llevar a jovencitas ante Morales para prestar servicios. “(Los policías) dijeron que el único trabajo que ellos realizaban era ir a cobrarle a Nemesia Achacollo por los servicios que presentaban estas jovencitas que ellos traían, estamos hablando no solo de Evo Morales sino de todo un circuito que se dedicaba a este delito. Entonces Evo Morales es la cabeza, tiene esta enfermedad de pedofilia, este tipo de delitos sí se ha consumado y no en una sola víctima, son varias víctimas. Exactamente, porque ella (Nemesia) conseguía que lleguen jovencitas con su jefe y que luego ella tenga que realizar los pagos”, indicó Barriga en octubre de este año . No es la primera vez que la abogada hizo estas acusaciones, pues hizo declaraciones similares en 2022 . Según la abogada , la versión de los policías es “pública, está escrita” y fue presentada en una audiencia grabada. Barriga afirmó que es posible acceder a estas declaraciones en el expediente del caso Katanas, disponible en el Tribunal Séptimo de Sentencia de la Corte Superior de Justicia, aunque el documento ""no se puede entregar a quienes no formen parte del proceso"". ChequeaBolivia solicitó a la abogada fotografías del expediente mencionado para respaldar esta verificación con pruebas, pero, hasta la fecha de esta publicación ella no las mandó. Fuentes: Revisión de las redes sociales de la Red Unitel ( 1 , 2 , 3 , 4 , 5 ) Editor web de la Red Unitel, Christopher André Éxito Noticias Urgente.bo Abogada Paola Barriga Tags Evo Morales Nemesia Achacollo Tendencia Política Indeterminada Fecha Publicación Web Thu, 10/31/2024 - 17:30 Log in to post comments",Engañoso,Media
63,chequeabolivia.bo,https://chequeabolivia.bo/unitel-no-informo-que-evo-morales-confirmo-que-tuvo-una-hija-con-una-menor-de-edad,"Unitel no informó que Evo Morales confirmó que tuvo una hija con una menor de edad. En una conferencia de prensa, el expresidente se refirió al tema, pero no confirmó que tuvo una hija con una menor de edad. Por Enid López En TikTok, circula una imagen con la línea gráfica de la Red Unitel, en donde se observa el siguiente titular: “Evo confirma que sí tuvo una hija con una menor de edad: ‘No se metan con mi familia’”. ChequeaBolivia verificó que se trata de información engañosa. En una búsqueda de la información en Google, se constató que Unitel publicó un artículo titulado: “ No se metan con la familia”, la respuesta de Evo cuando le preguntaron si tuvo una hija en 2016 ”. En el artículo no se menciona que el expresidente Evo Morales haya confirmado su paternidad, producto de una relación con una menor de edad. El pasado 4 de octubre, Morales brindó una conferencia de prensa en el trópico de Cochabamba para referirse al proceso que se inició en su contra por presunto estupro y aseguró que este es un caso que ya fue resuelto por la justicia, ya que se rechazó la denuncia en 2020. Tras dar sus explicaciones, le consultaron a Morales si tuvo una hija en 2016, tal como señala la orden de aprehensión que se anuló y que se detalla en la denuncia que se encuentra en proceso en el Ministerio Público. Fuentes: Página web de la Red Unitel Conferencia de prensa de Evo Morales transmitida en RKC Tags Evo Morales crisis económica Tendencia Política Indeterminada Fecha Publicación Web Tue, 10/29/2024 - 10:56",Engañoso,Media
64,chequeabolivia.bo,https://chequeabolivia.bo/enganoso-unitel-no-informo-que-morales-gasto-bs-14-millones-en-marcha,"Engañoso: Unitel no informó que Morales gastó Bs 14 millones en marcha. La información fue proporcionada por el analista político Luis Alberto Ruíz en otro programa informativo, como una estimación y no haciendo alusión a un dato oficial. En TikTok circula una imagen con los sellos de la Red Unitel y un titular afirmando: “Evo Morales habría gastado 14 millones de bolivianos en su ‘marcha de la muerte’"". ChequeaBolivia constató que se trata de información engañosa. ChequeaBolivia contactó al editor web de Unitel, Christopher André, quién aseguró que su medio no publicó un contenido con ese titular. “Es falso y esa cuenta usa nuestro nombre sin nuestro consentimiento. Es también una falsificación”, afirmó André. ChequeaBolivia también constató mediante los enlaces a las redes sociales oficiales que tiene Unitel en su página web, que la cuenta de TikTok que compartió el contenido no es la cuenta oficial de dicho medio. La cuenta falsa tampoco cuenta con el sello azul de verificación que otorga TikTok, que según dicha red social significa que se ha comprobado que la cuenta pertenece a la persona o marca que dicen ser. “Significa que hemos confirmado que la cuenta pertenece a la persona o marca que representa. Esto significa que puedes asegurarte de que las cuentas verificadas que sigues son quienes dicen ser"", menciona la página de soporte de la red social. No obstante, el 25 de septiembre de este año, el analista político Luis Alberto Ruíz, dijo en el programa Detrás de la Verdad que la “Marcha para Salvar Bolivia” que encabezaba entonces el expresidente Evo Morales, habría costado aproximadamente 14 millones de bolivianos. Sobre la frase “marcha de la muerte”, fue dicha el 17 de septiembre en conferencia de prensa por el ministro de Gobierno, Eduardo del Castillo, para calificar la marcha encabezada por Morales y sus afines. Fuentes: Christopher André, editor web Red Unitel Página de soporte de TikTok Cuenta oficial de TikTok  - Unitel Detrás de la Verdad El Deber Tags Evo Morales Tendencia Política No simpatizantes del MAS Fecha Publicación Web Mon, 10/28/2024 - 19:16 Log in to post comments",Engañoso,Media
65,chequeabolivia.bo,https://chequeabolivia.bo/index%2ephp/la-red-uno-no-informo-que-evo-morales-fue-diagnosticado-con-afasia,"La Red Uno no informó que Evo Morales fue diagnosticado con afasia. Desde el medio de comunicación indicaron que el contenido no fue publicado en sus redes sociales. Además, se utilizaron imágenes de 2018 como si fueran actuales. Por Enid López En Facebook y Twitter circula un video con el logo de la Red Uno, donde se lee el siguiente titular: “Evo Morales con dificultades para hablar, un trastorno del lenguaje conocido como afasia, estaría complicando su salud”. ChequeaBolivia verificó que se trata de información engañosa. En una búsqueda del contenido en las redes sociales de la Red Uno ( 1 , 2 , 3 ) se verificó que el video no fue publicado por el medio. Además, la responsable de redes sociales de la Red Uno en Cochabamba, Sharon Portillo, informó a ChequeaBolivia que el contenido no fue publicado por el medio. En una búsqueda del video, se verificó que fue extraído de la transmisión en vivo del programa dominical del expresidente Evo Morales, “Evo es pueblo, líder de los humildes”, en RKC. En una revisión del video , se observó que en el minuto 56, el expresidente Morales se traba al hablar sobre el precio del huevo, pero a lo largo de todo el programa habla con total normalidad. También se revisó la cuenta de X del expresidente Evo Morales y no existe ningún comunicado oficial sobre un supuesto diagnóstico de afasia. Esta enfermedad se refiere a la pérdida de la capacidad de uso del lenguaje secundaria a una lesión de las áreas cerebrales involucradas en la producción y recepción del lenguaje. En el video se utilizaron imágenes de Evo Morales, cuando en 2018 fue intervenido quirúrgicamente para la extracción de un ""pequeño tumor"" hallado en los exámenes médicos ""de rutina"" en una clínica en la zona sur de La Paz. Fuentes: Las redes sociales de la Red Uno ( 1 , 2 , 3 ) Revisión de la transmisión en vivo del programa dominical del expresidente Evo Morales, “Evo es pueblo, líder de los humildes”, en RKC Revisión de la cuenta de X del expresidente Evo Morales La responsable de redes sociales de la Red Uno en Cochabamba, Sharon Portillo Revisión hemerográfica Tags Evo Morales Tendencia Política No simpatizantes del MAS Fecha Publicación Web Thu, 09/12/2024 - 19:32",Engañoso,Media
66,chequeabolivia.bo,https://chequeabolivia.bo/es-falso-que-marcelo-claure-dijo-que-el-socialismo-trae-miseria,"Es falso que Marcelo Claure dijo que el socialismo “trae miseria”. Utilizaron un contenido publicado por la Red Unitel para manipularlo y generar el contenido falso. Por Nayeli Camacho En Facebook circula una imagen con la línea gráfica de la Red Unitel donde se observa una fotografía del presidente de Bolívar, Marcelo Claure, que supuestamente sostuvo: “El socialismo no funcionó en ningún país trae miseria”. Chequea Bolivia verificó que es una publicación engañosa. En la imagen también se observa la siguiente declaración: “‘Han destrozado mi país’: Marcelo Claure habla de una crisis ‘extremadamente preocupante’ en Bolivia”. En una búsqueda en reverso de la imagen que circula en Facebook, se detectó que e l contenido original fue publicado el pasado 23 de abril, pero con el siguiente titular: "" Han destrozado mi país"": Marcelo Claure habla de una crisis ""extremadamente preocupante"" en bolivia”. Al realizar la revisión de la página web de Unitel se constató que no existe ninguna noticia donde se informe que Marcelo Claure declaró “El socialismo no funcionó en ningún país trae miseria”.  Al contrario, contactado por el equipo de Chequea Bolivia, el editor Web de Unitel Christopher Andre indicó que la imagen “está alterada"". “La declaración de abajo es correcta, la de arriba, dónde se refiere al socialismo, no lo dijo Claure, y no lo publicamos nosotros”, explicó. El contenido circula en las redes sociales en un contexto en el que existe una crisis económica a causa de la escasez de dólares y combustibles. Por esa razón, diferentes productos aumentaron de precio en el mercado. Fuentes: B úsqueda en reverso de la imagen La revisión de la página web de Unitel El editor Web de Unitel Christopher Andre Tags crisis económica Tendencia Política Indeterminada Fecha Publicación Web Mon, 08/26/2024 - 16:16 Log in to post comments",Engañoso,Media
67,chequeabolivia.bo,https://chequeabolivia.bo/red-uno-no-publico-que-el-presidente-del-bcb-demandara-quienes-osen-cuestionar-al-gobierno-por-la,"Red Uno no publicó que el presidente del BCB “demandará a quienes osen cuestionar al Gobierno por la impresión de billetes”. A pesar de esto, el Banco Central de Bolivia sí presentó una demanda contra Virginio Lema por “difusión de información financiera falsa” Por Pablo Arancibia En Tiktok circula una imagen con el logo de la Red Uno, medio que habría publicado que “el presidente del Banco Central de Bolivia (BCB) demandará judicialmente a quienes osen cuestionar al Gobierno por la impresión de billetes”. ChequeaBolivia verificó que es información engañosa. Tras búsquedas en las redes sociales oficiales ( 1 , 2 , 3 ) de Red Uno, no se encontraron rastros de dicha imagen. En contacto con ChequeaBolivia, la encargada de Redes Sociales Red Uno en Cochabamba, Sharon Potrillo, aseguró que la imagen no fue publicada por el medio. Además observó que intentaron “plagiar” la línea gráfica del canal televisivo. Se hizo una búsqueda en Google y no se encontró que ningún medio de comunicación difundió que el presidente del Banco Central de Bolivia (BCB), Edwin Rojas, demandará judicialmente a “quienes osen cuestionar al gobierno por la impresión de billetes”. El contenido circula ante denuncias en redes sociales que indican que el BCB estaría imprimiendo billetes de manera irregular. Sobre el tema, Rojas mencionó durante una conferencia de prensa del 5 de julio que “en redes sociales y  medios de comunicación se señaló que el BCB estaría imprimiendo billetes de manera irregular”. Él negó esta versión y explicó que se trata de “un proceso rutinario de renovación de una parte del stock del material monetario”. Durante la conferencia Rojas indicó que el BCB presentó una denuncia al Ministerio Público por la comisión del Delito Financiero “Difusión de Información Financiera Falsa”, sin brindar nombres. Días después, se reveló que la denuncia fue hecha contra el activista, Virginio Lema, quien en su cuenta de TikTok afirmó que el Gobierno comenzó a imprimir billetes de forma irregular y que “se viene una inflación galopante”. Lema consideró que la demanda refleja que en el país “no hay libertad de expresión”. “Quieren acallar y que la gente no hable de la inflación, no hable de la falta de dólares, no hable de la impresión de documentos, en este caso de billetes, de papel, imprimir papel sin respaldo económico”, afirmó Lema. ChequeaBolivia asigna la categoría “engañoso” a este contenido debido a la falta de evidencia de que el presidente del BCB haya declarado públicamente que ""demandará judicialmente a quienes osen cuestionar al Gobierno por la impresión de billetes"". Tampoco hay pruebas de que la Red Uno ni ningún otro medio haya publicado tal declaración. A pesar de esto, la entidad sí presentó una demanda contra Lema por compartir “información falsa”. Fuentes: Búsqueda en Google Conferencia de prensa del Banco Central de Bolivia Encargada de Redes Sociales del canal en Cochabamba Red Uno, Sharon Potrillo Red Uno ( 1 , 2 , 3 ) Virginio Lema X oficial del Banco Central de Bolivia ( 1 , 2 ) Tags Banco Central de Bolivia Tendencia Política Indeterminada Fecha Publicación Web Wed, 07/10/2024 - 19:44 Log in to post comments",Engañoso,Media
68,chequeabolivia.bo,https://chequeabolivia.bo/index%2ephp/es-enganoso-que-diputadosevistas-rechazaron-las-injerencias-de-maduro-y-aplaudieron-milei,"Es engañoso que diputados""evistas""  rechazaron las ""injerencias de Maduro"" y aplaudieron a Milei. Circula un video manipulado de diputados del MAS, quienes en realidad exigieron a los presidentes de Argentina y Venezuela no ""realizar actos de injerencia"" Por Pablo Arancibia En redes sociales ( 1 , 2 ) circula un video de una conferencia donde supuestamente los diputados del MAS afines al expresidiente Evo Morales rechazan injerencias del presidente venezolano Nicolás Maduro y aplauden al presidente argentino Javier Milei. ChequeaBolivia verificó que esta información es engañosa. El video muestra a la diputada, Alina Canaviri quien menciona “exigimos públicamente que el presidente de Venezuela, no se entrometa en asuntos internos propios de nuestro país y no realice actos de injerencia”, junto a un escrito con el siguiente texto: “EVISTAS rechazan declaraciones de Maduro pero aplauden a Milei”. Al revisar el Facebook del medio Radio Compañera, se encontró el video original . En el minuto 2:29 se escucha a la diputada Canaviri; “Exigimos públicamente que los presidentes de Argentina y Venezuela no se entrometan en asuntos internos propios de nuestro país y no realicen actos de injerencia, porque Bolivia es un estado libre, independiente, soberano y democratico”. Por lo que el video fue manipulado omitiendo que también se refirió a Milei. Las declaraciones de Canaviri hicieron referencia a los movimientos irregulares militares suscitados el 26 de junio y a los pronunciamientos de los presidentes de Venezuela y Argentina sobre lo ocurrido. El presidente argentino, Javier Milei publicó una publicación en su pagina oficial de X: “Se conoce el fraude montado en Bolivia y el perfecto idiota, en lugar de aceptar su error me critica por dejar su estupidez a la vista”, refiriendosé al presidente Luis Arce. Por otra parte, en la cuenta oficial de X de la Oficina del Presidente de Argentina, se muestra un comunicado que indica que “repudia la falsa denuncia de golpe de Estado realizada por el gobierno de Bolivia el día miércoles 26 de junio, y confirmada como fraudulenta en el día de la fecha”. A su vez, el presidente venezolano, Nicolás Maduro, a través de su Cancillería, reafirmó que en Bolivia hubo un “intento de Golpe de Estado” la semana pasada, y consideró que la denuncia de Milei es falsa.  “Una narrativa creada por la derecha latinoamericana, que intenta lavarle la cara a los criminales que trataron de derrocar al legítimo Presidente Luis Arce”, asevera la Cancillería de Venezuela sobre el posicionamiento de Milei. Fuentes: Radio Compañera X del presidente argentino, Javier Milei Erbol X de Oficina del Presidente Tags Venezuela Argentina Javier Milei Nicolás Maduro Tendencia Política Indeterminada Fecha Publicación Web Mon, 07/08/2024 - 18:37 Log in to post comments",Engañoso,Media
69,chequeabolivia.bo,https://chequeabolivia.bo/enganoso-el-excomandante-zuniga-no-dijo-que-arce-lo-traiciono,"Engañoso: El excomandante Zúñiga no dijo que ""Arce lo traicionó"". El editor web de Unitel expresó que esta publicación no fue compartida por su medio. Por Pablo Arancibia En TikTok circula una imagen con logotipos del medio Unitel, y la imagen  del excomandante del ejército boliviano, Juan José Zúñiga, quien habría mencionado que el presidente Luis Arce lo traicionó luego del acuerdo que tenían. ChequeaBolivia verificó que esta información es engañosa. En la imagen se aprecia una supuesta declaración del excomandante Zúñiga, quien presuntamente afirmó: “Arce traiciona, el acuerdo que teníamos, era darle apoyo de un golpe simulado, para subirle su popularidad, ahora temo por mi familia y mi equipo de trabajo” . La imagen habría sido publicada por Unitel. ChequeaBolivia revisó las redes sociales y la página web oficiales del medio Unitel ( 1 , 2 , 3 , 4 , 5 ) y no encontró dicha publicación. Por su parte, el editor web de Unitel, Christopher André, aseguró que el medio no publicó dicha imagen. Por otro lado, la declaración que brindó Zúñiga en el momento de su aprehensión por el movimiento irregular militar sucedido el 26 de junio es la siguiente: “La situación está muy jodida, esta semana va a ser crítica. Entonces es necesario preparar algo para levantar mi popularidad” . Posteriormente, Zúñiga aseguró a los periodistas que se trató de un “autogolpe”. En ningún momento el excomandante declaró textualmente que Luis Arce lo traicionó y que teme por su familia y su equipo de trabajo. También se hizo una búsqueda avanzada en Google y en Youtube de la declaración atribuida a Zúñiga, y no se encontraron rastros de dicha declaración en ningún sitio de noticias. Fuentes: Redes sociales y página web de Unitel ( 1 , 2 , 3 , 4 , 5 ) Página de Facebook de El Deber Búsqueda avanzada en Google Búsqueda avanzada en Youtube Tags Luis Arce Catacora Juan Jose Zúñiga Tendencia Política Indeterminada Fecha Publicación Web Thu, 07/04/2024 - 16:55 Log in to post comments",Engañoso,Media
70,chequeabolivia.bo,https://chequeabolivia.bo/foto-de-la-encargada-de-negocios-de-eeuu-con-luis-arce-en-el-aniversario-de-chuquisaca-es-enganosa,"Foto de la encargada de Negocios de EE.UU. con Luis Arce en el aniversario de Chuquisaca es engañosa. Las publicaciones omiten que además de la diplomática de EE.UU., también asistieron embajadores de Venezuela, Suecia, Francia y México. Por Lucas Illanes En Facebook, TikTok y un portal web ( 1 , 2 , 3 , 4 , 5 ) se comparte una fotografía que muestra al presidente, Luis Arce, y a la encargada de Negocios de la Embajada de Estados Unidos en Bolivia, Debra Hevia, participando de actos conmemorativos de Chuquisaca. Las publicaciones sugieren que la foto demuestra la “injerencia” de Estados Unidos en el actual Gobierno. ChequeaBolivia constató que las publicaciones son engañosas. Se buscó la imagen en Google y se comprobó que fue tomada en Sucre por el fotógrafo Carlos Rodríguez y publicada en el medio Correo del Sur en el aniversario del departamento de Chuquisaca, el pasado 25 de mayo. En la primera fila se observa a Arce junto al vicepresidente, David Choquehuanca, el Gobernador de Chuquisaca, Damián Condori, y otras autoridades. Filas atrás se encuentra Debra Hevia vestida de rojo. Sin embargo, las publicaciones pasan por alto que Hevia no fue la única diplomática presente en ese acto, también asistieron el embajador de Venezuela, César Trompiz, el embajador de Suecia, Nicolas Weeks , la embajadora de Francia, Hélène Roos y el embajador de México, Eduardo Sosa. Este hecho se puede comprobar revisando una transmisión en vivo en la cuenta de Facebook de Luis Arce en el que aparecen estos diplomáticos entregando ofrendas florales durante el acto conmemorativo. En la foto que se comparte en distintas redes sociales aparecen el embajador de Suecia y México, además de Hevia. A la izquierda la foto publicada por Correo del Sur y a la derecha las capturas de la transmisión en vivo de la página de Facebook de Luis Arce. El equipo de Comunicación de la Embajada de Estados Unidos, respondió a ChequeaBolivia sobre la foto: “Debra Hevia, asistió a los actos protocolares por el aniversario de Chuquisaca, invitada por autoridades departamentales. La Jefa de Misión cumple su misión diplomática como otros miembros del cuerpo diplomático, que también asistieron a estos eventos en Sucre”. Por su parte, el vocero presidencial, Jorge Richter, negó que la fotografía demuestra relaciones entre el Gobierno actual y el Estado norteamericano. “La señora diplomática está allí como cualquier otra persona del cuerpo diplomático”, declaró considerando que el contenido corresponde a la “mala fe política”. Por todo lo explicado antes y de acuerdo con nuestra metodología , ChequeaBolivia categorizó el contenido como engañoso porque las publicaciones muestran una foto real, pero la información fue manipulada para generar desinformación. Fuentes: Correo del Sur Transmisión en vivo disponible en la cuenta oficial de Facebook de Luis Arce Embajada de Estados Unidos en Bolivia Vocero presidencial, Jorge Richter Tags Embajada de Estados Unidos Luis Arce Catacora Debra Hevia Tendencia Política Simpatizantes del MAS Fecha Publicación Web Tue, 05/28/2024 - 15:19 Log in to post comments",Engañoso,Media
71,chequeabolivia.bo,https://chequeabolivia.bo/circula-un-video-enganoso-sobre-la-cantidad-de-asistentes-al-aniversario-del-mas-en-yapacani,"Circula un video engañoso sobre la cantidad de asistentes al aniversario del MAS en Yapacaní. El video muestra las pruebas de sonido para la celebración del aniversario del MAS, varias horas antes del acto central que tuvo lugar en el estadio de Yapacaní. Por Enid López En TikTok circula un video de la celebración del aniversario del Movimiento Al Socialismo (MAS) en el municipio de Yapacaní, con el siguiente texto: “Ni pagados, ni obligados fracasa convocatoria de Evo Morales”. ChequeaBolivia verifico que se trata de un contenido engañoso. En el audio de fonde del video se escucha: “En escenario, probando el sonido”. En una búsqueda de contenido en la cuenta oficial de Radio Kawsachun Coca (RKC), que transmitió en vivo la celebración del aniversario del MAS en Yapacaní, se corroboró que cerca a las 11:48 horas , del 30 de marzo, se realizó una prueba de sonido de grupos musicales para el evento. En ese horario, se observa que el estadio de Yapacaní está vacío. Sin embargo, cerca a las 14:00, el panorama es diferente porque en otra transmisión en vivo se reporta la llegada de simpatizantes del MAS afín al expresidente, Evo Morales. Casi dos horas y media después, Evo Morales brinda su discurso. El este video se observa que el estadio no está completamiente lleno, pero tampoco existen 500 personas como señala el video engañoso. Contactados por ChequeaBolivia, Radio Televisión Ichilo (RTI) facilitó algunas imágenes del aniversario del MAS donde se observa que el estadio no estaba completamente lleno. La celebración del aniversario del MAS en Yapacaní. Foto: Cortesía de RTI. La celebración del aniversario del MAS en Yapacaní. Foto: Cortesía de RTI. Dos celebraciones por el aniversario del MAS El pasado 28 de marzo, el MAS celebró 29 años de existencia en medio de una profunda división entre afines al expresidente Morales y los afines al presidente del Estado, Luis Arce. Por esa razón se organizaron dos celebraciones. La celebración de los seguidores del “ala evista” se llevó a cabo el 30 de marzo en el municipio de Yapacaní. Los afines a Luis Arce convocaron a una celebración del aniversario del MAS para el 28 de marzo, en la plaza San Francisco, en la ciudad de La Paz. Fuentes: Revisión de las transmisiones en vivo de RKC Tags Evo Morales Movimiento Al Socialismo Tendencia Política No simpatizantes del MAS Fecha Publicación Web Mon, 04/08/2024 - 16:59",Engañoso,Media
72,chequeabolivia.bo,https://chequeabolivia.bo/evo-morales-no-nacio-en-argentina-aunque-si-asistio-la-escuela-en-ese-pais,"Evo Morales no nació en Argentina, aunque sí asistió a la escuela en ese país. Biógrafos, medios de comunicación y el mismo Morales afirman que nació en Bolivia Por Álvaro Montoya En TikTok circula un video con una captura de pantalla anexada asegurando que el expresidente de Bolivia, Evo Morales, en realidad habría nacido en Argentina, dónde sus padres lo nombraron Juan Domingo Perón por los planes sociales que recibieron y dónde además cursó la primaria. ChequeaBolivia advierte que se trata de información engañosa. Chequea Bolivia comprobó que en la biografía de Evo Morales Ayma, publicada por el Centro de Asuntos Internacionales de Barcelona (CIDOB), figura que el lugar de nacimiento del exmandatario es Isallavi, una comunidad en el departamento de Oruro, Bolivia. Asimismo, el presidente declaró públicamente que su lugar de nacimiento fue Oruro y también lo reportaron de ese modo medios internacionales . Sobre la presunta recepción de planes sociales, la familia de Evo Morales estuvo brevemente en Argentina durante la década de los 60 's, mientras que, según la verificadora Chequeado , los primeros planes sociales aparecieron en 1995. Por la diferencia de años, los padres del expresidente no podrían haber recibido planes ni haber tomado una determinación movilizados por ellos. Lo que sí es cierto es que Morales asistió a la escuela Julio Argentino Cornejo , ubicada en Salta, Argentina. Sin embargo, él y su familia retornaron a Bolivia en 1966, por lo que continuó sus estudios primarios en la localidad de Calavillca . El 2014, cuando aún era presidente de Bolivia, Morales realizó una visita pública a su exescuela en Salta. Entonces la Televisión Pública argentina realizó el videoreportaje al que se le montó una captura para generar la desinformación que circula en TikTok. Fuentes: Centro de Asuntos Internacionales de Barcelona (CIDOB) Televisión Pública Argentina Página de Facebook de Evo Morales Chequeado France 24 La Capital Tags Evo Morales Tendencia Política Indeterminada Fecha Publicación Web Wed, 02/28/2024 - 16:56 Log in to post comments",Engañoso,Media
73,chequeabolivia.bo,https://chequeabolivia.bo/index%2ephp/morales-no-confeso-una-alianza-con-la-derecha-para-el-bloqueo-de-caminos,"Morales no confesó una alianza con la derecha para el bloqueo de caminos. El expresidente consideró que algunos sectores de la derecha que “defienden la Constitución” promovieron los bloqueos, sin mencionar una “alianza”. Un video que circula en TikTok indica que el expresidente Evo Morales confesó en una entrevista a Radio Kawsachun Coca que “se alió con la derecha para bloquear”. ChequeaBolivia advierte que se trata de contenido engañoso. El video fue manipulado  y en éste Morales da a entender que a las últimas medidas de presión, impulsadas en el país en demanda de la renuncia de los magistrados prorrogados y la convocatoria a elecciones judiciales, se sumaron en las ciudades otros sectores sociales “algunos de la derecha”. ChequeaBolivia revisó las declaraciones emitidas en un programa de Radio Kawsachun Coca el 4 de febrero y constató que se dieron bajo otro contexto. Según Morales el bloqueo de caminos no fue promovido por “los evistas”, sino por un “movimiento nacional” liderado por los campesinos, los interculturales y otros sectores incluso de derecha que “defienden la Constitución”. El ex jefe de Estado realizó estas declaraciones como parte  en medio de una pugna interna del MAS de cara a las elecciones presidenciales de 2025. Fuente: Radio Kawsachun Coca Revisión hemerográfica Tags Evo Morales RKC Tendencia Política Indeterminada Fecha Publicación Web Thu, 02/08/2024 - 17:44 Log in to post comments",Engañoso,Media
74,chequeabolivia.bo,https://chequeabolivia.bo/index%2ephp/marset-no-acuso-evo-morales-de-pedofilia-y-violacion,"Marset no acusó a Evo Morales de pedofilia y violación. Sebastián Marset afirmó que el ministro de Gobierno, Eduardo del Castillo lo acusó de violador, pedófilo y feminicida, pero no se refirió al expresidente Evo Morales. Walter Vásquez Circula en redes sociales una publicación en la que el narcotraficante uruguayo Sebastián Marset acusa al expresidente Evo Morales de ser un “violador y pedófilo”. ChequeaBolivia advierte que se trata de contenido engañoso. “Eduardo del Castillo me acusó de violador, pedófilo y feminicida. El único violador y pedófilo será su jefe de partido Evo Morales”, cita el texto de la publicación, que tiene como imagen una foto de Marset durante la entrevista que se difundió el 27 de noviembre de 2023 en el Canal 4 de Uruguay. Durante esa entrevista, la periodista de Canal 4 cuestiona al narco uruguayo sobre denuncias que hizo el ministro de Gobierno de Bolivia, Eduardo del Castillo. “Del Castillo llegó a decir que eres violador, pedófilo y feminicida”, comentó. Al respecto, Marset respondió: “Me hizo reír cuando lo escuché decir esas cosas. La verdad me molestó bastante que haya dicho eso y le respondí con un largo mensaje”. El mensaje al que se refiere Marset fue difundido el 14 de agosto de 2023 en la cuenta de Facebook del canal boliviano DTV , en el que el prófugo internacional presuntamente afirma que en su prontuario no figuran esos delitos. En ninguno de estos mensajes se mencionó a Morales. Sobre el expresidente pesan denuncias por estupro, pedofilia y tráfico de sustancias iícitas ( 1 , 2 , 3 ) las cuales fueron impulsadas por el Gobierno de transición, por legisladores de oposición y por activistas de derechos humanos. El caso volvió a reflotar en mayo de este año , cuando una legisladora del partido de Gobierno indicó que se recibirán e investigarán todas las denuncias de violaciones a menores de edad. Fuentes: Redes sociales Canal DTV Revisión hemerográfica Tags Sebastián Marset Fecha Publicación Web Fri, 12/15/2023 - 16:29 Log in to post comments",Engañoso,Media
75,chequeabolivia.bo,https://chequeabolivia.bo/index%2ephp/circula-un-video-con-informacion-enganosa-sobre-una-alianza-de-arce-con-ucs,"Circula un video con información engañosa sobre una alianza de Arce con UCS. No existe ninguna información oficial que afirme que Luis Arce aceptó la sigla de UCS para ser candidato en las elecciones de 2025. En Tik Tok, circula un video donde se observa al dirigente de la Dirección Nacional del Movimiento Al Socialismo (MAS) Rodolfo Machaca, en una conferencia de prensa, con el siguiente texto que acompaña al video “Pacto de unidad, abandona el MAS, Arce acepta la sigla de Jhony Fernandez  UCS (Unidad Cívica Solidaria), ejecutivo de la Csutcb (Confederación Sindical Única de Trabajadores Campesinos de Bolivia), Lucio Quispe es de USC, ejecutiva de Bartolinas es de Tradepa (Transparencia Democrática Patriótica)”. ChequeaBolivia verificó que se trata de un contenido engañoso. En una búsqueda con palabras clave en Facebook, se constató que el video original es de una conferencia de prensa de dirigentes de la Dirección Nacional del MAS que se dio el 26 de septiembre. En la conferencia, el dirigente, Rodolfo Machaca, aseguró que Lucio Quispe no es militante del MAS, sino que tiene una militancia vigente en la UCS. De la misma forma, denuncia que la ejecutiva de las Bartolinas, Guillermina Kuno es militante de Tradepa. Respecto a la supuesta alianza del presidente del Estado, Luis Arce, con UCS, se hizo una búsqueda en Google con las palabras clave ""arce acepta la sigla de jhonny fernández UCS"", pero no se encontró ningún contenido oficial publicado por los medios de comunicación que indiquen el hecho. En la misma conferencia de prensa del 26 de septiembre, no se mencionó ninguna alianza entre Arce y dicho partido político. En una reunión con periodistas hoy, Arce indicó que se comprometió con sus bases a no referirse a candidaturas para las elecciones de 2025. Fuentes Búsqueda de palabras clave en Facebook Búsqueda de palabras clave en Google Revisión de la conferencia de prensa completa del MAS Tags Luis Arce Catacora Jhonny Fernández Tendencia Política Indeterminada Fecha Publicación Web Thu, 12/14/2023 - 11:24 Log in to post comments",Engañoso,Media
76,chequeabolivia.bo,https://chequeabolivia.bo/evo-dijo-que-si-la-derecha-gana-sera-culpa-de-arce-y-david-pero-no-que-tiene-miedo-de-ir,"Evo dijo que si la derecha gana será culpa de Arce y David, pero no que tiene miedo de ir a Chonchocoro. Se manipuló una declaración del expresidente Evo Morales en su programa dominical de Radio Kawsachun Coca (RKC). Por Fernanda Torrico En Facebook, circula una imagen con la fotografía de Evo Morales, atribuyéndole la siguiente declaración: “Tengo miedo si la derecha gana las elecciones seguro me van a llevar a Chonchocoro, la culpa será de Lucho y David”. ChequeaBolivia verificó que es un contenido engañoso. En una búsqueda en reverso en Google , se constató que no existe ningún contenido similar que incluya dicha declaración del expresidente. En una búsqueda en la página de Facebook del medio de comunicación Radio Kawsachun Coca (RKC), se verificó que en el programa “Evo Pueblo: Líder de los humildes” emitido el 26 de noviembre, en el minuto 1:10:00, Morales declaró: “Si la derecha gana por culpa de Lucho y David”. El expresidente también recalcó que la derecha ganaría por las divisiones en la bancada y la protección al narcotráfico. Sin embargo, en la entrevista no mencionó que tenía miedo que lo lleven a Chonchocoro. También, se buscó en las redes sociales de Evo Morales ( 1 , 2 ) pero no se encontró ningún contenido similar publicado por Morales. El contenido engañoso circula debido al conflicto interno entre el ala evista y arcista en el Movimiento Al Socialismo (MAS-IPSP). Fuentes: Búsqueda en reversa en Google Cuenta de Facebook y cuenta de X de Evo Morales. Página de Facebook de  Radio Kawsachun Coca. Programa “Evo Pueblo: Líder de los humildes” emitido el 26 de noviembre. Tags Evo Morales Tendencia Política No simpatizantes del MAS Fecha Publicación Web Thu, 12/07/2023 - 16:47 Log in to post comments",Engañoso,Media
77,chequeabolivia.bo,https://chequeabolivia.bo/luis-arce-si-fue-invitado-la-ceremonia-de-asuncion-de-milei,"Luis Arce sí fue invitado a la ceremonia de asunción de Milei. Los gobiernos de Nicaragua, Venezuela y Cuba fueron excluidos de la ceremonia Por Lucas Illanes En Facebook circula una imagen con el logo de La Nación, periódico argentino que habría publicado el siguiente titular: “Los Gobiernos de Nicaragua, Bolivia, Venezuela y Cuba fueron excluidos de la ceremonia de asunción del presidente electo Javier Milei”. ChequeaBolivia verificó que se trata de una publicación engañosa. Tras la revisión de las redes sociales y página web de La Nación, se constató que este medio no contiene ninguna noticia publicada con el titular de la imagen que se comparte ( 1 , 2 , 3 , 4 ). Además, se observan diferencias entre la línea gráfica de la publicación engañosa y la que suele usar La Nación. Las letras y el estilo de la imagen presentan diferencias, como se ve a continuación: Comparación entre el contenido engañoso y uno original. El presidente de Argentina, Javier Milei, asumirá su cargo el próximo 10 de diciembre tras haber ganado las elecciones, por lo que medios de comunicación confirmaron la asistencia de jefes de estado de otros países para este acto. Sobre el tema, Clarín informó que el equipo de Milei no envió invitaciones a los presidentes de Irán, de Cuba, Venezuela y Nicaragua. Pese a esto, cabe aclarar que el presidente de Bolivia, Luis Arce, sí fue invitado a la posesión de su homónimo argentino. Arce aún no confirmó su asistencia. Según la viceministra de Comunicación, Gabriela Alcón, su presencia depende de su agenda. Fuentes: Revisión a las redes sociales y página web de La Nación ( 1 , 2 , 3 , 4 ) Clarín Correo del Sur Tags Javier Milei Argentina Luis Arce Tendencia Política No simpatizantes del MAS Fecha Publicación Web Tue, 12/05/2023 - 17:07 Log in to post comments",Engañoso,Media
78,chequeabolivia.bo,https://chequeabolivia.bo/manipulan-un-contenido-de-unitel-para-cambiar-una-declaracion-del-jugador-marcelo-martins,"Manipulan un contenido de Unitel para cambiar una declaración del jugador Marcelo Martins. Para generar el contenido engañoso, se utilizó una imagen publicada por el medio, pero se cambió la declaración atribuida a Martins. Por Zaida Choque En Facebook circula una imagen con la línea gráfica de Unitel y la siguiente declaración atribuida al jugador de la selección boliviana de fútbol, Marcelo Martins: “Siento que si no nos apoyan vamos a perder otra vez”. ChequeaBolivia verificó que es un contenido engañoso. En una revisión de las redes sociales oficiales ( 1 , 2 , 3 ) de Unitel se corroboró que Martins no hizo esas declaraciones a los medios de comunicación. También se buscó información en la página web de Unitel donde no hay un contenido similar. Lo que dijo el jugador es: “No podemos apoyar a dos selecciones, tenemos que estar unidos”. Eliminatorias Sudamericanas La llegada de la selección argentina para disputar la fecha dos de las Eliminatorias Sudamericanas rumbo al Mundial 2026 con la Selección Nacional generó mucha expectativa en los aficionados del fútbol de la ciudad de La Paz. Varios seguidores de la selección argentina se apostaron en las puertas del hotel donde están hospedados, en la ciudad de La Paz. Además, se pintaron murales y se pusieron letreros de bienvenida a los ganadores del Mundial 2022, provocando que la figura de la Selección nacional, Marcelo Martins brindara una conferencia de prensa pidiendo apoyo de los bolivianos para el partido de hoy y sacar adelante el duelo con los campeones del mundo, ya que para el goleador primero está la camiseta de la selección. Fuentes: Redes sociales ( 1 , 2 , 3 ) de Unitel Página web de Unitel Video de Martins conferencia de prensa Publicación original de Unitel Tags Futbol Tendencia Política Indeterminada Fecha Publicación Web Tue, 09/12/2023 - 15:19 Log in to post comments",Engañoso,Media
79,chequeabolivia.bo,https://chequeabolivia.bo/unitel-no-informo-que-evo-morales-protege-sebastian-marset-en-el-tropico,"Unitel no informó que Evo Morales protege a Sebastián Marset en el trópico. El ministro del Interior de Paraguay, Federico González, dijo que le informaron que el narcotraficante está en Cochabamba, pero no mencionó mayores datos al respecto. En  TikTok circula una imagen con el logo de la Red Unitel, donde se pone el siguiente titular: “Evo estaría protegiendo a Marset en el trópico, según la información que recibió Paraguay e investigan nexo con carga que cayó en Alemania”.  ChequeaBolivia advierte que se trata de información engañosa. En una búsqueda del contenido en la página de Facebook y la página web de Unitel , se constató que no existe ningún contenido publicado con el mismo titular. Sin embargo, el medio publicó un titular similar que dice: “Marset huyó a Cochabamba, según la información que recibió Paraguay e investigan nexo con carga que cayó en Alemania”. En la nota se informa que el ministro del Interior de Paraguay, Federico González, dijo que recibió información desde Bolivia sobre el posible paradero del narcotraficante uruguayo Sebastián Marset y que se sospecha que huyó a Cochabamba tras eludir un operativo realizado en Santa Cruz la tarde del sábado 29 de julio. A lo largo de la nota no se lee información sobre una supuesta protección del expresidente Evo Morales a Sebastián Marset, en el trópico cochabambino. Por su parte, el editor Web de Unitel, Christopher Andre, indicó que se trata de un contenido falso. Sobre el caso de Sebastián Marset La semana anterior, Sebastián Marset, un narcotraficante buscado en Bolivia y también requerido por la justicia de su nativo Uruguay, de Paraguay, Brasil y Estados Unidos huyó del país. Según la Fuerza Especial de Lucha Contra el Narcotráfico (Felcn), Marset estaba viviendo en Santa Cruz desde septiembre de 2022 y se movió con identidades falsas al igual que su esposa. En este sentido, operaba con la identidad brasileña falsa de Luis Paulo Amorím Santos. El ciudadano Sebastián Marset es sindicado por narcotráfico y del asesinato del fiscal Marcelo Pecci. En su país es considerado como uno de los más peligrosos narcotraficantes. Es el líder de la organización denominada Primer Cartel Uruguayo (PCU). Hoy, 02 de agosto, la tarde de este miércoles fue enviado un video a la mesa de redacción de UNITEL en el que Sebastián Marset se pronunció por primera vez y agradece al director de la FELCN por alertarlo para huir. Fuentes: Búsqueda del contenido en la página de Facebook y la página web de Unitel El editor Web de Unitel, Christopher Andre Tags Evo Morales Sebastián Marset Tendencia Política No simpatizantes del MAS Fecha Publicación Web Wed, 08/02/2023 - 18:47 Log in to post comments",Engañoso,Media
80,chequeabolivia.bo,https://chequeabolivia.bo/barriga-denuncio-por-supuesta-pedofilia-evo-por-un-supuesto-delito-cometido-cuando-era-presidente,"Barriga denunció por supuesta pedofilia a Evo por un supuesto delito cometido cuando era presidente, no durante la pandemia. Evo no tiene una nueva denuncia por cometer pedofilia “en plena pandemia”, como difunde video viral de TikTok Por Lucas Illanes En TikTok se comparte un video en el que se afirma que el expresidente, Evo Morales, tiene una nueva denuncia por supuestamente cometer el delito de estupro “en plena pandemia”. ChequeaBolivia verificó que se trata de un contenido engañoso. El video es un fragmento del sitio Cabildeo Digital sobre una entrevista hecha a la abogada , Paola Barriga, quien presentó una denuncia contra Morales por pedofilia. Durante el video se escucha al conductor, Gonzalo Rivera, preguntar a Barriga si denunció a Morales por pedofilia, a lo que ella responde de la siguiente manera: “Así es, cuando nos encontrábamos en este problema de la pandemia tuvimos el caso de una mamá que llegó hasta la oficina (…) ella refería de que mamás estaban obligadas a llevar a sus hijitas entre 12 a 15 años siempre que existían las reuniones de Evo Morales”. Mediante la revisión de la entrevista completa , se puede constatar que Barriga no anunció que presentó una nueva denuncia. Ella se refiere a que recibió la denuncia por parte de una madre durante pandemia y no menciona que Morales cometió el delito de estupro “en plena pandemia”, como pretende hacer creer el video. Consultada por ChequeaBolivia, Barriga pidió que no se tergiverse la información. “En agosto de 2020 tomé conocimiento de actos de pedofilia y violación perpetrados por Evo Morales, lo cual hice público desde ese momento. Son hechos acontecidos cuando (Morales) era autoridad, no en la pandemia”, explicó la abogada. En 2020 se hicieron públicas al menos 3 denuncias de pedofilia contra Evo Morales, sin embargo no hay registros de medios de comunicación que hayan reportado una nueva denuncia durante el último año. Fuentes: Cabildeo Digital Abogada Paola Barriga Revisión hemerográfica en Google Opinión Tags Evo Morales Paola Barriga Cabildeo Digital Tendencia Política Indeterminada Fecha Publicación Web Fri, 07/14/2023 - 18:24 Log in to post comments",Engañoso,Media
81,chequeabolivia.bo,https://chequeabolivia.bo/eduardo-del-castillo-figuro-como-exministro-en-wikipedia-antes-de-ser-restituido-por-arce,"Eduardo del Castillo figuró como exministro en Wikipedia antes de ser restituido por Arce. Cualquier usuario puede modificar información en Wikipedia, lo que puede llevar a información errónea, manipulación o actos vandálicos. Por Lucas Illanes En WhatsApp se compartió una captura de la página de Wikipedia donde se informa que Eduardo del Castillo fue ministro de Gobierno desde el 9 de noviembre de 2020 hasta el pasado 27 de junio. Además, se precisa que fue destituido por la Asamblea Legislativa Plurinacional (ALP). ChequeaBolivia verificó que se trata de información engañosa. El pasado 27 de junio, la ALP censuró a del Castillo por el tráfico de vehículos robados en Chile y comercializados ilegalmente en territorio boliviano. Tras una revisión al historial de modificaciones a la página dedicada a del Castillo en Wikipedia se confirmó que este portal web lo registró como exministro por un usuario anónimo , el 28 de junio. Sin embargo, se debe aclarar que si bien el 29 de junio el presidente del Estado, Luis Arce, emitió el Decreto Presidencial 4974, mediante el cual cumple los efectos de la censura legislativa, ese mismo día emitió el Decreto Supremo 4975 restituyéndolo en su cargo. Ese ajuste es el que se encuentra actualmente en la página de Eduardo Del Castillo en Wikipedia . También es necesario explicar que Wikipedia es una “ enciclopedia políglota y editada de manera colaborativa ”, es decir, cualquier usuario puede editar la información que aparece en este portal. El historial de revisiones permite ver cómo varias cuentas cambiaron la información de Del Castillo, algunas a favor y otras en contra, un día después de que los diputados y senadores de la Asamblea Legislativa Plurinacional (ALP) decidieron censurar lo (27 de junio). Este artículo de Maldita.es , una verificadora española aliada de ChequeaBolivia, explica cómo usuarios modifican (o intentan modificar) el contenido de Wikipedia para desprestigiar, crear bromas e incluso para actos vandálicos. Fuentes: Versión de la página de Eduardo del Castillo del 28 de junio disponible en Wikipedia Wikipedia Página web de la Cámara de Diputados Bolivia Tv Maldita.es Tags Wikipedia Eduardo del Castillo Tendencia Política Indeterminada Fecha Publicación Web Mon, 07/03/2023 - 17:08 Log in to post comments",Engañoso,Media
82,chequeabolivia.bo,https://chequeabolivia.bo/arce-si-dijo-que-hubo-11-anos-de-nefasta-administracion-fue-un-lapsus-en-un-acto-oficial-en-2020,"Arce sí dijo que hubo “11 años de nefasta administración”, fue un lapsus en un acto oficial en 2020. El presidente del Estado, Luis Arce, dijo que hubo “11 años de nefasta administración”, pero en realidad se refería a los 11 meses de gestión de la expresidenta Jeanine Áñez. En TikTok circula un video en el que se observa al presidente del Estado, Luis Arce, afirmando que la administración económica del país fue “nefasta” en los últimos 11 años. La declaración fue brindada durante el 178 aniversario de Beni, en 2020, durante el acto oficial de la Asamblea Legislativa Departamental. ChequeaBolivia verificó que se trata de un contenido engañoso. En el video, Arce indica: “Es un trabajo arduo mancomunado y conjunto con el Gobierno nacional que se compromete a contribuir a colaborar con el departamento del Beni, con los municipios del Beni, con la propia universidad donde están atravesando serios problemas para dar solución a todos estos problemas que se han generado en 11 años de nefasta administración que ha dejado al país más empobrecido que de lo que encontramos el año 2006. Queda el desafío, por lo tanto, y a todas nuestras organizaciones sociales, a nuestras organizaciones del Instrumento político del MAS”. En una parte de su discurso completo , durante ese acto, ChequeaBolivia constató que se trata de un lapsus.  En otras oportunidades, Arce utilizó la misma cifra, pero dijo “11 meses” para referirse al Gobierno de la expresidenta Jeanine Áñez. Entre algunas afirmaciones figura la siguiente: “Se ha endeudado al país en estos últimos 11 meses”. Los medios de comunicación también reportaron el error de Arce, con titulares como el siguiente: “El ‘desliz’ de Arce al hablar de los “11 años de nefasta administración que ha dejado al país más empobrecido” . Fuente: Revisión del discurso completo del presidente del Estado, Luis Arce Reporte de los medios de comunicación. Tags Luis Arce Catacora Tendencia Política No simpatizantes del MAS Fecha Publicación Web Thu, 04/27/2023 - 16:28 Log in to post comments",Engañoso,Media
83,chequeabolivia.bo,https://chequeabolivia.bo/arce-dijo-que-si-vuelve-la-derecha-estaran-jodidos-pero-no-menciono-que-seria-por-temas-de,"Arce dijo que si vuelve la derecha estarán “jodidos”, pero no mencionó que sería por temas de “corrupción”. En un evento del MAS, el diputado Héctor Arce indicó que si vuelve la derecha estarán acabados, pero no mencionó que los meterían a la cárcel por hechos de corrupción. En Facebook circula una imagen ( 1 , 2 , 3 ) con la línea gráfica del programa Que No Me Pierda (QNMP), de la Red Uno, donde se le atribuye la siguiente declaración al diputado Héctor Arce: “Si la derecha vuelve estamos jodidos nos van a buscar debajo de las piedras y nos van a meter a la cárcel por corrupción hasta hacernos devolver la plata del robo al Fondo Indígena por eso pido unidad hermanos”. ChequeaBolivia verificó que se trata de información engañosa. En una búsqueda en la página de Facebook del programa QNMP, se constató que el medio publicó dos declaraciones textuales del diputado Arce, donde se utiliza la misma fotografía que se observa en el contenido que circula en las redes sociales. En la primera declaración publicada, Arce dice: “Hoy Álvaro García Linera es otra persona que no se define de qué lado está, es una persona tibia”.  La segunda declaración de Arce es: “Noto mucha incoherencia (…) hay que ser consecuentes con el país”. Por su parte, la responsable de Redes Sociales de la Red Uno en Cochabamba, Sharon Portillo, indicó a chequeaBolivia que el contenido que circula en las redes sociales no corresponde a su línea gráfica. “Han tratado de montar, pero no corresponde, no es nuestro”, explicó. Sin embargo, Arce brindó una declaración similar durante un evento de formación de jóvenes, en el municipio de La Asunta en Los Yungas, el pasado 11 de marzo. “Si nosotros retrocedemos, si vuelve la derecha estamos acabados. Si vuelve la derecha, compañeros y compañeras, nos van a perseguir y nos van a buscar aunque debajo de las piedras y cuando nos encuentren vamos a estar jodidos. Eso tiene que estar en nuestra mente, en nuestra conciencia”, manifestó. En el video original donde se observa al diputado tomando la palabra, no menciona que los van a meter a la cárcel por corrupción “hasta hacernos devolver la plata del robo al Fondo Indígena”. Fuentes: Búsqueda en la página de Facebook del programa QNMP La responsable de Redes Sociales de la Red Uno en Cochabamba, Sharon Portillo Búsqueda en Facebook Tags Héctor Arce Tendencia Política No simpatizantes del MAS Fecha Publicación Web Mon, 03/13/2023 - 17:41 Log in to post comments",Engañoso,Media
84,chequeabolivia.bo,https://chequeabolivia.bo/tergiversan-las-declaraciones-de-la-diputada-del-mas-deisy-choque-tras-pedir-informe-meta,"Tergiversan las declaraciones de la diputada del MAS Deisy Choque tras pedir informe a Meta. Tras la petición de Choque se difunde de manera errada que también anunció movilizaciones, huelgas de hambre y demandas. Por Lucas Illanes Debido la petición de la diputada del MAS, Deisy Choque, de un informe de las cuentas cerradas a Meta, circulan publicaciones ( 1 , 2 , 3 y 4 ) indicado que además ella habría anunciado movilizaciones, huelgas de hambre y demandas. ChequeaBolivia verificó que las imágenes presentan información engañosa. Estas publicaciones circulan desde el pasado 3 de marzo, día antes de que Choque anunció públicamente ante medios de comunicación que pedirá un informe a Meta por la eliminación de una red de cuentas falsas vinculadas al Gobierno y al Movimiento al Socialismo . Después de esto, se compartió una imagen con el siguiente texto: “La diputada del MAS Deisy Choque pide a la cancillería la interpelación contra la empresa Meta de Facebook no descarta movilizaciones contra Meta por anular cuentas de guerreros digitales”. Pero se manipuló la frase, pues las revisiones a los diferentes videos publicados por medios de comunicación ( 5 , 6 , 7 y 8 ) dan cuenta que ella no anunció una “interpelación” ni “movilizaciones contra Meta”. La frase textual de la diputada mencionada en esa ocasión fue la siguiente: “Nosotros a través de la Cancillería vamos a pedir que Meta nos informe caso por caso porque también tenemos conocimiento que han cerrado paginas oficiales (…) Como diputada voy a hacer esa petición de informe que estamos trabajando jurídicamente para ver si es a través la Cancillería o través de quién, pero queremos que Meta nos informe uno por uno cuales han sido las páginas cerradas y por qué”. Otra publicación con la marca del periódico estatal Ahora El Pueblo muestra que Choque se habría declarado en “huelga de hambre”, habría solicitado “una devolución de las cuentas” y “una demanda contra Meta”. Esta información también es falsa debido a que ni las redes sociales ni la página web de este medio contienen evidencias de esta publicación ( 9 , 10 y 11 ). Finalmente, también se revisaron las cuentas de Twitter y Facebook de la diputada y tampoco existen resultados sobre las declaraciones tergiversadas. Fuentes: Declaraciones de la diputada del MAS, Deisy Choque, recabadas de videos publicados por medios de comunicación ( 5 , 6 , 7 y 8 ) Informe de Meta sobre Amenazas Adversas, Cuarto Trimestre de 2022 Revisión a las redes sociales y página web de Ahora El Pueblo ( 9 , 10 y 11 ) Revisión de las cuentas de Twitter y Facebook de Deisy Choque Tags Deisy Choque MAS Meta Tendencia Política Simpatizantes del MAS Fecha Publicación Web Tue, 03/07/2023 - 15:44 Log in to post comments",Engañoso,Media
85,chequeabolivia.bo,https://chequeabolivia.bo/morales-no-dijo-que-quiere-saber-si-el-presidente-y-los-ministros-respetaran-las-decisiones-del,"Morales no dijo que quiere saber si el presidente y los ministros respetarán las decisiones del trópico. En su declaración original, Morales sostuvo que quisiera saber si el presidente y los ministros van a respetar al MAS. En  la página de Facebook denominada Vanessa Fernández circula una imagen con el logo de la Agencia de Noticias Fides (ANF), donde se brinda la siguiente información: “Evo: Quisiera saber si el presidente y ministros van a respetar las decisiones del trópico no puedo entender eso”. ChequeaBolivia verificó que se trata de un contenido engañoso. En una búsqueda del contenido en la página web y en la cuenta de Facebook de ANF se constató que el medio de comunicación publicó un contenido similar con la siguiente información: “Evo: Quisiera saber si el presidente y ministros van a respetar al MAS” . La jefa de Redacción de ANF, Nancy Vacaflor, informó a ChequeaBolivia que el contenido original que publicó el medio de comunicación no hace referencia a las “decisiones del trópico”. La desinformación circula en las redes sociales luego de que el expresidente Evo Morales y el presidente Luis Arce sostuvieran una reunión, en la ciudad de Cochabamba, el pasado 13 de octubre. Posteriormente, Morales concluyó, a través de un programa de radio, que quisiera “saber si el presidente (Luis Arce), algunos ministros van a respetar al MAS o no van a respetar al MAS, son del MAS o no son del MAS”. FUENTES: Búsqueda del contenido en la página web y en la cuenta de Facebook de ANF La Jefa de Redacción de ANF, Nancy Vacaflor Tags Evo Morales Tendencia Política No simpatizantes del MAS Fecha Publicación Web Wed, 10/19/2022 - 10:41 Log in to post comments",Engañoso,Media
86,chequeabolivia.bo,https://chequeabolivia.bo/manipulan-una-cita-de-castillo-sobre-evo-morales,"Manipulan una cita de Castillo sobre Evo Morales. En la cita original publicada por Los Tiempos, Castillo no se refiere a Evo Morales acusándolo de pedofilia. En la página de Facebook “ Resistencia Potosina” se comparte una imagen con la línea gráfica de Los Tiempos, donde se le atribuye la siguiente declaración al ministro de Gobierno, Eduardo Castillo: “Nuestro expresidente tiene dos males la pedofilia y el cáncer que es su exgabinete que si no se trata va a ser terminal”. ChequeaBolivia advierte que se trata de un contenido engañoso. Tras una revisión en la página de Facebook y la página Web de Los Tiempos , se constató que el medio de comunicación publicó la siguiente declaración del ministro de Gobierno: “Nuestro expresidente, nuestro compañero, nuestro líder Evo Morales tiene un cáncer que si no se lo trata va a ser terminal, y ese cáncer es su exgabinete”. Consultado sobre este tema, el jefe de Prensa de Los Tiempos, Fernando Avendaño, informó a ChequeaBolivia que se trata de un contenido manipulado que circula en las redes sociales a partir de una publicación que realizó el medio. La desinformación circula en las redes sociales luego de que el pasado 10 de septiembre, Del Castillo arremetiera contra exministros de Evo Morales sin brindar nombres específicos y calificándolos como un cáncer. FUENTE: Revisión en la página de Facebook y la página Web de Los Tiempos Jefe de Prensa de Los Tiempos, Fernando Avendaño Tags Eduardo del Castillo Evo Morales Tendencia Política Indeterminada Fecha Publicación Web Fri, 09/16/2022 - 18:46 Log in to post comments",Engañoso,Media
87,chequeabolivia.bo,https://chequeabolivia.bo/pagina-siete-no-informo-que-copa-senalo-morales-como-narco,"Página Siete no informó que Copa señaló a Morales como “narco”. En la nota original publicada por Página Siete se evidenció que no se menciona a Evo Morales como “narco”. Por Danny Espinoza En Facebook circula una imagen de la Alcaldesa de El Alto, Eva Copa, con la línea gráfica de Página Siete acompañada del siguiente texto: “Copa sobre cerco a la alcaldía: Detrás de todo está el narco Evo Morales”. ChequeaBolivia advierte que se trata de un contenido engañoso. En una revisión de la cuenta oficial de Facebook de Página Siete se verificó que el medio publicó una nota con el siguiente texto: “Copa sobre cerco a la alcaldía: detrás de todo esto está Evo Morales”.  Pero, en el titular de la nota no menciona “el narco” Evo Morales como se observa en el contenido manipulado. También, se hizo una búsqueda en Google y se evidenció que no hay notas ( 1 y 2 ) que mencionen como narco al expresidente Morales. En una revisión de la imagen se puede observar que la palabra “El narco Evo Morales” tiene diferente tipo de letra y tamaño a la tipografía original de la nota. Una evidencia más de manipulación de la nota. Fuente: Cuenta oficial de Facebook de Página Siete Búsqueda en Google Revisión de la imagen Tags Página Siete Tendencia Política No simpatizantes del MAS Fecha Publicación Web Mon, 06/13/2022 - 18:10 Log in to post comments",Engañoso,Media
88,chequeabolivia.bo,https://chequeabolivia.bo/index%2ephp/enganoso-manipulan-una-declaracion-del-vicepresidente-choquehuanca,"Engañoso: Manipulan una declaración del vicepresidente Choquehuanca. Los términos “último inca” o “pachakuti” se incluyeron en una declaración original del vicepresidente David Choquehuanca. En la página de Facebook Resistencia Potosina, se comparte una imagen con la línea gráfica del diario Opinión, en la que se atribuye la siguiente declaración al vicepresidente David Choquehuanca: “A 40 días del año nuevo Aymara, Amazónico, quiero pedirles a todos como último inca no comer carme, no tener sexo, no tomar alcohol debemos respetar al Pachakuti”. ChequeaBolivia verificó que se trata de información engañosa. ChequeaBolivia realizó una revisión de la página de Facebook oficial de Opinión y constató que el medio publicó una declaración similar, que indica: “40 días antes, hermanos, no carne; 40 días antes, no trago, ni una gota de alcohol, tenemos que limpiarnos; 40 días antes no sexo, tenemos que prepararnos (…). Hagan la práctica, hermanos, así hacían nuestros abuelos, ustedes saben, hermanos”. La directora del medio, Leslie Lafuente, indicó que se trata de “información distorsionada”. El contenido circula después de que el vicepresidente del Estado, David Choquehuanca, pidió evitar comer carne, beber alcohol y tener sexo 40 días antes del Año Nuevo Aymara, Andino, Amazónico y Chaqueño para limpiar los cuerpos. FUENTES: Una revisión de la página de Facebook oficial de Opinión La directora del medio, Leslie Lafuente Tags Opinión David Choquehuanca Tendencia Política No simpatizantes del MAS Fecha Publicación Web Thu, 06/02/2022 - 19:10 Log in to post comments",Engañoso,Media
89,chequeabolivia.bo,https://chequeabolivia.bo/los-tiempos-no-publico-que-morales-declaro-que-hay-un-ministro-derechista,"Los Tiempos no publicó que Morales declaró que hay un “ministro derechista”. En una búsqueda en Google y RRSS de Los Tiempos se evidenció que no publicaron una frase indicando que tienen un “ministro derechista” En Facebook se comparte una imagen con la línea gráfica de Los Tiempos, en la que se atribuye la siguiente declaración al líder del MAS, Evo Morales: “No puedo entender habría policías en servicio pasivo que trabajan para la DEA, ahora nos están pisando los talones parece que tenemos ministro derechista”. ChequeaBolivia verificó que se trata de información engañosa. En una búsqueda en las redes sociales oficiales de Los Tiempos ( 1 y 2 ) , se constató que el medio publicó la siguiente declaración: “Por información oficial que tengo, es que algunos policías en servicio pasivo trabajan para la DEA. Están bien organizados, bien armados”, sin referencia al ministro de Gobierno, Eduardo del Castillo. ¿Qué opina de la #FraseDelDía ? pic.twitter.com/SHSbX8oPge — Los Tiempos (@LosTiemposBol) May 29, 2022 Asimismo, el jefe de redacción de Los Tiempos, Fernando Avendaño, aclaró que la nota fue “tergiversada” y que la original fue publicada el domingo 29 de mayo. También, se realizaron búsquedas en Google ( 3 , 4 y 5 ) y se evidenció que ningún medio de comunicación publicó la frase indicando que tiene un “ministro derechista”. El contenido falso tiene la tipografía diferente a la nota original publicada por Los Tiempos y presenta errores de redacción. Fuentes: RRSS de Los Tiempos Fernando Avendaño, jefe de redacción de Los Tiempos Búsqueda en Google Tags Los Tiempos Tendencia Política No simpatizantes del MAS Fecha Publicación Web Tue, 05/31/2022 - 17:47 Log in to post comments",Engañoso,Media
90,chequeabolivia.bo,https://chequeabolivia.bo/enganoso-exviceministro-bobaryn-no-dijo-que-morales-destruye-todo-lo-que-toca,"Engañoso: Exviceministro Bobaryn no dijo que Morales “destruye” todo lo que toca. Tras búsquedas de Google no se encontró que medios nacionales reportaran una acusación de Freddy Bobaryn contra Evo Morales señalando que todo lo que toca lo destruye. En Facebook circula una imagen del exviceministro de Coordinación Gubernamental, Freddy Bobaryn, acompañada de la siguiente afirmación: “El MAS no es una persona Evo Morales todo lo que toca destruye"". ChequeaBolivia constató que se trata de información engañosa. Aunque la publicación del ex viceministro ya no se encuentra en su cuenta oficial de Facebook , en una búsqueda en Google se encontró que los medios nacionales del país ( 1 , 2 y 3 ) replicaron la declaración de Bobaryn en la que afirmó que: “Hemos demostrado que el MAS-IPSP ¡No es una Persona!”, sin mencionar que el Jefe del MAS, Evo Morales, destruye todo lo que toca. La declaración de Bobaryn publicada en su página de Facebook fue manipulada para generar desinformación. También se realizaron búsquedas en Google , pero ningún medio reportó una supuesta acusación de Bobaryn en contra de Morales señalando que todo lo que toca lo destruye. Fuentes: Revisión hemerográfica Buscador de Google Tags Política Tendencia Política No simpatizantes del MAS Fecha Publicación Web Tue, 05/17/2022 - 15:01 Log in to post comments",Engañoso,Media
91,chequeabolivia.bo,https://chequeabolivia.bo/pagina-siete-no-informo-que-comunidad-ciudadana-impugna-postulacion-de-cruz-por-ser-afin-al-mas,"Página Siete no informó que Comunidad Ciudadana impugna postulación de Cruz por ser afín al MAS. Página Siete no mencionó que Comunidad Ciudadana impugna la postulación a Defensor del Pueblo de Nadia Cruz por ser afín al MAS. En Facebook circula una imagen de Nadia Cruz con la línea gráfica de Página Siete, con el siguiente texto: “Defensoría del Pueblo: CC impugna la postulación de Nadia Cruz por ser afín al MAS IPSP”. ChequeaBolivia advierte que se trata de un contenido engañoso. En una revisión en la cuenta oficial de Facebook de Página Siete se constató que el medio publicó una nota con el siguiente texto: “Defensoría del Pueblo: CC impugna la postulación de Nadia Cruz” . Pero en la nota no se menciona la razón de esa acción. < El contenido falso circula en redes sociales tras la lista de postulantes habilitados e inhabilitados a la Defensoría del Pueblo . Fuente: Cuenta oficial de Facebook de Página Siete Revisión de redes sociales Tags Página Siete Tendencia Política No simpatizantes del MAS Fecha Publicación Web Tue, 04/12/2022 - 18:55 Log in to post comments",Engañoso,Media
92,chequeabolivia.bo,https://chequeabolivia.bo/red-uno-no-informo-que-de-la-cruz-llamo-vividor-chupasangre-del-estado-morales,"Red Uno no informó que De La Cruz llamó “vividor chupasangre del Estado” a Morales. En una búsqueda avanzada se constató que el exrepresentante de la Central Obrera Regional (COR) de El Alto, Roberto de la Cruz, no calificó como “vividor chupasangre” al expresidente Evo Morales En Facebook circula una imagen con la línea gráfica de Red Uno en la que se lee el siguiente titular: “Roberto de la Cruz llama vividor chupa sangre del estado a Evo y le recuerda que nunca ha trabajado siempre ha vivido del estado (sic)”. ChequeaBolivia advierte que el contenido es engañoso. Tras una búsqueda avanzada en la página de Red Uno se constató que no hay ninguna publicación con el contenido difundido, pero se verificó que en la página web de El Deber se publicó un artículo con el siguiente titular: “ Roberto de la Cruz llama “vividor del Estado” a Evo y le recuerda que ya percibe un sueldo por ser expresidente ”, pero no llamó “chupasangre” del estado a Evo Morales. También se contactó a la encargada de redes sociales de la Red Uno en Cochabamba, Sharon Portillo, quién aclaró que el contenido no corresponde a ese Canal El contenido falso circula en Facebook tras una decisión del Tribunal Constitucional Plurinacional (TCP) instruyendo pagara a Morales una indemnización económica por su inhabilitación como candidato a senador en 2020 ( 1 , 2 y 3 ). Fuentes: Revisión hemerográfica Sharon Portillo, encargada de redes sociales de Red Uno en Cochabamba Tags Red Uno Tendencia Política No simpatizantes del MAS Fecha Publicación Web Mon, 03/21/2022 - 16:21 Log in to post comments",Engañoso,Media
93,chequeabolivia.bo,https://chequeabolivia.bo/manipulan-una-declaracion-del-exministro-sanchez-berzain-sobre-evo-morales,"Manipulan una declaración del exministro Sánchez Berzaín sobre Evo Morales. El diario El Deber publicó un contenido en el que el exministro Gonzalo Sánchez Berzaín acusa al expresidente Evo Morales de ser “cabeza del narcoestado en Bolivia”, pero en su declaración no hace referencia a términos como “delincuente” ni “prostituido”. En páginas y grupos de Facebook circula una imagen ( 1, 2 , 3 ) con la línea gráfica de El Deber, en la que se le atribuye la siguiente declaración al exministro Carlos Sánchez Berzaín: “El delincuente Evo Morales es el jefe del narcoestado ha prostituido el aparato judicial y policial”. ChequeaBolivia advierte que se trata de un contenido engañoso. En una búsqueda avanzada del contenido en la página web de El Deber se constató que el medio publicó un artículo con el siguiente titular: “Sánchez Berzaín: “Evo Morales es la cabeza del narcoestado en Bolivia”. Según este contenido, Sánchez Berzaín fue entrevistado en El Deber Radio, donde brindó la siguiente declaración:  “Demostrado está de que Evo Morales es la cabeza del narcoestado en Bolivia y el constructor de esta situación ( caso Dávila ) en complicidad con sus socios, con sus jefes de Cuba, Venezuela y de este sistema castrochavista”. En esta entrevista radial y en el artículo publicado por este medio, no se hace referencia a los términos como “delincuente” ni “prostituido”. También se realizó una búsqueda avanzada en la página de Facebook de El Deber y se constató que publicó: “Evo Morales es la cabeza del narcoestado en Bolivia”. Además, la imagen que circula en las redes sociales fue manipulada. En el contenido engañoso se observan errores de redacción y una tipografía diferente. A la izquierda, el contenido engañoso que circula en Facebook, mientras que a la derecha, se observa la imagen original publicada por El Deber. El contenido engañoso circula en Facebook desde el pasado 18 de marzo. En febrero, el Departamento de Estado de EEUU publicó la imagen del exdirector de la Fuerza Especial de Lucha Contra el Narcotráfico (Felcn), Maximiliano Dávila, a nivel internacional y ofreció cinco millones de dólares por información sobre sus nexos con el narcotráfico. FUENTE: Búsqueda avanzada del contenido en la página web de El Deber B úsqueda avanzada en la página de Facebook de El Deber Revisión hemerográfica Tags Carlos Sanchéz Berzaín Tendencia Política No simpatizantes del MAS Fecha Publicación Web Mon, 03/21/2022 - 12:22 Log in to post comments",Engañoso,Media
94,chequeabolivia.bo,https://chequeabolivia.bo/evo-morales-comparte-una-foto-de-2018-para-vincular-un-diplomatico-de-eeuu-con-la-posesion-de-anez,"Evo Morales comparte una foto de 2018 para vincular a un diplomático de EE.UU. con la posesión de Áñez. La foto es de 2018, pero Áñez juró como presidenta el 13 de noviembre de 2019. A través de Twitter y Facebook se comparte una fotografía difundida por el expresidente Evo Morales en el que se observa al ex encargado de Negocios de Estados Unidos en Bolivia, Bruce Williamson, en el Hemiciclo del Senado supuestamente durante la toma de posesión de la expresidenta, Jeanine Áñez. ChequeaBolivia advierte que es información es engañosa “ Exigimos a la embajada de EE.UU. confirmar o negar que la foto en la que se observa al exencargado de Negocios, Bruce Williamson y al exviceministro de Gestión Comunicacional del gobierno de facto, Marco Aurelio Julio, fue tomada en la autoproclamación de Añez en el Legislativo (…) Nuevas pruebas y evidencias ratifican la participación de EE.UU en el golpe de Estado”, escribió Morales a través de su cuenta de Twitter para difundir la fotografía. La información es engañosa porque Áñez juró como presidenta el 13 de noviembre de 2019 y la fotografía que circula es de 2018, como se puede evidenciar tras una búsqueda de las palabras “Bruce Williamson Senado” en Google , ocasión en la que distintos medios de comunicación informaron que Williamson presenció un debate en el Senado, a propósito de la modificación del Código Niño Niña Adolescente (CNNA). A su vez, el exviceministro de Gestión Comunicacional , Marco Aurelio Julio , quien aparece en la fotografía , respondió a Morales en Twitter : “aclararle que esa foto es de 13 dic 2018, cuando el Senado aprobó modificaciones al Cód Niño,Niña... y me encuentro tres filas detrás del ex encargado de Negocios EE.UU, @BruceWillianson, a quien nunca conocí personalmente”. ChequeaBolivia encontró que esta fotografía fue publicada por la página de Facebook que suele difundir desinformación “P10j0 Bolivia”, días antes de que lo hiciera Morales. Actualmente esta publicación fue eliminada de esta página , aunque la foto publicada por Morales permanece en Internet. Fuentes: Publicación recabada de la cuenta de Twitter de Evo Morales “ Suben la edad para el trabajo infantil en Bolivia de 10 a 14 años ” y “ EEUU quiere una relación cordial y sin agravios con Bolivia ” por ANF “ Modifican código para evitar que menores de 14 años trabajen ” por Los Tiempos Publicación recabada de la cuenta de Twitter de Marco Aurelio Julio Tags Evo Morales Tendencia Política Simpatizantes del MAS Fecha Publicación Web Wed, 01/12/2022 - 17:58 Log in to post comments",Engañoso,Media
95,chequeabolivia.bo,https://chequeabolivia.bo/correo-del-sur-no-informo-que-evo-morales-se-siente-satisfecho-por-liberacion-de-zapata,"Correo del Sur no informó que Evo Morales se siente satisfecho por liberación de Zapata. Correo del Sur publicó el 3 de diciembre el titular suspendiendo la marcha a Sucre, pero no el comentario atribuido al expresidente Evo Morales por la liberación de Gabriela Zapata. En Facebook se comparte una imagen que utilizando los logos de Correo del Sur titulada: “El MAS decide postergar marcha a Sucre; la propuesta será debatida en los departamentos”. A continuación, se adjudica al líder del Movimiento Al Socialismo (MAS), Evo Morales, haber expresado su satisfacción por la liberación de su ex pareja sentimental Gabriela Zapata, pedir la suspensión de la marcha a Sucre del MAS y cerrar el caso CAMCE. ChequeaBolivia verificó que se trata de información engañosa. ChequeaBolivia, luego de una revisión hemerográfica, constató que Correo del Sur publicó, el 3 de diciembre, el titular suspendiendo la marcha a Sucre , pero no el comentario atribuido al expresidente Morales por la liberación de Zapata. El contenido manipulado circula en redes sociales tras la liberación de Gabriela Zapata, ex pareja del ex presidente Evo Morales y la suspensión de la marcha del MAS hacia el departamento de Sucre. Fuente: Correo del Sur Tags Correo del Sur Tendencia Política No simpatizantes del MAS Fecha Publicación Web Sun, 12/05/2021 - 16:39 Log in to post comments",Engañoso,Media
96,chequeabolivia.bo,https://chequeabolivia.bo/amilcar-barral-no-dijo-que-familiares-de-las-victimas-de-sacaba-y-senkata-que-marchan-son-masistas,"Amilcar Barral no dijo que familiares de las victimas de Sacaba y Senkata que marchan son “masistas hipócritas”. La publicación de Amilcar Barral no afirma que marchistas de Senkata y Sacaba son “masistas hipócritas”, “usados por la élite masista”. Por Danny Espinoza En Facebook circula la imagen del ex diputado de oposición Amilcar Barral en la que le adjudica la siguiente frase: “Esta gente que está marchando pidiendo justicia por Sacaba y Senkata, sus familiares recibieron la suma de 100mil Bs. en la gestión de la expresidenta Jeanine Áñez y algunos de los familiares trabajan en los ministerios del actual gobierno (…)”. ChequeaBolivia advierte que se trata de un contenido engañoso. ChequeaBolivia, en una revisión de la página oficial de Facebook de Barral, verificó que el exdiputado no publicó un contenido haciendo referencia a que los familiares marchistas de las víctimas de Senkata y Sacaba son “masistas hipócritas”, “usados por la élite masista”, pero sí afirmó lo siguiente: Asimismo, se contactó a Barral quién aseguró que se trata de un contenido falso y manipulado. Fuentes: Página oficial de Facebook de Amilcar Barral Amilcar Barral Tags Amilcar Barral Tendencia Política No simpatizantes del MAS Fecha Publicación Web Mon, 10/25/2021 - 16:58 Log in to post comments",Engañoso,Media
97,chequeabolivia.bo,https://chequeabolivia.bo/la-nota-de-unitel-sobre-la-denuncia-en-contra-de-arce-es-de-2020,"La nota de Unitel sobre la denuncia en contra de Arce es de 2020. En octubre de 2020, Melgar realizó una denuncia penal en contra del ahora presidente Luis Arce y su esposa por presunto enriquecimiento ilícito. En WhatsApp se comparte una supuesta nota de la Red Unitel en la que se lee: “Arce es denunciado”. En el antetítulo indica: “Viceministro Guido Melgar”. ChequeaBolivia advierte que se trata de un contenido engañoso. ChequeaBolivia realizó una búsqueda del contenido y constató que la Red Unitel publicó una noticia similar en octubre de 2020, aunque el rótulo dice: “Formalizan denuncia contra Luis Arce”. Otro detalle que se observa es que el viceministro Guido Melgar trabajó en la cartera del Viceministerio de Transparencia en la gestión de la expresidenta Jeanine Áñez, en 2020, y no es viceministro en la actualidad. Por tanto, la captura manipulada que circula en WhatsApp no es reciente y un contenido similar fue publicado por la Red Unitel, pero con rótulos diferentes. En octubre de 2020, Melgar realizó una denuncia penal en contra del ahora presidente Luis Arce y su esposa por presunto enriquecimiento ilícito. FUENTE: Herramientas digitales Revisión del contenido Tags Luis Arce Catacora Tendencia Política Indeterminada Fecha Publicación Web Wed, 10/13/2021 - 13:13 Log in to post comments",Engañoso,Media
98,chequeabolivia.bo,https://chequeabolivia.bo/jose-luis-camacho-no-afirmo-que-hubo-fraude-y-existio-un-golpe-de-estado-en-2019,"José Luis Camacho no afirmó que hubo fraude y existió un golpe de Estado en 2019. El video manipulado circula en redes sociales luego de la retención de José Luis Camacho en el aeropuerto de Viru Viru. Por Danny Espinoza En Facebook se comparte el video de una entrevista de Red Uno, en la que el padre del gobernador de Santa Cruz, José Luis Camacho, supuestamente afirmó: “No hubo fraude. Lo que hubo fue un golpe de Estado”. ChequeaBolivia advierte que se trata de un contenido engañoso. ChequeaBolivia, constató que el video que se difunde en las redes sociales reproduce un fragmento de una entrevista a José Luis Camacho en el programa Que No Me Pierda de la Red Uno.  En una revisión de la entrevista completa se verificó que en el minuto 8:30 José Luis Camacho sostuvo que: “Se están inventando una cantidad de procesos para poder convencer a una población que a veces esta desinformada de que ha habido un golpe de Estado”. En la entrevista también se puede observar al padre del gobernador cruceño decir que hubo golpe, pero después de este lapsus corrigió su postura asintiendo que sí existió un fraude electoral. El video manipulado empezó a circular en redes sociales luego de la retención de José Luis Camacho en el aeropuerto de Viru Viru por citación de la Fiscalía. Fuentes: Entrevista completa  a José Luis Camacho, en Red Uno Tags Luis Fernando Camacho Tendencia Política Simpatizantes del MAS Fecha Publicación Web Wed, 09/29/2021 - 14:48 Log in to post comments",Engañoso,Media
99,chequeabolivia.bo,https://chequeabolivia.bo/index%2ephp/medios-extranjeros-no-publicaron-un-articulo-de-expresidentes-iberoamericanos-acusando-arce-por-la,"Medios extranjeros no publicaron un artículo de expresidentes iberoamericanos acusando a Arce por la situación de Áñez. Ninguno de los medios de comunicación publicó un contenido similar. En Facebook circulan las capturas de tres supuestas capturas de noticias de BBC Mundo, El Heraldo y La Nación, todas con un titular similar al siguiente: “Expresidente de Latinoamérica responsabilizan al Gobierno de Arce por lo que le pase a la vida de la expresidente Áñez”. ChequeaBolivia advierte que el contenido es engañoso. ChequeaBolivia realizó una búsqueda del contenido en el portal web de la BBC Mundo , pero no existe ningún contenido similar.  También se realizó una búsqueda del contenido en el portal web de El Heraldo y tampoco existe un contenido similar. El contenido que circula con los logos de La Nación titula: “Expresidentes de Latinoamérica responsabilizan al Gobierno de Arce por lo que le pase a la vida de la expresidente Áñez”, pero no existe un contenido publicado bajo el mismo titular.  Lo que publicó el medio argentino indica: “ Tras el intento de suicidio: Mauricio Macri y otros expresidentes de la región piden por la salud de Jeanine Añez ”. Sin embargo, el pasado 23 de agosto, el expresidente Jorge Tuto Quiroga informó sobre un pronunciamiento de expresidentes iberoamericanos, que solicitan a la Comisión Interamericana de Derechos Humanos (CIDH) que otorgue medidas cautelares y se pronuncien sobre la situación de la expresidenta. Ante el riesgo que corre su salud, su vida, y por la injusta detención preventiva de @JeanineAnez , expresidentes iberoamericanos de @IDEA_Grupo solicitamos a @CIDH y @mbachelet que otorguen medidas cautelares, o actúen y se pronuncien sobre este caso, antes que sea tarde. pic.twitter.com/0QFbRjARZA — Tuto Quiroga (@tutoquiroga) August 23, 2021 FUENTE: Búsqueda del contenido en los portales webs oficiales de BBC Mundo, El Heraldo y La Nación Cuenta oficial de Twitter del expresidente Jorge Tuto Quiroga Tags Discurso del Golpe Jeanine Áñez Jorge 'Tuto' Quiroga Tendencia Política No simpatizantes del MAS Fecha Publicación Web Tue, 08/24/2021 - 18:41 Log in to post comments",Engañoso,Media
100,chequeabolivia.bo,https://chequeabolivia.bo/la-imagen-de-armas-de-grueso-calibre-no-corresponde-los-envios-de-argentina-en-los-conflictos-de,"La imagen de armas de grueso calibre no corresponde a los envíos de Argentina en los conflictos de 2019. la fotografía que se comparte en la publicación no es reciente, es de 2017. En Facebook se comparte una fotografía de armas de grueso calibre, con una descripción en la que se asegura que corresponde al cargamento que ingresó de Argentina durante los conflictos de 2019. La imagen se comparte en una página de Facebook que tiene el logo de Bolivia Tv y junto a declaraciones del Comandante de la Policía, Jhonny Aguilera. ChequeaBolivia verificó que se trata de un contenido engañoso. ChequeaBolivia realizó una búsqueda en reverso de la imagen y verificó que el contenido fue publicado por medios de comunicación en mayo de 2017, como parte de un reporte en el que se informa sobre tráfico de armas de grueso calibre que pretendían ser trasladadas a Brasil y Paraguay, desde Bolivia. Sin embargo, el Comandante de la Policía, Jhonny Aguilera, brindó una conferencia de prensa el pasado 14 de julio, en la que informó que parte del material enviado desde la Argentina en 2019 se encuentra en los depósitos de la institución, pero no menciona que se trate de armas de grueso calibre ni mostró dicho cargamento. Además, ChequeaBolivia publicó una verificación en la que categorizó como falsa la página de Facebook que utiliza los logos de Bolivia TV. FUENTE: Herramientas digitales de búsqueda en reverso Revisión bibliográfica Tags Discurso del Golpe Tendencia Política Simpatizantes del MAS Fecha Publicación Web Fri, 07/23/2021 - 12:01 Log in to post comments",Engañoso,Media
101,chequeabolivia.bo,https://chequeabolivia.bo/tuto-quiroga-llamo-mitomano-evo-morales-pero-no-lo-acuso-de-aprovecharse-de-los-indigenas,"“Tuto” Quiroga llamó mitómano a Evo Morales, pero no lo acusó de aprovecharse de los indígenas. Se aumentaron palabras a la publicación original de Quiroga. En Facebook circula una publicación con la imagen del expresidente del Estado, Jorge “Tuto” Quiroga, acompañada de un rótulo atribuyéndole haber afirmado que Evo Morales es un “mitómano” y se aprovecha de los indígenas. ChequeaBolivia advierte que se trata de información engañosa. ChequeaBolivia, mediante una revisión en la cuenta de Twitter de Quiroga, corroboró que la exautoridad respondió a un tuit del expresidente y líder del Movimiento al Socialismo (MAS), Evo Morales, en el que acusó a Quiroga de haberse comunicado con el excomandante de la Fuerza Aérea Boliviana (FAB), Jorge Terceros, durante los conflictos post electorales de octubre-noviembre de 2019, y que actualmente se encuentra detenido preventivamente por el caso “golpe de Estado”. Quiroga en su tuit llamó mitómano a Morales y lo invitó a debatir en la televisión, pero no mencionó que Morales se aprovecha de los indígenas. El mitómano no para: no respetó 21F, no reconoció su auditoría vinculante de OEA y sigue mintiendo. Evo sí reconoce ahora que amenazó a Terceros con hacer arder #Bolivia . Yo NO hablé nunca con Terceros. Evo, basta de tramoyas y venganza, ¿cuándo y en qué canal debatimos? pic.twitter.com/B4L1EHkpMa — Tuto Quiroga (@tutoquiroga) July 8, 2021 FUENTES: Cuenta de Twitter de Jorge “Tuto” Quiroga Revisión en las redes sociales Tags Jorge 'Tuto' Quiroga Tendencia Política No simpatizantes del MAS Fecha Publicación Web Fri, 07/09/2021 - 16:43 Log in to post comments",Engañoso,Media
102,chequeabolivia.bo,https://chequeabolivia.bo/el-director-del-fbi-no-denuncio-que-murillo-tiene-contacto-directo-con-morales,"El director del FBI no denunció que Murillo tiene contacto directo con Morales. El aludido no se refirió al caso del ex ministro recientemente. En las redes sociales circula una supuesta captura de pantalla con un texto que, en su primera parte, afirma que el Departamento de Justicia de Estados Unidos (EEUU), dio a conocer que el exministro de Gobierno, Arturo Murillo, estuvo involucrado en hechos de corrupción. En la segunda parte, aparece una imagen de una personalidad con la bandera estadounidense de fondo, a la que se le atribuye hacer dicho que: “capturamos a cinco ex funcionarios bolivianos y ciudadanos norteamericanos con descendencia latina (…) Encontramos que Arturo Murillo y allegados tienen contacto directo con el ex presidente boliviano, Evo Morales”. ChequeaBolivia constató que se trata de información engañosa. ChequeaBolivia realizó una revisión hemerográfica y verificó que la primera parte del texto contiene información veraz, pues fue reproducida por distintos medios nacionales e internacionales. Además, el Departamento de Justicia de EEUU emitió un comunicado el pasado miércoles 26 de mayo, ratificando esa información. Pero, la segunda parte de la información es falsa. Por un lado, a través de una búsqueda en reversa de imágenes en Google, se identificó que la personalidad a la que se le atribuye la cita es Christopher Wray, actual director de la Oficina Federal  de Investigaciones (FBI) y, por el otro, tras una revisión en medios nacionales e internacionales, se corroboró que el aludido no realizó la afirmación ni se refirió al tema recientemente. FUENTE Departamento de Justicia de Estados Unidos Revisión en medios nacionales e internacionales Herramienta de búsqueda en reversa de imágenes en Google Tags Arturo Murillo Tendencia Política Indeterminada Fecha Publicación Web Sun, 05/30/2021 - 11:33 Log in to post comments",Engañoso,Media
103,chequeabolivia.bo,https://chequeabolivia.bo/dirigente-de-las-juventudes-del-mas-critico-dessard-pero-no-lo-acuso-de-ser-un-espia-conspirador,"Dirigente de las juventudes del MAS criticó a Dessard, pero no lo acusó de ser un “espía conspirador”. Chuquimia criticó las acciones de Dessard, pero no realizó las acusaciones que le atribuyen. En Facebook circula una publicación afirmando que el dirigente de las juventudes del MAS en La Paz, Álvaro Chuquimia, acusó al activista francés, Alexis Dessard, de ser un “espía conspirador” por sus tareas de limpieza en el país, y que estaría haciendo quedar mal al gobierno de Luis Arce Catacora. ChequeaBolivia advierte que se trata de información engañosa. ChequeaBolivia, mediante una revisión hemerográfica, constató que Chuquimia criticó la labor de Dessard en un video difundido por la Red Unitel , así como también pidió a las autoridades no descuidar el tema medioambiental. “En estos últimos días se ha visto y hemos visto todos que un visitante extranjero llamado Alexis (Dessard) viene a nuestro país a obligarnos, o a observarnos que nuestro país estaba lleno de basura, a observarnos que nuestro país estaba totalmente sucio, como podemos decir. Y yo me pregunto, cuando yo voy a visitar una casa, yo no tengo ninguna autoridad para observar porque yo soy visitante, yo no soy dueño de la casa”, declaró Chuquimia. No obstante, en el video no se observa al dirigente decir que Dessard es un ""espía conspirador”, ni existen registros de dicha acusación en otros medios de comunicación. FUENTES: Revisión hemerográfica Red Unitel Tags Alexis Dessard Tendencia Política No simpatizantes del MAS Fecha Publicación Web Fri, 05/28/2021 - 16:00 Log in to post comments",Engañoso,Media
104,chequeabolivia.bo,https://chequeabolivia.bo/eva-copa-no-era-alcaldesa-de-el-alto-cuando-pagina-siete-denuncio-poco-uso-del-wayna-bus,"Eva Copa no era alcaldesa de El Alto cuando Página Siete denunció poco uso del Wayna Bus. La nota de Página Siete es de 2019, cuando Copa aún no era alcaldesa de El Alto. En Facebook circula la captura de una nota de Página Siete indicando que sólo 10 de los 60 Wayna Bus que tiene la ciudad de El Alto funcionan, culpando a la administración de la alcaldesa Eva Copa. ChequeaBolivia constató que se trata de información engañosa. ChequeaBolivia, mediante una revisión hemerográfica, constató que la nota de la captura es de 2019 , cuando Eva Copa aún no era alcaldesa de El Alto, sino Soledad Chapetón. No obstante, la captura utilizada en la publicación señala que sólo 10 de los 60 Wayna Bus funcionaban cumpliendo su ruta, cuando la nota original de Página Siete señala que funcionaban 18 de los 60. Al respecto, ChequeaBolivia se contactó con Juan Carlos Véliz, jefe de Redacción Digital de Página Siete, quién declaró: “Hay una modificación (en la nota) con otras intenciones del dato que dice 10, en todo caso es un montaje que no corresponde a Página Siete”. FUENTES: Juan Carlos Véliz, jefe de Redacción Digital de Página Siete Página Siete Revisión hemerográfica Tendencia Política Simpatizantes del MAS Fecha Publicación Web Fri, 05/14/2021 - 16:09 Log in to post comments",Engañoso,Media
105,chequeabolivia.bo,https://chequeabolivia.bo/index%2ephp/hay-personas-que-comparten-numero-de-cedula-en-el-padron-biometrico,"Hay personas que comparten número de cédula en el padrón biométrico. Segip diferencia las cédulas de identidad con complementos alfanuméricos. En Facebook circula una publicación indicando que el padrón electoral sería “fraudulento” ya que distintas personas con el mismo número de cédula de identidad estarían habilitadas para votar en las elecciones subnacionales. ChequeaBolivia advierte que se trata de información engañosa. ChequeaBolivia a través de una revisión en la plataforma Yo Participo del Órgano Electoral Plurinacional (OEP) corroboró que algunas de las personas en la lista difundida en las redes sociales comparten un mismo número de cédula de identidad y están habilitadas para emitir su voto en las elecciones subnacionales 2021. ChequeaBolivia contactó al Director Nacional del Servicio de Registro Cívico (SERECI), Diego Tejerina, quien explicó que es un fenómeno común en carnets antiguos porque antes la Policía era la encargada de realizar la carnetización. Problema subsanado con la inserción de códigos alfanuméricos en las cédulas de identidad. “Ese un problema recurrente, por lo que el Segip ha creado un número complemento alfanumérico en aquellos casos que han ido a renovar (la cédula) y en los casos que no han renovado esas personas siguen compartiendo este mismo número de cédula identidad. Lo que nosotros hacemos es tomar la biometría, o sea, cuando uno se empadrona se toman las huellas dactilares, que eso sí o sí es diferente en las personas. Entonces todos estos datos y todos estos nombres, nosotros tenemos la certeza y es verificable, son personas diferentes”. FUENTES OEP Diego Tejerina, Director Nacional del SERECI Tags Elecciones subnacionales 2021 Tendencia Política Indeterminada Fecha Publicación Web Sun, 03/07/2021 - 18:23 Log in to post comments",Engañoso,Media
106,chequeabolivia.bo,https://chequeabolivia.bo/acusan-pedro-garcia-de-copiar-las-acciones-de-camacho,"Acusan a Pedro García de “copiar” las acciones de Camacho. La imagen manipulada pertenece a un video del candidato Pedro García contando anécdotas con Mario Cronenbold. Por Bolivia Aclara Circula en la red de Facebook una captura de pantalla en la que se observa al candidato del Movimiento Al Socialismo (MAS) para Vicegobernador de Santa Cruz, Pedro García, trepando a un árbol, mientras que en el texto de presentación señala “copia nuevamente a Camacho esta vez tomándose fotos sacando frutas, ya preocupa su obsesión”. Bolivia Aclara verificó que se trata de una publicación engañosa. Bolivia Aclara revisó las redes sociales y encontramos el video original donde se observa a García cosechando mandarinas de un árbol en el patio de su vivienda, mientras narra sus experiencias en la campaña y la amistad que desarrolló con Mario Cronenbold. “En el tiempo de campaña, que he tenido con Mario, he tenido la oportunidad de conocer, no solo al candidato, sino que he tenido la oportunidad de conocer a la persona…”, relata en el video. La alusión de “copiar y obsesionarse” con el candidato a Gobernador, Luis Fernando Camacho, por el frente Creemos, se debe a que en fecha 4 de febrero del presente, subió a su página de Facebook una fotografía donde se le observa sacar frutos en una propiedad privada al momento de explicar los recuerdos de su niñez que le generó visitar los barrios. “¿Quién no compró alguna vez una sodita en bolsita o tuvo su yunta pa' apear frutas? Gracias por creer Barrio San Juan”, destacaba el post FUENTE: Cuenta de Pedro García en Facebook Tags Elecciones subnacionales 2021 Tendencia Política No simpatizantes del MAS Fecha Publicación Web Sat, 03/06/2021 - 18:40 Log in to post comments",Engañoso,Media
107,chequeabolivia.bo,https://chequeabolivia.bo/bolivision-no-afirmo-que-evo-morales-se-llevo-bs-520-millones,"Bolivisión no afirmó que Evo Morales se llevó Bs 520 millones. Bolivisión no afirmó en una nota que Evo Morales se fugó con 520 millones de bolivianos. En Facebook circula la captura de pantalla de una supuesta noticia del medio Bolivisión en la que se afirma que el ex presidente del Estado, Evo Morales, se llevó 520 millones de bolivianos en su avión privado. ChequeaBolivia advierte que se trata de información engañosa. ChequeaBolivia, tras una revisión de videos en el canal oficial de YouTube de Noticias Bolivisión, constató que en la nota audiovisual “Dudas por supuesto traslado de dinero en aeropuerto”, durante la entrevista al ex mandatario en México se puso incomodo tras la pregunta de un periodista sobre la posible relación sobre el traslado de camiones de valor al aeropuerto. Fuente: Canal oficial de YouTube de Noticias Bolivisión Tags Bolivisión Tendencia Política No simpatizantes del MAS Fecha Publicación Web Thu, 03/04/2021 - 19:04 Log in to post comments",Engañoso,Media
108,chequeabolivia.bo,https://chequeabolivia.bo/arce-no-menciono-al-imperio-yanqui-en-la-posesion-del-nuevo-ministro-de-salud,"Arce no mencionó al “imperio yanqui” en la posesión del nuevo Ministro de Salud. El presidente Luis Arce nunca hizo referencia al impero Yanqui en dicho discurso. En Facebook circula una imagen del presidente del Estado Plurinacional de Bolivia, Luis Arce Catacora, con el siguiente texto: “Arce dijo que aguantara la pandemia así como aguanto al Gobierno de facto y al imperio Yanqui”. ChequeaBolivia advierte que se trata de información engañosa. ChequeaBolivia, en una revisión al video de la posesión del Nuevo Ministro de Salud, constató que Arce nunca hizo referencia al impero Yanqui en dicho discurso. Lo que sí señaló fue: “Así como nosotros hemos aguantado un gobierno de facto, hemos resistido un gobierno de facto hasta lograr la recuperación de la democracia”. Fuente: Transmisión en vivo del acto de posesión de la nueva autoridad a través de Bolivia Tv Tags Luis Arce Catacora Tendencia Política No simpatizantes del MAS Fecha Publicación Web Thu, 01/21/2021 - 11:54 Log in to post comments",Engañoso,Media
109,chequeabolivia.bo,https://chequeabolivia.bo/lider-indigena-apunta-choque-y-copa-del-mas-de-ser-complices-del-uso-de-armas-en-sacaba,"Líder indígena apunta a Choque y Copa del MAS de ser cómplices del uso de armas en Sacaba. La noticia es del 2019 y circula como si fuese actual. En las redes sociales circula la captura de pantalla de un titular que afirma: “Líder indígena apunta a Choque y Copa del MAS de ser cómplices del uso de armas en Sacaba”. ChequeaBolivia constató que se trata de información engañosa. ChequeaBolivia realizó una revisión hemerográfica y evidenció que el titular fue publicado por el periódico Los Tiempos el 17 de noviembre del 2019. En la noticia se explica que la líder indígena del Allyu Coconi, Gabina Condori Nina, apuntó a los presidentes de las cámaras de diputados, Sergio Choque, y de senadores, Eva Copa, además de otros asambleístas y militantes del Movimiento al Socialismo (MAS), como los responsables de las muertes en Sacaba, Cochabamba, porque conocían del uso de armas de parte de los movilizados. FUENTE: Los Tiempos Log in to post comments",Engañoso,Media
110,chequeabolivia.bo,https://chequeabolivia.bo/arce-admite-que-la-administracion-del-mas-desde-11-anos-fue-nefasta,"Arce admite que la administración del MAS desde 11 años fue nefasta. Cometió un lapsus confundiendo la palabra “años” con meses y no mencionó al MAS. En redes sociales circula un video del presidente de Bolivia, Luis Arce Catacora, con el siguiente texto: “Admite que la administración del MAS (Movimiento del Socialismo) fue nefasta durante 11 años”. ChequeaBolivia advierte que es engañoso. El video que circula pertenece al discurso que Arce pronunció en la sesión de honor por el aniversario del departamento de Beni conmemorado el pasado 17 de noviembre y fue transmitido en vivo por el canal estatal Bolivia Tv. Tras una revisión al discurso completo, ChequeaBolivia verificó que Arce cometió un lapsus confundiendo la palabra “años” con meses, como se desprende cuando se escucha la oración completa: “Se han generado en once años de nefasta administración que ha dejado al país más empobrecido de lo que encontramos el año 2006”. Además, el gobierno del expresidente Evo Morales, comenzó el 22 de enero 2006 y terminó el 10 de noviembre 2019, habiendo transcurrido más de 13 años. Fuentes: Transmisión en vivo del canal estatal, Bolivia Tv Revisión hemerográfica Tags Luis Arce Catacora Tendencia Política No simpatizantes del MAS Log in to post comments",Engañoso,Media
111,chequeabolivia.bo,https://chequeabolivia.bo/arce-catacora-aplicara-impuesto-los-que-tengan-un-patrimonio-igual-o-mayor-500-mil-bolivianos,"Arce Catacora aplicará impuesto a los que tengan un patrimonio igual o mayor a 500 mil bolivianos. Arce Catacora mencionó aplicar un impuesto a la riqueza, pero a los que posean entre 5 y 10 millones de dólares. En las redes sociales circula una captura de una nota del portal eju.tv con una descripción en la que se afirma que el presidente electo en los recientes comicios, Luis Arce Catacora, aplicará un impuesto a los que posean un patrimonio de 500 mil bolivianos o más, incluyendo casas, lotes, automóviles, maquinaria, empresas y otros. ChequeaBolivia constató que se trata de información engañosa. ChequeaBolivia rastreó la publicación original de eju.tv , que consiste en la transcripción de una entrevista que le hicieron a Arce Catacora en la red Gigavisión. Se corroboró que, si bien mencionó un impuesto a las grandes fortunas como una de las medidas a tomar por su gobierno, afirmó también que el monto para aplicar el impuesto está en evaluación, y que oscilará entre los 5 y 10 millones de dólares. FUENTES: Eju.tv Revisión hemerográfica Tags Luis Arce Catacora Tendencia Política No simpatizantes del MAS Log in to post comments",Engañoso,Media
112,chequeabolivia.bo,https://chequeabolivia.bo/index%2ephp/fotos-muestran-campana-de-vacunacion-animal-en-santa-cruz,"Fotos muestran campaña de vacunación animal en Santa Cruz. Las fotografías que se comparten son de años pasados. A través de Facebook se comparten fotografías de una campaña de vacunación contra la rabia. La publicación está acompañada del siguiente texto: “Comenzó la campaña de vacunación animal en Santa Cruz y el fotógrafo del periódico El Deber, retrató el momento exacto de la inyección”. ChequeaBolivia verificó que el contenido es engañoso. La publicación contiene cuatro imágenes. Mediante una búsqueda en reverso de las primeras tres imágenes, ChequeaBolivia constató que pertenecen al fotógrafo de El Deber Ricardo Montero y fueron publicadas el 26 de agosto del 2019. Sin embargo, se constató que la cuarta imagen no corresponde a la campaña de vacunación actual y fue publicada en 2016 para generar contenido gracioso en redes sociales. La página de Facebook de la Gobernación de Santa Cruz publicó hoy, 28 de septiembre, un video de una conferencia de prensa con el director del Sedes, Marcelo Ríos. Quien informó que en “15 días Santa Cruz va a iniciar una campaña de vacunación en servicio contra la rabia canina y felina. Por lo tanto, a partir de ahora se empieza el proceso de logística para que todos los centros de salud del departamento contengan la más de 250.000 dosis de vacuna contra la rabia”, afirma Ríos en el video . Fuentes: Herramientas digitales de búsqueda Página de Facebook de la Gobernación de Santa Cruz Revisión hemerográfica Tags Santa Cruz Tendencia Política Indeterminada Log in to post comments",Engañoso,Media
113,chequeabolivia.bo,https://chequeabolivia.bo/en-enganoso-que-evo-morales-se-autodenomino-narcotraficante-y-asesino,"En engañoso que Evo Morales se autodenominó narcotraficante y asesino. El video es real, pero fue publicado en 2016. En las redes sociales circula un video del periodista Carlos Valverde presentando una conferencia de prensa del expresidente Evo Morales, en el que éste se autodenomina como narcotraficante y asesino. ChequeaBolivia constató que se trata de información engañosa. ChequeaBolivia, a través de una revisión hemerográfica constató que el video es real y fue ampliamente difundido en medios de comunicación. Se trata del discurso presidencial N ° 828 de 24 de febrero de 2016, realizado días después del referéndum de ese año que negó la reforma constitucional que permitiría la reelección y el posible cuarto mandato de Morales. En la nota televisiva de la Red Unitel se escucha a Morales decir que él jamás buscó un cargo en la política sindical o nacional, por lo que se sometió siempre a los pedidos de los movimientos sociales, a los que rechazó la primera vez que lo instaron a ser candidato presidencial en 1997. “Después de aceptar retornando de Potosí a Cochabamba me arrepentí y pensé cómo un narcotraficante, un asesino podía ser presidente, en mi mente decía que mis hermanos del campo se hacen la burla de mí y llegando a Cochabamba, al día siguiente renuncié a la candidatura”, declaró Morales. FUENTES: Red Unitel Cambio Revisión hemerográfica Tags Evo Morales Tendencia Política No simpatizantes del MAS Log in to post comments",Engañoso,Media
114,chequeabolivia.bo,https://chequeabolivia.bo/diego-pary-revelo-que-karen-longaric-retiro-su-candidatura-la-secretaria-general-de-aladi-por-falta,"Diego Pary reveló que Karen Longaric retiró su candidatura a la Secretaría General de Aladi por falta de apoyo de los países miembros. La carta presentada por Longaric establece los puntos de su renuncia. En las redes sociales circula una publicación en la que se afirma que el excanciller de Bolivia, Diego Pary, afirmó que la actual canciller, Karen Longaric, retiró su candidatura a la Secretaría General de Asociación Latinoamericana de la Integración (Aladi) porque no logró ningún apoyo de los países miembros que “no reconocen la candidatura de un gobierno ilegítimo”. ChequeaBolivia constató que se trata de información engañosa. ChequeaBolivia, a través de una revisión hemerográfica confirmó que Pary señaló que la verdadera razón por la que Longaric retiró su candidatura fue que no recibió apoyo internacional. Sin embargo, la canciller boliviana, a través de una carta a Aladi, explica las razones de esa decisión, entre las cuales menciona un “sesgo ideológico” entre algunos países miembros y la “preocupación” por la brecha de género que existe en la región. A continuación se puede leer la carta presentada por Karen Longaric al presidente del Comité de Representantes de Aladi. Nota-N°-004.20-a-las-Repres... by Chequea Bolivia FUENTE: Revisión hemerográfica Tags Karen Longaric Diego Pary Tendencia Política Indeterminada Log in to post comments",Engañoso,Media
115,chequeabolivia.bo,https://chequeabolivia.bo/juan-carlos-arana-habla-favor-de-luis-arce-catacora,"Juan Carlos Arana habla a favor de Luis Arce Catacora. El video es de 2019 y Arana se refirió a la gestión de Evo Morales. En las redes sociales circula un video del periodista y presentador de televisión Juan Carlos Arana, en el cual afirma que el Movimiento al Socialismo (MAS) brindó estabilidad económica al país durante sus 14 años de gobierno. El video está acompañado de una descripción en la que se asevera que hizo tales declaraciones a favor del candidato a la presidencia por el MAS, Luis Arce Catacora. ChequeaBolivia constató que se trata de información engañosa. ChequeaBolivia, a través de una revisión hemerográfica, constató que el video corresponde a un panel de discusión al que fue invitado Arana el 13 de agosto de 2019, en el programa Sobre la Mesa de Abya Yala Televisión, para comentar el informe presidencial de ese año. En efecto, Arana habló positivamente de la gestión económica del MAS, pero se refirió al expresidente Evo Morales, no a Luis Arce Catacora. FUENTES: Abya Yala Televisión Revisión hemerográfica Tags Luis Arce Catacora Tendencia Política Simpatizantes del MAS Log in to post comments",Engañoso,Media
116,chequeabolivia.bo,https://chequeabolivia.bo/video-muestra-como-civiles-manejan-armas-de-grueso-calibre,"Video muestra como civiles manejan armas de grueso calibre. El video circuló en redes sociales en octubre de 2019. En Facebook circula un video en el que se observa a un grupo de civiles portando armas de grueso calibre dentro de un vehículo en Bolivia. El siguiente texto acompaña al video: “Denuncian que vehículo con placa 1340 AGH transportaba armas de fuego en Santa Cruz. Sus ocupantes señalan que tratan de no hacer violencia y que este mes es aniversario de Bolivia y afirman estar haciendo patria. En el vídeo se observa a una mujer tratar de ocultar el armamento con su cuerpo”. ChequeaBolivia verificó que se trata de información engañosa. A través de una búsqueda en reverso se constató que el video que circula en redes sociales no es reciente y se difundió en octubre de 2019. En esa misma fecha, medios cruceños confirmaron que las personas dentro del vehículo pertenecían a la Comunidad de Inteligencia, dependiente del Ministerio de Gobierno de entonces. Por tanto, la descripción del video que actualmente se comparte en redes sociales, saca de contexto el video que circuló anteriormente para que parezca que es actual. FUENTE: Herramientas digitales de búsqueda Revisión hemerográfica Tags Gobierno de transición Log in to post comments",Engañoso,Media
117,chequeabolivia.bo,https://chequeabolivia.bo/murillo-asegura-que-le-fascina-usar-armas-y-que-el-gobierno-no-soltara-el-poder,"Murillo asegura que le fascina usar armas y que el Gobierno no soltará  el poder. Las citas que circulan en  Facebook fueron sacadas de contexto. A través de Facebook circulan fragmentos de un video en el que el periodista Carlos Valverde entrevista al ministro de Gobierno, Arturo Murillo.  Las publicaciones afirman que Murillo habría revelado: “Me fascina usar armas” y que “no soltarán el poder el 6 de septiembre y que habrán muertos”. Chequea Bolivia verificó que la información es engañosa. ChequeaBolivia verificó que las citas que se atribuyen a Murillo fueron sacadas de contexto a partir de una entrevista que se transmitió en vivo ayer 15 de julio por la página oficial de Valverde. A los 25 minutos de transmisión aproximadamente, Valverde preguntó sobre la compra de agentes químicos que fue denunciada por presunto sobreprecio: “¿El vendedor es hijo de una persona tuya conocida?”. Murillo respondió: “El vendedor obviamente es hijo de un conocido mío, de la misma ciudad, somos del mismo lugar. Yo lo conozco, no lo he visto a Lucho hace muchos años, aficionado a las armas él, yo también, aficionado a las armas , me fascinan las armas yo no veo absolutamente ningún problema”. Sobre las declaraciones en relación a las elecciones del 6 de septiembre y que habrán muertos, al minuto 38 del video Valverde preguntó cómo el 21 de junio Jeanine Áñez había promulgado la ley de las elecciones generales. Murillo contestó: “Al promulgar le hemos bajado conflictos (…) Lo importante es lo que va a pasar el 6 de septiembre. ¿Ellos  (refiriéndose al Movimiento al Socialismo) van a aceptar la derrota? No la van a aceptar jamás. Necesitan convulsionar el país, incendiar el país, que hayan muertos en el país y volver por la fuerza al país, porque saben que por las buenas es muy difícil. Les vamos a cerrar todas las puertas porque la democracia no se puede perder…” Fuentes: Página oficial de Facebook, Carlos Valverde Bravo Revisión Hemerográfica Tags Gobierno de transición Tendencia Política Simpatizantes del MAS Log in to post comments",Engañoso,Media
118,chequeabolivia.bo,https://chequeabolivia.bo/mesa-habla-de-su-alianza-con-juntos-e-invita-otros-partidos-sumarse,"Mesa habla de su alianza con Juntos e invita a otros partidos a sumarse. Los representantes de CC dijeron que están abiertos al diálogo, pero que legalmente ya no se pueden hacer alianzas. En las redes sociales circula un video del candidato a la Presidencia por Comunidad Ciudadana (CC), Carlos Mesa, con una descripción indicando que el candidato habría consumado una alianza con Juntos, que postula a la Presidenta del Estado, e insta a que otros partidos se sumen a la misma. ChequeaBolivia constató que se trata de información engañosa. ChequeaBolivia tras una revisión hemerográfica verificó que el video pertenece a una sección de la entrevista que le hizo el periodista Pedro García a Mesa el pasado 5 de julio, en su programa: Mano a Mano. En la parte final del programa García le preguntó sobre la posibilidad de una alianza política entre CC y otros partidos, a lo que el candidato respondió que “desde el punto de vista legal no se pueden cambiar candidaturas, salvo que exista una renuncia específica de un candidato, pero sí, nosotros estamos abiertos, y además me parece de sentido básico que algunas candidaturas cuyas opciones evidentemente son muy reducidas, deberían considerar con responsabilidad bajarse (de la carrera electoral), pero eso no es una cosa que voy a pedirles yo”. Adicionalmente, el candidato a la vicepresidencia por CC, Gustavo Pedraza, citado por Página Siete , declaró que de “acuerdo con la norma electoral, el tiempo para registrar alianzas ya precluyó, ya ha pasado; en el calendario electoral, desde el punto de vista jurídico, registrar una alianza política ya no se puede porque así la norma lo establece en los hechos concretos”. FUENTES: Mano a Mano - Kandire Noticias Página Siete Tags Carlos Mesa Tendencia Política Simpatizantes del MAS Log in to post comments",Engañoso,Media
119,chequeabolivia.bo,https://chequeabolivia.bo/camacho-critica-al-gobierno-y-anez-le-responde-en-twitter,"Camacho critica al Gobierno y Áñez le responde en Twitter. La presunta respuesta de Jeanine Áñez que figura en el tuit de Camacho, no se realizó desde la cuenta oficial de la Presidenta. En Facebook circula una captura de un tuit de Luis Fernando Camacho, candidato a la Presidencia por Creemos, en el que denuncia que el Gobierno de Áñez aprovecha “la desesperación de los empresarios afectados por la crisis para ‘arreglar’ sus problemas tributarios a cambio de coima”. Seguidamente se muestra una respuesta de la presidenta Jeanine Áñez donde le pide respeto a su Gobierno. ChequeaBolivia advierte que es engañoso. ChequeaBolivia realizó una revisión de la cuenta oficial de Twitter de Camacho y constató que el candidato sí publicó el siguiente tuit: “Después de robarse el dinero de los respiradores, los del Gobierno se aprovechan de la desesperación de los empresarios afectados por la crisis para “arreglar” sus problemas tributarios a cambio de coima. ¡Basta de enriquecerse con la plata del pueblo!”. Después de robarse el dinero de los respiradores, los del Gobierno se aprovechan de la desesperación de los empresarios afectados por la crisis para “arreglar” sus problemas tributarios a cambio de coima. ¡Basta de enriquecerse con la plata del pueblo! pic.twitter.com/Ke49NVoBuV — Luis Fernando Camacho (@LuisFerCamachoV) May 29, 2020 Sin embargo, la presunta respuesta de Áñez que figura en el tuit de Camacho, no se realizó desde la cuenta oficial de la Presidenta, sino desde una cuenta de twitter que es falsa y se usa para hacer parodia. FUENTE: Revisión de la cuenta de Twitter de Luis Fernando Camacho, candidato a la Presidencia por Creemos Revisión de la cuenta de Twitter de Jeanine Áñez Tags Gobierno de transición Jeanine Áñez Luis Fernando Camacho Tendencia Política Simpatizantes del MAS Log in to post comments",Engañoso,Media
120,chequeabolivia.bo,https://chequeabolivia.bo/evo-morales-usa-su-helicoptero-para-ir-un-partido-de-futsal,"Evo Morales usa su helicóptero para ir a un partido de futsal. El video que circula en redes sociales forma parte de una entrevista que se realizó al expresidente en abril de 2015. En redes sociales se difunde un video de un minuto aproximadamente, en el que se muestra al expresidente Evo Morales conversando con otra persona sobre un partido de futsal. En el texto del video se indica: “Así es como Evo Morales se conducía para jugar un partido de futbol”.  ChequeaBolivia verificó que la información es engañosa. ChequeaBolivia realizó una búsqueda en Youtube donde constató que el video que circula en redes sociales forma parte de una entrevista que se realizó al expresidente en abril de 2015 para el programa español “Salvados”. La persona que aparece con el exmandatario en el video es el periodista Jordi Évole que para hacer dicha entrevista acompañó a Morales durante una jornada completa de trabajo. El fragmento específico que se utilizó para difundir el audiovisual en redes sociales forma parte de una conversación en la que el exmandatario le cuenta que jugará un partido de futsal tras realizar la entrega de un polideportivo en Saipina, a donde se trasladaban en un helicóptero. FUENTE: Revisión del Canal de YouTube “La Sexta”, de donde forma parte el programa “Salvados” Revisión de la página web “La Sexta” Tags Evo Morales Tendencia Política No simpatizantes del MAS Log in to post comments",Engañoso,Media
121,chequeabolivia.bo,https://chequeabolivia.bo/bukele-suspende-salarios-diputados-y-magistrados-por-el-coronavirus-y-sus-ministros-deciden-no,"Bukele suspende salarios a diputados y magistrados por el coronavirus y sus ministros deciden no cobrar. Los legisladores salvadoreños siguen recibiendo sus sueldos y los ministros sí los donaron. En Facebook se comparte información del presidente de El Salvador, Nayib Bukele, con el siguiente titular: “Bukele suspende salarios a diputados y magistrados para usarlos para COVID-19, ministros deciden no cobrar”. ChequeaBolivia verificó que la información es engañosa. ChequeaBolivia, a través de una revisión hemerográfica, constató que en una conferencia de prensa, el pasado lunes, Bukele amenazó con cortar los fondos al Órgano Legislativo y al Judicial.  Y en otra, del 20, difundida por la Secretaría de Prensa de El Salvador, Bukele aclaró: “Yo lo que dije, y lo mantengo, es que, si tengo que priorizar entre comprar alimentos o pagar a los diputados, voy a pagar alimentos. Mientras tengamos las dos cosas yo estoy obligado por ley a pagarlas (…) pero si no, toca priorizar”. En tanto, sobre la información de que los ministros de El Salvador pusieron a disposición sus sueldos para ayudar a Bukele en la lucha contra el coronavirus, ChequeaBolvia constató que varias de las autoridades usaron el Twitter para expresar el apoyo al presidente de El Salvador ofreciendo públicamente su salario para hacer frente al COVID -19. FUENTES Revisión hemerográfica Herramientas digitales de Búsqueda Cuenta de Twitter Nayib Bukele Conferencias de prensa de la Secretaría de Prensa de El Salvador Tendencia Política Engañoso Log in to post comments",Engañoso,Media
122,chequeabolivia.bo,https://chequeabolivia.bo/italia-elimina-230-diputados-y-115-senadores-en-plena-crisis-del-coronavirus,"Italia elimina a 230 diputados y 115 senadores en plena crisis del coronavirus. La medida debe ser aprobada por un referedúm constitucional que aún no tiene fecha . En Facebook circula una imagen reproducida en el país que afirma: ""Italia elimina a 230 diputados y 115 senadores"", como si se tratara de un hecho que surge en plena crisis por el coronavirus. ChequeaBolivia anuncia que esta información es engañosa. ChequeaBolivia, luego de revisar medios italianos, constató que la Cámara de Diputados de Italia ya había aprobado el 8 de octubre de 2019 un proyecto de reforma constitucional, reduciendo el número de diputados de 630 a 400 y de senadores de 315 a 200. Sin embargo, este proyecto debía ser aprobado a través de un referéndum constitucional que se tenía previsto realizar el 29 de marzo 2020 y que postergó por la pandemia del coronavirus. Asimismo, Maldito Bulo de España desmintió casos similares en los que se afirma que ""la crisis del coronavirus rebaja en Italia el número de políticos"" y advirtió que son contenidos que se mueven de manera descontextualizada. Fuentes: Herramientas digitales de búsqueda Revisión hemerográfica Maldito Bulo Tags Italia Tendencia Política Engañoso Log in to post comments",Engañoso,Media
123,chequeabolivia.bo,https://chequeabolivia.bo/gente-afin-al-mas-destroza-camara-de-desinfeccion,"Gente afín al MAS destroza cámara de desinfección. El Gobierno Autónomo Municipal de Sucre informó que el caso está siendo investigado para identificar recién a los responsables del hecho. En distintos grupos de Facebook circula una imagen en la que se afirma que personas afines al Movimiento Al Socialismo (MAS) destrozaron una cámara de desinfección en la ciudad de Sucre. Chequea Bolivia verificó que la información es engañosa. En una búsqueda en reverso de la imagen, se constató que el hecho ocurrió el viernes 10 de abril en el Mercado Campesino de Sucre. Según la información publicada en la página web del Gobierno Autónomo Municipal de Sucre el caso está siendo investigado para identificar a los responsables del hecho. También se informó que se están tomando medidas de acción para reparar y proteger las cámaras de desinfección. La jefa de Redacción de Correo del Sur, Raykha Flores, informó que la fotografía pertenece a esta casa periodística, pero que la persona que tomó la fotografía no observó que se trate de un destrozo al propósito. Fuentes: Herramientas digitales de búsqueda Página Web del Gobierno Autónomo Municipal de Sucre Jefa de Redacción de Correo del Sur, Raykha Flores Tags Coronavirus en Bolivia Tendencia Política Engañoso Log in to post comments",Engañoso,Media
124,chequeabolivia.bo,https://chequeabolivia.bo/los-camiones-de-fruta-del-mas-estaban-llenos-de-droga,"Los camiones de fruta del MAS estaban llenos de droga. Los camiones que provenían con fruta y no verduras, desde el trópico hacia Cochabamba llegaron a la ciudad ya el pasado 7 de abril. En redes sociales se comparten imágenes de un camión con verdura que fue hallado con droga junto a un texto que indica: “Tanto era su afán de los masistas de regalar sus frutas, y resulta que estaban llenos de droga”. ChequeaBolivia informa que el contenido es engañoso. En una revisión hemerográfica que realizó ChequeaBolivia constató que los agentes de la Fuerza Especial de Lucha Contra el Narcotráfico (Felcn) descubrieron un camión en el que  transportaban 173,6 kilos de pasta base de cocaína, alcaloide que estaba escondido en medio de un cargamento cebollas, papas y zanahorias. El operativo se ejecutó el miércoles 8 de abril y el camión fue detenido en la avenida G-77 de Santa Cruz. En contacto con medios, el fiscal Roberto Méndez, que está a cargo de las pesquisas, indicó que el procesado solo se limitó a indicar que él venía desde Cochabamba. En tanto, los camiones que provenían con fruta y no verduras, desde el trópico hacia Cochabamba llegaron a la ciudad ya el pasado 7 de abril. Además, en una revisión de las imágenes que realizó ChequeaBolivia, sobre los camiones de fruta que llegaron a Cochabamba se constató que no había uno con características de tipo tráiler. Por otra parte, en la publicación con contenido engañoso incluyen una imagen de frutas con droga al interior que ya fue desmentido por ChequeaBolivia al tratarse de una imagen de Colombia, el 7 de marzo de 2018. FUENTE: Revisión hemerográfica Revisión de videos Tags Coronavirus en Bolivia Tendencia Política Gobierno de transición Log in to post comments",Engañoso,Media
125,chequeabolivia.bo,https://chequeabolivia.bo/choque-confirma-el-regreso-de-evo-morales-al-pais,"Choque confirma el regreso de Evo Morales al país. La información fue aclarada por el diputado Choque y Radio Líder 97. En las redes sociales circula una publicación en la que el Presidente de la Cámara de Diputados, Sergio Choque, confirma que Evo Morales retornará a Bolivia el 19 de enero para anunciar el binomio por el Movimiento Al Socialismo (MAS). ChequeaBolivia constató que se trata de una publicación engañosa. Radio Líder 97, medio que realizó la publicación original, aclaró a través de sus redes sociales que el diputado no confirmó el regreso de Evo Morales, pero dijo que “Evo tendría que venir para conocer la lista de candidatos”. La autoridad que indicó que los derechos constitucionales del ex mandatario Evo Morales deberán ser respetados en una posible llegada a territorio boliviano. Asimismo, hace unos minutos, el diputado Choque aclaró que presentarán la lista de sus candidatos a Evo Morales el 19 de enero en Argentina. FUENTE: Redes sociales de Radio Líder 97 Tags Evo Morales Log in to post comments",Engañoso,Media
126,chequeabolivia.bo,https://chequeabolivia.bo/evo-morales-muestra-video-antiguo-para-mostrar-hechos-de-violencia-actuales,"Evo Morales muestra video antiguo para mostrar hechos de violencia actuales. El fragmento del video mencionado pertenece a la marcha conmemorativa de “La matanza del 2 de octubre de 1968 en Tlatelolco México”, que fue colgado en YouTube el 3 de octubre de 2013. En conferencia de prensa en México el pasado 20 de noviembre, el ex presidente Evo Morales Ayma, mostró varios videos para graficar la violencia en los conflictos de la ciudad de El Alto y Cochabamba debido a la crisis que atraviesa el país. Entre ellos mostró un fragmento de un video difundido en 2013. ChequeaBolivia advierte que la información es engañosa. En una revisión que hizo ChequeaBolivia constató que el fragmento del video mencionado pertenece a la marcha conmemorativa de “La matanza del 2 de octubre de 1968 en Tlatelolco México”, que fue colgado en YouTube el 3 de octubre de 2013. Por ello, ChequeaBolvia verificó que esa declaración audiovisual del ex presidente no coincide con los conflictos ocurridos en Bolivia, ya que trata de un video del 2013. FUENTE: Revisión de videos en Youtube Tags Gobierno de transición Log in to post comments",Engañoso,Media
127,chequeabolivia.bo,https://chequeabolivia.bo/robert-de-niro-llama-dictador-y-asesino-evo-morales,"Robert De Niro llama “dictador y asesino” a Evo Morales. El actor no cuenta con un perfil oficial en Twitter. En las redes sociales se estuvo compartiendo la captura de pantalla de un tuit supuestamente publicado por el reconocido actor de cine Robert De Niro, en el que afirma que “Evo Morales es un dictador y asesino”. ChequeaBolivia constató que la publicación es engañosa. Tras una revisión del perfil que publicó dicha afirmación, se confirmó que se ha difundido dicho tuit, pero no desde la cuenta oficial del actor, ya que éste no la tiene, sino de una cuenta creada por fanáticos de la celebridad, como se explica en el espacio de descripción en su perfil. FUENTE: Revisión de cuenta en Twitter Tags Conflicto en Bolivia Log in to post comments",Engañoso,Media
128,chequeabolivia.bo,https://chequeabolivia.bo/evo-morales-viaja-la-habana-para-tratarse-un-problema-en-la-garganta,"Evo Morales viaja a La Habana para tratarse un problema en la garganta. Se constató que El País realizó la publicación de una noticia con dicho titular en marzo de 2017. En Facebook y Twitter, el candidato a la Presidencia por Comunidad Ciudadana (CC), Carlos Mesa, compartió una portada del diario El País que titula: Evo Morales viaja a la Habana para tratarse un problema de garganta.  ChequeaBolivia advierte que el contenido es engañoso. En una revisión que hizo ChequeaBolivia de las portadas digitales del diario El País , se constató que el medio realizó la publicación de una noticia con dicho titular en marzo de 2017. Por otra parte, en la publicación realizada por el candidato, no se aclara que la noticia es antigua y tampoco se visualiza en la captura de la portada la fecha de publicación. Por lo mencionado, ChequeaBolivia categoriza la información como engañosa porque se omite la fecha de la publicación de la noticia y en el texto que acompaña a la imagen se hace referencia a que el mandatario viaja en circunstancias en que hay en el país “un sistema de salud en crisis”. FUENTE: Revisión del portal digital de El País Revisión de las cuentas oficiales de Carlos Mesa en Twiiter y Facebook Tags Carlos Mesa Log in to post comments",Engañoso,Media
129,chequeabolivia.bo,https://chequeabolivia.bo/evo-morales-autorizo-el-desmonte-y-la-quema-del-bosque,"Evo Morales autorizó el desmonte y la quema del bosque. El Decreto Supremo 3973 establece, en su artículo único, la modificación del artículo 5 del Decreto Supremo 26075, vigente desde febrero de 2001. En Facebook se viralizó una imagen del Decreto Supremo 3973 junto a textos que señalan que el presidente Evo Morales autorizó el desmonte y la quema del bosque. ChequeaBolivia advierte que el contenido es engañoso. Al tratarse de un tema delicado y por la polémica que se desató en Facebook, ChequeaBolivia especifica que la imagen que circula en las redes sociales es engañosa porque indica que: “Evo Morales autorizó el desmonte y la quema del bosque; juicio de responsabilidades a Morales y sus Ministros; insensible, irresponsable e ignorante ambiental”, cuando a través del Decreto Supremo 3973 se amplía esa labor que ya estaba establecida por el Decreto Supremo 26075 promulgado en febrero de 2001 por el presidente Hugo Banzer Suárez. Por tanto, la disposición promulgada por el gobierno actual amplía la labor de desmote al departamento del Beni e incluye a las tierras comunitarias. El Decreto Supremo 3973 establece, en su artículo único, la modificación del artículo 5 del Decreto Supremo 26075, vigente desde febrero de 2001, con el siguiente texto: “En los departamentos de Santa Cruz y Beni, se autoriza el desmonte para actividades agropecuarias en tierras privadas y comunitarias, que se enmarque en el Manejo Integral y Sustentable de Bosques y Tierra, conforme a los instrumentos de gestión específicos aprobados por la Autoridad de Fiscalización y Control Social de Bosques y Tierra – ABT, y sus Planes de Uso de Suelo vigentes. En ambos departamentos se permite las quemas controladas de acuerdo a reglamentación vigente, en las áreas clasificadas por el PLUS (Plan de Uso de Suelos) que así lo permitan”. 3973 Decreto Supremo by Chequea Bolivia Uribe on Scribd El artículo reformado del Decreto Supremo 26075 establecía: “En el Departamento de Santa Cruz de la Sierra, se permite el desmonte en tierras privadas sujeto a la aprobación del Plan de Ordenamiento Predial por parte de la Superintendencia Agraria, en conformidad al Artículo 5 del presente Decreto Supremo, y al Plan de Desmonte aprobado por la Superintendencia Forestal. En este departamento, se permiten las quemas de acuerdo al Reglamento Especial de Desmonte y Quemas Controladas, R.M. 131/97 de 9/07/97, en las áreas clasificadas por el PLUS que así lo permitan”. Decreto Supremo 26075 by Chequea Bolivia Uribe on Scribd FUENTE: Gaceta Oficial de Bolivia Tags Evo Morales Log in to post comments",Engañoso,Media
130,chequeabolivia.bo,https://chequeabolivia.bo/diputada-shirley-franco-es-novia-del-hermano-de-gabriela-zapata,"Diputada Shirley Franco es novia del hermano de Gabriela Zapata. ChequeaBolivia revisó la cuenta de Facebook de la diputada Shirley Franco donde su estado civil muestra que está casada con Franco Moreno Aranciaga. En Facebook, Twitter y WhatsApp se viralizaron imágenes y un video que indican que la diputada y candidata a la Vicepresidencia por Bolivia Dice No, Shirley Franco, es novia de Gabriel Zapata, hermano de Gabriela Zapata. ChequeaBolivia verificó que la información es engañosa. ChequeaBolivia revisó la cuenta de Facebook de la diputada Franco donde su estado civil muestra que está casada con Franco Moreno Aranciaga. En febrero de 2016, Franco aclaró a Erbol que Gabriel Zapata fue “su chico” en la época de la universidad y que la foto en la que aparecen juntos es de 2007 o 2008. ""Shirley está casada con un argentino hace ya tiempo atrás. Todo lo demás, ella lo aclaró oportunamente y es parte de una guerra sucia, lastimosamente iniciada por el mismo Vicepresidente,  en el afán de defender a Evo en su relación con Zapata...Esa foto fue usada por Álvaro García Linera en una conferencia de prensa"", aclaró el encargado de Comunicación de la comisión de Pueblos Indígenas del Senado, Marco Julio. La información engañosa surge después de que la diputada Franco fuera presentada ayer (14 de agosto), como candidata a la Vicepresidencia por Bolivia Dice No. FUENTE: Cuenta de Facebook de la diputada Shirley Franco Reportes de medios de Comunicación El encargado de Comunicación de la comisión de Pueblos Indígenas del Senado, Marco Julio Tags Shirley Franco Log in to post comments",Engañoso,Media
