id_registro,fuente_verificadora,url_origen,texto_crudo,categoria_original,label
1,boliviaverifica.bo,https://boliviaverifica.bo/falso-dockweiler-no-anuncio-alianza-con-jp-velasco/,Falso: Dockweiler no anunció alianza con JP Velasco,Falso,Alta
2,boliviaverifica.bo,https://boliviaverifica.bo/el-deber-no-publico-imagen-que-atribuye-a-otto-ritter-una-declaracion-sobre-angelica-sosa/,El Deber no publicó imagen que atribuye a Otto Ritter una declaración sobre Angélica Sosa,Falso,Alta
3,boliviaverifica.bo,https://boliviaverifica.bo/es-falsa-la-publicacion-con-datos-preliminares-atribuida-a-red-uno-sobre-la-segunda-vuelta-en-chuquisaca/,Es falsa la publicación con “datos preliminares” atribuida a Red Uno sobre la segunda vuelta en Chuquisaca,Falso,Alta
4,boliviaverifica.bo,https://boliviaverifica.bo/falso-imagen-de-mamen-saavedra-y-jp-velasco-fue-generada-con-ia/,Falso: imagen de Mamen Saavedra y JP Velasco fue generada con IA,Falso,Alta
5,boliviaverifica.bo,https://boliviaverifica.bo/esta-no-es-la-cuenta-de-luis-ayllon-candidato-de-gente-nueva-de-chuquisaca/,"Esta no es la cuenta de Luís Ayllón, candidato de Gente Nueva de Chuquisaca",Falso,Alta
6,boliviaverifica.bo,https://boliviaverifica.bo/la-encuesta-que-posiciona-a-oscar-chambi-con-45-en-oruro-es-falsa-y-no-esta-autorizada-por-el-tse/,La encuesta que posiciona a Óscar Chambi con 45% en Oruro es falsa y no está autorizada por el TSE,Falso,Alta
7,boliviaverifica.bo,https://boliviaverifica.bo/encuesta-difundida-en-redes-que-posiciona-a-soruco-en-primer-lugar-es-falsa/,Encuesta difundida en redes que posiciona a Soruco en primer lugar es falsa,Falso,Alta
8,boliviaverifica.bo,https://boliviaverifica.bo/audio-atribuido-al-candidato-luis-ayllon-fue-generado-con-inteligencia-artificial/,Audio atribuido al candidato Luis Ayllón fue generado con inteligencia artificial,Falso,Alta
9,boliviaverifica.bo,https://boliviaverifica.bo/es-falso-que-mamen-saavedra-haya-pedido-votar-por-libre-el-video-fue-alterado-con-ia/,"Es falso que Mamen Saavedra haya pedido votar por Libre, el video fue alterado con IA",Falso,Alta
10,boliviaverifica.bo,https://boliviaverifica.bo/este-audio-de-adrian-oliva-fue-manipulado-con-ia-incluso-el-video-de-unitel/,"Este audio de Adrián Oliva fue manipulado con IA, incluso el video de Unitel",Falso,Alta
11,boliviaverifica.bo,https://boliviaverifica.bo/las-plantas-nucleares-modulares-si-generan-residuos-y-no-pueden-enterrarse-simplemente-como-afirmo-otto-ritter/,"Las plantas nucleares modulares sí generan residuos y no pueden enterrarse simplemente, como afirmó Otto Ritter",Falso,Alta
12,boliviaverifica.bo,https://boliviaverifica.bo/es-falso-el-audio-atribuido-a-juan-carlos-medrano-que-circula-en-redes-tras-el-debate-electoral/,Es falso el audio atribuido a Juan Carlos Medrano que circula en redes tras el debate electoral,Falso,Alta
13,boliviaverifica.bo,https://boliviaverifica.bo/deepfake-audio-atribuido-a-medrano-sobre-un-financiamiento-a-juan-pablo-velasco-es-falso/,Deepfake: Audio atribuido a Medrano sobre un financiamiento a Juan Pablo Velasco es falso,Falso,Alta
14,boliviaverifica.bo,https://boliviaverifica.bo/es-falsa-la-encuesta-que-otorga-60-de-intencion-de-voto-a-tito-eguez-para-la-segunda-vuelta-en-el-beni/,Es falsa la encuesta que otorga 60 % de intención de voto a Tito Égüez para la segunda vuelta en el Beni,Falso,Alta
15,boliviaverifica.bo,https://boliviaverifica.bo/no-hay-evidencia-de-que-luis-revilla-haya-sellado-una-alianza-con-santos-quispe/,No hay evidencia de que Luis Revilla haya sellado una alianza con Santos Quispe,Falso,Alta
16,boliviaverifica.bo,https://boliviaverifica.bo/cristobal-colon-no-fue-el-primero-ni-el-unico-en-afirmar-que-la-tierra-es-redonda-ni-quien-lo-demostro/,"Cristóbal Colón no fue el primero ni el único en afirmar que la Tierra es redonda, ni quien lo demostró",Falso,Alta
17,boliviaverifica.bo,https://boliviaverifica.bo/santa-cruz-es-falso-que-el-tribunal-supremo-electoral-haya-inhabilitado-al-candidato-juan-pablo-velasco/,Santa Cruz: Es falso que el Tribunal Supremo Electoral haya inhabilitado al candidato Juan Pablo Velasco,Falso,Alta
18,boliviaverifica.bo,https://boliviaverifica.bo/juan-pablo-velasco-no-elogio-a-evo-morales-como-aseguran-en-un-video-en-tiktok/,Juan Pablo Velasco no elogió a Evo Morales como aseguran en un video en TikTok,Falso,Alta
19,boliviaverifica.bo,https://boliviaverifica.bo/falso-no-existen-encuestas-de-segunda-vuelta-para-la-gobernacion-de-santa-cruz/,Falso: no existen encuestas de segunda vuelta para la Gobernación de Santa Cruz,Falso,Alta
20,boliviaverifica.bo,https://boliviaverifica.bo/no-gente-nueva-no-estaba-haciendo-campana-politica-sino-de-limpieza/,"No, Gente Nueva no estaba haciendo campaña política, sino de limpieza",Falso,Alta
21,boliviaverifica.bo,https://boliviaverifica.bo/la-paz-imagen-de-reaccion-de-yahuasi-por-determinacion-de-ngp-fue-generada-con-ia/,La Paz: imagen de reacción de Yahuasi por determinación de NGP fue generada con IA,Falso,Alta
22,boliviaverifica.bo,https://boliviaverifica.bo/audio-atribuido-a-jp-velasco-con-terminos-racistas-fue-creado-con-inteligencia-artificial/,Audio atribuido a JP Velasco con términos racistas fue creado con inteligencia artificial,Falso,Alta
23,boliviaverifica.bo,https://boliviaverifica.bo/oruro-votacion-digital-para-segunda-vuelta-no-tiene-validez-legal/,Oruro: votación digital para segunda vuelta no tiene validez legal,Falso,Alta
24,boliviaverifica.bo,https://boliviaverifica.bo/circulan-sin-aval-del-tse-encuestas-sobre-la-segunda-vuelta-electoral-en-facebook/,Circulan sin aval del TSE encuestas sobre la segunda vuelta electoral en Facebook,Falso,Alta
25,boliviaverifica.bo,https://boliviaverifica.bo/sondeos-sin-aval-en-tiktok-usan-el-logo-del-tse-para-desinformar/,Sondeos sin aval en TikTok usan el logo del TSE para desinformar,Falso,Alta
26,boliviaverifica.bo,https://boliviaverifica.bo/esta-encuesta-sobre-la-segunda-vuelta-en-la-paz-no-tiene-autorizacion-del-tse/,Esta encuesta sobre la segunda vuelta en La Paz no tiene autorización del TSE,Falso,Alta
27,boliviaverifica.bo,https://boliviaverifica.bo/luis-ayllon-no-dijo-que-se-debia-pagar-a-los-comunarios-para-ganar-la-segunda-vuelta/,Luis Ayllón no dijo que se debía pagar a los comunarios para ganar la segunda vuelta.,Falso,Alta
28,boliviaverifica.bo,https://boliviaverifica.bo/el-excandidato-del-movimiento-tercer-sistema-mts-pretende-acercarse-a-los-candidatos-que-obtuvieron-mas-votos-y-que-se-habilitaron-para-la-segunda-vuelta-desde-las-cuentas-en-facebook-chasqui-tv/,Segunda vuelta: Patzi no indicó que pretende inhabilitar a Revilla,Falso,Alta
29,boliviaverifica.bo,https://boliviaverifica.bo/es-falso-el-memorandum-que-habla-de-controles-para-evitar-la-fuga-de-leonardo-loza/,Es falso el memorándum que habla de controles para evitar la fuga de Leonardo Loza,Falso,Alta
30,boliviaverifica.bo,https://boliviaverifica.bo/imagen-falsa-difunde-una-declaracion-inexistente-de-leonardo-loza-sobre-edmand-lara/,Imagen falsa difunde una declaración inexistente de Leonardo Loza sobre Edmand Lara,Falso,Alta
31,boliviaverifica.bo,https://boliviaverifica.bo/santa-cruz-el-candidato-juan-carlos-subirana-no-dijo-que-voto-por-orlando-pena/,Santa Cruz: El candidato Juan Carlos Subirana no dijo que votó por Orlando Peña,Falso,Alta
32,boliviaverifica.bo,https://boliviaverifica.bo/tarija-johnny-torres-no-anuncio-su-renuncia-a-la-carrera-electoral/,Tarija: Johnny Torres no anunció su renuncia a la carrera electoral,Falso,Alta
33,boliviaverifica.bo,https://boliviaverifica.bo/carece-de-validez-la-encuesta-sobre-la-alcaldia-de-oruro-difundida-por-la-cuenta-tu-voto-oruro/,Carece de validez la encuesta sobre la Alcaldía de Oruro difundida por la cuenta Tu Voto Oruro,Falso,Alta
34,boliviaverifica.bo,https://boliviaverifica.bo/falso-resultados-de-boca-de-urna-en-la-paz-carecen-de-validez-y-sustento-tecnico/,Falso: resultados de “boca de urna” en La Paz carecen de validez y sustento técnico,Falso,Alta
35,boliviaverifica.bo,https://boliviaverifica.bo/es-falso-que-el-vicepresidente-pidiera-cuidar-el-voto-en-el-exterior/,Es falso que el vicepresidente pidiera cuidar el voto en el exterior,Falso,Alta
36,boliviaverifica.bo,https://boliviaverifica.bo/esta-boca-de-urna-de-candidatos-a-la-gobernacion-del-beni-no-es-valida/,Esta boca de urna de candidatos a la gobernación del Beni no es válida,Falso,Alta
37,boliviaverifica.bo,https://boliviaverifica.bo/la-paz-es-falso-que-el-candidato-jhonny-plata-haya-sido-inhabilitacion-para-las-elecciones-subnacionales/,La Paz: Es falso que el candidato Jhonny Plata haya sido inhabilitación para las elecciones subnacionales,Falso,Alta
38,boliviaverifica.bo,https://boliviaverifica.bo/resultados-de-boca-de-urna-que-favorecen-a-albarracin-no-tienen-aval-del-oep/,Resultados de boca de urna que favorecen a Albarracín no tienen aval del OEP,Falso,Alta
39,boliviaverifica.bo,https://boliviaverifica.bo/el-tse-no-autorizo-la-realizacion-de-estudios-ni-publicacion-de-resultados-a-boca-de-urna/,EL TSE no autorizó la realización de estudios ni publicación de resultados a boca de urna,Falso,Alta
40,boliviaverifica.bo,https://boliviaverifica.bo/es-falso-que-existan-resultados-de-boca-de-urna-para-la-alcaldia-de-la-paz/,Es falso que existan resultados de “boca de urna” para la Alcaldía de La Paz,Falso,Alta
41,boliviaverifica.bo,https://boliviaverifica.bo/unitel-no-publico-estos-resultados-en-boca-de-urna-sobre-candidatos-a-la-gobernacion-de-oruro/,Unitel no publicó estos resultados en boca de urna sobre candidatos a la Gobernación de Oruro,Falso,Alta
42,boliviaverifica.bo,https://boliviaverifica.bo/el-alto-es-falso-que-el-candidato-david-vargas-volvio-a-ser-habilitado/,El Alto: Es falso que el candidato David Vargas volvió a ser habilitado,Falso,Alta
43,boliviaverifica.bo,https://boliviaverifica.bo/imagenes-creadas-con-ia-muestran-falsas-alianzas-de-candidatos-con-eva-copa/,Imagenes creadas con IA muestran falsas alianzas de candidatos con Eva Copa,Falso,Alta
44,boliviaverifica.bo,https://boliviaverifica.bo/tarija-votar-en-casilla-sin-fotografia-en-papeleta-departamental-no-anula-el-voto/,Tarija: votar en casilla sin fotografía en papeleta departamental no anula el voto,Falso,Alta
45,boliviaverifica.bo,https://boliviaverifica.bo/es-falso-el-video-de-sogliano-maltratando-a-un-perro-fue-generado-con-ia/,Es falso el video de Sogliano maltratando a un perro; fue generado con IA,Falso,Alta
46,boliviaverifica.bo,https://boliviaverifica.bo/falso-difunden-frases-inexistentes-de-rodrigo-paz-sobre-luis-revilla/,Falso: Difunden frases inexistentes de Rodrigo Paz sobre Luis Revilla,Falso,Alta
47,boliviaverifica.bo,https://boliviaverifica.bo/es-falso-que-leonardo-loza-haya-sido-inhabilitado-por-violar-el-silencio-electoral/,Es falso que Leonardo Loza haya sido inhabilitado por violar el silencio electoral,Falso,Alta
48,boliviaverifica.bo,https://boliviaverifica.bo/es-falso-que-el-ted-haya-inhabilitado-a-jp-velasco-como-afirma-un-video-en-tiktok/,Es falso que el TED haya inhabilitado a JP Velasco como afirma un video en TikTok,Falso,Alta
49,boliviaverifica.bo,https://boliviaverifica.bo/es-falsa-la-encuesta-sobre-la-gobernacion-de-santa-cruz-atribuida-a-unitel/,Es falsa la encuesta sobre la Gobernación de Santa Cruz atribuida a Unitel,Falso,Alta
50,boliviaverifica.bo,https://boliviaverifica.bo/un-comunicado-falso-atribuido-al-tse-circula-por-whatsapp-y-anuncia-la-inhabilitacion-de-tres-candidatos-en-la-paz/,Un comunicado falso atribuido al TSE circula por WhatsApp y anuncia la inhabilitación de tres candidatos en La Paz,Falso,Alta
51,boliviaverifica.bo,https://boliviaverifica.bo/es-falso-que-dos-vocales-del-ted-oruro-hayan-sido-destituidos-como-afirma-una-publicacion-atribuida-al-diario-la-patria/,"Es falso que dos vocales del TED Oruro hayan sido destituidos, como afirma una publicación atribuida al diario La Patria",Falso,Alta
52,boliviaverifica.bo,https://boliviaverifica.bo/oruro-es-falso-que-la-alianza-jacha-sol-haya-sido-anulada/,Oruro: es falso que la alianza Jach’a-SOL haya sido anulada,Falso,Alta
53,boliviaverifica.bo,https://boliviaverifica.bo/es-falso-que-maria-galindo-se-reunio-con-garcia-linera-para-atacar-a-waldo-albarracin/,Es falso que María Galindo se reunió con García Linera para atacar a Waldo Albarracín,Falso,Alta
54,boliviaverifica.bo,https://boliviaverifica.bo/usan-el-logo-de-unitel-para-difundir-una-declaracion-falsa-de-rodrigo-paz-sobre-luis-revilla/,Usan el logo de Unitel para difundir una declaración falsa de Rodrigo Paz sobre Luis Revilla,Falso,Alta
55,boliviaverifica.bo,https://boliviaverifica.bo/encuesta-electoral-difundida-en-redes-sobre-la-gobernacion-de-la-paz-no-presenta-ficha-tecnica/,Encuesta electoral difundida en redes sobre la Gobernación de La Paz no presenta ficha técnica,Falso,Alta
56,boliviaverifica.bo,https://boliviaverifica.bo/luis-fernando-camacho-no-dijo-que-el-pueblo-cruceno-le-debe-tres-anos-de-gestion/,Luis Fernando Camacho no dijo que el pueblo cruceño le debe tres años de gestión,Falso,Alta
57,boliviaverifica.bo,https://boliviaverifica.bo/carece-de-validez-el-sondeo-final-para-la-alcaldia-de-la-paz-difundido-en-facebook-con-logo-de-las-elecciones-subnacionales-2026/,Carece de validez el “sondeo final” para la Alcaldía de La Paz difundido en Facebook con logo de las elecciones subnacionales 2026,Falso,Alta
58,boliviaverifica.bo,https://boliviaverifica.bo/imagen-viral-atribuye-a-urgente-bo-una-afirmacion-falsa-sobre-luis-revilla/,Imagen viral atribuye a Urgente.bo una afirmación falsa sobre Luis Revilla,Falso,Alta
59,boliviaverifica.bo,https://boliviaverifica.bo/imagenes-de-andres-gomez-y-samuel-doria-medina-son-falsas/,Imágenes de Andrés Gómez y Samuel Doria Medina son falsas,Falso,Alta
60,boliviaverifica.bo,https://boliviaverifica.bo/se-difunde-una-encuesta-falsa-y-sin-respaldo-para-santa-cruz-en-una-cuenta-de-facebook/,Se difunde una encuesta falsa y sin respaldo para Santa Cruz en una cuenta de Facebook,Falso,Alta
61,boliviaverifica.bo,https://boliviaverifica.bo/es-falsa-la-publicacion-que-perfila-a-jhonny-plata-como-ganador-del-debate-y-que-utiliza-logos-de-unitel/,Es falsa la publicación que perfila a Jhonny Plata como ganador del debate y que utiliza logos de Unitel,Falso,Alta
62,boliviaverifica.bo,https://boliviaverifica.bo/es-falso-que-jhonny-plata-participe-por-primera-vez-en-una-contienda-electoral-municipal/,Es falso que Jhonny Plata participe por primera vez en una contienda electoral municipal,Falso,Alta
63,boliviaverifica.bo,https://boliviaverifica.bo/mario-cossio-no-esta-habilitado-para-postular-a-la-gobernacion-de-tarija/,Mario Cossío no está habilitado para postular a la Gobernación de Tarija,Falso,Alta
64,boliviaverifica.bo,https://boliviaverifica.bo/video-viral-usa-fragmentos-de-un-noticiero-de-unitel-para-difundir-informacion-falsa-sobre-vinculos-entre-mamen-saavedra-y-marset/,Video viral usa fragmentos de un noticiero de Unitel para difundir información falsa sobre vínculos entre Mamén Saavedra y Marset,Falso,Alta
65,boliviaverifica.bo,https://boliviaverifica.bo/imagen-usa-el-logo-de-unitel-para-atribuir-una-frase-falsa-a-luis-revilla/,Imagen usa el logo de Unitel para atribuir una frase falsa a Luis Revilla,Falso,Alta
66,boliviaverifica.bo,https://boliviaverifica.bo/es-falso-video-afirma-que-mamen-saavedra-declino-asistir-al-debate-convocado-por-el-tribunal-electoral/,Es falso: video afirma que “Mamén” Saavedra declinó asistir al debate convocado por el Tribunal Electoral,Falso,Alta
67,boliviaverifica.bo,https://boliviaverifica.bo/luciana-campero-no-anuncio-su-renuncia-a-su-candidatura-a-la-alcaldia-de-tarija/,Luciana Campero no anunció su renuncia a su candidatura a la Alcaldía de Tarija,Falso,Alta
68,boliviaverifica.bo,https://boliviaverifica.bo/difunden-una-encuesta-falsa-atribuida-a-unitel-sobre-la-alcaldia-de-la-paz/,Difunden una encuesta falsa atribuida a Unitel sobre la Alcaldía de La Paz,Falso,Alta
69,boliviaverifica.bo,https://boliviaverifica.bo/imagen-manipulada-atribuye-a-luis-revilla-una-declaracion-falsa-sobre-el-50-50/,Imagen manipulada atribuye a Luis Revilla una declaración falsa sobre el 50/50,Falso,Alta
70,boliviaverifica.bo,https://boliviaverifica.bo/usan-el-logo-de-bolivia-verifica-elecciones-para-difundir-una-encuesta-falsa-que-no-tiene-aval-del-oep/,Usan el logo de Bolivia Verifica Elecciones para difundir una encuesta falsa que no tiene aval del OEP,Falso,Alta
71,boliviaverifica.bo,https://boliviaverifica.bo/unitel-no-presento-nuevos-datos-de-encuestas-en-el-eje-central/,Unitel no presentó nuevos datos de encuestas en el eje central,Falso,Alta
72,boliviaverifica.bo,https://boliviaverifica.bo/unitel-no-publico-esta-encuesta-de-intencion-de-voto-para-gobernador-de-beni/,Unitel no publicó esta encuesta de intención de voto para gobernador de Beni,Falso,Alta
73,boliviaverifica.bo,https://boliviaverifica.bo/es-falso-que-unitel-haya-difundido-una-encuesta-electoral-para-la-alcaldia-de-sucre/,Es falso que Unitel haya difundido una encuesta electoral para la Alcaldía de Sucre,Falso,Alta
74,boliviaverifica.bo,https://boliviaverifica.bo/es-falsa-la-encuesta-para-la-alcaldia-de-oruro-que-circula-en-redes-sociales-con-el-logo-de-unitel/,Es falsa la encuesta para la Alcaldía de Oruro que circula en redes sociales con el logo de UNITEL,Falso,Alta
75,boliviaverifica.bo,https://boliviaverifica.bo/es-falsa-la-publicacion-que-atribuye-a-rodrigo-paz-un-condicionamiento-de-votos-para-luis-revilla/,Es falsa la publicación que atribuye a Rodrigo Paz un condicionamiento de votos para Luis Revilla,Falso,Alta
76,boliviaverifica.bo,https://boliviaverifica.bo/desinformacion-en-redes-encuesta-electoral-en-unitel-cumplio-con-requisitos-tecnicos/,Desinformación en redes: encuesta electoral en Unitel cumplió con requisitos técnicos,Falso,Alta
77,boliviaverifica.bo,https://boliviaverifica.bo/esta-encuesta-de-intencion-de-voto-para-la-gobernacion-de-tarija-es-falsa/,Esta encuesta de intención de voto para la Gobernación de Tarija es falsa,Falso,Alta
78,boliviaverifica.bo,https://boliviaverifica.bo/falso-usan-un-video-del-explainer-para-difundir-acusaciones-personales-contra-mamen-saavedra/,Falso: Usan un video del Explainer para difundir acusaciones personales contra Mamen Saavedra,Falso,Alta
79,boliviaverifica.bo,https://boliviaverifica.bo/encuesta-para-gobernacion-de-la-paz-atribuida-a-red-uno-es-falsa/,Encuesta para Gobernación de La Paz atribuida a Red Uno es falsa,Falso,Alta
80,boliviaverifica.bo,https://boliviaverifica.bo/es-falsa-encuesta-que-muestra-a-merlo-y-yahuasi-liderando-intencion-de-voto-en-la-paz/,Es falsa encuesta que muestra a Merlo y Yahuasi liderando intención de voto en La Paz,Falso,Alta
81,boliviaverifica.bo,https://boliviaverifica.bo/fotografia-de-jhonny-fernandez-y-mamen-saavedra-fue-creada-con-la-ia-de-google/,Fotografía de Jhonny Fernández y Mamen Saavedra fue creada con la IA de Google,Falso,Alta
82,boliviaverifica.bo,https://boliviaverifica.bo/tse-no-autorizo-aun-realizar-estudios-de-opinion-en-tarija-esta-encuesta-es-invalida/,TSE no autorizó aún realizar estudios de opinión en Tarija; esta encuesta es inválida,Falso,Alta
83,boliviaverifica.bo,https://boliviaverifica.bo/sucre-cristian-sanabria-no-dijo-que-cerrara-el-albergue-para-mascotas-puka-puka-si-llega-a-la-alcaldia/,Sucre: Cristian Sanabria no dijo que cerrará el albergue para mascotas Puka Puka si llega a la alcaldía,Falso,Alta
84,boliviaverifica.bo,https://boliviaverifica.bo/santa-cruz-alfredo-solares-no-propuso-nuevas-rutas-para-que-micros-lleguen-a-zonas-exclusivas/,Santa Cruz: Alfredo Solares no propuso nuevas rutas para que micros lleguen a zonas exclusivas,Falso,Alta
85,boliviaverifica.bo,https://boliviaverifica.bo/audio-atribuido-a-javier-bellott-en-tiktok-no-es-real-fue-creado-con-ia/,"Audio atribuido a Javier Bellott en TikTok no es real, fue creado con IA",Falso,Alta
86,boliviaverifica.bo,https://boliviaverifica.bo/chuquisaca-es-falso-que-exista-un-distanciamiento-entre-los-candidatos-ayllon-y-tardio/,Chuquisaca: Es falso que exista un distanciamiento entre los candidatos Ayllón y Tardío,Falso,Alta
87,boliviaverifica.bo,https://boliviaverifica.bo/encuesta-que-circula-en-redes-para-la-alcaldia-de-santa-cruz-es-falsa/,Encuesta que circula en redes para la Alcaldía de Santa Cruz es falsa,Falso,Alta
88,boliviaverifica.bo,https://boliviaverifica.bo/atb-no-publico-este-contenido-ni-guarda-relacion-con-su-linea-informativa/,ATB no publicó este contenido ni guarda relación con su línea informativa,Falso,Alta
89,boliviaverifica.bo,https://boliviaverifica.bo/el-oep-no-realizo-ni-difundio-esta-encuesta-de-intencion-de-voto-para-la-alcaldia-de-sucre/,El OEP no realizó ni difundió esta encuesta de intención de voto para la Alcaldía de Sucre,Falso,Alta
90,boliviaverifica.bo,https://boliviaverifica.bo/usan-ia-para-clonar-la-voz-de-pepe-pomacusi-y-atribuirle-ataques-contra-mamen-saavedra/,Usan IA para clonar la voz de Pepe Pomacusi y atribuirle ataques contra Mamen Saavedra,Falso,Alta
91,boliviaverifica.bo,https://boliviaverifica.bo/elecciones-subnacionales-2026-el-tribunal-supremo-electoral-no-inhabilito-a-juan-pablo-velasco/,Elecciones Subnacionales 2026: el Tribunal Supremo Electoral no inhabilitó a Juan Pablo Velasco,Falso,Alta
92,boliviaverifica.bo,https://boliviaverifica.bo/es-falsa-la-encuesta-que-posiciona-a-riony-villarroel-para-la-alcaldia-de-sacaba/,Es falsa la encuesta que posiciona a Riony Villarroel para la Alcaldía de Sacaba,Falso,Alta
93,boliviaverifica.bo,https://boliviaverifica.bo/encuesta-de-databol-sobre-la-gobernacion-de-santa-cruz-circula-sin-respaldo-oficial-ni-ficha-tecnica/,Encuesta de “Databol” sobre la Gobernación de Santa Cruz circula sin respaldo oficial ni ficha técnica,Falso,Alta
94,boliviaverifica.bo,https://boliviaverifica.bo/falso-circula-encuesta-inexistente-sobre-la-intencion-de-voto-en-la-ciudad-la-paz/,Falso: Circula encuesta inexistente sobre la intención de voto en la ciudad La Paz,Falso,Alta
95,boliviaverifica.bo,https://boliviaverifica.bo/video-generado-con-ia-usa-la-imagen-de-brissa-pabon-para-difundir-informacion-falsa/,Video generado con IA usa la imagen de Brissa Pabón para difundir información falsa,Falso,Alta
96,boliviaverifica.bo,https://boliviaverifica.bo/gobernacion-de-la-paz-unitel-no-publico-una-encuesta-que-situa-a-revilla-y-patzi-lideres-en-intencion-de-voto/,Gobernación de La Paz: Unitel no publicó una encuesta que sitúa a Revilla y Patzi líderes en intención de voto,Falso,Alta
97,boliviaverifica.bo,https://boliviaverifica.bo/encuesta-que-muestra-a-mamen-y-solares-liderando-intencion-de-voto-en-santa-cruz-es-falsa/,Encuesta que muestra a Mamen y Solares liderando intención de voto en Santa Cruz es falsa,Falso,Alta
98,boliviaverifica.bo,https://boliviaverifica.bo/red-uno-y-captura-consulting-no-publicaron-ninguna-encuesta-de-intencion-de-voto-para-la-gobernacion-de-santa-cruz-2/,Red Uno y Captura Consulting no publicaron ninguna encuesta de intención de voto para la Gobernación de Santa Cruz,Falso,Alta
99,boliviaverifica.bo,https://boliviaverifica.bo/no-existen-encuestas-oficiales-este-titular-no-le-pertenece-a-el-deber/,No existen encuestas oficiales; este titular no le pertenece a El Deber,Falso,Alta
100,boliviaverifica.bo,https://boliviaverifica.bo/circula-encuesta-falsa-de-la-alcaldia-de-el-alto-no-tiene-ficha-tecnica-ni-aval-del-tse/,"Circula encuesta falsa de la Alcaldía de El Alto, no tiene ficha técnica ni aval del TSE",Falso,Alta
101,boliviaverifica.bo,https://boliviaverifica.bo/usan-ia-para-fabricar-un-video-de-la-candidata-fatima-tardio-con-declaraciones-falsas-sobre-la-usfx/,Usan IA para fabricar un video de la candidata Fátima Tardío con declaraciones falsas sobre la USFX,Falso,Alta
102,boliviaverifica.bo,https://boliviaverifica.bo/cochabamba-encuesta-a-nombre-del-centro-de-proyeccion-de-datos-no-tiene-aval-tecnico/,Cochabamba: encuesta a nombre del Centro de Proyección de Datos no tiene aval técnico,Falso,Alta
103,boliviaverifica.bo,https://boliviaverifica.bo/foto-de-evo-morales-que-se-comparte-como-si-hubiera-reaparecido-es-de-2024/,Foto de Evo Morales que se comparte como si hubiera reaparecido es de 2024,Falso,Alta
104,boliviaverifica.bo,https://boliviaverifica.bo/es-falsa-la-encuesta-de-intencion-de-voto-atribuida-a-datum-internacional-para-la-alcaldia-de-la-paz/,Es falsa la encuesta de intención de voto atribuida a Datum Internacional para la Alcaldía de La Paz,Falso,Alta
105,boliviaverifica.bo,https://boliviaverifica.bo/es-falsa-la-encuesta-sobre-intencion-de-voto-atribuida-a-el-deber-para-la-gobernacion-de-santa-cruz/,Es falsa la encuesta sobre intención de voto atribuida a El Deber para la Gobernación de Santa Cruz,Falso,Alta
106,boliviaverifica.bo,https://boliviaverifica.bo/cochabamba-uif-no-vinculo-al-candidato-javier-bellott-en-la-lista-de-empresarios-ligados-al-banco-fassil/,Cochabamba: UIF no vinculó al candidato Javier Bellott en la lista de empresarios ligados al Banco Fassil,Falso,Alta
107,boliviaverifica.bo,https://boliviaverifica.bo/databol-no-es-una-empresa-autorizada-por-el-tse-para-difundir-encuestas-electorales/,Databol no es una empresa autorizada por el TSE para difundir encuestas electorales,Falso,Alta
108,boliviaverifica.bo,https://boliviaverifica.bo/es-falso-que-harol-lora-sea-candidato-a-concejal-junto-a-oscar-sogliano/,Es falso que Harold Lora sea candidato a concejal junto a Óscar Sogliano,Falso,Alta
109,boliviaverifica.bo,https://boliviaverifica.bo/captura-consulting-no-difundio-encuesta-electoral-para-la-alcaldia-de-el-alto/,Captura Consulting no difundió encuesta electoral para la Alcaldía de El Alto,Falso,Alta
110,boliviaverifica.bo,https://boliviaverifica.bo/encuesta-en-la-que-mendoza-lidera-la-intencion-de-voto-en-la-alcaldia-de-porongo-es-falsa/,Encuesta en la que Mendoza lidera la intención de voto en la alcaldía de Porongo es falsa,Falso,Alta
111,boliviaverifica.bo,https://boliviaverifica.bo/el-gobierno-anuncio-una-reduccion-del-30-del-deficit-fiscal-no-del-gasto-del-estado-como-dijo-doria-medina/,"El Gobierno anunció una reducción del 30% del déficit fiscal, no del gasto del Estado, como dijo Doria Medina",Falso,Alta
112,boliviaverifica.bo,https://boliviaverifica.bo/unitel-no-presento-estos-datos-para-la-alcaldia-de-la-paz-este-contenido-es-falso/,Unitel no presentó estos datos para la Alcaldía de La Paz; este contenido es falso,Falso,Alta
113,boliviaverifica.bo,https://boliviaverifica.bo/102901-2/,El vicepresidente electo no propuso ser socio de TikTok a China,Falso,Alta
114,boliviaverifica.bo,https://boliviaverifica.bo/este-reclamo-de-lara-a-paz-fue-generado-digitalmente/,Este reclamo de Lara a Paz fue generado digitalmente,Falso,Alta
115,boliviaverifica.bo,https://boliviaverifica.bo/es-falso-que-edmand-lara-haya-ido-con-chinelas-a-la-reunion-con-choquehuanca-por-la-transicion-de-gobierno/,Es falso que Edmand Lara haya ido con chinelas a la reunión con Choquehuanca por la transición de gobierno,Falso,Alta
116,boliviaverifica.bo,https://boliviaverifica.bo/rodrigo-paz-no-dijo-que-la-nacionalizacion-de-vehiculos-chutos-sera-solo-para-automoviles-electricos/,Rodrigo Paz no dijo que la nacionalización de vehículos chutos será solo para automóviles eléctricos,Falso,Alta
117,boliviaverifica.bo,https://boliviaverifica.bo/no-existe-un-revocatorio-ni-encuestas-de-tercera-vuelta-para-las-presidenciales-esta-imagen-que-da-por-ganador-a-lara-es-falsa/,No existe un revocatorio ni encuestas de tercera vuelta para las presidenciales; esta imagen que da por ganador a Lara es falsa,Falso,Alta
118,boliviaverifica.bo,https://boliviaverifica.bo/es-falso-que-el-presidente-electo-rodrigo-paz-haya-anunciado-un-bono-para-la-mujer-de-bs-950/,Es falso que el presidente electo Rodrigo Paz haya anunciado un bono para la mujer de Bs 950,Falso,Alta
119,boliviaverifica.bo,https://boliviaverifica.bo/en-este-video-paz-no-se-refiere-a-lara-sino-a-morales-la-grabacion-es-de-2024/,"En este video, Paz no se refiere a Lara, sino a Morales; la grabación es de 2024",Falso,Alta
120,boliviaverifica.bo,https://boliviaverifica.bo/el-gobierno-estadounidense-no-condiciono-ayuda-economica-a-bolivia-a-cambio-del-retorno-de-la-dea/,El gobierno estadounidense no condicionó ayuda económica a Bolivia a cambio del retorno de la DEA,Falso,Alta
121,boliviaverifica.bo,https://boliviaverifica.bo/eva-copa-no-asistio-a-votar-en-el-balotaje-por-motivos-de-salud-no-por-participar-en-una-entrada-folclorica/,"Eva Copa no asistió a votar en el balotaje por motivos de salud, no por participar en una entrada folclórica",Falso,Alta
122,boliviaverifica.bo,https://boliviaverifica.bo/el-presidente-electo-de-bolivia-no-advirtio-con-procesar-por-racismo-y-discriminacion-a-quienes-hagan-memes-sobre-su-proyecto/,El presidente electo de Bolivia no advirtió con procesar por racismo y discriminación a quienes hagan memes sobre su proyecto,Falso,Alta
123,boliviaverifica.bo,https://boliviaverifica.bo/nicolas-maduro-no-felicito-a-rodrigo-paz-por-las-elecciones-en-bolivia/,Nicolás Maduro no felicitó a Rodrigo Paz por las elecciones en Bolivia,Falso,Alta
124,boliviaverifica.bo,https://boliviaverifica.bo/un-video-creado-con-ia-usa-la-imagen-de-rodrigo-paz-para-promocionar-un-proyecto-falso-de-inversion/,Un video creado con IA usa la imagen de Rodrigo Paz para promocionar un proyecto falso de inversión,Falso,Alta
125,boliviaverifica.bo,https://boliviaverifica.bo/no-es-verdad-que-jorge-quiroga-se-fue-a-eeuu-despues-de-la-segunda-vuelta/,No es verdad que Jorge Quiroga se fue a EEUU después de la segunda vuelta,Falso,Alta
126,boliviaverifica.bo,https://boliviaverifica.bo/imagen-que-muestra-a-jorge-quiroga-como-ganador-de-la-segunda-vuelta-fue-alterada/,Imagen que muestra a Jorge Quiroga como ganador de la segunda vuelta fue alterada,Falso,Alta
127,boliviaverifica.bo,https://boliviaverifica.bo/video-de-morales-en-el-que-menciona-que-lara-lo-traiciono-y-pidiendo-voto-nulo-fue-creado-con-ia/,Video de Morales en el que menciona que Lara lo traicionó y pidiendo voto nulo fue creado con IA,Falso,Alta
128,boliviaverifica.bo,https://boliviaverifica.bo/ee-uu-no-anuncio-eliminacion-de-visas-para-bolivianos-si-gana-tuto-quiroga/,EE.UU. no anunció eliminación de visas para bolivianos si gana Tuto Quiroga,Falso,Alta
129,boliviaverifica.bo,https://boliviaverifica.bo/cnn-no-informo-que-bolivia-seria-mas-pobre-que-venezuela-con-paz-y-lara-en-el-gobierno/,CNN no informó que Bolivia sería más pobre que Venezuela con Paz y Lara en el gobierno,Falso,Alta
130,boliviaverifica.bo,https://boliviaverifica.bo/102593-2/,Es falso que organismos internacionales hayan acordado retirar su apoyo a Bolivia si Paz y Lara asumen el poder,Falso,Alta
131,boliviaverifica.bo,https://boliviaverifica.bo/no-el-voto-de-juan-pablo-velasco-no-fue-anulado/,"No, el voto de Juan Pablo Velasco no fue anulado",Falso,Alta
132,boliviaverifica.bo,https://boliviaverifica.bo/unitel-no-anuncio-resultados-preliminares-a-media-jornada/,Unitel no anunció resultados preliminares a media jornada,Falso,Alta
133,boliviaverifica.bo,https://boliviaverifica.bo/la-cob-no-anuncio-conflictos-en-la-ciudad-de-la-paz-si-quiroga-gana-las-elecciones/,La COB no anunció conflictos en la ciudad de La Paz si Quiroga gana las elecciones,Falso,Alta
134,boliviaverifica.bo,https://boliviaverifica.bo/es-falso-que-el-tse-haya-prohibido-ingresar-al-recinto-de-votacion-con-celulares-con-camara/,Es falso que el TSE haya prohibido ingresar al recinto de votación con celulares con cámara,Falso,Alta
135,boliviaverifica.bo,https://boliviaverifica.bo/es-falso-el-video-que-muestra-el-conteo-de-votos-de-japon-en-favor-del-pdc/,Es falso el video que muestra el conteo de votos de Japón en favor del PDC,Falso,Alta
136,boliviaverifica.bo,https://boliviaverifica.bo/esta-publicacion-sobre-el-voto-nulo-no-fue-difundida-por-bolivia-verifica/,Esta publicación sobre el voto nulo no fue difundida por Bolivia Verifica,Falso,Alta
137,boliviaverifica.bo,https://boliviaverifica.bo/circulan-falsas-instrucciones-de-voto-que-buscan-perjudicar-a-los-binomios-en-el-balotaje/,Circulan falsas instrucciones de voto que buscan perjudicar a los binomios en el balotaje,Falso,Alta
138,boliviaverifica.bo,https://boliviaverifica.bo/no-es-cierto-que-el-subsidio-a-los-hidrocarburos-tal-como-rige-hoy-haya-empezado-en-el-gobierno-de-quiroga/,"No es cierto que el subsidio a los hidrocarburos, tal como rige hoy, haya empezado en el gobierno de Quiroga",Falso,Alta
139,boliviaverifica.bo,https://boliviaverifica.bo/evo-morales-no-ordeno-a-sus-bases-votar-por-edmand-lara/,Evo Morales no ordenó a sus bases votar por Edmand Lara,Falso,Alta
140,boliviaverifica.bo,https://boliviaverifica.bo/lara-no-asistio-al-cierre-de-campana-en-la-paz-por-problemas-de-salud-de-su-esposa-no-por-la-altura/,"Lara no asistió al cierre de campaña en La Paz por problemas de salud de su esposa, no por la altura",Falso,Alta
141,boliviaverifica.bo,https://boliviaverifica.bo/declaracion-de-lara-sobre-venezuela-e-impresion-de-billetes-fue-manipulada-con-ia/,Declaración de Lara sobre Venezuela e impresión de billetes fue manipulada con IA,Falso,Alta
142,boliviaverifica.bo,https://boliviaverifica.bo/son-falsos-los-videos-donde-jorge-quiroga-y-yassir-molina-se-expresan-de-manera-discriminatoria/,Son falsos los videos donde Jorge Quiroga y Yassir Molina se expresan de manera discriminatoria,Falso,Alta
143,boliviaverifica.bo,https://boliviaverifica.bo/no-hay-evidencia-de-que-trump-haya-mencionado-que-espera-que-quiroga-gane-las-elecciones/,No hay evidencia de que Trump haya mencionado que espera que Quiroga gane las elecciones,Falso,Alta
144,boliviaverifica.bo,https://boliviaverifica.bo/lara-no-dijo-que-tienen-el-apoyo-del-expresidente-morales-y-que-por-eso-no-invirtieron-millones-en-su-campana/,Lara no dijo que tienen el apoyo del expresidente Morales y que por eso no invirtieron millones en su campaña,Falso,Alta
145,boliviaverifica.bo,https://boliviaverifica.bo/la-directora-del-fmi-no-dijo-que-los-impuestos-subirian-hasta-en-un-50-si-jorge-quiroga-gana-las-elecciones/,La directora del FMI no dijo que los impuestos subirían hasta en un 50% si Jorge Quiroga gana las elecciones,Falso,Alta
146,boliviaverifica.bo,https://boliviaverifica.bo/lara-niega-propuesta-sobre-controlar-las-redes-sociales-pero-rodrigo-paz-se-refirio-al-tema-en-una-entrevista-pasada/,"Lara niega propuesta sobre controlar las redes sociales, pero Rodrigo Paz se refirió al tema en una entrevista pasada",Falso,Alta
147,boliviaverifica.bo,https://boliviaverifica.bo/las-sesiones-de-la-alp-si-se-transmiten-pese-a-lo-dicho-por-edmand-lara/,"Las sesiones de la ALP sí se transmiten, pese a lo dicho por Edmand Lara",Falso,Alta
148,boliviaverifica.bo,https://boliviaverifica.bo/edmand-lara-si-dijo-que-tendra-mas-poder-que-rodrigo-paz-pero-lo-nego-en-el-debate/,"Edmand Lara sí dijo que tendrá más poder que Rodrigo Paz, pero lo negó en el debate",Falso,Alta
149,boliviaverifica.bo,https://boliviaverifica.bo/jorge-quiroga-no-dijo-que-eliminara-los-bonos-sociales/,Jorge Quiroga no dijo que eliminará los bonos sociales,Falso,Alta
150,boliviaverifica.bo,https://boliviaverifica.bo/mauricio-urquidi-fernandez-gerente-de-negocios-del-banco-bisa-no-es-el-suegro-de-rodrigo-paz/,"Mauricio Urquidi Férnandez, gerente de Negocios del Banco Bisa, no es el suegro de Rodrigo Paz",Falso,Alta
151,boliviaverifica.bo,https://boliviaverifica.bo/audio-en-el-que-se-escucha-a-jorge-quiroga-con-junior-arias-fue-generado-con-inteligencia-artificial/,Audio en el que se escucha a Jorge Quiroga con Junior Arias fue generado con inteligencia artificial,Falso,Alta
152,boliviaverifica.bo,https://boliviaverifica.bo/este-comunicado-no-fue-difundido-por-la-federacion-boliviana-de-futbol/,Este comunicado no fue difundido por la Federación Boliviana de Fútbol,Falso,Alta
153,boliviaverifica.bo,https://boliviaverifica.bo/confidencias-del-pueblo-presenta-como-encuesta-un-sondeo-sin-respaldo-tecnico-ni-aval-del-tse/,Confidencias del Pueblo presenta como encuesta un sondeo sin respaldo técnico ni aval del TSE,Falso,Alta
154,boliviaverifica.bo,https://boliviaverifica.bo/cuenta-de-tiktok-difunde-videos-falsos-generados-con-ia-que-imitan-a-jp-velasco/,Cuenta de TikTok difunde videos falsos generados con IA que imitan a JP Velasco,Falso,Alta
155,boliviaverifica.bo,https://boliviaverifica.bo/rodrigo-paz-no-dijo-que-quiere-un-pueblo-ignorante-como-se-difunde-en-una-cuenta-de-tiktok/,Rodrigo Paz no dijo que “quiere un pueblo ignorante” como se difunde en una cuenta de TikTok,Falso,Alta
156,boliviaverifica.bo,https://boliviaverifica.bo/la-distribucion-de-escanos-considerando-los-votos-nulos-y-blancos-no-es-valida/,La distribución de escaños considerando los votos nulos y blancos no es válida,Falso,Alta
157,boliviaverifica.bo,https://boliviaverifica.bo/la-encuesta-de-unitel-no-posiciono-a-rodrigo-paz-en-primer-lugar-con-el-755-de-apoyo/,"La encuesta de Unitel no posicionó a Rodrigo Paz en primer lugar, con el 75,5% de apoyo",Falso,Alta
158,boliviaverifica.bo,https://boliviaverifica.bo/manipulan-una-publicacion-de-el-deber-y-atribuyen-otra-frase-a-jorge-quiroga/,Manipulan una publicación de El Deber y atribuyen otra frase a Jorge Quiroga,Falso,Alta
159,boliviaverifica.bo,https://boliviaverifica.bo/samuel-doria-medina-no-dijo-que-el-pdc-deberia-elegir-otro-candidato-a-vicepresidente/,Samuel Doria Medina no dijo que el PDC debería elegir otro candidato a vicepresidente,Falso,Alta
160,boliviaverifica.bo,https://boliviaverifica.bo/la-encuesta-atribuida-a-neokgb-carece-de-validez/,La encuesta atribuida a Neokgb carece de validez,Falso,Alta
161,boliviaverifica.bo,https://boliviaverifica.bo/difunden-predicciones-de-apuestas-como-si-fueran-encuestas-de-intencion-de-voto/,Difunden predicciones de apuestas como si fueran encuestas de intención de voto,Falso,Alta
162,boliviaverifica.bo,https://boliviaverifica.bo/binomio-de-alianza-libre-no-expreso-su-apoyo-a-edmand-lara/,Binomio de Alianza Libre no expresó su apoyo a Edmand Lara,Falso,Alta
163,boliviaverifica.bo,https://boliviaverifica.bo/jose-gabriel-espinoza-no-promueve-inversiones-por-un-sitio-web/,José Gabriel Espinoza no promueve inversiones por un sitio web,Falso,Alta
164,boliviaverifica.bo,https://boliviaverifica.bo/imagenes-de-una-tienda-vietnamita-se-usan-para-acusar-de-guerra-sucia-a-jorge-quiroga/,Imágenes de una tienda vietnamita se usan para acusar de guerra sucia a Jorge Quiroga,Falso,Alta
165,boliviaverifica.bo,https://boliviaverifica.bo/trump-no-rechazo-reunirse-con-paz-ni-lo-vinculo-con-narcotrafico/,Trump no rechazó reunirse con Paz ni lo vinculó con narcotráfico,Falso,Alta
166,boliviaverifica.bo,https://boliviaverifica.bo/mexico-no-anuncio-una-ruptura-de-relaciones-con-bolivia-pero-si-observo-la-legalizacion-de-los-autos-chutos/,"México no anunció una ruptura de relaciones con Bolivia, pero sí observó la legalización de los autos chutos",Falso,Alta
167,boliviaverifica.bo,https://boliviaverifica.bo/doria-medina-no-dijo-que-con-paz-y-lara-habra-hambruna/,Doria Medina no dijo que con Paz y Lara habrá hambruna,Falso,Alta
168,boliviaverifica.bo,https://boliviaverifica.bo/encuesta-en-whatsapp-que-favorece-a-quiroga-no-fue-avalada-por-el-tse/,Encuesta en WhatsApp que favorece a Quiroga no fue avalada por el TSE,Falso,Alta
169,boliviaverifica.bo,https://boliviaverifica.bo/jorge-quiroga-no-hablo-con-desprecio-del-occidente-del-pais-el-video-esta-manipulado/,"Jorge Quiroga no habló con desprecio del occidente del país, el video está manipulado",Falso,Alta
170,boliviaverifica.bo,https://boliviaverifica.bo/el-tse-no-acuso-a-lara-de-promover-la-guerra-sucia-en-contra-de-quiroga-y-velasco/,El TSE no acusó a Lara de promover la guerra sucia en contra de Quiroga y Velasco,Falso,Alta
171,boliviaverifica.bo,https://boliviaverifica.bo/morales-no-dijo-que-los-periodistas-desinforman-para-promover-el-odio-a-lara/,Morales no dijo que los periodistas desinforman para promover el odio a Lara,Falso,Alta
172,boliviaverifica.bo,https://boliviaverifica.bo/paz-no-pidio-que-se-controle-a-lara-en-las-redes-sociales-el-titular-de-unitel-fue-alterado/,Paz no pidió que se controle a Lara en las redes sociales; el titular de Unitel fue alterado,Falso,Alta
173,boliviaverifica.bo,https://boliviaverifica.bo/el-gobernador-de-tarija-no-pidio-recaudar-bs-2-millones-para-la-campana-de-quiroga/,El gobernador de Tarija no pidió recaudar Bs 2 millones para la campaña de Quiroga,Falso,Alta
174,boliviaverifica.bo,https://boliviaverifica.bo/es-falso-que-el-tse-haya-acusado-a-edmand-lara-y-al-pdc-de-hacer-guerra-sucia/,Es falso que el TSE haya acusado a Edmand Lara y al PDC de hacer “guerra sucia”,Falso,Alta
175,boliviaverifica.bo,https://boliviaverifica.bo/falso-no-existe-rechazo-a-la-segunda-vuelta-del-19-de-octubre/,Falso. No existe rechazo a la segunda vuelta del 19 de octubre,Falso,Alta
176,boliviaverifica.bo,https://boliviaverifica.bo/jorge-quiroga-no-dijo-que-si-llega-al-gobierno-desconocera-a-los-pueblos-originarios/,Jorge Quiroga no dijo que si llega al gobierno desconocerá a los pueblos originarios,Falso,Alta
177,boliviaverifica.bo,https://boliviaverifica.bo/la-imagen-de-una-reunion-entre-alvaro-garcia-linera-y-edmand-lara-no-es-real/,La imagen de una reunión entre Álvaro García Linera y Edmand Lara no es real,Falso,Alta
178,boliviaverifica.bo,https://boliviaverifica.bo/el-gobierno-chileno-no-anuncio-que-rompera-relaciones-diplomaticas-con-bolivia-si-gana-rodrigo-paz/,El gobierno chileno no anunció que romperá relaciones diplomáticas con Bolivia si gana Rodrigo Paz,Falso,Alta
179,boliviaverifica.bo,https://boliviaverifica.bo/juan-pablo-velasco-no-dijo-que-le-incomoda-debatir-en-el-mercado-abasto-el-audio-fue-creado-con-ia/,Juan Pablo Velasco no dijo que le incomoda debatir en el Mercado Abasto; el audio fue creado con IA,Falso,Alta
180,boliviaverifica.bo,https://boliviaverifica.bo/audio-donde-tuto-quiroga-anuncia-fin-de-la-renta-dignidad-fue-creado-con-ia/,Audio donde Tuto Quiroga anuncia fin de la Renta Dignidad fue creado con IA,Falso,Alta
181,boliviaverifica.bo,https://boliviaverifica.bo/es-falso-que-tuto-quiroga-haya-anunciado-gestiones-para-liberar-a-arturo-murillo/,Es falso que Tuto Quiroga haya anunciado gestiones para liberar a Arturo Murillo,Falso,Alta
182,boliviaverifica.bo,https://boliviaverifica.bo/el-video-de-la-proclamacion-de-jaime-dunn-por-el-pdc-en-santa-cruz-es-antiguo/,El video de la proclamación de Jaime Dunn por el PDC en Santa Cruz es antiguo,Falso,Alta
183,boliviaverifica.bo,https://boliviaverifica.bo/es-falso-que-quiroga-haya-invertido-bs-1-millon-den-facebook-para-atacar-a-paz-y-lara/,Es falso que Quiroga haya invertido Bs 1 millón den Facebook para atacar a Paz y Lara,Falso,Alta
184,boliviaverifica.bo,https://boliviaverifica.bo/leonardo-loza-no-confirmo-ninguna-reunion-entre-edman-lara-y-evo-morales/,Leonardo Loza no confirmó ninguna reunión entre Edman Lara y Evo Morales,Falso,Alta
185,boliviaverifica.bo,https://boliviaverifica.bo/encuesta-que-circula-en-tiktok-es-falsa-no-hay-estudios-de-opinion-publicados-para-la-segunda-vuelta/,Encuesta que circula en TikTok es falsa; no hay estudios de opinión publicados para la segunda vuelta,Falso,Alta
186,boliviaverifica.bo,https://boliviaverifica.bo/no-hay-evidencia-de-que-ipsos-ciesmori-haya-hecho-este-estudio-de-intencion-de-voto/,No hay evidencia de que Ipsos Ciesmori haya hecho este estudio de intención de voto,Falso,Alta
187,boliviaverifica.bo,https://boliviaverifica.bo/jorge-quiroga-no-hablo-de-privatizar-ni-de-subir-el-pasaje-del-teleferico/,Jorge Quiroga no habló de privatizar ni de subir el pasaje del teleférico,Falso,Alta
188,boliviaverifica.bo,https://boliviaverifica.bo/es-falso-el-video-que-muestra-a-rodrigo-paz-promoviendo-inversiones-se-trata-de-estafas-financieras/,Es falso el video que muestra a Rodrigo Paz promoviendo inversiones; se trata de estafas financieras,Falso,Alta
189,boliviaverifica.bo,https://boliviaverifica.bo/reynaldo-ezequiel-no-es-diputado-suplente-por-el-pdc/,Reynaldo Ezequiel no es diputado suplente por el PDC,Falso,Alta
190,boliviaverifica.bo,https://boliviaverifica.bo/este-post-que-dice-que-lara-negocio-cargos-con-morales-y-sus-bases-es-falso/,"Este post, que dice que Lara negoció cargos con Morales y sus bases, es falso",Falso,Alta
191,boliviaverifica.bo,https://boliviaverifica.bo/esta-encuesta-publicada-por-atlas-electoral-no-esta-regulada-por-el-tse/,Esta encuesta publicada por Atlas Electoral no está regulada por el TSE,Falso,Alta
192,boliviaverifica.bo,https://boliviaverifica.bo/jorge-quiroga-no-dijo-que-quitara-los-bonos-a-los-adultos-mayores-para-darselo-a-los-jovenes/,Jorge Quiroga no dijo que quitará los bonos a los adultos mayores para dárselo a los jóvenes,Falso,Alta
193,boliviaverifica.bo,https://boliviaverifica.bo/jaime-dunn-no-se-unio-a-la-campana-de-jorge-tuto-quiroga/,Jaime Dunn no se unió a la campaña de Jorge Tuto Quiroga,Falso,Alta
194,boliviaverifica.bo,https://boliviaverifica.bo/alianza-unidad-no-emitio-un-comunicado-en-desacuerdo-con-doria-medina-sobre-su-apoyo-a-paz-y-lara/,Alianza Unidad no emitió un comunicado en desacuerdo con Doria Medina sobre su apoyo a Paz y Lara,Falso,Alta
195,boliviaverifica.bo,https://boliviaverifica.bo/rodrigo-paz-no-menciono-que-cambiara-a-su-candidato-a-vicepresidente/,Rodrigo Paz no mencionó que cambiará a su candidato a vicepresidente,Falso,Alta
196,boliviaverifica.bo,https://boliviaverifica.bo/es-falso-que-rodrigo-paz-este-impedido-de-ser-candidato-por-ser-extranjero-como-sostiene-norma-pierola/,"Es falso que Rodrigo Paz esté impedido de ser candidato por ser extranjero, como sostiene Norma Piérola",Falso,Alta
197,boliviaverifica.bo,https://boliviaverifica.bo/jaime-dunn-no-expreso-su-apoyo-a-rodrigo-paz/,Jaime Dunn no expresó su apoyo a Rodrigo Paz,Falso,Alta
198,boliviaverifica.bo,https://boliviaverifica.bo/morales-usa-cifras-de-abstencion-blancos-y-nulos-para-declarar-una-victoria-con-mas-del-50/,"Morales usa cifras de abstención, blancos y nulos para declarar una victoria con más del 50%",Falso,Alta
199,boliviaverifica.bo,https://boliviaverifica.bo/evo-morales-no-dijo-que-sera-candidato-para-la-alcaldia-de-shinahota/,Evo Morales no dijo que será candidato para la Alcaldía de Shinahota,Falso,Alta
200,boliviaverifica.bo,https://boliviaverifica.bo/video-donde-quiroga-menciona-que-eliminara-la-educacion-y-la-salud-publica-es-un-deepfake/,Video donde Quiroga menciona que eliminará la educación y la salud pública es un deepfake,Falso,Alta
201,boliviaverifica.bo,https://boliviaverifica.bo/no-luis-arce-no-renuncio-a-la-presidencia-de-bolivia/,"No, Luis Arce no renunció a la presidencia de Bolivia",Falso,Alta
202,boliviaverifica.bo,https://boliviaverifica.bo/no-se-quemaron-papeletas-que-favorecen-a-rodriguez-y-del-castillo-este-video-es-una-creacion-audiovisual/,No se quemaron papeletas que favorecen a Rodríguez y Del Castillo; este video es una creación audiovisual,Falso,Alta
203,boliviaverifica.bo,https://boliviaverifica.bo/andronico-rodriguez-no-lidero-resultados-en-boca-de-urna/,Andrónico Rodríguez no lideró resultados en boca de urna,Falso,Alta
204,boliviaverifica.bo,https://boliviaverifica.bo/video-que-asegura-una-segunda-vuelta-entre-jorge-quiroga-y-samuel-doria-medina-es-falso/,Video que asegura una segunda vuelta entre Jorge Quiroga y Samuel Doria Medina es falso,Falso,Alta
205,boliviaverifica.bo,https://boliviaverifica.bo/el-comandante-policial-augusto-russo-no-renuncio-a-su-cargo/,El comandante policial Augusto Russo no renunció a su cargo,Falso,Alta
206,boliviaverifica.bo,https://boliviaverifica.bo/manfred-reyes-villa-no-fue-anunciado-como-ganador-en-encuesta-a-boca-de-urna/,Manfred Reyes Villa no fue anunciado como ganador en encuesta a boca de urna,Falso,Alta
207,boliviaverifica.bo,https://boliviaverifica.bo/es-falso-el-video-que-muestra-un-escrutinio-donde-gana-el-voto-nulo/,Es falso el video que muestra un escrutinio donde gana el voto nulo,Falso,Alta
208,boliviaverifica.bo,https://boliviaverifica.bo/falso-juan-pablo-velasco-si-emitio-su-voto/,"Falso, Juan Pablo Velasco sí emitió su voto",Falso,Alta
209,boliviaverifica.bo,https://boliviaverifica.bo/es-falso-el-audio-en-el-que-jorge-quiroga-habla-de-privatizar-mi-teleferico/,Es falso el audio en el que Jorge Quiroga habla de privatizar Mi Teleférico,Falso,Alta
210,boliviaverifica.bo,https://boliviaverifica.bo/andronico-rodriguez-y-samuel-doria-medina-no-se-reunieron/,Andrónico Rodríguez y Samuel Doria Medina no se reunieron,Falso,Alta
211,boliviaverifica.bo,https://boliviaverifica.bo/es-falso-que-en-tokio-gano-el-voto-nulo/,Es falso que en Tokio ganó el voto nulo,Falso,Alta
212,boliviaverifica.bo,https://boliviaverifica.bo/no-hay-un-sistema-paralelo-al-tse-para-el-conteo-de-votos/,No hay un sistema paralelo al TSE para el conteo de votos,Falso,Alta
213,boliviaverifica.bo,https://boliviaverifica.bo/carlos-mesa-no-hizo-publico-su-apoyo-a-favor-de-algun-candidato-presidencial/,Carlos Mesa no hizo público su apoyo a favor de algún candidato presidencial,Falso,Alta
214,boliviaverifica.bo,https://boliviaverifica.bo/el-tse-no-anuncio-la-habilitacion-de-evo-morales-como-candidato-presidencial/,EL TSE no anunció la habilitación de Evo Morales como candidato presidencial,Falso,Alta
215,boliviaverifica.bo,https://boliviaverifica.bo/este-video-de-boletas-marcadas-a-favor-de-doria-medina-es-falso-el-tse-garantiza-la-seguridad-del-material-electoral/,"Este video de boletas marcadas a favor de Doria Medina es falso, el TSE garantiza la seguridad del material electoral",Falso,Alta
216,boliviaverifica.bo,https://boliviaverifica.bo/101678-2/,Una cuenta de TikTok difunde tres encuestas falsas que promueven el voto nulo,Falso,Alta
217,boliviaverifica.bo,https://boliviaverifica.bo/rodrigo-paz-es-boliviano-nacio-en-espana-pero-por-ascendencia-la-constitucion-le-otorga-este-derecho/,"Rodrigo Paz es boliviano; nació en España, pero por ascendencia, la Constitución le otorga este derecho",Falso,Alta
218,boliviaverifica.bo,https://boliviaverifica.bo/no-es-cierto-que-haya-asientos-electorales-fantasmas-en-el-mapa-de-codificacion-de-las-elecciones-2025/,No es cierto que haya asientos electorales fantasmas en el mapa de codificación de las elecciones 2025,Falso,Alta
219,boliviaverifica.bo,https://boliviaverifica.bo/el-voto-nulo-no-anula-las-elecciones-como-dijo-un-dirigente-de-la-csutcb/,El voto nulo no anula las elecciones como dijo un dirigente de la CSUTCB,Falso,Alta
220,boliviaverifica.bo,https://boliviaverifica.bo/audio-de-leonardo-loza-en-el-que-menciona-un-bloqueo-tras-las-elecciones-fue-generado-con-ia/,Audio de Leonardo Loza en el que menciona un bloqueo tras las elecciones fue generado con IA,Falso,Alta
221,boliviaverifica.bo,https://boliviaverifica.bo/jorge-quiroga-no-cuestiono-los-bonos-y-rentas-ni-advirtio-con-suprimirlos/,Jorge Quiroga no cuestionó los bonos y rentas ni advirtió con suprimirlos,Falso,Alta
222,boliviaverifica.bo,https://boliviaverifica.bo/rodrigo-paz-pereira-no-aparece-primero-en-la-intencion-de-voto-del-estudio-de-spie-consulting/,Rodrigo Paz Pereira no aparece primero en la intención de voto del estudio de Spie Consulting,Falso,Alta
223,boliviaverifica.bo,https://boliviaverifica.bo/el-candidato-presidencial-jorge-tuto-quiroga-no-lleva-mas-de-30-anos-en-el-sector-publico/,El candidato presidencial Jorge Tuto Quiroga no lleva más de 30 años en el sector público,Falso,Alta
224,boliviaverifica.bo,https://boliviaverifica.bo/el-presidente-javier-milei-no-envio-un-mensaje-a-los-bolivianos-a-dias-de-las-elecciones/,El presidente Javier Milei no envió un mensaje a los bolivianos a días de las elecciones,Falso,Alta
225,boliviaverifica.bo,https://boliviaverifica.bo/es-falso-que-la-incidencia-de-la-pobreza-en-bolivia-bordee-el-75-como-afirmo-medrano/,Es falso que la incidencia de la pobreza en Bolivia bordee el 75% como afirmó Medrano,Falso,Alta
226,boliviaverifica.bo,https://boliviaverifica.bo/la-foto-que-muestra-a-jorge-tuto-quiroga-junto-a-jeffrey-epstein-es-un-montaje/,La foto que muestra a Jorge Tuto Quiroga junto a Jeffrey Epstein es un montaje,Falso,Alta
227,boliviaverifica.bo,https://boliviaverifica.bo/encuesta-en-facebook-que-promueve-el-voto-nulo-no-esta-autorizada-ni-regulada-por-el-tse/,Encuesta en Facebook que promueve el voto nulo no esta autorizada ni regulada por el TSE,Falso,Alta
228,boliviaverifica.bo,https://boliviaverifica.bo/elecciones-video-que-alerta-sobre-un-lapicero-que-se-borra-con-fuego-es-de-mexico/,Elecciones: video que alerta sobre un lapicero que se borra con fuego es de México,Falso,Alta
229,boliviaverifica.bo,https://boliviaverifica.bo/doria-medina-y-reyes-villa-dieron-2-datos-incorrectos-sobre-el-litio-chileno-en-el-debate-presidencial-de-unitel/,Doria Medina y Reyes Villa dieron 2 datos incorrectos sobre el litio chileno en el debate presidencial de Unitel,Falso,Alta
230,boliviaverifica.bo,https://boliviaverifica.bo/radio-kawsachun-coca-vuelve-a-difundir-encuestas-falsas/,Radio Kawsachun Coca vuelve a difundir encuestas falsas,Falso,Alta
231,boliviaverifica.bo,https://boliviaverifica.bo/no-hay-evidencia-de-un-acuerdo-para-que-dunn-sea-ministro-de-doria-medina-si-la-alianza-unidad-gana-las-elecciones/,No hay evidencia de un acuerdo para que Dunn sea ministro de Doria Medina si la Alianza Unidad gana las elecciones,Falso,Alta
232,boliviaverifica.bo,https://boliviaverifica.bo/no-es-oficial-encuesta-que-posiciona-a-evo-morales-en-primer-lugar-no-tiene-aval-del-tse/,No es oficial: Encuesta que posiciona a Evo Morales en primer lugar no tiene aval del TSE,Falso,Alta
233,boliviaverifica.bo,https://boliviaverifica.bo/es-falso-que-eva-copa-haya-dicho-que-financia-su-campana-con-sus-ahorros/,Es falso que Eva Copa haya dicho que financia su campaña con sus ahorros,Falso,Alta
234,boliviaverifica.bo,https://boliviaverifica.bo/es-falso-que-se-deba-presentar-el-carnet-digitalizado-para-votar-en-las-elecciones-del-17-de-agosto/,Es falso que se deba presentar el carnet digitalizado para votar en las elecciones del 17 de agosto,Falso,Alta
235,boliviaverifica.bo,https://boliviaverifica.bo/no-hubo-filtracion-de-los-resultados-de-la-segunda-encuesta-de-unitel-jorge-quiroga-no-lidera-la-intencion-de-voto/,No hubo filtración de los resultados de la segunda encuesta de Unitel; Jorge Quiroga no lidera la intención de voto,Falso,Alta
236,boliviaverifica.bo,https://boliviaverifica.bo/desmienten-a-andronico-autoridades-chilenas-niegan-haber-ofrecido-el-puerto-de-tocopilla/,Desmienten a Andrónico: Autoridades chilenas niegan haber ofrecido el puerto de Tocopilla,Falso,Alta
237,boliviaverifica.bo,https://boliviaverifica.bo/la-red-uno-no-le-corto-el-microfono-a-manfred-reyes-villa-por-hablar-de-las-encuestas/,La Red Uno no le cortó el micrófono a Manfred Reyes Villa por hablar de las encuestas,Falso,Alta
238,boliviaverifica.bo,https://boliviaverifica.bo/sondeo-de-desempeno-en-el-debate-presidencial-atribuido-a-red-uno-es-falso/,Sondeo de desempeño en el debate presidencial atribuido a Red Uno es falso,Falso,Alta
239,boliviaverifica.bo,https://boliviaverifica.bo/el-tse-no-anuncio-la-habilitacion-de-jaime-dunn-como-candidato-presidencial/,El TSE no anunció la habilitación de Jaime Dunn como candidato presidencial,Falso,Alta
240,boliviaverifica.bo,https://boliviaverifica.bo/imagen-que-presenta-a-evo-morales-con-un-35-de-preferencia-electoral-no-corresponde-a-ninguna-encuesta-autorizada/,Imagen que presenta a Evo Morales con un 35% de preferencia electoral no corresponde a ninguna encuesta autorizada,Falso,Alta
241,boliviaverifica.bo,https://boliviaverifica.bo/usan-declaraciones-de-hassenteufel-para-fabricar-un-bulo-el-presidente-del-tse-no-dijo-que-doria-medina-pago-por-las-encuestas/,Usan declaraciones de Hassenteufel para fabricar un bulo; el presidente del TSE no dijo que Doria Medina pagó por las encuestas,Falso,Alta
242,boliviaverifica.bo,https://boliviaverifica.bo/manipulan-la-encuesta-de-unitel-para-incluir-a-dunn-pese-a-que-no-esta-habilitado/,Manipulan la encuesta de Unitel para incluir a Dunn pese a que no está habilitado,Falso,Alta
243,boliviaverifica.bo,https://boliviaverifica.bo/jaime-dunn-no-esta-habilitado-como-candidato-a-la-presidencia/,Jaime Dunn no está habilitado como candidato a la presidencia,Falso,Alta
244,boliviaverifica.bo,https://boliviaverifica.bo/luis-arce-no-elogio-el-trabajo-de-samuel-doria-medina/,Luis Arce no elogió el trabajo de Samuel Doria Medina,Falso,Alta
245,boliviaverifica.bo,https://boliviaverifica.bo/audio-en-el-que-samuel-doria-medina-dice-que-le-piden-medio-millon-para-manipular-encuestas-es-falso/,Audio en el que Samuel Doria Medina dice que le piden medio millón para manipular encuestas es falso,Falso,Alta
246,boliviaverifica.bo,https://boliviaverifica.bo/reflota-un-audio-falso-de-2021-sobre-manipulacion-del-sistema-de-computo-del-tse/,Reflota un audio falso de 2021 sobre manipulación del sistema de cómputo del TSE,Falso,Alta
247,boliviaverifica.bo,https://boliviaverifica.bo/felicitacion-de-nayib-bukele-a-jaime-dunn-fue-creada-con-ia/,Felicitación de Nayib Bukele a Jaime Dunn fue creada con IA,Falso,Alta
248,boliviaverifica.bo,https://boliviaverifica.bo/andronico-rodriguez-no-dijo-que-ira-a-una-segunda-vuelta-electoral-con-manfred-reyes-villa/,Andrónico Rodríguez no dijo que irá a una segunda vuelta electoral con Manfred Reyes Villa,Falso,Alta
249,boliviaverifica.bo,https://boliviaverifica.bo/no-este-video-que-denuncia-a-samuel-doria-medina-por-pagar-encuestas-no-le-pertenece-a-univision/,"No, este video que denuncia a Samuel Doria Medina por pagar encuestas no le pertenece a Univisión",Falso,Alta
250,boliviaverifica.bo,https://boliviaverifica.bo/deepfakes-en-la-campana-electoral-videos-falsos-promocionan-a-candidatos/,Deepfakes en la campaña electoral: videos falsos promocionan a candidatos,Falso,Alta
251,boliviaverifica.bo,https://boliviaverifica.bo/encuesta-que-favorece-a-jaime-dunn-no-tiene-ficha-tecnica-ni-aval-del-tse/,Encuesta que favorece a Jaime Dunn no tiene ficha técnica ni aval del TSE,Falso,Alta
252,boliviaverifica.bo,https://boliviaverifica.bo/las-autoridades-electas-no-estan-obligadas-a-renunciar-para-postular-a-las-elecciones/,Las autoridades electas no están obligadas a renunciar para postular a las elecciones,Falso,Alta
253,boliviaverifica.bo,https://boliviaverifica.bo/encuesta-de-el-deber-no-posiciona-a-jaime-dunn-como-primero-en-la-intencion-voto/,Encuesta de El Deber no posiciona a Jaime Dunn como primero en la intención voto,Falso,Alta
254,boliviaverifica.bo,https://boliviaverifica.bo/evo-pueblo-no-figura-en-la-papeleta-oficial-de-las-elecciones-2025/,Evo Pueblo no figura en la papeleta oficial de las elecciones 2025,Falso,Alta
255,boliviaverifica.bo,https://boliviaverifica.bo/evo-morales-no-esta-habilitado-para-las-elecciones-2025-como-se-asegura-en-tiktok/,Evo Morales no está habilitado para las elecciones 2025 como se asegura en TikTok,Falso,Alta
256,boliviaverifica.bo,https://boliviaverifica.bo/sin-acuerdo-formal-evo-morales-aun-no-oficializo-su-candidatura-con-ucs/,Sin acuerdo formal: Evo Morales aún no oficializó su candidatura con UCS,Falso,Alta
257,boliviaverifica.bo,https://boliviaverifica.bo/rubrum-no-realizo-esta-encuesta-que-refiere-un-empate-tecnico-entre-manfred-reyes-villa-y-andronico-rodriguez/,Rubrum no realizó esta encuesta que refiere un “empate técnico” entre Manfred Reyes Villa y Andrónico Rodríguez,Falso,Alta
258,boliviaverifica.bo,https://boliviaverifica.bo/la-exesposa-de-jorge-tuto-quiroga-no-fue-entrevistada-en-un-podcast-mexicano/,La exesposa de Jorge Tuto Quiroga no fue entrevistada en un pódcast mexicano,Falso,Alta
259,boliviaverifica.bo,https://boliviaverifica.bo/el-diputado-gualberto-arispe-difundio-una-portada-falsa-sobre-los-conflictos-en-llallagua/,El diputado Gualberto Arispe difundió una portada falsa sobre los conflictos en Llallagua,Falso,Alta
260,boliviaverifica.bo,https://boliviaverifica.bo/el-comandante-general-de-la-policia-no-renuncio-a-su-cargo/,El Comandante General de la Policía no renunció a su cargo,Falso,Alta
261,boliviaverifica.bo,https://boliviaverifica.bo/radio-mamore-difunde-un-video-antiguo-y-de-otro-pais-como-si-se-tratara-de-bolivia/,Radio Mamoré difunde un video antiguo y de otro país como si se tratara de Bolivia,Falso,Alta
262,boliviaverifica.bo,https://boliviaverifica.bo/rodrigo-paz-y-edman-lara-siguen-en-carrera-electoral-y-el-pdc-va-al-sorteo-de-ubicacion-en-la-papeleta/,Rodrigo Paz y Edman Lara siguen en carrera electoral y el PDC va al sorteo de ubicación en la papeleta,Falso,Alta
263,boliviaverifica.bo,https://boliviaverifica.bo/comando-general-del-ejercito-no-se-pronuncio-en-contra-del-gobierno-de-luis-arce/,Comando General del Ejército no se pronunció en contra del gobierno de Luis Arce,Falso,Alta
264,boliviaverifica.bo,https://boliviaverifica.bo/diputado-hector-arce-no-anuncio-su-participacion-en-una-lucha-armada/,Diputado Héctor Arce no anunció su participación en una lucha armada,Falso,Alta
265,boliviaverifica.bo,https://boliviaverifica.bo/enrique-mamani-niega-haber-amenazado-a-vocales-del-tse-pero-existe-un-video-que-prueba-lo-contrario/,"Enrique Mamani niega haber amenazado a vocales del TSE, pero existe un video que prueba lo contrario",Falso,Alta
266,boliviaverifica.bo,https://boliviaverifica.bo/samuel-doria-medina-no-pago-la-fianza-de-arturo-murillo-ni-fue-investigado-por-lavado-de-dinero/,Samuel Doria Medina no pagó la fianza de Arturo Murillo ni fue investigado por lavado de dinero,Falso,Alta
267,boliviaverifica.bo,https://boliviaverifica.bo/red-uno-no-esta-elaborando-encuestas-mediante-formularios-de-google/,Red Uno no está elaborando encuestas mediante formularios de Google,Falso,Alta
268,boliviaverifica.bo,https://boliviaverifica.bo/resultados-de-intencion-de-voto-presentados-por-infobol-son-falsos/,Resultados de intención de voto presentados por Infobol son falsos,Falso,Alta
269,boliviaverifica.bo,https://boliviaverifica.bo/la-red-uno-no-realiza-encuestas-de-intencion-de-voto-via-whatsapp/,La Red Uno no realiza encuestas de intención de voto vía WhatsApp,Falso,Alta
270,boliviaverifica.bo,https://boliviaverifica.bo/no-es-verdad-que-evo-morales-y-luis-arce-vayan-juntos-como-candidatos-del-mas/,No es verdad que Evo Morales y Luis Arce vayan juntos como candidatos del MAS,Falso,Alta
271,boliviaverifica.bo,https://boliviaverifica.bo/no-hay-anuncio-oficial-de-que-andronico-rodriguez-sea-candidato-por-morena-junto-a-jorge-richter/,No hay anuncio oficial de que Andrónico Rodríguez sea candidato por Morena junto a Jorge Richter,Falso,Alta
272,boliviaverifica.bo,https://boliviaverifica.bo/andronico-rodriguez-no-renuncio-a-su-candidatura-a-la-presidencia-por-la-alianza-popular/,Andrónico Rodríguez no renunció a su candidatura a la presidencia por la Alianza Popular,Falso,Alta
273,boliviaverifica.bo,https://boliviaverifica.bo/la-encuesta-de-intencion-de-voto-difundida-por-cqc-noticias-no-es-oficial-y-no-tiene-ficha-tecnica/,La encuesta de intención de voto difundida por CQC Noticias no es oficial y no tiene ficha técnica,Falso,Alta
274,boliviaverifica.bo,https://boliviaverifica.bo/bolivia-opina-no-esta-entre-las-empresas-registradas-para-realizar-estudios-de-opinion/,Bolivia Opina no está entre las empresas registradas para realizar estudios de opinión,Falso,Alta
275,boliviaverifica.bo,https://boliviaverifica.bo/el-tcp-no-emitio-una-resolucion-que-impide-la-postulacion-de-andronico/,El TCP no emitió una resolución que impide la postulación de Andrónico,Falso,Alta
276,boliviaverifica.bo,https://boliviaverifica.bo/eva-copa-y-jorge-richter-se-mantienen-como-candidatos-por-morena/,Eva Copa y Jorge Richter se mantienen como candidatos por Morena,Falso,Alta
277,boliviaverifica.bo,https://boliviaverifica.bo/luciana-campero-no-renuncio-a-la-alianza-libre/,Luciana Campero no renunció a la alianza Libre,Falso,Alta
278,boliviaverifica.bo,https://boliviaverifica.bo/jorge-richter-no-renuncio-se-mantiene-como-candidato-a-la-vicepresidencia-por-morena/,"Jorge Richter no renunció, se mantiene como candidato a la vicepresidencia por Morena",Falso,Alta
279,boliviaverifica.bo,https://boliviaverifica.bo/captura-consulting-y-red-uno-no-publicaron-esta-encuesta-que-da-como-favorito-a-jorge-quiroga/,Captura Consulting y Red Uno no publicaron esta encuesta que da como favorito a Jorge Quiroga,Falso,Alta
280,boliviaverifica.bo,https://boliviaverifica.bo/el-binomio-morales-alanoca-no-fue-inscrito-en-el-sistema-informatico-de-candidaturas-del-tse/,El binomio Morales – Alanoca no fue inscrito en el sistema informático de candidaturas del TSE,Falso,Alta
281,boliviaverifica.bo,https://boliviaverifica.bo/no-es-verdad-que-36-millones-de-personas-participaron-en-la-marcha-que-respaldaba-la-inscripcion-de-morales-como-candidato/,"No es verdad que 3,6 millones de personas participaron en la marcha que respaldaba la inscripción de Morales como candidato",Falso,Alta
282,boliviaverifica.bo,https://boliviaverifica.bo/andronico-rodriguez-no-fue-inscrito-como-candidato-de-ucs/,Andrónico Rodríguez no fue inscrito como candidato de UCS,Falso,Alta
283,boliviaverifica.bo,https://boliviaverifica.bo/evo-morales-no-declino-su-candidatura-durante-una-conferencia-de-prensa/,Evo Morales no declinó su candidatura durante una conferencia de prensa,Falso,Alta
284,boliviaverifica.bo,https://boliviaverifica.bo/esta-lista-de-candidatos-a-la-asamblea-legislativa-por-parte-de-sumate-no-es-la-oficial/,Esta lista de candidatos a la Asamblea Legislativa por parte de Súmate no es la oficial,Falso,Alta
285,boliviaverifica.bo,https://boliviaverifica.bo/yango-la-app-gerentada-por-el-precandidato-de-libre-no-expulso-del-servicio-a-burger-king-de-doria-medina/,"Yango, la App gerentada por el precandidato de Libre, no expulsó del servicio a Burger King, de Doria Medina",Falso,Alta
286,boliviaverifica.bo,https://boliviaverifica.bo/el-presidente-del-tse-no-se-pronuncio-sobre-la-sentencia-del-tcp-que-ratifica-que-la-reeleccion-indefinida-es-inconstitucional/,El presidente del TSE no se pronunció sobre la sentencia del TCP que ratifica que la reelección indefinida es inconstitucional,Falso,Alta
287,boliviaverifica.bo,https://boliviaverifica.bo/doria-medina-no-anuncio-a-la-tiktoker-layme-como-su-candidata-a-la-vicepresidencia/,Doria Medina no anunció a la tiktoker Layme como su candidata a la vicepresidencia,Falso,Alta
288,boliviaverifica.bo,https://boliviaverifica.bo/andronico-rodriguez-y-su-familia-no-fueron-expulsados-del-tropico-de-cochabamba/,Andrónico Rodríguez y su familia no fueron expulsados del Trópico de Cochabamba,Falso,Alta
289,boliviaverifica.bo,https://boliviaverifica.bo/los-audios-con-los-que-se-acusa-a-la-diputada-veronica-challco-de-cobrar-coimas-fueron-generados-con-inteligencia-artificial/,Los audios con los que se acusa a la diputada Verónica Challco de cobrar coimas fueron generados con inteligencia artificial,Falso,Alta
290,boliviaverifica.bo,https://boliviaverifica.bo/almagro-no-dijo-que-bolivia-enfrentara-duras-sanciones-si-arce-suspende-las-elecciones-para-autoprorrogarse/,Almagro no dijo que Bolivia enfrentará “duras sanciones” si Arce suspende las elecciones “para autoprorrogarse”,Falso,Alta
291,boliviaverifica.bo,https://boliviaverifica.bo/jorge-quiroga-no-busca-a-un-tiktoker-como-su-candidato-a-la-vicepresidencia/,Jorge Quiroga no busca a un tiktoker como su candidato a la vicepresidencia,Falso,Alta
292,boliviaverifica.bo,https://boliviaverifica.bo/doria-medina-no-dijo-que-invitara-al-hijo-de-camacho-para-conformar-su-binomio/,Doria Medina no dijo que invitará al hijo de Camacho para conformar su binomio,Falso,Alta
293,boliviaverifica.bo,https://boliviaverifica.bo/encuesta-presentada-por-atlas-electoral-no-tiene-validez-tecnica-ni-legal/,Encuesta presentada por Atlas Electoral no tiene validez técnica ni legal,Falso,Alta
294,boliviaverifica.bo,https://boliviaverifica.bo/no-es-real-que-en-chapare-y-yapacani-se-elige-un-diputado-con-300-votos/,No es real que en Chapare y Yapacaní se elige un diputado con 300 votos,Falso,Alta
295,boliviaverifica.bo,https://boliviaverifica.bo/el-tse-no-elaboro-ni-difundio-una-encuesta-de-intencion-de-voto-que-favorece-a-jorge-quiroga-2/,El TSE no elaboró ni difundió una encuesta de intención de voto que favorece a Jorge Quiroga,Falso,Alta
296,boliviaverifica.bo,https://boliviaverifica.bo/el-bunker-no-denuncio-que-reyes-villa-uso-bots-desde-la-alcaldia-de-cochabamba-para-manipular-las-primarias-digitales/,El Bunker no denunció que Reyes Villa usó bots desde la Alcaldía de Cochabamba para manipular las “primarias digitales”,Falso,Alta
297,boliviaverifica.bo,https://boliviaverifica.bo/usan-la-imagen-de-jaime-dunn-y-el-deber-para-promocionar-un-sitio-de-inversiones-no-confiable/,Usan la imagen de Jaime Dunn y El Deber para promocionar un sitio de inversiones no confiable,Falso,Alta
298,boliviaverifica.bo,https://boliviaverifica.bo/jhonny-fernandez-no-nombro-a-evo-morales-como-su-candidato-por-ucs/,Jhonny Fernández no nombró a Evo Morales como su candidato por UCS,Falso,Alta
299,boliviaverifica.bo,https://boliviaverifica.bo/el-mnr-no-anuncio-a-evo-morales-como-su-candidato/,El MNR no anunció a Evo Morales como su candidato,Falso,Alta
300,boliviaverifica.bo,https://boliviaverifica.bo/el-gobierno-no-anuncio-la-postergacion-de-las-elecciones-presidenciales-por-una-crisis-social-y-energetica/,El Gobierno no anunció la postergación de las elecciones presidenciales por una “crisis social y energética”,Falso,Alta
301,boliviaverifica.bo,https://boliviaverifica.bo/el-vocal-tahuichi-no-fue-proclamado-ni-juro-como-candidato-a-la-vicepresidencia-por-la-organizacion-evo-pueblo/,El vocal Tahuichi no fue proclamado ni juró como candidato a la vicepresidencia por la organización “Evo Pueblo”,Falso,Alta
302,boliviaverifica.bo,https://boliviaverifica.bo/las-elecciones-generales-no-fueron-postergadas-como-alerto-un-periodista/,"Las elecciones generales no fueron postergadas, como alertó un periodista",Falso,Alta
303,boliviaverifica.bo,https://boliviaverifica.bo/reunion-de-la-organizacion-evo-pueblo-no-determino-que-andronico-sea-el-candidato-a-vicepresidente/,Reunión de la organización Evo Pueblo no determinó que Andrónico sea el candidato a vicepresidente,Falso,Alta
304,boliviaverifica.bo,https://boliviaverifica.bo/luisa-gonzales-no-fue-declarada-como-ganadora-de-las-elecciones-en-ecuador/,Luisa Gonzáles no fue declarada como ganadora de las elecciones en Ecuador,Falso,Alta
305,boliviaverifica.bo,https://boliviaverifica.bo/unitel-no-difundio-este-arte-ni-evo-declaro-que-esta-convencido-de-ganar-con-el-80-de-apoyo-electoral/,Unitel no difundió este arte ni Evo declaró que está convencido de ganar con el 80% de apoyo electoral,Falso,Alta
306,boliviaverifica.bo,https://boliviaverifica.bo/audio-atribuido-a-doria-medina-sobre-coimas-fue-creado-con-inteligencia-artificial/,Audio atribuido a Doria Medina sobre coimas fue creado con inteligencia artificial,Falso,Alta
307,boliviaverifica.bo,https://boliviaverifica.bo/encuesta-de-intencion-de-voto-compartida-por-gary-prado-es-falsa/,Encuesta de intención de voto compartida por Gary Prado es falsa,Falso,Alta
308,boliviaverifica.bo,https://boliviaverifica.bo/este-perfil-en-instagram-no-le-pertenece-al-presidente-del-tse-oscar-hassenteufel/,Este perfil en Instagram no le pertenece al presidente del TSE Oscar Hassenteufel,Falso,Alta
309,boliviaverifica.bo,https://boliviaverifica.bo/renuncia-de-militantes-no-pone-en-riesgo-personeria-del-mas/,Renuncia de militantes no pone en riesgo personería del MAS,Falso,Alta
310,boliviaverifica.bo,https://boliviaverifica.bo/el-vocal-tahuichi-no-declaro-que-la-renuncia-de-militantes-del-mas-es-un-acto-antidemocratico/,El vocal Tahuichi no declaró que la renuncia de militantes del MAS es un acto antidemocrático,Falso,Alta
311,boliviaverifica.bo,https://boliviaverifica.bo/luis-arce-no-anuncio-un-binomio-con-mario-cronenbold-por-el-mas/,Luis Arce no anunció un binomio con Mario Cronenbold por el MAS,Falso,Alta
312,boliviaverifica.bo,https://boliviaverifica.bo/encuesta-que-indica-que-manfred-reyes-villa-lidera-la-intencion-de-corrupcion-es-falsa/,Encuesta que indica que Manfred Reyes Villa lidera la “intención de corrupción” es falsa,Falso,Alta
313,boliviaverifica.bo,https://boliviaverifica.bo/reynaldo-ezequiel-acuso-de-violencia-de-genero-al-hijo-de-manfred-reyes-con-material-manipulado/,Reynaldo Ezequiel acusó de violencia de género al hijo de Manfred Reyes con material manipulado,Falso,Alta
314,boliviaverifica.bo,https://boliviaverifica.bo/manfred-reyes-villa-no-presento-a-carol-ilievski-como-su-binomio-para-las-elecciones-generales/,Manfred Reyes Villa no presentó a Carol Ilievski como su binomio para las elecciones generales,Falso,Alta
315,boliviaverifica.bo,https://boliviaverifica.bo/este-no-es-el-calendario-oficial-de-las-elecciones-presidenciales-la-sala-plena-del-tse-aun-lo-revisa/,Este no es el calendario oficial de las elecciones presidenciales; la Sala Plena del TSE aún lo revisa,Falso,Alta
316,boliviaverifica.bo,https://boliviaverifica.bo/comunicado-que-informa-la-inhabilitacion-de-los-candidatos-martinez-castillo-y-canedo-es-falso/,"Comunicado que informa la inhabilitación de los candidatos Martínez, Castillo y Canedo es falso",Falso,Alta
317,boliviaverifica.bo,https://boliviaverifica.bo/el-tse-no-inhabilito-a-2-candidatos-en-las-ultimas-horas-el-video-donde-el-vocal-tahuichi-habla-al-respecto-fue-creado-con-ia/,El TSE no inhabilitó a 2 candidatos en las últimas horas; el video donde el vocal Tahuichi habla al respecto fue creado con IA,Falso,Alta
318,boliviaverifica.bo,https://boliviaverifica.bo/el-comunicado-del-tse-que-inhabilita-a-un-candidato-a-las-elecciones-judiciales-es-falso/,El comunicado del TSE que inhabilita a un candidato a las elecciones judiciales es falso,Falso,Alta
319,boliviaverifica.bo,https://boliviaverifica.bo/las-elecciones-judiciales-no-se-postergaron-para-el-29-de-diciembre/,Las elecciones judiciales no se postergaron para el 29 de diciembre,Falso,Alta
320,boliviaverifica.bo,https://boliviaverifica.bo/encuestas-ocd-bolivia-no-es-una-cuenta-manejada-por-la-alianza-observacion-ciudadana-de-la-democracia/,“Encuestas OCD Bolivia” no es una cuenta manejada por la alianza Observación Ciudadana de la Democracia,Falso,Alta
321,boliviaverifica.bo,https://boliviaverifica.bo/elecciones-judiciales-esta-encuesta-no-fue-elaborada-por-jubileo-ni-la-ocd/,Elecciones Judiciales: esta encuesta no fue elaborada por Jubileo ni la OCD,Falso,Alta
322,boliviaverifica.bo,https://boliviaverifica.bo/evo-morales-no-acuso-a-andronico-rodriguez-de-ser-traicionero-y-prebendalista/,Evo Morales no acusó a Andrónico Rodríguez de ser traicionero y prebendalista,Falso,Alta
323,boliviaverifica.bo,https://boliviaverifica.bo/fundacion-jubileo-y-ocd-no-realizaron-esta-encuesta-sobre-las-elecciones-judiciales/,Fundación Jubileo y OCD no realizaron esta encuesta sobre las elecciones judiciales,Falso,Alta
324,boliviaverifica.bo,https://boliviaverifica.bo/juan-ramon-quintana-no-dijo-que-andronico-rodriguez-sera-candidato-por-el-movimiento-tercer-sistema/,Juan Ramón Quintana no dijo que Andrónico Rodríguez será candidato por el Movimiento Tercer Sistema,Falso,Alta
325,boliviaverifica.bo,https://boliviaverifica.bo/informate-y-decide-bolivia-no-es-una-cuenta-oficial-del-organo-electoral-plurinacional/,Infórmate y Decide Bolivia no es una cuenta oficial del Órgano Electoral Plurinacional,Falso,Alta
326,boliviaverifica.bo,https://boliviaverifica.bo/este-video-no-prueba-un-fraude-electoral-en-estados-unidos/,Este video no prueba un fraude electoral en Estados Unidos,Falso,Alta
327,boliviaverifica.bo,https://boliviaverifica.bo/elecciones-en-estados-unidos-donald-trump-no-anuncio-que-prohibira-los-videojuegos/,Elecciones en Estados Unidos: Donald Trump no anunció que prohibirá los videojuegos,Falso,Alta
328,boliviaverifica.bo,https://boliviaverifica.bo/el-deber-no-publico-esta-encuesta-sobre-las-elecciones-judiciales/,El Deber no publicó esta encuesta sobre las elecciones judiciales,Falso,Alta
329,boliviaverifica.bo,https://boliviaverifica.bo/cuidado-esta-encuesta-sobre-las-judiciales-no-es-legal-ni-le-pertenece-a-la-iniciativa-tu-voto-cuenta/,¡Cuidado! Esta encuesta sobre las judiciales no es legal ni le pertenece a la iniciativa “Tu voto cuenta”,Falso,Alta
330,boliviaverifica.bo,https://boliviaverifica.bo/tiktok-unitel-beni-bo-no-es-una-cuenta-oficial-del-medio-televisivo/,TikTok: Unitel.beni.bo no es una cuenta oficial del medio televisivo,Falso,Alta
331,boliviaverifica.bo,https://boliviaverifica.bo/esta-frase-sobre-las-ninas-en-el-tropico-no-es-de-evo-morales/,Esta frase sobre las niñas en el Trópico no es de Evo Morales,Falso,Alta
332,boliviaverifica.bo,https://boliviaverifica.bo/jubileo-no-publico-una-encuesta-sobre-las-elecciones-judiciales/,Jubileo no publicó una encuesta sobre las elecciones judiciales,Falso,Alta
333,boliviaverifica.bo,https://boliviaverifica.bo/maria-corina-machado-nunca-dijo-que-la-oposicion-venezolana-solo-obtuvo-4-millones-de-votos/,María Corina Machado nunca dijo que la oposición venezolana solo obtuvo 4 millones de votos,Falso,Alta
334,boliviaverifica.bo,https://boliviaverifica.bo/el-vicepresidente-choquehuanca-no-pidio-que-se-adelanten-las-elecciones/,El vicepresidente Choquehuanca no pidió que se adelanten las elecciones,Falso,Alta
335,boliviaverifica.bo,https://boliviaverifica.bo/esta-encuesta-de-intencion-de-voto-no-fue-realizada-por-la-agencia-colombiana-datexco/,Esta encuesta de intención de voto no fue realizada por la agencia colombiana Datexco,Falso,Alta
336,boliviaverifica.bo,https://boliviaverifica.bo/esta-encuesta-de-intencion-de-voto-no-fue-realizada-por-la-universidad-mayor-de-san-simon/,Esta encuesta de intención de voto no fue realizada por la Universidad Mayor de San Simón,Falso,Alta
337,boliviaverifica.bo,https://boliviaverifica.bo/la-encuesta-difundida-por-tactic-consulting-no-tiene-aval-del-tse/,La encuesta difundida por Tactic Consulting no tiene aval del TSE,Falso,Alta
338,boliviaverifica.bo,https://boliviaverifica.bo/el-empadronamiento-es-solo-hasta-el-30-de-agosto-en-todo-el-territorio-nacional/,El empadronamiento electoral biométrico es solo hasta el 30 de agosto en todo el territorio nacional,Falso,Alta
339,boliviaverifica.bo,https://boliviaverifica.bo/la-empresa-excle-no-fue-contratada-por-el-tse-para-el-empadronamiento-como-denuncio-la-senadora-gallo/,"La empresa ExClé no fue contratada por el TSE para el empadronamiento, como denunció la senadora Gallo",Falso,Alta
340,boliviaverifica.bo,https://boliviaverifica.bo/helicopteros-militares-no-arribaron-a-colombia-tras-elecciones-en-venezuela/,Helicópteros militares no arribaron a Colombia tras elecciones en Venezuela,Falso,Alta
341,boliviaverifica.bo,https://boliviaverifica.bo/telesur-publico-una-grafica-con-resultados-de-las-elecciones-de-venezuela-que-suman-un-total-de-132/,Telesur publicó una gráfica con resultados de las elecciones de Venezuela que suman un total de 132%,Falso,Alta
342,boliviaverifica.bo,https://boliviaverifica.bo/venezuela-son-falsos-los-boletos-aereos-a-ee-uu-a-nombre-del-candidato-presidencial-edmundo-gonzalez-y-su-esposa/,Venezuela: Son falsos los boletos aéreos a EE.UU. a nombre del candidato presidencial Edmundo González y su esposa,Falso,Alta
343,boliviaverifica.bo,https://boliviaverifica.bo/elecciones-en-venezuela-los-electores-no-necesitan-firmar-un-registro-de-participacion-cuando-vayan-a-votar/,Elecciones en Venezuela: Los electores no necesitan firmar un registro de participación cuando vayan a votar,Falso,Alta
344,boliviaverifica.bo,https://boliviaverifica.bo/es-falso-que-maduro-se-haya-retirado-de-las-elecciones-presidenciales-en-venezuela/,Es falso que Maduro se haya retirado de las elecciones presidenciales en Venezuela,Falso,Alta
345,boliviaverifica.bo,https://boliviaverifica.bo/opositor-venezolano-no-dio-un-discurso-que-incentiva-el-voto-por-nicolas-maduro/,Opositor venezolano no dio un discurso que incentiva el voto por Nicolás Maduro,Falso,Alta
346,boliviaverifica.bo,https://boliviaverifica.bo/venezuela-ningun-candidato-fue-anunciado-oficialmente-como-presidente-electo/,Venezuela: ningún candidato fue anunciado oficialmente como presidente electo,Falso,Alta
347,boliviaverifica.bo,https://boliviaverifica.bo/nicolas-maduro-no-reconocio-que-puede-perder-las-elecciones-del-28-de-julio/,Nicolás Maduro no reconoció que puede perder las elecciones del 28 de julio,Falso,Alta
348,boliviaverifica.bo,https://boliviaverifica.bo/esta-credencial-de-la-cia-no-es-del-candidato-venezolano-edmundo-gonzalez/,Esta credencial que usa el nombre de la CIA no es del candidato venezolano Edmundo González,Falso,Alta
349,boliviaverifica.bo,https://boliviaverifica.bo/kaplex-no-fue-proclamado-como-uno-de-los-candidatos-del-mas/,Kapléx no fue proclamado como uno de los candidatos del MAS,Falso,Alta
350,boliviaverifica.bo,https://boliviaverifica.bo/presidenciales-ningun-candidato-fue-proclamado-aun-como-ganador-en-venezuela/,Presidenciales: ningún candidato fue proclamado aún como ganador en Venezuela,Falso,Alta
351,boliviaverifica.bo,https://boliviaverifica.bo/red-uno-no-informo-que-evo-haya-dicho-que-los-taxistas-y-las-bartolinas-lo-estan-obligando-a-ser-candidato-para-las-elecciones/,Red Uno no informó que Evo haya dicho que los taxistas y las bartolinas lo están obligando a ser candidato para las elecciones,Falso,Alta
352,boliviaverifica.bo,https://boliviaverifica.bo/el-alteno-no-informo-que-la-alcaldesa-eva-copa-analiza-postularse-a-las-elecciones-2025/,El Alteño no informó que la alcaldesa Eva Copa analiza postularse a las elecciones 2025,Falso,Alta
353,boliviaverifica.bo,https://boliviaverifica.bo/elecciones-en-mexico-la-participacion-de-la-poblacion-no-fue-del-727/,"Elecciones en México: la participación de la población no fue del 72,7%",Falso,Alta
354,boliviaverifica.bo,https://boliviaverifica.bo/organo-electoral-no-remitio-una-nota-que-avala-la-supervision-del-x-congreso-del-mas-ipsp/,El TSE no remitió una nota que avala la supervisión del X Congreso del MAS-IPSP,Falso,Alta
355,boliviaverifica.bo,https://boliviaverifica.bo/el-youtuber-mrbeast-no-se-postulo-para-las-elecciones-presidenciales-de-estados-unidos/,El youtuber MrBeast no se postuló para las elecciones presidenciales de Estados Unidos,Falso,Alta
356,boliviaverifica.bo,https://boliviaverifica.bo/luis-arce-y-manfred-reyes-villa-no-iniciaron-una-campana-con-miras-a-las-elecciones-de-2025/,Luis Arce y Manfred Reyes Villa no iniciaron una campaña con miras a las elecciones de 2025,Falso,Alta
357,boliviaverifica.bo,https://boliviaverifica.bo/evo-morales-no-acuso-al-senador-andronico-rodriguez-por-promoverse-como-candidato/,Evo Morales no acusó al senador Andrónico Rodríguez por promoverse como candidato,Falso,Alta
358,boliviaverifica.bo,https://boliviaverifica.bo/diputado-cuellar-no-denuncio-que-el-tse-luis-arce-y-evo-morales-urden-un-fraude-electoral-para-2025/,"Diputado Cuéllar no denunció que el TSE, Luis Arce y Evo Morales urden un fraude electoral para 2025",Falso,Alta
359,boliviaverifica.bo,https://boliviaverifica.bo/el-diputado-juan-jose-jauregui-no-dijo-que-tiene-la-orden-de-inviabilizar-las-elecciones-judiciales/,El diputado Juan José Jauregui no dijo que tiene la orden de inviabilizar las elecciones judiciales,Falso,Alta
360,boliviaverifica.bo,https://boliviaverifica.bo/santa-cruz-mario-aguilera-si-fue-electo-vicegobernador-por-voto-directo/,Santa Cruz: Mario Aguilera sí fue electo vicegobernador por voto directo,Falso,Alta
361,boliviaverifica.bo,https://boliviaverifica.bo/evo-morales-y-andronico-rodriguez-no-son-los-candidatos-del-mas-para-los-comicios-de-2025/,Evo Morales y Andrónico Rodríguez no son los candidatos del MAS para los comicios de 2025,Falso,Alta
362,boliviaverifica.bo,https://boliviaverifica.bo/vicente-cuellar-no-dijo-que-hara-dupla-con-evo-morales-para-las-elecciones-2025/,Vicente Cuéllar no dijo que hará dupla con Evo Morales para las elecciones de 2025,Falso,Alta
363,boliviaverifica.bo,https://boliviaverifica.bo/argentina-candidato-sergio-massa-no-declaro-que-conoce-a-los-narcos/,Argentina: candidato Sergio Massa no declaró que conoce a los narcos,Falso,Alta
364,boliviaverifica.bo,https://boliviaverifica.bo/circula-antigua-denuncia-sobre-contratacion-del-tse-de-empresa-vinculada-al-fraude/,Circula antigua denuncia sobre contratación del TSE de empresa vinculada al fraude,Falso,Alta
365,boliviaverifica.bo,https://boliviaverifica.bo/este-video-no-es-de-una-protesta-en-argentina-por-un-supuesto-fraude-electoral/,Este video no es de una protesta en Argentina por un supuesto fraude electoral,Falso,Alta
366,boliviaverifica.bo,https://boliviaverifica.bo/elecciones-en-argentina-aun-no-se-difundieron-los-resultados-del-voto-en-el-exterior/,Elecciones en Argentina: aún no se difundieron los resultados del voto en el exterior,Falso,Alta
367,boliviaverifica.bo,https://boliviaverifica.bo/javier-milei-no-gano-las-elecciones-presidenciales-en-argentina-con-mas-del-50-de-los-votos/,Javier Milei no ganó las elecciones presidenciales en Argentina con más del 50% de los votos,Falso,Alta
368,boliviaverifica.bo,https://boliviaverifica.bo/encuesta-de-diagnosis-no-coloca-a-evo-morales-con-la-mejor-intencion-de-voto/,Encuesta de Diagnosis no coloca a Evo Morales con la mejor intención de voto,Falso,Alta
369,boliviaverifica.bo,https://boliviaverifica.bo/en-bolivia-las-mujeres-no-ejercen-el-derecho-al-voto-desde-1938-como-se-dice-en-un-video/,"En Bolivia, las mujeres no ejercen el derecho al voto desde 1938 como se dice en un video",Falso,Alta
370,boliviaverifica.bo,https://boliviaverifica.bo/la-oea-no-informo-que-hubo-fraude-electoral-en-las-elecciones-de-ecuador/,La OEA no informó que hubo fraude electoral en las elecciones de Ecuador,Falso,Alta
371,boliviaverifica.bo,https://boliviaverifica.bo/lionel-messi-no-sigue-al-candidato-javier-milei-en-instagram/,Lionel Messi no sigue al candidato Javier Milei en Instagram,Falso,Alta
372,boliviaverifica.bo,https://boliviaverifica.bo/argentina-infobae-no-informo-que-lionel-messi-expreso-su-apoyo-al-candidato-presidencial-javier-milei/,Argentina: Infobae no informó que Lionel Messi expresó su apoyo al candidato presidencial Javier Milei,Falso,Alta
373,boliviaverifica.bo,https://boliviaverifica.bo/morales-no-tuiteo-que-no-se-postulara-en-las-elecciones-de-2025/,Morales no tuiteó que no se postulará en las elecciones generales de 2025,Falso,Alta
374,boliviaverifica.bo,https://boliviaverifica.bo/romero-no-dijo-que-morales-confia-en-el-como-su-candidato-a-la-vicepresidencia-en-2025/,Romero no dijo que Morales confía en él como su candidato a la vicepresidencia en 2025,Falso,Alta
375,boliviaverifica.bo,https://boliviaverifica.bo/reynaldo-ezequiel-no-anuncio-que-sera-el-proximo-candidato-a-la-gobernacion-crucena/,Reynaldo Ezequiel no anunció que será el próximo candidato a la Gobernación cruceña,Falso,Alta
376,boliviaverifica.bo,https://boliviaverifica.bo/ni-unitel-ni-red-uno-difundieron-fotocitas-de-calvo-sobre-elecciones-civicas-en-santa-cruz/,Ni Unitel ni Red Uno difundieron fotocitas de Calvo sobre elecciones cívicas en Santa Cruz,Falso,Alta
377,boliviaverifica.bo,https://boliviaverifica.bo/el-candidato-del-mas-si-gano-la-eleccion-municipal-en-la-guardia/,El candidato del MAS sí ganó la elección municipal en La Guardia,Falso,Alta
378,boliviaverifica.bo,https://boliviaverifica.bo/video-del-conflicto-chileno-de-2019-circula-como-actual-tras-recientes-elecciones-en-colombia/,Video del conflicto chileno de 2019 circula como actual tras recientes elecciones en Colombia,Falso,Alta
379,boliviaverifica.bo,https://boliviaverifica.bo/no-es-verdad-que-nadia-cruz-incremento-su-salario-como-senala-este-candidato-a-defensor/,No es verdad que Nadia Cruz incrementó su salario como señala este candidato a defensor,Falso,Alta
380,boliviaverifica.bo,https://boliviaverifica.bo/no-la-att-no-esta-contactando-para-anunciar-premios-por-whatsapp/,"No, la ATT no está contactando para anunciar premios por WhatsApp",Falso,Alta
381,boliviaverifica.bo,https://boliviaverifica.bo/evo-morales-no-tuiteo-felicitaciones-a-eduardo-cortez-candidato-a-rector-de-la-uajms-en-tarija/,"Evo Morales no tuiteó “felicitaciones” a Eduardo Cortez, candidato a rector de la UAJMS en Tarija",Falso,Alta
382,boliviaverifica.bo,https://boliviaverifica.bo/carlos-valverde-dijo-que-no-hubo-fraude-pero-se-refirio-a-las-elecciones-generales-2020-no-a-las-del-2019/,"Carlos Valverde dijo que no hubo fraude pero se refirió a las Elecciones Generales 2020, no a las del 2019",Falso,Alta
383,boliviaverifica.bo,https://boliviaverifica.bo/falso-edgar-villegas-no-salio-a-afirmar-que-nunca-hubo-fraude/,"Falso, Édgar Villegas no salió a afirmar que “nunca hubo fraude”",Falso,Alta
384,boliviaverifica.bo,https://boliviaverifica.bo/rector-de-universidad-de-salamanca-no-nego-informe-sobre-el-caso-fraude-de-2019/,Rector de la Universidad de Salamanca no negó informe sobre el caso “fraude” de 2019,Falso,Alta
385,boliviaverifica.bo,https://boliviaverifica.bo/alteran-publicacion-de-bolivia-verifica-sobre-frase-de-luis-arce/,Alteran publicación de Bolivia Verifica sobre frase de Luis Arce,Falso,Alta
386,boliviaverifica.bo,https://boliviaverifica.bo/carlos-mesa-no-se-refirio-a-keiko-fujimori-y-la-acusacion-de-fraude-en-peru/,Carlos Mesa no se refirió a Keiko Fujimori y la acusación de fraude en Perú,Falso,Alta
387,boliviaverifica.bo,https://boliviaverifica.bo/es-falso-que-el-ministro-de-gobierno-recibio-el-voto-de-confianza-de-la-asamblea-legislativa/,Es falso que el ministro de Gobierno recibió el “voto de confianza” de la Asamblea Legislativa,Falso,Alta
388,boliviaverifica.bo,https://boliviaverifica.bo/el-ingeniero-villegas-no-denuncio-supuesto-fraude-en-las-elecciones-de-peru/,El ingeniero Villegas no denunció supuesto fraude en las elecciones de Perú,Falso,Alta
389,boliviaverifica.bo,https://boliviaverifica.bo/luis-arce-no-ofrecio-el-tri-bono-de-ayuda-durante-su-campana-los-reclamos-en-redes-no-tienen-fundamento/,"Luis Arce no ofreció el “tri bono de ayuda” durante su campaña, los reclamos en redes no tienen fundamento",Falso,Alta
390,boliviaverifica.bo,https://boliviaverifica.bo/la-red-uno-no-publico-que-ivan-arias-y-eva-copa-hayan-realizado-una-alianza/,Red Uno no publicó que Iván Arias y Eva Copa hayan realizado una alianza,Falso,Alta
391,boliviaverifica.bo,https://boliviaverifica.bo/camacho-no-aseguro-que-se-reunira-con-eva-copa-para-las-elecciones-del-2025/,Camacho no aseguró que se reunirá con Eva Copa para las elecciones del 2025,Falso,Alta
392,boliviaverifica.bo,https://boliviaverifica.bo/carlos-valverde-no-menciono-que-tarija-siempre-elige-a-la-misma-lacra/,Carlos Valverde no mencionó que Tarija siempre elige a la misma ‘lacra’,Falso,Alta
393,boliviaverifica.bo,https://boliviaverifica.bo/falso-salvador-romero-no-presento-un-libro-sobre-fraudes-electorales/,"Falso, Salvador Romero no presentó un libro sobre fraudes electorales",Falso,Alta
394,boliviaverifica.bo,https://boliviaverifica.bo/creemos-no-esta-realizando-subasta-de-la-camiseta-de-luis-fernando-camacho/,Creemos no está realizando subasta de la camiseta de Luis Fernando Camacho,Falso,Alta
395,boliviaverifica.bo,https://boliviaverifica.bo/dos-datos-falsos-sobre-los-vocales-del-tse-en-una-transmision-de-facebook/,Dos datos falsos sobre los vocales del TSE en una transmisión de Facebook,Falso,Alta
396,boliviaverifica.bo,https://boliviaverifica.bo/es-falso-que-el-alcalde-electo-de-potosi-dijo-que-evo-morales-no-tiene-pisada-en-su-ciudad/,Es falso que el alcalde electo de Potosí dijo que Evo Morales “no tiene pisada” en su ciudad,Falso,Alta
397,boliviaverifica.bo,https://boliviaverifica.bo/falso-el-mas-no-gano-en-tarija-como-indicaba-una-publicacion-de-alvaro-ruiz/,"Falso, el MAS no ganó en Tarija como indicaba una publicación de Álvaro Ruiz",Falso,Alta
398,boliviaverifica.bo,https://boliviaverifica.bo/falso-en-tarija-no-hubo-resultados-en-boca-de-urna/,Falso: en Tarija no hubo resultados en boca de urna,Falso,Alta
399,boliviaverifica.bo,https://boliviaverifica.bo/no-no-hay-anforas-de-bermejo-instaladas-en-la-provincia-cercado-de-tarija/,"No, no hay ánforas de Bermejo instaladas en la provincia Cercado de Tarija",Falso,Alta
400,boliviaverifica.bo,https://boliviaverifica.bo/el-presidente-luis-arce-no-revelo-que-voto-por-jallalla-la-paz/,El presidente Luis Arce no reveló que votó por Jallalla La Paz,Falso,Alta
401,boliviaverifica.bo,https://boliviaverifica.bo/usan-imagen-de-senadora-del-mas-para-pedir-voto-por-el-mts-en-pando/,Usan imagen de senadora del MAS para pedir voto por el MTS en Pando,Falso,Alta
402,boliviaverifica.bo,https://boliviaverifica.bo/esposa-de-candidato-oscar-montes-no-recibio-la-vacuna-contra-la-covid-19/,Esposa de candidato Oscar Montes no recibió la vacuna contra la Covid-19,Falso,Alta
403,boliviaverifica.bo,https://boliviaverifica.bo/comunicado-falso-el-tse-no-informo-sobre-la-suspension-del-certificado-de-sufragio-en-tramites-post-electorales/,¡Comunicado falso! El TSE no informó sobre la suspensión del certificado de sufragio en trámites post electorales,Falso,Alta
404,boliviaverifica.bo,https://boliviaverifica.bo/unitel-no-difundio-encuestas-para-la-segunda-vuelta-electoral-en-la-paz/,Unitel no difundió ninguna encuesta para la segunda vuelta electoral en La Paz,Falso,Alta
405,boliviaverifica.bo,https://boliviaverifica.bo/alcaldesa-electa-de-cobija-no-pidio-apoyar-al-mas-en-la-segunda-vuelta-electoral/,Alcaldesa electa de Cobija no pidió apoyar al MAS en la segunda vuelta electoral,Falso,Alta
406,boliviaverifica.bo,https://boliviaverifica.bo/la-youtuber-warmi-rosa-no-publico-una-imagen-apoyando-a-franklin-flores/,La youtuber Warmi Rosa no publicó una imagen apoyando a Franklin Flores,Falso,Alta
407,boliviaverifica.bo,https://boliviaverifica.bo/la-universidad-tarijena-no-publico-ninguna-encuesta-electoral/,La Universidad tarijeña no publicó ninguna encuesta electoral,Falso,Alta
408,boliviaverifica.bo,https://boliviaverifica.bo/el-deber-no-publico-que-franklin-flores-posee-tierras-en-ixiamas/,El Deber no publicó que Franklin Flores posee tierras en Ixiamas,Falso,Alta
409,boliviaverifica.bo,https://boliviaverifica.bo/global-politica-y-tu-voto-no-estan-habilitadas-para-elaborar-y-difundir-estudios-de-opinion/,Global Política y Tu Voto no están habilitadas para elaborar y difundir estudios de opinión,Falso,Alta
410,boliviaverifica.bo,https://boliviaverifica.bo/atribuyen-una-falsa-frase-a-periodista-andres-gomez-vela/,Atribuyen una falsa frase a periodista Andrés Gómez Vela,Falso,Alta
411,boliviaverifica.bo,https://boliviaverifica.bo/encuestas-electorales-de-redes-sociales-no-estan-permitidas/,Encuestas electorales de redes sociales no están permitidas,Falso,Alta
412,boliviaverifica.bo,https://boliviaverifica.bo/rafael-quispe-no-poso-en-una-fotografia-junto-a-franklin-flores-y-lidia-patty/,Rafael Quispe no posó en una fotografía junto a Franklin Flores y Lidia Patty,Falso,Alta
413,boliviaverifica.bo,https://boliviaverifica.bo/cadena-digital-sucre-no-es-una-entidad-autorizada-por-el-tse-para-realizar-estudios-de-opinion-en-materia-electoral/,Cadena Digital Sucre no es una entidad autorizada por el TSE para realizar estudios de opinión en materia electoral,Falso,Alta
414,boliviaverifica.bo,https://boliviaverifica.bo/oscar-montes-no-se-escapo-del-debate-electoral-en-tarija/,Oscar Montes no se “escapó” del debate electoral en Tarija,Falso,Alta
415,boliviaverifica.bo,https://boliviaverifica.bo/no-es-verdad-que-franklin-flores-mas-afirmo-que-los-medicos-se-contagian-a-proposito/,No es verdad que Franklin Flores (MAS) afirmó que “los médicos se contagian a propósito”,Falso,Alta
416,boliviaverifica.bo,https://boliviaverifica.bo/unitel-no-presento-encuesta-para-la-segunda-vuelta-en-tarija/,Unitel no presentó encuesta para la segunda vuelta en Tarija,Falso,Alta
417,boliviaverifica.bo,https://boliviaverifica.bo/concejal-electo-de-cochabamba-no-fue-condenado-a-diez-anos-de-prision/,Concejal electo de Cochabamba no fue condenado a diez años de prisión,Falso,Alta
418,boliviaverifica.bo,https://boliviaverifica.bo/imagenes-con-militantes-de-unidos-y-del-mas-en-tarija-no-son-de-un-pacto-entre-ambos/,Imágenes con militantes de Unidos y del MAS en Tarija no son de un “pacto” entre ambos,Falso,Alta
419,boliviaverifica.bo,https://boliviaverifica.bo/unitel-no-difundio-encuestas-para-segunda-vuelta-a-la-gobernacion-de-la-paz/,Unitel no difundió encuestas para segunda vuelta a la Gobernación de La Paz,Falso,Alta
420,boliviaverifica.bo,https://boliviaverifica.bo/falsa-encuesta-de-intencion-de-voto-en-tarija-da-como-ganador-al-candidato-del-mas/,Falsa encuesta de intención de voto en Tarija da como ganador al candidato del MAS,Falso,Alta
421,boliviaverifica.bo,https://boliviaverifica.bo/circula-declaracion-falsa-de-luis-fernando-camacho-a-santos-quispe/,Circula declaración falsa de Luis Fernando Camacho a Santos Quispe,Falso,Alta
422,boliviaverifica.bo,https://boliviaverifica.bo/jallalla-la-paz-no-hizo-alianza-con-somos-pueblo/,Jallalla La Paz no hizo alianza con Somos Pueblo,Falso,Alta
423,boliviaverifica.bo,https://boliviaverifica.bo/rafael-quispe-no-menciono-un-acuerdo-con-santos-quispe-para-la-segunda-vuelta-a-la-gobernacion-de-la-paz/,Rafael Quispe no mencionó un acuerdo con Santos Quispe para la segunda vuelta a la Gobernación de La Paz,Falso,Alta
424,boliviaverifica.bo,https://boliviaverifica.bo/candidato-del-mas-no-insulto-a-dirigente-segundina-flores/,Candidato del MAS no insultó a dirigente Segundina Flores,Falso,Alta
425,boliviaverifica.bo,https://boliviaverifica.bo/franklin-flores-no-critico-al-ciudadano-frances-alexis-dessard/,Franklin Flores no criticó al ciudadano francés Alexis Dessard,Falso,Alta
426,boliviaverifica.bo,https://boliviaverifica.bo/manipulan-titular-de-opinion-para-atribuir-una-declaracion-falsa-a-santos-quispe/,Manipulan titular de Opinión para atribuir una declaración falsa a Santos Quispe,Falso,Alta
427,boliviaverifica.bo,https://boliviaverifica.bo/falso-luis-fernando-camacho-no-menciono-que-financiara-a-santos-quispe/,Falso: Luis Fernando Camacho no mencionó que financiará a Santos Quispe,Falso,Alta
428,boliviaverifica.bo,https://boliviaverifica.bo/la-universidad-de-massachusetts-no-se-pronuncio-sobre-las-elecciones-de-2019-en-bolivia/,La Universidad de Massachusetts no se pronunció sobre las elecciones de 2019 en Bolivia,Falso,Alta
429,boliviaverifica.bo,https://boliviaverifica.bo/falsifican-comunicados-de-jallalla-para-desinformar-a-la-poblacion/,Falsifican comunicados de Jallalla para desinformar a la población sobre supuestas alianzas,Falso,Alta
430,boliviaverifica.bo,https://boliviaverifica.bo/manipulan-imagen-de-la-entrevista-de-evo-morales-en-canal-televisivo-argentino/,Manipulan imagen de la entrevista de Evo Morales en canal televisivo argentino,Falso,Alta
431,boliviaverifica.bo,https://boliviaverifica.bo/circula-falso-mandamiento-de-aprehension-en-contra-del-tata-quispe/,Circula falso mandamiento de aprehensión en contra del “Tata” Quispe,Falso,Alta
432,boliviaverifica.bo,https://boliviaverifica.bo/el-pais-de-tarija-no-publico-que-el-candidato-del-mas-usara-recursos-de-tariquia-para-pagar-bonos/,El País de Tarija no publicó que el candidato del MAS usará recursos de Tariquía para pagar bonos,Falso,Alta
433,boliviaverifica.bo,https://boliviaverifica.bo/el-joven-que-aparece-con-candidatos-del-mas-no-es-funcionario-del-tribunal-electoral/,El joven que aparece con candidatos del MAS no es funcionario del Tribunal Electoral,Falso,Alta
434,boliviaverifica.bo,https://boliviaverifica.bo/no-es-cierto-que-el-padron-crecio-30-en-provincias-para-favorecer-al-mas/,No es cierto que el padrón creció 30% en provincias para favorecer al MAS,Falso,Alta
435,boliviaverifica.bo,https://boliviaverifica.bo/falso-ivan-arias-no-dijo-que-el-acoso-es-algo-normal/,"Falso, Iván Arias no dijo que el acoso “es algo normal”",Falso,Alta
436,boliviaverifica.bo,https://boliviaverifica.bo/el-tribuno-de-argentina-no-titulo-sobre-el-supuesto-voto-gaucho-en-bolivia/,El Tribuno de Argentina no tituló sobre el supuesto “voto gaucho” en Bolivia,Falso,Alta
437,boliviaverifica.bo,https://boliviaverifica.bo/periodico-beniano-no-publico-que-ivan-arias-invito-a-jeanine-anez-a-trabajar-en-la-alcaldia/,Periódico beniano no publicó que Iván Arias invitó a Jeanine Áñez a trabajar en la Alcaldía,Falso,Alta
438,boliviaverifica.bo,https://boliviaverifica.bo/la-union-juvenil-crucenista-no-convoco-a-defender-el-voto-afuera-de-la-feria-expocruz/,La Unión Juvenil Cruceñista no convocó a defender el voto afuera de la feria Expocruz,Falso,Alta
439,boliviaverifica.bo,https://boliviaverifica.bo/nota-sobre-una-supuesta-encuesta-de-unitel-no-paso-por-el-radar-de-bolivia-verifica/,Nota sobre una supuesta encuesta de Unitel no pasó por el radar de Bolivia Verifica,Falso,Alta
440,boliviaverifica.bo,https://boliviaverifica.bo/imagen-de-la-papeleta-de-sufragio-no-es-un-requisito-para-acceder-a-bonos-sociales/,Imagen de la papeleta de sufragio no es un requisito para acceder a bonos sociales,Falso,Alta
441,boliviaverifica.bo,https://boliviaverifica.bo/es-falso-que-focaliza-este-parcializada-con-gary-anez/,Es falso que Focaliza esté parcializada con Gary Añez,Falso,Alta
442,boliviaverifica.bo,https://boliviaverifica.bo/ivan-arias-no-fue-denunciado-por-acoso-en-su-mesa-de-votacion/,Iván Arias no fue denunciado por acoso en su mesa de votación,Falso,Alta
443,boliviaverifica.bo,https://boliviaverifica.bo/tuit-falso-evo-morales-no-publico-que-las-encuestas-son-pagadas-por-el-imperio/,Tuit falso: Evo Morales no publicó que “las encuestas son pagadas por el imperio”,Falso,Alta
444,boliviaverifica.bo,https://boliviaverifica.bo/circula-una-cadena-de-whatsapp-con-informacion-falsa-sobre-resultado-electoral/,Circula una cadena de WhatsApp con información falsa sobre el resultado electoral,Falso,Alta
445,boliviaverifica.bo,https://boliviaverifica.bo/manipulan-portada-de-pagina-siete-con-informacion-sobre-juan-ramon-quintana/,Manipulan portada de Página Siete con información sobre Juan Ramón Quintana,Falso,Alta
446,boliviaverifica.bo,https://boliviaverifica.bo/evo-morales-da-datos-falsos-sobre-resultados-en-boca-de-urna/,Evo Morales da datos falsos sobre resultados en boca de urna,Falso,Alta
447,boliviaverifica.bo,https://boliviaverifica.bo/no-es-cierto-que-la-ocd-detecto-840-mesas-electorales-observadas/,No es cierto que la OCD detectó 840 mesas electorales observadas,Falso,Alta
448,boliviaverifica.bo,https://boliviaverifica.bo/es-falso-que-quienes-no-pudieron-ejercer-su-voto-podran-sufragar-la-siguiente-semana/,"Es falso que quienes no pudieron ejercer su voto, podrán sufragar la siguiente semana",Falso,Alta
449,boliviaverifica.bo,https://boliviaverifica.bo/falso-la-empresa-peruana-de-investigacion-imasen-no-realizo-encuestas-en-bolivia/,"Falso: La empresa peruana de investigación, Imasen, no realizó encuestas en Bolivia",Falso,Alta
450,boliviaverifica.bo,https://boliviaverifica.bo/subnacionales-2021-no-son-las-papeletas-oficiales-sino-las-informativas/,"Subnacionales 2021: No son las papeletas oficiales, sino las informativas",Falso,Alta
451,boliviaverifica.bo,https://boliviaverifica.bo/usan-imagen-de-la-patria-para-publicar-falsos-anuncios-aludidos-a-un-candidato-de-oruro/,Usan imagen de La Patria para publicar falsos anuncios de un candidato en Oruro,Falso,Alta
452,boliviaverifica.bo,https://boliviaverifica.bo/atribuyen-una-publicacion-falsa-a-pagina-siete-sobre-nelson-cox-y-el-supuesto-bono-de-bs-1500/,Atribuyen una publicación falsa a Página Siete sobre Nelson Cox y el supuesto bono de Bs. 1500,Falso,Alta
453,boliviaverifica.bo,https://boliviaverifica.bo/marcelo-medina-candidato-a-la-alcaldia-orurena-no-declino-su-candidatura/,"Marcelo Medina, candidato a la Alcaldía orureña, no declinó su candidatura",Falso,Alta
454,boliviaverifica.bo,https://boliviaverifica.bo/evo-morales-no-tuiteo-que-si-humberto-sanchez-gana-la-gobernacion-tiene-garantizado-un-regalo/,Evo Morales no tuiteó que si Humberto Sánchez gana la Gobernación tiene garantizado un regalo,Falso,Alta
455,boliviaverifica.bo,https://boliviaverifica.bo/cecilia-huanca-desmiente-ser-candidata-a-concejal-y-tener-contacto-virtual-con-ivan-arias/,Cecilia Huanca desmiente ser candidata a concejal y tener contacto virtual con Iván Arias,Falso,Alta
456,boliviaverifica.bo,https://boliviaverifica.bo/las-4-falsedades-para-danar-el-proceso-electoral-que-se-difunden-en-la-plaza-24-de-septiembre/,Las 4 falsedades para dañar el proceso electoral que se difunden en la plaza 24 de Septiembre,Falso,Alta
457,boliviaverifica.bo,https://boliviaverifica.bo/activista-melisa-ibarra-no-publico-agresivo-tweet-contra-las-mujeres/,Activista Melisa Ibarra no publicó agresivo tuit contra las mujeres,Falso,Alta
458,boliviaverifica.bo,https://boliviaverifica.bo/con-un-video-de-puerto-quijarro-aseguran-que-gary-anez-paga-bs-100-a-sus-seguidores/,Con un video de Puerto Quijarro aseguran que Gary Añez paga Bs. 100 a sus seguidores,Falso,Alta
459,boliviaverifica.bo,https://boliviaverifica.bo/es-falso-que-se-eliminaron-los-metadatos-de-las-actas-de-votacion-de-las-elecciones-2020/,Es falso que se eliminaron los metadatos de las actas de votación de las elecciones 2020,Falso,Alta
460,boliviaverifica.bo,https://boliviaverifica.bo/los-recibos-que-indican-que-elio-montes-envio-dinero-a-camacho-y-arias-son-falsos/,Los recibos que indican que Elio Montes envió dinero a Camacho y Arias son falsos,Falso,Alta
461,boliviaverifica.bo,https://boliviaverifica.bo/circula-una-falsa-encuesta-de-intencion-de-voto-para-la-gobernacion-de-santa-cruz/,Circula una falsa encuesta de intención de voto para la Gobernación de Santa Cruz,Falso,Alta
462,boliviaverifica.bo,https://boliviaverifica.bo/jallalla-la-paz-no-anuncio-que-se-retira-de-las-elecciones-en-la-paz/,"Falso, Jallalla no anunció que se retira de las elecciones en La Paz",Falso,Alta
463,boliviaverifica.bo,https://boliviaverifica.bo/no-es-verdad-que-la-gobernacion-de-santa-cruz-no-construyo-ningun-instituto-tecnologico-como-afirmo-adriana-salvatierra/,Es falso que la Gobernación de Santa Cruz no construyó ningún instituto tecnológico,Falso,Alta
464,boliviaverifica.bo,https://boliviaverifica.bo/eva-copa-es-victima-de-una-noticia-falsa-sobre-la-tragedia-suscitada-en-la-upea/,Eva Copa es víctima de una noticia falsa sobre la tragedia suscitada en la UPEA,Falso,Alta
465,boliviaverifica.bo,https://boliviaverifica.bo/jhonny-fernandez-no-aprobo-el-poa-2021-como-aseguro-angelica-sosa-en-el-debate/,Jhonny Fernández no aprobó el POA 2021 como aseguró Angélica Sosa en el debate,Falso,Alta
466,boliviaverifica.bo,https://boliviaverifica.bo/el-hombre-que-acosa-a-una-mujer-en-un-ascensor-no-es-ivan-arias-el-video-es-de-otro-pais/,"El hombre que acosa a una mujer en un ascensor no es Iván Arias, el video es de otro país",Falso,Alta
467,boliviaverifica.bo,https://boliviaverifica.bo/samuel-doria-medina-no-publico-un-tuit-en-apoyo-a-candidatos-de-tarija/,Samuel Doria Medina no publicó un tuit en apoyo a candidatos de Tarija,Falso,Alta
468,boliviaverifica.bo,https://boliviaverifica.bo/zacarias-maquera-no-pidio-que-voten-por-el-mas-porque-le-debe-favores-a-wilma-alanoca/,Zacarías Maquera no pidió que voten por el MAS porque le debe favores a Wilma Alanoca,Falso,Alta
469,boliviaverifica.bo,https://boliviaverifica.bo/evo-morales-no-tuiteo-que-es-una-obligacion-votar-por-nelson-cox/,Evo Morales no tuiteó que es “una obligación” votar por Nelson Cox,Falso,Alta
470,boliviaverifica.bo,https://boliviaverifica.bo/cesar-dockweiler-postergo-el-acto-de-campana-del-2-de-marzo-la-imagen-que-circula-en-redes-es-falsa/,"César Dockweiler postergó el acto de campaña del 2 de marzo, la imagen que circula en redes es falsa",Falso,Alta
471,boliviaverifica.bo,https://boliviaverifica.bo/luis-fernando-camacho-no-dijo-que-pretende-eliminar-los-examenes-escritos-para-los-universitarios/,Luis Fernando Camacho no dijo que pretende eliminar los exámenes escritos para los universitarios,Falso,Alta
472,boliviaverifica.bo,https://boliviaverifica.bo/helicoptero-estatal-no-fue-utilizado-durante-el-cierre-de-campana-del-mas-en-yapacani/,Helicóptero estatal no fue utilizado durante el cierre de campaña del MAS en Yapacaní,Falso,Alta
473,boliviaverifica.bo,https://boliviaverifica.bo/manfred-reyes-villa-no-ha-sido-rehabilitado-como-candidato-para-la-alcaldia-de-cochabamba/,Manfred Reyes Villa no ha sido rehabilitado como candidato para la Alcaldía de Cochabamba,Falso,Alta
474,boliviaverifica.bo,https://boliviaverifica.bo/no-esta-comprobado-que-la-ivermectina-baje-la-carga-viral-del-coronavirus-como-afirma-un-candidato-en-tarija/,"No está comprobado que la ivermectina baje la carga viral del coronavirus, como afirma un candidato en Tarija",Falso,Alta
475,boliviaverifica.bo,https://boliviaverifica.bo/circula-comunicado-falso-sobre-la-alcaldia-pacena/,Circula comunicado falso sobre la Alcaldía paceña,Falso,Alta
476,boliviaverifica.bo,https://boliviaverifica.bo/encuestas-falsas-de-intencion-de-voto-en-cochabamba-benefician-a-nelson-cox/,Encuestas falsas de intención de voto en Cochabamba benefician a Nelson Cox,Falso,Alta
477,boliviaverifica.bo,https://boliviaverifica.bo/encuestas-falsas-de-intencion-de-voto-en-tarija-benefician-a-adrian-oliva/,Encuestas falsas de intención de voto en Tarija benefician a Adrián Oliva,Falso,Alta
478,boliviaverifica.bo,https://boliviaverifica.bo/atribuyen-a-cesar-dockweiler-una-declaracion-falsa-sobre-eva-copa-y-santos-quispe/,Atribuyen a César Dockweiler una declaración falsa sobre Eva Copa y Santos Quispe,Falso,Alta
479,boliviaverifica.bo,https://boliviaverifica.bo/eva-copa-no-dijo-que-si-habla-de-arce-y-el-partido-ambos-se-caen-a-pedazos/,"Eva Copa no dijo que si habla de Arce y el partido, ambos ‘se caen a pedazos’",Falso,Alta
480,boliviaverifica.bo,https://boliviaverifica.bo/bolivia-verifica-no-publico-ninguna-afirmacion-sobre-una-encuesta-en-oruro/,Bolivia Verifica no publicó ninguna afirmación sobre una encuesta en Oruro,Falso,Alta
481,boliviaverifica.bo,https://boliviaverifica.bo/usan-fotos-antiguas-de-las-hijas-del-candidato-tarijeno-oscar-montes-para-desinformar/,Usan fotos antiguas de las hijas del candidato tarijeño Oscar Montes para desinformar,Falso,Alta
482,boliviaverifica.bo,https://boliviaverifica.bo/el-tuit-en-el-que-samuel-doria-medina-brinda-su-apoyo-a-ivan-arias-es-falso/,El tuit en el que Samuel Doria Medina brinda su apoyo a Iván Arias es falso,Falso,Alta
483,boliviaverifica.bo,https://boliviaverifica.bo/encuesta-falsa-muestra-resultados-que-benefician-a-ivan-arias-en-la-paz/,Encuesta falsa muestra resultados que benefician a Iván Arias en La Paz,Falso,Alta
484,boliviaverifica.bo,https://boliviaverifica.bo/circula-falsa-publicacion-sobre-eva-copa-y-una-frase-del-movimiento-pitita/,Circula falsa publicación sobre Eva Copa y una frase del movimiento ‘pitita’,Falso,Alta
485,boliviaverifica.bo,https://boliviaverifica.bo/encuestas-falsas-de-candidatos-a-la-alcaldia-crucena-circulan-por-facebook/,Encuestas falsas de candidatos a la Alcaldía cruceña circulan por Facebook,Falso,Alta
486,boliviaverifica.bo,https://boliviaverifica.bo/difunden-video-de-protestas-en-ecuador-como-si-fuese-una-proclamacion-del-mas/,Difunden video de protestas en Ecuador como si fuese una proclamación del MAS,Falso,Alta
487,boliviaverifica.bo,https://boliviaverifica.bo/encuestas-falsas-de-candidatos-a-la-alcaldia-crucena-favorecen-a-johnny-fernandez/,Encuestas falsas de candidatos a la Alcaldía cruceña favorecen a Johnny Fernández,Falso,Alta
488,boliviaverifica.bo,https://boliviaverifica.bo/difunden-falsas-encuestas-de-intencion-de-voto-en-tarija/,Difunden falsas encuestas de intención de voto en Tarija,Falso,Alta
489,boliviaverifica.bo,https://boliviaverifica.bo/franklin-flores-no-se-refirio-al-recibimiento-que-tuvo-evo-morales-en-el-alto/,Franklin Flores no se refirió al recibimiento que tuvo Evo Morales en El Alto,Falso,Alta
490,boliviaverifica.bo,https://boliviaverifica.bo/las-encuestas-realizadas-a-traves-de-facebook-no-estan-autorizadas-por-el-tse/,Las encuestas realizadas a través de Facebook no están autorizadas por el TSE,Falso,Alta
491,boliviaverifica.bo,https://boliviaverifica.bo/usan-imagen-de-erbol-para-difundir-declaraciones-falsas-de-segundina-flores/,Usan imagen de Erbol para difundir declaraciones falsas de Segundina Flores,Falso,Alta
492,boliviaverifica.bo,https://boliviaverifica.bo/falso-tuit-de-morales-indica-que-si-el-mas-pierde-en-el-alto-no-habra-obras-para-esa-ciudad/,Falso tuit de Morales indica que si el MAS pierde en El Alto no habrá obras para esa ciudad,Falso,Alta
493,boliviaverifica.bo,https://boliviaverifica.bo/es-falso-que-johnny-fernandez-entrega-celulares-como-regalo-de-campana-electoral/,Es falso que Johnny Fernández entrega celulares como regalo de campaña electoral,Falso,Alta
494,boliviaverifica.bo,https://boliviaverifica.bo/circula-una-falsa-encuesta-que-muestra-renida-eleccion-para-alcalde-en-tarija/,Circula una falsa encuesta que muestra reñida elección para alcalde en Tarija,Falso,Alta
495,boliviaverifica.bo,https://boliviaverifica.bo/ivan-arias-no-dijo-que-eliminara-los-telefericos-en-la-paz/,Iván Arias no dijo que eliminará los teleféricos en La Paz,Falso,Alta
496,boliviaverifica.bo,https://boliviaverifica.bo/eva-copa-no-dijo-que-arturo-murillo-es-alteno-ni-lo-defendio/,Eva Copa no dijo que Arturo Murillo es alteño ni lo defendió,Falso,Alta
497,boliviaverifica.bo,https://boliviaverifica.bo/alumbrado-publico-no-coloco-banderas-de-la-campana-de-santa-cruz-para-todos/,Alumbrado público no colocó banderas de la campaña de Santa Cruz para Todos,Falso,Alta
498,boliviaverifica.bo,https://boliviaverifica.bo/focaliza-no-realizo-encuestas-de-intencion-de-voto-para-la-alcaldia-de-potosi/,Focaliza no realizó encuestas de intención de voto para la Alcaldía de Potosí,Falso,Alta
499,boliviaverifica.bo,https://boliviaverifica.bo/manipulan-un-titular-de-anf-para-atribuir-declaraciones-falsas-a-eva-copa/,Manipulan un titular de ANF para atribuir declaraciones falsas a Eva Copa,Falso,Alta
500,boliviaverifica.bo,https://boliviaverifica.bo/cayo-el-techo-del-coliseo-de-arani-pero-no-fue-por-falta-de-pago-a-la-empresa-constructora/,Cayó el techo del coliseo de Arani pero no fue por falta de pago a la empresa constructora,Falso,Alta
501,boliviaverifica.bo,https://boliviaverifica.bo/franklin-flores-no-menciono-nada-sobre-trabajar-con-alcaldes-de-oposicion-si-es-electo-gobernador/,Franklin Flores no mencionó nada sobre trabajar con alcaldes de oposición si es electo gobernador,Falso,Alta
502,boliviaverifica.bo,https://boliviaverifica.bo/falsas-encuestas-de-votacion-para-la-gobernacion-y-alcaldia-crucena-circulan-en-facebook/,Falsas encuestas de votación para la Gobernación y Alcaldía cruceña circulan en Facebook,Falso,Alta
503,boliviaverifica.bo,https://boliviaverifica.bo/realizan-montaje-en-una-portada-de-el-pais-de-espana-para-denunciar-a-candidato-tarijeno/,Realizan montaje en una portada de El País de España para denunciar a candidato tarijeño,Falso,Alta
504,boliviaverifica.bo,https://boliviaverifica.bo/encuesta-falsa-de-candidatos-a-la-alcaldia-cochabambina-favorece-al-mas/,Encuesta falsa de candidatos a la Alcaldía cochabambina favorece al MAS,Falso,Alta
505,boliviaverifica.bo,https://boliviaverifica.bo/falsifican-un-tuit-de-jeanine-anez-para-indicar-que-respalda-a-ivan-arias/,Falsifican un tuit de Jeanine Áñez para indicar que respalda a Iván Arias,Falso,Alta
506,boliviaverifica.bo,https://boliviaverifica.bo/supuesta-encuesta-de-intencion-de-voto-pone-en-primer-lugar-a-cesar-dockweiler/,Supuesta encuesta de intención de voto pone en primer lugar a Cesar Dockweiler,Falso,Alta
507,boliviaverifica.bo,https://boliviaverifica.bo/data-inspiron-supuesta-encuestadora-no-aparece-en-el-listado-de-registro-del-tse/,"“Data inspiron”, supuesta encuestadora no aparece en el listado de registro del TSE",Falso,Alta
508,boliviaverifica.bo,https://boliviaverifica.bo/falsa-encuesta-crucena-posiciona-en-primer-lugar-a-gary-anez/,Encuesta falsa posiciona a Gary Áñez en primer lugar de intención de votos para alcaldía cruceña,Falso,Alta
509,boliviaverifica.bo,https://boliviaverifica.bo/intentan-enganar-a-la-poblacion-sobre-supuesta-cancelacion-del-perroton/,Intentan engañar a la población sobre supuesta cancelación del “Perrotón”,Falso,Alta
510,boliviaverifica.bo,https://boliviaverifica.bo/circula-fotografia-alterada-que-intenta-vincular-a-mario-cronenbold-con-un-candidato-de-creemos/,Circula fotografía alterada que intenta vincular a Mario Cronenbold con un candidato de Creemos,Falso,Alta
511,boliviaverifica.bo,https://boliviaverifica.bo/jeanine-anez-no-dijo-que-reyes-villa-ayudo-a-salir-del-pais-a-lopez-y-a-murillo/,Jeanine Áñez no dijo que Reyes Villa ayudó a salir del país a López y a Murillo,Falso,Alta
512,boliviaverifica.bo,https://boliviaverifica.bo/denuncia-de-cesar-dockweiler-sobre-el-cierre-de-un-centro-de-salud-es-falsa/,Actualizado: Denuncia de César Dockweiler sobre el cierre de un centro de salud es falsa,Falso,Alta
513,boliviaverifica.bo,https://boliviaverifica.bo/encuesta-de-validata-y-opinion-cruzada-sobre-candidatos-de-cochabamba-no-es-oficial/,“Validata” y “Opinión Cruzada” no son reconocidas por el TSE,Falso,Alta
514,boliviaverifica.bo,https://boliviaverifica.bo/luis-revilla-no-afirmo-que-la-continuidad-de-su-gestion-estara-representada-por-ivan-arias/,Luis Revilla no afirmó que “la continuidad de su gestión estará representada por Iván Arias”,Falso,Alta
515,boliviaverifica.bo,https://boliviaverifica.bo/no-carlos-mesa-no-menciono-que-con-su-presencia-se-podria-construir-una-nueva-y-mejorada-santa-cruz/,"No, Carlos Mesa no mencionó que con su presencia se podría construir una “nueva y mejorada Santa Cruz”",Falso,Alta
516,boliviaverifica.bo,https://boliviaverifica.bo/falso-manfred-reyes-villa-no-agradecio-el-apoyo-de-jeanine-anez/,"Falso, Manfred Reyes Villa no agradeció el “apoyo” de Jeanine Áñez",Falso,Alta
517,boliviaverifica.bo,https://boliviaverifica.bo/imagen-sobre-fallas-en-sistema-informatico-del-tse-no-corresponden-a-bolivia/,Imagen sobre fallas en sistema informático del TSE no corresponde a Bolivia,Falso,Alta
518,boliviaverifica.bo,https://boliviaverifica.bo/ivan-arias-no-entro-ebrio-a-entrevista-con-atb/,Iván Arias no entró ebrio a entrevista con ATB,Falso,Alta
519,boliviaverifica.bo,https://boliviaverifica.bo/jeanine-anez-no-felicito-a-ivan-arias-por-ultima-encuesta/,Jeanine Áñez no felicitó a Iván Arias por última encuesta,Falso,Alta
520,boliviaverifica.bo,https://boliviaverifica.bo/ivan-arias-no-mando-a-paralizar-obras-del-tren-metropolitano-cuando-era-ministro-pero-si-hubo-un-retraso/,"Iván Arias no mandó a paralizar obras del tren metropolitano cuando era ministro, pero sí hubo un retraso",Falso,Alta
521,boliviaverifica.bo,https://boliviaverifica.bo/gonzalo-torrez-no-renuncio-a-su-candidatura-a-la-alcaldia-de-tarija/,Gonzalo Torrez no renunció a su candidatura a la Alcaldía de Tarija,Falso,Alta
522,boliviaverifica.bo,https://boliviaverifica.bo/el-deber-no-publico-una-encuesta-que-muestra-a-angelica-sosa-en-primer-lugar/,El Deber no publicó una encuesta que muestra a Angélica Sosa en primer lugar,Falso,Alta
523,boliviaverifica.bo,https://boliviaverifica.bo/difunden-falsas-encuestas-de-intencion-de-voto-de-la-paz-y-santa-cruz-para-beneficiar-a-los-candidatos-del-mas/,Difunden falsas encuestas de intención de voto de La Paz y Santa Cruz para beneficiar a los candidatos del MAS,Falso,Alta
524,boliviaverifica.bo,https://boliviaverifica.bo/unitel-no-presento-encuesta-de-candidatos-a-la-gobernacion-de-tarija/,Unitel no presentó encuesta de candidatos a la Gobernación de Tarija,Falso,Alta
525,boliviaverifica.bo,https://boliviaverifica.bo/cc-desmiente-que-guido-nayar-sea-jefe-de-campana-de-gary-anez/,CC desmiente que Guido Nayar sea jefe de campaña de Gary Añez,Falso,Alta
526,boliviaverifica.bo,https://boliviaverifica.bo/encuestas-no-autorizadas-sobre-las-subnacionales-circulan-en-redes-sociales/,Encuestas no autorizadas sobre las Subnacionales circulan en redes sociales,Falso,Alta
527,boliviaverifica.bo,https://boliviaverifica.bo/presidente-del-senado-no-afirmo-que-las-elecciones-no-se-postergarian-por-ordenes-de-los-cocales-del-tropico/,Presidente del Senado no afirmó que las elecciones no se postergarían por órdenes de los ‘cocales del Trópico’,Falso,Alta
528,boliviaverifica.bo,https://boliviaverifica.bo/publican-fotografia-antigua-de-eva-copa-para-vincularla-con-otras-personas/,Publican fotografía antigua de Eva Copa para vincularla con otras personas,Falso,Alta
529,boliviaverifica.bo,https://boliviaverifica.bo/falso-china-hace-mas-de-35-anos-que-no-construye-carreteras-no-construye-puentes-todo-es-inversion-extranjera/,"Falso: “China hace más de 35 años que no construye carreteras, no construye puentes. Todo es inversión extranjera”",Falso,Alta
530,boliviaverifica.bo,https://boliviaverifica.bo/con-un-video-del-2019-aseguran-que-el-candidato-franklin-flores-no-tiene-apoyo-en-los-yungas/,Con un video del 2019 aseguran que el candidato Franklin Flores no tiene apoyo en los Yungas,Falso,Alta
531,boliviaverifica.bo,https://boliviaverifica.bo/arias-no-hizo-cerrar-negocios-durante-su-campana-como-candidato-el-video-es-antiguo/,"Arias no hizo cerrar negocios durante su campaña como candidato, el video es antiguo",Falso,Alta
532,boliviaverifica.bo,https://boliviaverifica.bo/adriana-salvatierra-no-menciono-devolucion-de-tractores-en-debate-televisivo/,Adriana Salvatierra no mencionó devolución de tractores en debate televisivo,Falso,Alta
533,boliviaverifica.bo,https://boliviaverifica.bo/encuestas-falsas-de-intencion-de-voto-para-la-alcaldia-de-santa-cruz-circulan-en-redes-sociales/,Encuestas falsas de intención de voto para la Alcaldía de Santa Cruz circulan en redes sociales,Falso,Alta
534,boliviaverifica.bo,https://boliviaverifica.bo/crean-una-pagina-falsa-de-facebook-con-el-nombre-de-ciesmori-chuquisaca/,Crean una página falsa de Facebook con el nombre de “Ciesmori Chuquisaca”,Falso,Alta
535,boliviaverifica.bo,https://boliviaverifica.bo/cuidado-un-sitio-web-difunde-informacion-falsa-mediante-facebook/,¡Cuidado! Un sitio web difunde información falsa mediante Facebook,Falso,Alta
536,boliviaverifica.bo,https://boliviaverifica.bo/creemos-desmiente-publicacion-referida-a-camacho-sobre-vacunas-anti-covid-para-candidatos/,“Creemos” desmiente publicación referida a Camacho sobre vacunas anti covid para candidatos,Falso,Alta
537,boliviaverifica.bo,https://boliviaverifica.bo/jallalla-la-paz-desmiente-postulacion-de-chi-en-reemplazo-del-mallku/,“Jallalla La Paz” desmiente postulación de Chi en reemplazo del Mallku,Falso,Alta
538,boliviaverifica.bo,https://boliviaverifica.bo/termometro-de-falsedades-gobierno-candidatos-y-exautoridades-mintieron-sobre-coronavirus/,"Termómetro de falsedades: Gobierno, candidatos y exautoridades mintieron sobre coronavirus",Falso,Alta
539,boliviaverifica.bo,https://boliviaverifica.bo/subnacionales-2021-difunden-una-encuesta-con-resultados-falsos-de-tarija/,Subnacionales 2021: Difunden una encuesta con resultados falsos de Tarija,Falso,Alta
540,boliviaverifica.bo,https://boliviaverifica.bo/falsas-encuestas-de-votacion-para-la-alcaldia-de-trinidad-circulan-en-redes-sociales/,Falsas encuestas de votación para la Alcaldía de Trinidad circulan en redes sociales,Falso,Alta
541,boliviaverifica.bo,https://boliviaverifica.bo/nelson-cox-no-dijo-que-la-gente-de-la-zona-sur-de-cochabamba-es-ignorante/,Nelson Cox no dijo que la gente de la zona sur de Cochabamba es ignorante,Falso,Alta
542,boliviaverifica.bo,https://boliviaverifica.bo/circula-falsa-encuesta-que-da-preferencia-electoral-a-adriana-salvatierra/,Circula falsa encuesta que da preferencia electoral a Adriana Salvatierra,Falso,Alta
543,boliviaverifica.bo,https://boliviaverifica.bo/falso-evo-morales-no-dijo-que-con-muerte-del-mallku-tienen-ganada-la-gobernacion-de-la-paz/,"Falso, Evo Morales no dijo que con muerte del Mallku tienen “ganada” la Gobernación de La Paz",Falso,Alta
544,boliviaverifica.bo,https://boliviaverifica.bo/crean-cuenta-falsa-de-waldo-albarracin-en-twitter/,Crean cuenta falsa de Waldo Albarracín en Twitter,Falso,Alta
545,boliviaverifica.bo,https://boliviaverifica.bo/se-difunde-falsa-encuesta-de-intencion-de-voto-para-la-alcaldia-de-la-paz/,Se difunde falsa encuesta de intención de voto para la Alcaldía de La Paz,Falso,Alta
546,boliviaverifica.bo,https://boliviaverifica.bo/la-paz-bus-no-realizo-campana-por-el-candidato-cesar-dockweiler/,La Paz Bus no realizó campaña por el candidato César Dockweiler,Falso,Alta
547,boliviaverifica.bo,https://boliviaverifica.bo/la-encuesta-que-muestra-como-favorito-a-zacarias-maquera-en-el-alto-es-falsa/,La encuesta que muestra como favorito a Zacarías Maquera en El Alto es falsa,Falso,Alta
548,boliviaverifica.bo,https://boliviaverifica.bo/no-es-verdad-que-hay-que-dejar-de-usar-mascarillas-en-las-calles-como-dice-un-candidato-en-beni/,No es verdad que “hay que dejar de usar mascarillas en las calles” como dice un candidato en Beni,Falso,Alta
549,boliviaverifica.bo,https://boliviaverifica.bo/encuesta-que-favorece-a-eva-copa-no-es-oficial/,Encuesta que favorece a Eva Copa no es oficial,Falso,Alta
550,boliviaverifica.bo,https://boliviaverifica.bo/dos-encuestas-falsas-de-la-paz-y-santa-cruz-circulan-en-las-redes-sociales/,Dos encuestas falsas de La Paz y Santa Cruz circulan en las redes sociales,Falso,Alta
551,boliviaverifica.bo,https://boliviaverifica.bo/falso-yassir-molina-lider-de-la-rjc-no-postula-a-la-alcaldia-de-cochabamba/,"Falso: Yassir Molina, líder de la RJC, no postula a la Alcaldía de Cochabamba",Falso,Alta
552,boliviaverifica.bo,https://boliviaverifica.bo/falsas-declaraciones-atribuidas-el-ministro-del-castillo-y-al-ex-candidato-reynaldo-ezequiel-se-difunden-en-whatsapp/,Falsas declaraciones atribuidas el ministro Del Castillo y al ex candidato Reynaldo Ezequiel se difunden por WhatsApp,Falso,Alta
553,boliviaverifica.bo,https://boliviaverifica.bo/circula-falsa-encuesta-sobre-intencion-de-voto-para-la-gobernacion-de-santa-cruz/,Circula falsa encuesta sobre intención de voto para la gobernación de Santa Cruz,Falso,Alta
554,boliviaverifica.bo,https://boliviaverifica.bo/es-falso-que-el-tse-prepara-un-anuncio-para-suspender-las-elecciones/,Es falso que el TSE prepara un anuncio para suspender las elecciones,Falso,Alta
555,boliviaverifica.bo,https://boliviaverifica.bo/comunidad-ciudadana-no-se-unio-al-mas-para-las-elecciones-subnacionales-en-santa-cruz/,Comunidad Ciudadana no se unió al MAS para las elecciones subnacionales en Santa Cruz,Falso,Alta
556,boliviaverifica.bo,https://boliviaverifica.bo/usan-un-video-del-extranjero-para-culpar-a-felix-patzi-por-el-estado-de-las-carreteras/,Usan un video del extranjero para culpar a Félix Patzi por el estado de las carreteras,Falso,Alta
557,boliviaverifica.bo,https://boliviaverifica.bo/falso-rodriguez-no-dijo-que-si-hay-150-muertos-se-evaluara-la-suspension-de-elecciones/,Falso: Rodríguez no dijo que si hay 150 muertos se evaluará la suspensión de elecciones,Falso,Alta
558,boliviaverifica.bo,https://boliviaverifica.bo/falsa-encuesta-posiciona-en-primer-lugar-a-indecisos-en-santa-cruz-de-la-sierra/,Falsa encuesta posiciona en primer lugar a “indecisos” en Santa Cruz de la Sierra,Falso,Alta
559,boliviaverifica.bo,https://boliviaverifica.bo/eva-copa-no-relego-su-candidatura-a-la-alcaldia-de-el-alto/,Eva Copa no relegó su candidatura a la Alcaldía de El Alto,Falso,Alta
560,boliviaverifica.bo,https://boliviaverifica.bo/circula-falsa-encuesta-de-intencion-de-voto-en-santa-cruz/,Circula falsa encuesta de intención de voto en Santa Cruz,Falso,Alta
561,boliviaverifica.bo,https://boliviaverifica.bo/cesar-dockweiler-no-realizo-campana-en-instalaciones-de-mi-teleferico/,Cesar Dockweiler no realizó campaña en instalaciones de Mi Teleférico,Falso,Alta
562,boliviaverifica.bo,https://boliviaverifica.bo/es-falso-que-evo-se-disculpo-por-causar-conflictos-por-un-supuesto-dedazo/,Es falso que Evo se disculpó por causar conflictos por un supuesto ‘dedazo’,Falso,Alta
563,boliviaverifica.bo,https://boliviaverifica.bo/es-falso-arias-no-dijo-que-concedera-los-buses-pumakatari-a-los-transportistas-si-es-alcalde/,"Es falso, Arias no dijo que concederá los buses PumaKatari a los transportistas si es alcalde",Falso,Alta
564,boliviaverifica.bo,https://boliviaverifica.bo/eva-copa-no-declino-su-candidatura-y-tampoco-decidio-apoyar-al-postulante-del-mas/,Eva Copa no declinó su candidatura y tampoco decidió apoyar al postulante del MAS,Falso,Alta
565,boliviaverifica.bo,https://boliviaverifica.bo/ivan-arias-no-acordo-entregar-los-buses-pumakatari-a-los-transportistas/,Iván Arias no acordó entregar los buses PumaKatari a los transportistas,Falso,Alta
566,boliviaverifica.bo,https://boliviaverifica.bo/pumari-no-confirmo-su-candidatura-para-las-elecciones-subnacionales/,Pumari no confirmó su candidatura para las elecciones subnacionales,Falso,Alta
567,boliviaverifica.bo,https://boliviaverifica.bo/creemos-no-designo-a-mario-cronenbold-como-candidato-a-la-alcaldia-de-warnes/,Creemos no designó a Mario Cronenbold como candidato a la alcaldía de Warnes,Falso,Alta
568,boliviaverifica.bo,https://boliviaverifica.bo/militantes-de-cc-y-creemos-no-se-pelearon-en-santa-cruz/,Militantes de CC y Creemos no se pelearon en Santa Cruz,Falso,Alta
569,boliviaverifica.bo,https://boliviaverifica.bo/circula-encuesta-falsa-de-posibles-candidatos-a-la-alcaldia-crucena/,Circula encuesta falsa de posibles candidatos a la Alcaldía cruceña,Falso,Alta
570,boliviaverifica.bo,https://boliviaverifica.bo/falso-la-zona-norte-de-cochabamba-no-proclamo-a-yassir-molina-como-candidato-a-alcalde/,Falso: La zona norte de Cochabamba no proclamó a Yassir Molina como candidato a alcalde,Falso,Alta
571,boliviaverifica.bo,https://boliviaverifica.bo/evo-morales-no-anuncio-su-candidatura-a-gobernador-de-cochabamba/,Evo Morales no anunció su candidatura a gobernador de Cochabamba,Falso,Alta
572,boliviaverifica.bo,https://boliviaverifica.bo/mario-cronenbold-no-advirtio-con-irse-del-mas-si-procesan-a-murillo-y-anez/,Mario Cronenbold no advirtió con irse del MAS si procesan a Murillo y Áñez,Falso,Alta
573,boliviaverifica.bo,https://boliviaverifica.bo/continuan-las-teorias-de-fraude-electoral-en-estados-unidos/,Continúan las teorías de fraude electoral en Estados Unidos,Falso,Alta
574,boliviaverifica.bo,https://boliviaverifica.bo/no-es-verdad-que-bolivia-fue-victima-de-una-operacion-masiva-contra-la-democracia/,No es verdad que Bolivia fue víctima de una “operación masiva contra la democracia”,Falso,Alta
575,boliviaverifica.bo,https://boliviaverifica.bo/es-falso-que-soros-esta-preso-y-que-admitio-fraude-en-bolivia/,Es falso que Soros está preso y que admitió fraude en Bolivia,Falso,Alta
576,boliviaverifica.bo,https://boliviaverifica.bo/el-mas-aun-no-eligio-a-sus-candidatos-para-las-subnacionales/,El MAS aún no eligió a sus candidatos para las subnacionales,Falso,Alta
577,boliviaverifica.bo,https://boliviaverifica.bo/el-ministerio-de-gobierno-no-contacta-por-whatsapp-para-entregar-canastas-ni-bonos/,El Ministerio de Gobierno no contacta por WhatsApp para entregar canastas ni bonos,Falso,Alta
578,boliviaverifica.bo,https://boliviaverifica.bo/falso-no-se-usaron-las-maquinas-de-smartmatic-en-las-elecciones-en-bolivia/,"Falso, no se usaron las máquinas de Smartmatic en las elecciones en Bolivia",Falso,Alta
579,boliviaverifica.bo,https://boliviaverifica.bo/arce-no-menciono-un-plan-de-reactivacion-economica-que-involucre-a-las-afps/,Arce no mencionó un plan de reactivación económica que involucre a las AFPs,Falso,Alta
580,boliviaverifica.bo,https://boliviaverifica.bo/manipulan-fotografia-usando-la-imagen-del-presidente-del-tribunal-electoral/,Manipulan fotografía usando la imagen del presidente del Tribunal Electoral,Falso,Alta
581,boliviaverifica.bo,https://boliviaverifica.bo/el-mas-no-propuso-impuesto-cero-a-nuevos-emprendimientos/,El MAS no propuso “impuesto cero” a nuevos emprendimientos,Falso,Alta
582,boliviaverifica.bo,https://boliviaverifica.bo/tres-datos-falsos-en-una-cadena-de-whatsapp-sobre-las-elecciones/,Tres datos falsos en una cadena de WhatsApp sobre las elecciones,Falso,Alta
583,boliviaverifica.bo,https://boliviaverifica.bo/no-existe-una-alianza-entre-venceremos-y-soledad-chapeton/,No existe una alianza entre Venceremos y Soledad Chapetón,Falso,Alta
584,boliviaverifica.bo,https://boliviaverifica.bo/falso-el-sistema-informatico-del-tse-no-tiene-ninguna-relacion-con-venezuela/,"Falso, el sistema informático del TSE no tiene ninguna relación con Venezuela",Falso,Alta
585,boliviaverifica.bo,https://boliviaverifica.bo/el-cabildo-de-santa-cruz-del-2-de-noviembre-no-exigia-la-libertad-del-amor-gay/,El Cabildo de Santa Cruz del 2 de noviembre no exigía la libertad del amor gay,Falso,Alta
586,boliviaverifica.bo,https://boliviaverifica.bo/aun-no-se-lanzo-convocatoria-para-elecciones-subnacionales-circula-encuesta-falsa/,"Aún no se lanzó convocatoria para elecciones subnacionales, circula encuesta falsa",Falso,Alta
587,boliviaverifica.bo,https://boliviaverifica.bo/falso-no-hay-ningun-simbolo-bolivariano-en-los-certificados-de-sufragio/,"Falso, no hay ningún símbolo bolivariano en los certificados de sufragio",Falso,Alta
588,boliviaverifica.bo,https://boliviaverifica.bo/es-falso-que-una-diputada-del-mas-revelo-que-entregaron-actas-firmadas-a-los-candidatos/,Es falso que una diputada del MAS reveló que entregaron actas firmadas a los candidatos,Falso,Alta
589,boliviaverifica.bo,https://boliviaverifica.bo/no-es-cierto-que-cuatro-personas-firmaron-las-actas-de-un-municipio-en-potosi/,No es cierto que cuatro personas firmaron las actas de un municipio en Potosí,Falso,Alta
590,boliviaverifica.bo,https://boliviaverifica.bo/la-aduana-no-se-contacta-contigo-a-traves-de-llamadas/,La Aduana no se contacta contigo a través de llamadas,Falso,Alta
591,boliviaverifica.bo,https://boliviaverifica.bo/continua-la-difusion-de-supuestas-actas-electorales-manipuladas/,Continúa la difusión de supuestas actas electorales manipuladas,Falso,Alta
592,boliviaverifica.bo,https://boliviaverifica.bo/falso-no-le-quitaron-votos-a-creemos-para-aumentarlos-al-mas-en-una-mesa-de-warnes/,Falso: No le quitaron votos a Creemos para aumentarlos al MAS en una mesa de Warnes,Falso,Alta
593,boliviaverifica.bo,https://boliviaverifica.bo/voto-en-el-exterior-el-padron-no-se-duplico-y-solo-representa-el-411-del-electorado/,"Voto en el exterior: El padrón no se “duplicó” y solo representa el 4,11% del electorado",Falso,Alta
594,boliviaverifica.bo,https://boliviaverifica.bo/elecciones-generales-circula-un-archivo-de-excel-con-falsos-datos-de-votacion-en-espana/,Elecciones Generales: Circula un archivo de excel con falsos datos de votación en España,Falso,Alta
595,boliviaverifica.bo,https://boliviaverifica.bo/el-comite-civico-de-santa-cruz-no-solicito-la-anulacion-de-las-elecciones-de-2020/,El Comité Cívico de Santa Cruz no solicitó la anulación de las elecciones de 2020,Falso,Alta
596,boliviaverifica.bo,https://boliviaverifica.bo/manipulan-declaracion-de-ministro-ivan-arias-y-la-comparten-en-redes/,Manipulan declaración de ministro Iván Arias y la comparten en redes,Falso,Alta
597,boliviaverifica.bo,https://boliviaverifica.bo/es-falso-que-el-impuesto-a-las-grandes-fortunas-sera-a-partir-de-bs-500-000/,Es falso que el impuesto a las grandes fortunas será a partir de Bs 500.000,Falso,Alta
598,boliviaverifica.bo,https://boliviaverifica.bo/denuncia-falsa-civicos-dicen-que-se-anoto-menos-votos-a-favor-de-creemos-en-una-mesa-pero-no-es-cierto/,Denuncia falsa: Cívicos dicen que se anotó menos votos a favor de Creemos en una mesa pero no es cierto,Falso,Alta
599,boliviaverifica.bo,https://boliviaverifica.bo/alteran-imagen-de-la-oficina-europea-de-lucha-contra-el-fraude-para-publicar-informacion-falsa/,Alteran imagen de la Oficina Europea de Lucha contra el Fraude para publicar información falsa,Falso,Alta
600,boliviaverifica.bo,https://boliviaverifica.bo/luis-arce-no-prometio-un-paquete-de-tres-bonos-sociales/,Luis Arce no prometió un paquete de tres bonos sociales,Falso,Alta
601,boliviaverifica.bo,https://boliviaverifica.bo/falso-luis-almagro-no-pidio-disculpas-a-luis-arce-y-david-choquehuanca/,"Falso, Luis Almagro no pidió disculpas a Luis Arce y David Choquehuanca",Falso,Alta
602,boliviaverifica.bo,https://boliviaverifica.bo/transmision-de-mando-todavia-no-se-ha-definido-quienes-seran-los-invitados-a-la-posesion-de-luis-arce/,Transmisión de mando: todavía no se ha definido quiénes serán los invitados a la posesión de Luis Arce,Falso,Alta
603,boliviaverifica.bo,https://boliviaverifica.bo/es-falso-que-el-gobierno-impidio-que-evo-morales-vote-en-argentina/,Es falso que el gobierno impidió que Evo Morales vote en Argentina,Falso,Alta
604,boliviaverifica.bo,https://boliviaverifica.bo/es-falso-los-servidores-de-la-oep-no-vienen-de-argentina/,"ACTUALIZADA: Es falso, los servidores de la OEP no vienen de Argentina",Falso,Alta
605,boliviaverifica.bo,https://boliviaverifica.bo/denuncian-supuesta-desaparicion-de-actas-en-cochabamba/,Denuncian supuesta desaparición de actas en Cochabamba,Falso,Alta
606,boliviaverifica.bo,https://boliviaverifica.bo/santa-cruz-no-se-reunio-para-celebrar-la-victoria-del-mas/,Santa Cruz no se reunió para celebrar la victoria del MAS,Falso,Alta
607,boliviaverifica.bo,https://boliviaverifica.bo/no-es-verdad-que-la-persona-junto-a-mesa-sea-la-misma-junto-a-evo/,No es verdad que la persona junto a Mesa sea la misma junto a Evo,Falso,Alta
608,boliviaverifica.bo,https://boliviaverifica.bo/falso-utilizan-imagenes-para-afirmar-que-hay-un-fraude-electoral/,Falso: Utilizan imágenes para afirmar que hay un fraude electoral,Falso,Alta
609,boliviaverifica.bo,https://boliviaverifica.bo/es-falso-villegas-no-publico-que-nos-robaron-las-elecciones-ni-anuncio-su-presencia-en-un-programa-de-television/,"Es falso, Villegas no publicó que “nos robaron las elecciones” ni anunció su presencia en un programa de televisión",Falso,Alta
610,boliviaverifica.bo,https://boliviaverifica.bo/hay-publicaciones-falsas-que-usan-el-nombre-de-edgar-villegas-para-denunciar-fraude-electoral/,Hay publicaciones falsas que usan el nombre de Édgar Villegas para denunciar fraude electoral,Falso,Alta
611,boliviaverifica.bo,https://boliviaverifica.bo/circula-un-comunicado-falso-de-la-union-juvenil-crucenista/,Circula un comunicado falso de la Unión Juvenil Cruceñista,Falso,Alta
612,boliviaverifica.bo,https://boliviaverifica.bo/circula-nota-de-bloqueos-en-santa-cruz-de-2019-como-si-fuera-actual/,Circula nota de bloqueos en Santa Cruz de 2019 como si fuera actual,Falso,Alta
613,boliviaverifica.bo,https://boliviaverifica.bo/el-alcalde-de-tarija-no-presento-todavia-su-carta-de-renuncia/,"Alcalde tarijeño sí renunció a su cargo, pero carta que circula en redes es falsa",Falso,Alta
614,boliviaverifica.bo,https://boliviaverifica.bo/tuit-falso-anez-no-afirmo-que-carlos-mesa-gano-la-eleccion/,Tuit falso: Áñez no afirmó que Carlos Mesa ganó la elección,Falso,Alta
615,boliviaverifica.bo,https://boliviaverifica.bo/noticia-falsa-sostiene-que-luis-fernando-camacho-ha-salido-del-pais/,Noticia falsa sostiene que Luis Fernando Camacho ha salido del país,Falso,Alta
616,boliviaverifica.bo,https://boliviaverifica.bo/la-mujer-que-aparece-en-esta-fotografia-no-es-la-ex-esposa-de-camacho/,La mujer que aparece en esta fotografía no es la ex esposa de Camacho,Falso,Alta
617,boliviaverifica.bo,https://boliviaverifica.bo/video-muestra-un-registro-falso-de-votos-en-el-computo-oficial/,Video muestra un registro falso de votos en el cómputo oficial,Falso,Alta
618,boliviaverifica.bo,https://boliviaverifica.bo/luis-fernando-camacho-no-lloro-al-escuchar-el-computo-de-votos-como-indica-este-video/,Luis Fernando Camacho no lloró al escuchar el cómputo de votos como indica este video,Falso,Alta
619,boliviaverifica.bo,https://boliviaverifica.bo/circula-plantilla-falsa-con-el-logo-de-tu-voto-cuenta/,Circula plantilla falsa con el logo de “Tu Voto Cuenta”,Falso,Alta
620,boliviaverifica.bo,https://boliviaverifica.bo/messi-no-uso-una-polera-apoyando-a-camacho/,Messi no usó una polera apoyando a Camacho,Falso,Alta
621,boliviaverifica.bo,https://boliviaverifica.bo/usan-imagen-de-organismos-internacionales-para-mostrar-falsos-resultados-del-exterior/,Usan imagen de organismos internacionales para mostrar falsos resultados del exterior,Falso,Alta
622,boliviaverifica.bo,https://boliviaverifica.bo/difunden-datos-falso-del-supuesto-conteo-de-votos-en-boca-de-urna/,Difunden datos falsos del supuesto conteo de votos en boca de urna,Falso,Alta
623,boliviaverifica.bo,https://boliviaverifica.bo/ni-del-mas-ni-de-cc-no-hubo-una-bolsa-de-papeletas-marcadas-previamente/,"Ni del MAS ni de CC, no hubo una bolsa de “papeletas marcadas previamente”",Falso,Alta
624,boliviaverifica.bo,https://boliviaverifica.bo/falso-carlos-mesa-no-mostro-su-voto-en-la-urna/,"Falso, Carlos Mesa no mostró su voto en la urna",Falso,Alta
625,boliviaverifica.bo,https://boliviaverifica.bo/gustavo-petro-desinforma-sobre-bolivia-publica-un-video-que-no-corresponde-a-la-fecha-y-lo-relaciona-con-amedrentamiento-riesgo-de-fraude/,Gustavo Petro desinforma sobre Bolivia: publica un video que no corresponde a la fecha y lo relaciona con “amedrentamiento y riesgo de fraude”,Falso,Alta
626,boliviaverifica.bo,https://boliviaverifica.bo/salvador-romero-no-se-refirio-a-la-aplicacion-disenada-por-edgar-villegas/,Salvador Romero no se refirió a la aplicación diseñada por Édgar Villegas,Falso,Alta
627,boliviaverifica.bo,https://boliviaverifica.bo/es-falso-luis-arce-catacora-no-mostro-su-voto/,Es falso. Luis Arce Catacora no mostró su voto,Falso,Alta
628,boliviaverifica.bo,https://boliviaverifica.bo/usan-cuenta-falsa-evaliz-morales-para-anunciar-supuesto-retorno-de-morales-y-su-entorno/,Usan cuenta falsa Evaliz Morales para anunciar supuesto retorno de Morales y su entorno,Falso,Alta
629,boliviaverifica.bo,https://boliviaverifica.bo/difunden-datos-falsos-sobre-resultados-del-voto-en-el-exterior/,Difunden datos falsos sobre resultados del voto en el exterior,Falso,Alta
630,boliviaverifica.bo,https://boliviaverifica.bo/rayar-la-cara-de-los-candidatos-en-la-papeleta-de-votacion-anulara-tu-voto/,Marcar fuera de la casilla en la papeleta de votación anulará tu voto,Falso,Alta
631,boliviaverifica.bo,https://boliviaverifica.bo/con-un-video-del-2018-aseguran-que-mesa-pretende-eliminar-los-bonos/,Con un video del 2018 aseguran que Mesa pretende eliminar los bonos,Falso,Alta
632,boliviaverifica.bo,https://boliviaverifica.bo/el-voto-no-vale-si-marco-una-x/,¿El voto no vale si marco una X?,Falso,Alta
633,boliviaverifica.bo,https://boliviaverifica.bo/carlos-mesa-no-renuncio-a-su-candidatura/,Carlos Mesa no renunció a su candidatura,Falso,Alta
634,boliviaverifica.bo,https://boliviaverifica.bo/datos-de-conteo-de-votos-en-japon-y-china-son-falsos/,Datos de conteo de votos en Japón y China son falsos,Falso,Alta
635,boliviaverifica.bo,https://boliviaverifica.bo/segunda-carta-sobre-declinacion-tambien-es-falsa/,Segunda carta sobre declinación…¡También es falsa!,Falso,Alta
636,boliviaverifica.bo,https://boliviaverifica.bo/gobierno-no-se-encarga-de-acreditaciones-de-prensa-en-elecciones/,Gobierno no se encarga de acreditaciones de prensa en elecciones,Falso,Alta
637,boliviaverifica.bo,https://boliviaverifica.bo/carlos-mesa-no-renuncio-a-su-candidatura-ni-se-refirio-a-los-observadores-internacionales/,Carlos Mesa no renunció a su candidatura ni se refirió a los observadores internacionales,Falso,Alta
638,boliviaverifica.bo,https://boliviaverifica.bo/carlos-mesa-no-pidio-a-sus-seguidores-escribir-en-la-franja-azul-evo-nunca-mas/,Carlos Mesa no pidió a sus seguidores escribir en la franja azul ‘Evo nunca más’,Falso,Alta
639,boliviaverifica.bo,https://boliviaverifica.bo/realizan-montaje-a-imagen-de-candidata-tarijena/,Realizan montaje a imagen de candidata tarijeña,Falso,Alta
640,boliviaverifica.bo,https://boliviaverifica.bo/carta-sobre-declinacion-de-camacho-es-falsa/,Carta sobre declinación de Camacho es falsa,Falso,Alta
641,boliviaverifica.bo,https://boliviaverifica.bo/gustavo-petro-da-informacion-falsa-sobre-las-elecciones-en-bolivia/,Gustavo Petro da información falsa sobre las elecciones en Bolivia,Falso,Alta
642,boliviaverifica.bo,https://boliviaverifica.bo/mesa-no-dijo-que-pretende-congelar-el-pago-de-bonos-si-llega-a-la-presidencia/,Mesa no dijo que pretende congelar el pago de bonos si llega a la presidencia,Falso,Alta
643,boliviaverifica.bo,https://boliviaverifica.bo/es-falso-que-camacho-desplaza-a-mesa-al-tercer-lugar/,Es falso que Camacho desplaza a Mesa al tercer lugar,Falso,Alta
644,boliviaverifica.bo,https://boliviaverifica.bo/alianzas-y-partidos-reunidos-en-el-hotel-radisson-falso/,¿Alianzas y partidos reunidos en el Hotel Radisson? ¡Falso!,Falso,Alta
645,boliviaverifica.bo,https://boliviaverifica.bo/no-estados-unidos-no-valida-a-quienes-pueden-ser-observador-en-las-elecciones-de-bolivia/,"No, Estados Unidos no valida a quienes pueden ser observador en las elecciones de Bolivia",Falso,Alta
646,boliviaverifica.bo,https://boliviaverifica.bo/comunicado-falso-sobre-el-sistema-de-conteo-rapido-circula-en-redes/,Comunicado falso sobre el sistema de conteo rápido circula en redes,Falso,Alta
647,boliviaverifica.bo,https://boliviaverifica.bo/carlos-mesa-no-esta-pensando-en-dar-un-ministerio-a-jeanine-anez/,Carlos Mesa no hizo referencia a dar un ministerio a Jeanine Áñez si es presidente,Falso,Alta
648,boliviaverifica.bo,https://boliviaverifica.bo/el-gobierno-no-compro-armamento-por-las-elecciones/,El Gobierno no compró armamento por las elecciones,Falso,Alta
649,boliviaverifica.bo,https://boliviaverifica.bo/dos-mentiras-sobre-el-cierre-de-campana-del-mas-circulan-en-facebook/,Dos mentiras sobre el cierre de campaña del MAS circulan en Facebook,Falso,Alta
650,boliviaverifica.bo,https://boliviaverifica.bo/el-teleferico-no-esta-en-venta-como-indica-una-publicacion-en-facebook/,El teleférico no está en venta como indica una publicación en Facebook,Falso,Alta
651,boliviaverifica.bo,https://boliviaverifica.bo/goni-no-envio-su-apoyo-a-carlos-mesa-ni-pidio-a-bolivia-que-vote-por-el/,Goni no envió su apoyo a Carlos Mesa ni pidió a Bolivia que vote por él,Falso,Alta
652,boliviaverifica.bo,https://boliviaverifica.bo/evaliz-morales-no-dijo-que-volverian-a-tomar-el-poder-para-siempre/,Evaliz Morales no dijo que volverían a tomar el poder “para siempre”,Falso,Alta
653,boliviaverifica.bo,https://boliviaverifica.bo/comunidad-ciudadana-no-ha-considerado-candidatos-para-las-subnacionales/,Comunidad Ciudadana no ha considerado candidatos para las subnacionales,Falso,Alta
654,boliviaverifica.bo,https://boliviaverifica.bo/tuto-quiroga-no-dijo-que-carlos-mesa-es-servil-y-debil/,Tuto Quiroga no dijo que Carlos Mesa es servil y débil,Falso,Alta
655,boliviaverifica.bo,https://boliviaverifica.bo/manchar-la-papeleta-de-votacion-con-la-tinta-de-sufragio-no-anulara-tu-voto/,Manchar la papeleta de votación con la tinta de sufragio no anulará tu voto,Falso,Alta
656,boliviaverifica.bo,https://boliviaverifica.bo/cambio-de-recintos-no-pretende-robar-el-derecho-al-voto-de-los-bolivianos-en-ee-uu/,Cambio de recintos no pretende «robar» el derecho al voto de los bolivianos en EE.UU.,Falso,Alta
657,boliviaverifica.bo,https://boliviaverifica.bo/juan-luis-choque-armijo-no-es-jefe-de-campana-de-pumari/,Juan Luis Choque Armijo no es jefe de campaña de Pumari,Falso,Alta
658,boliviaverifica.bo,https://boliviaverifica.bo/no-son-militares-ni-militantes-de-comunidad-ciudadana-son-jovenes-voluntarios-rescatistas/,"No son militares, ni militantes de Comunidad Ciudadana. Son jóvenes voluntarios rescatistas",Falso,Alta
659,boliviaverifica.bo,https://boliviaverifica.bo/mesa-no-elogio-al-ministro-murillo-ni-menciono-tenerlo-como-autoridad-si-gana-las-elecciones/,Mesa no elogió al ministro Murillo ni mencionó tenerlo como autoridad si gana las elecciones,Falso,Alta
660,boliviaverifica.bo,https://boliviaverifica.bo/simpatizantes-de-tuto-se-molestaron-con-el-pero-no-dieron-su-apoyo-al-mas-como-afirma-este-post/,"Simpatizantes de Tuto se molestaron con él, pero no dieron su apoyo al MAS como afirma este post",Falso,Alta
661,boliviaverifica.bo,https://boliviaverifica.bo/informacion-falsa-sobre-un-hecho-de-transito-de-carlos-mesa-vuelve-a-circular-en-redes-sociales/,Información falsa sobre un hecho de tránsito de Carlos Mesa vuelve a circular en redes sociales,Falso,Alta
662,boliviaverifica.bo,https://boliviaverifica.bo/los-horarios-de-votacion-dependen-del-ultimo-digito-del-carnet-sin-importar-por-quien-votaras/,"Los horarios de votación dependen del último dígito del carnet, sin importar por quién votarás",Falso,Alta
663,boliviaverifica.bo,https://boliviaverifica.bo/no-es-cierto-el-fri-no-le-quito-apoyo-a-carlos-mesa/,"No es cierto, el FRI no le quitó apoyo a Carlos Mesa",Falso,Alta
664,boliviaverifica.bo,https://boliviaverifica.bo/carlos-mesa-y-su-entorno-descartan-que-el-candidato-tenga-problemas-de-salud/,Carlos Mesa y su entorno descartan que el candidato tenga problemas de salud,Falso,Alta
665,boliviaverifica.bo,https://boliviaverifica.bo/waldo-albarracin-no-declaro-que-carlos-mesa-sea-la-continuidad-de-jeanine-anez/,Waldo Albarracín no declaró que Carlos Mesa sea la continuidad de Jeanine Áñez,Falso,Alta
666,boliviaverifica.bo,https://boliviaverifica.bo/crean-un-grupo-en-facebook-con-el-logo-del-tse-para-enganar-al-elector/,Crean un grupo en Facebook con el logo del TSE para engañar al elector,Falso,Alta
667,boliviaverifica.bo,https://boliviaverifica.bo/elecciones-2020-circula-informacion-falsa-sobre-tinta-de-boligrafos-que-se-borran/,Elecciones 2020: Circula información falsa sobre tinta de bolígrafos que se borran,Falso,Alta
668,boliviaverifica.bo,https://boliviaverifica.bo/es-falso-que-hay-grupos-de-extranjeros-ingresando-a-bolivia-para-desestabilizar-el-pais/,Es falso que hay grupos de extranjeros ingresando a Bolivia para desestabilizar el país,Falso,Alta
669,boliviaverifica.bo,https://boliviaverifica.bo/atribuyen-frase-a-oscar-ortiz-sobre-la-supuesta-continuidad-de-arturo-murillo-como-ministro-en-el-proximo-gobierno/,Atribuyen frase a Óscar Ortiz sobre la supuesta continuidad de Arturo Murillo como ministro en el próximo gobierno,Falso,Alta
670,boliviaverifica.bo,https://boliviaverifica.bo/agrupacion-quirquina-no-esta-apoyando-a-ningun-frente-politico/,"Es falso que Quirquiña apoya al MAS, la agrupación no está haciendo campaña por ningún frente político",Falso,Alta
671,boliviaverifica.bo,https://boliviaverifica.bo/circula-informe-falso-sobre-el-estado-salud-de-carlos-mesa/,Circula informe falso sobre el estado salud de Carlos Mesa,Falso,Alta
672,boliviaverifica.bo,https://boliviaverifica.bo/reunion-del-grupo-de-puebla-circula-en-redes-como-si-fuese-el-foro-de-sao-paulo/,Reunión del Grupo de Puebla circula en redes como si fuese el Foro de Sao Paulo,Falso,Alta
673,boliviaverifica.bo,https://boliviaverifica.bo/younn-o-chunoman-no-corre-como-senador-por-el-mas/,‘Younn’ o “Chuñoman” no corre como senador por el MAS,Falso,Alta
674,boliviaverifica.bo,https://boliviaverifica.bo/arce-no-dijo-que-evo-fallo-al-pais-es-un-video-manipulado/,"Arce no dijo que Evo falló al país, es un video manipulado",Falso,Alta
675,boliviaverifica.bo,https://boliviaverifica.bo/tse-no-nego-estatus-de-observador-a-internacional-progresista/,TSE no negó estatus de observador a Internacional Progresista,Falso,Alta
676,boliviaverifica.bo,https://boliviaverifica.bo/segun-luis-arce-la-fabrica-de-urea-genera-perdida-de-mas-de-us-140-millones/,"Según Luis Arce, la fábrica de urea genera pérdida de más de $us 140 millones",Falso,Alta
677,boliviaverifica.bo,https://boliviaverifica.bo/luis-arce-dijo-que-en-varias-gestiones-se-supero-el-10-en-salud/,Luis Arce dijo que en varias gestiones se superó el 10% de inversión en salud,Falso,Alta
678,boliviaverifica.bo,https://boliviaverifica.bo/falso-carlos-mesa-no-gestiona-el-aborto-como-dice-chi/,"Falso: Carlos Mesa no “gestiona” el aborto, como dice Chi",Falso,Alta
679,boliviaverifica.bo,https://boliviaverifica.bo/luis-arce-afirmo-que-no-hubo-fraude-en-las-pasadas-elecciones/,Luis Arce afirmó que no hubo fraude en las pasadas elecciones,Falso,Alta
680,boliviaverifica.bo,https://boliviaverifica.bo/luis-arce-aseguro-que-el-mas-no-hizo-nada-para-perder-su-personeria-juridica/,Luis Arce aseguró que el MAS no hizo nada para perder su personería jurídica,Falso,Alta
681,boliviaverifica.bo,https://boliviaverifica.bo/encuestas-en-redes-sociales-confeccionadas-a-medida-de-todas-las-afinidades-politica/,Encuestas electorales en redes sociales: confeccionadas a medida de todos los candidatos,Falso,Alta
682,boliviaverifica.bo,https://boliviaverifica.bo/luis-larrea-no-anuncio-convulsion-social-el-post-fue-publicado-en-una-cuenta-falsa-de-la-razon/,"Luis Larrea no anunció convulsión social, el post fue publicado en una cuenta falsa de La Razón",Falso,Alta
683,boliviaverifica.bo,https://boliviaverifica.bo/datos-falsos-sobre-mesa-y-arce-son-difundidos-en-redes/,Datos falsos sobre Mesa y Arce son difundidos en redes,Falso,Alta
684,boliviaverifica.bo,https://boliviaverifica.bo/falsifican-documento-de-codeinca-en-chuquisaca/,Falsifican documento de Codeinca en Chuquisaca,Falso,Alta
685,boliviaverifica.bo,https://boliviaverifica.bo/manipulan-resultados-de-encuesta-de-ciesmori-a-favor-de-camacho/,Manipulan resultados de encuesta de Ciesmori a favor de Camacho,Falso,Alta
686,boliviaverifica.bo,https://boliviaverifica.bo/atribuyen-post-falso-sobre-educacion-y-derechos-lgbt-a-candidata-de-comunidad-ciudadana-por-cochabamba/,Atribuyen post falso sobre educación y derechos LGBT a candidata de Comunidad Ciudadana por Cochabamba,Falso,Alta
687,boliviaverifica.bo,https://boliviaverifica.bo/se-anulara-la-personeria-juridica-del-mas-el-5-de-octubre-no-el-tse-lo-descarto/,Murillo no se atribuye la anulación de la personería jurídica del MAS,Falso,Alta
688,boliviaverifica.bo,https://boliviaverifica.bo/melania-torrico-no-es-candidata-del-frente-para-la-victoria/,Melania Torrico no es candidata del Frente Para la Victoria,Falso,Alta
689,boliviaverifica.bo,https://boliviaverifica.bo/falso-supuesto-pedido-de-morales-para-votar-por-arce-o-mesa/,Falso: Supuesto pedido de Morales para votar por Arce o Mesa,Falso,Alta
690,boliviaverifica.bo,https://boliviaverifica.bo/melisa-ibarra-no-pertenece-a-comunidad-ciudadana-ni-es-su-candidata/,Melisa Ibarra no pertenece a Comunidad Ciudadana ni es su candidata,Falso,Alta
691,boliviaverifica.bo,https://boliviaverifica.bo/ningun-venezolano-trabaja-en-el-tribunal-departamental-de-santa-cruz/,Ningún venezolano trabaja en el Tribunal Departamental de Santa Cruz,Falso,Alta
692,boliviaverifica.bo,https://boliviaverifica.bo/son-falsos-ciesmori-no-publico-estos-resultados/,¡Son falsos! Ciesmori no publicó estos resultados,Falso,Alta
693,boliviaverifica.bo,https://boliviaverifica.bo/carlos-mesa-no-dijo-que-evo-es-el-corazon-de-bolivia-es-un-video-manipulado/,"Carlos Mesa no dijo que Evo es el corazón de Bolivia, es un video manipulado",Falso,Alta
694,boliviaverifica.bo,https://boliviaverifica.bo/anez-no-pidio-a-sus-seguidores-votar-por-carlos-mesa/,Áñez no pidió a sus seguidores votar por Carlos Mesa,Falso,Alta
695,boliviaverifica.bo,https://boliviaverifica.bo/ninguna-encuestadora-registrada-ha-emitido-un-estudio-de-opinion-sin-la-alianza-juntos/,Ninguna encuestadora registrada ha emitido un estudio de opinión sin la Alianza Juntos,Falso,Alta
696,boliviaverifica.bo,https://boliviaverifica.bo/camion-de-empresa-publicitaria-es-confundido-con-uno-de-la-alcaldia-de-oruro/,Camión de empresa publicitaria es confundido con uno de la Alcaldía de Oruro,Falso,Alta
697,boliviaverifica.bo,https://boliviaverifica.bo/promueven-falso-estudio-de-opinion-que-perfila-a-luis-arce-y-fernando-camacho/,Promueven falso estudio de opinión que perfila a Luis Arce y Fernando Camacho,Falso,Alta
698,boliviaverifica.bo,https://boliviaverifica.bo/reynaldo-ezequiel-no-pertenece-a-la-alianza-creemos/,Reynaldo Ezequiel no pertenece a la alianza “Creemos”,Falso,Alta
699,boliviaverifica.bo,https://boliviaverifica.bo/esta-carlos-mesa-en-contra-de-las-empresas-estatales/,¿Está Carlos Mesa en contra de las empresas estatales?,Falso,Alta
700,boliviaverifica.bo,https://boliviaverifica.bo/carlos-valverde-no-afirmo-que-arce-esta-asegurando-su-victoria/,Carlos Valverde no afirmó que “Arce está asegurando su victoria”,Falso,Alta
701,boliviaverifica.bo,https://boliviaverifica.bo/paniagua-aclaro-que-su-renuncia-no-tiene-relacion-con-la-distribucion-de-papeletas/,Paniagua aclaró que su renuncia no tiene relación con la distribución de papeletas,Falso,Alta
702,boliviaverifica.bo,https://boliviaverifica.bo/falsa-encuesta-de-datafy-siempre-conectados-se-difunde-en-redes-sociales/,Falsa encuesta de ‘Datafy siempre conectados’ se difunde en redes sociales,Falso,Alta
703,boliviaverifica.bo,https://boliviaverifica.bo/carlos-mesa-no-anuncio-que-renunciara-en-caso-de-ser-elegido-presidente/,Carlos Mesa no anunció que renunciará en caso de ser elegido presidente,Falso,Alta
704,boliviaverifica.bo,https://boliviaverifica.bo/difunden-en-redes-sociales-supuesta-resolucion-de-adepcoca/,Difunden en redes sociales supuesta resolución de Adepcoca,Falso,Alta
705,boliviaverifica.bo,https://boliviaverifica.bo/jeanine-anez-no-sello-ninguna-alianza-con-carlos-mesa/,Jeanine Áñez no selló ninguna alianza con Carlos Mesa,Falso,Alta
706,boliviaverifica.bo,https://boliviaverifica.bo/ted-de-tarija-si-publico-lista-de-jurados-electorales-en-un-medio-escrito/,TED de Tarija sí publicó lista de jurados electorales en un medio escrito,Falso,Alta
707,boliviaverifica.bo,https://boliviaverifica.bo/se-difunde-un-triptico-de-camacho-con-propuestas-falsas-para-las-iglesias/,Se difunde un tríptico de Camacho con propuestas falsas para las iglesias,Falso,Alta
708,boliviaverifica.bo,https://boliviaverifica.bo/circula-un-tuit-atribuido-a-murillo-sobre-un-supuesto-pacto-con-comunidad-ciudadana/,Circula un tuit atribuido a Murillo sobre un supuesto “pacto” con Comunidad Ciudadana,Falso,Alta
709,boliviaverifica.bo,https://boliviaverifica.bo/juan-carlos-arana-no-es-periodista-de-anez-y-mesa-tampoco-dijo-que-no-voten-por-el-mas/,"Juan Carlos Arana no es periodista de Áñez y Mesa, tampoco dijo que no voten por el MAS",Falso,Alta
710,boliviaverifica.bo,https://boliviaverifica.bo/el-contenido-de-mensaje-de-gustavo-pedraza-es-manipulado-en-un-post/,El contenido de mensaje de Gustavo Pedraza es manipulado en un post,Falso,Alta
711,boliviaverifica.bo,https://boliviaverifica.bo/jeanine-no-pidio-seguridad-para-evitar-represalias-a-traves-de-twitter/,Jeanine no pidió “seguridad para evitar represalias” a través de Twitter,Falso,Alta
712,boliviaverifica.bo,https://boliviaverifica.bo/carlos-mesa-no-participo-del-golpe-de-1971-ni-es-dueno-de-pat/,Carlos Mesa no participó del golpe de 1971 ni es dueño de PAT,Falso,Alta
713,boliviaverifica.bo,https://boliviaverifica.bo/dos-encuestas-falsas-circulan-en-redes-en-una-gana-arce-en-primera-vuelta-y-en-la-otra-jeanine-alcanza-al-5-de-la-intencion-de-voto/,"Dos encuestas falsas circulan en redes, en una gana Arce en primera vuelta y en la otra Jeanine alcanza al 5% de la intención de voto",Falso,Alta
714,boliviaverifica.bo,https://boliviaverifica.bo/carlos-valverde-no-pidio-votar-por-carlos-mesa-sin-importar-su-propuesta/,Carlos Valverde no pidió votar por Carlos Mesa sin importar su propuesta,Falso,Alta
715,boliviaverifica.bo,https://boliviaverifica.bo/es-falso-que-a-luis-arce-le-hubieran-echado-agua-en-camiri/,Es falso que a Luis Arce le hubieran echado agua en Camiri,Falso,Alta
716,boliviaverifica.bo,https://boliviaverifica.bo/carlos-mesa-no-propone-suprimir-los-bonos-ni-privatizar-empresas-este-video-esta-manipulado/,"Carlos Mesa no propone suprimir los bonos ni privatizar empresas, este video está manipulado",Falso,Alta
717,boliviaverifica.bo,https://boliviaverifica.bo/debate-de-candidatos-luis-arce-todavia-no-ha-respondido-la-carta-que-le-envio-carlos-mesa/,Debate de candidatos: Luis Arce todavía no ha respondido la carta que le envió Carlos Mesa,Falso,Alta
718,boliviaverifica.bo,https://boliviaverifica.bo/rodriguez-veltze-no-hizo-sobre-comparaciones-entre-el-gobierno-de-mesa-y-el-de-anez/,Rodríguez Veltzé no hizo comparaciones entre el gobierno de Mesa y el de Áñez,Falso,Alta
719,boliviaverifica.bo,https://boliviaverifica.bo/utilizan-fotografia-de-cabildo-en-potosi-y-la-publican-como-si-se-tratara-de-apoyo-a-luis-arce/,Utilizan fotografía de cabildo en Potosí y la publican como si se tratara de apoyo a Luis Arce,Falso,Alta
720,boliviaverifica.bo,https://boliviaverifica.bo/vuelven-a-utilizar-imagenes-de-repatriados-y-esta-vez-las-vinculan-a-la-alianza-juntos/,Vuelven a utilizar imágenes de repatriados y esta vez las vinculan a la alianza Juntos,Falso,Alta
721,boliviaverifica.bo,https://boliviaverifica.bo/falso-ninguna-encuesta-de-intencion-de-voto-pone-en-primer-lugar-a-carlos-mesa-a-nivel-nacional/,Falso: Ninguna encuesta de intención de voto pone en primer lugar a Carlos Mesa a nivel nacional,Falso,Alta
722,boliviaverifica.bo,https://boliviaverifica.bo/en-bolivia-no-hay-ningun-cartel-que-diga-yo-voto-por-el-que-ponga-preso-a-evo-morales/,En Bolivia no hay ningún cartel que diga “Yo voto por el que ponga preso a Evo Morales”,Falso,Alta
723,boliviaverifica.bo,https://boliviaverifica.bo/encuesta-falsa-pone-en-primer-lugar-a-luis-fernando-camacho-con-el-69/,Encuesta falsa pone en primer lugar a Luis Fernando Camacho con el 69%,Falso,Alta
724,boliviaverifica.bo,https://boliviaverifica.bo/es-falso-que-chi-hyun-chung-sea-el-candidato-mas-buscado-de-google-en-bolivia/,Es falso que Chi Hyun Chung sea el candidato más buscado de Google en Bolivia,Falso,Alta
725,boliviaverifica.bo,https://boliviaverifica.bo/dos-encuestas-de-intencion-de-voto-ponen-como-favorito-a-luis-arce-con-mas-del-65-ambas-son-falsas/,"Dos encuestas de intención de voto ponen como favorito a Luis Arce con más del 65%, ambas son falsas",Falso,Alta
726,boliviaverifica.bo,https://boliviaverifica.bo/no-carlos-mesa-no-propone-despenalizar-las-drogas/,"No, Carlos Mesa no propone despenalizar las drogas",Falso,Alta
727,boliviaverifica.bo,https://boliviaverifica.bo/salvador-romero-nunca-fue-propuesto-como-delegado-de-morales/,Salvador Romero nunca fue propuesto como delegado de Morales,Falso,Alta
728,boliviaverifica.bo,https://boliviaverifica.bo/falsa-encuesta-de-intencion-de-voto-circula-en-redes-por-la-proximidad-de-las-elecciones/,Falsa encuesta de intención de voto circula en redes por la proximidad de las elecciones,Falso,Alta
729,boliviaverifica.bo,https://boliviaverifica.bo/arce-catacora-fue-abucheado-en-el-inicio-de-su-campana-electoral/,¿Arce Catacora fue abucheado en el inicio de su campaña electoral?,Falso,Alta
730,boliviaverifica.bo,https://boliviaverifica.bo/vuelven-a-habilitar-pagina-falsa-de-salvador-romero-en-facebook/,Reactivan página falsa de Salvador Romero en Facebook,Falso,Alta
731,boliviaverifica.bo,https://boliviaverifica.bo/un-cartel-sobrepuesto-cambia-el-mensaje-de-una-marcha-de-bolivianos-pidiendo-oracion/,Un cartel sobrepuesto cambia el mensaje de una marcha de bolivianos pidiendo oración,Falso,Alta
732,boliviaverifica.bo,https://boliviaverifica.bo/el-material-electoral-no-sera-trasladado-por-la-policia-y-las-ffaa-sin-control-de-los-jurados/,El material electoral no será trasladado por la Policía y las FFAA sin control del Órgano Electoral,Falso,Alta
733,boliviaverifica.bo,https://boliviaverifica.bo/es-falso-que-el-hijo-de-jeanine-anez-trabaja-en-el-tribunal-supremo-electoral/,Es falso que el hijo de Jeanine Áñez trabaja en el Tribunal Supremo Electoral,Falso,Alta
734,boliviaverifica.bo,https://boliviaverifica.bo/no-marco-pumari-no-abandono-a-fernando-camacho/,"No, Marco Pumari no abandonó a Fernando Camacho",Falso,Alta
735,boliviaverifica.bo,https://boliviaverifica.bo/esposa-de-mario-cossio-no-es-ni-fue-candidata-por-creemos/,Esposa de Mario Cossío no es ni fue candidata por Creemos,Falso,Alta
736,boliviaverifica.bo,https://boliviaverifica.bo/elecciones-unir-de-tarija-aun-no-ha-definido-si-se-aleja-de-juntos/,Elecciones: Unir de Tarija aún no ha definido si se aleja de Juntos,Falso,Alta
737,boliviaverifica.bo,https://boliviaverifica.bo/jeanine-anez-no-dijo-que-dios-la-escogio-y-que-por-eso-mantendra-su-candidatura/,Jeanine Áñez no dijo que Dios la escogió y que por eso mantendrá su candidatura,Falso,Alta
738,boliviaverifica.bo,https://boliviaverifica.bo/el-tse-no-autorizo-a-via-ciencia-para-hacer-el-conteo-rapido-de-votos/,El TSE no autorizó a Vía Ciencia para hacer el conteo rápido de votos,Falso,Alta
739,boliviaverifica.bo,https://boliviaverifica.bo/carlos-mesa-no-propuso-evaluar-el-salario-minimo-si-asume-el-gobierno/,Carlos Mesa no propuso evaluar el salario mínimo si asume el gobierno,Falso,Alta
740,boliviaverifica.bo,https://boliviaverifica.bo/twitter-mesa-no-se-refirio-a-una-posible-crisis-economica-en-bolivia/,Twitter: Mesa no se refirió a una posible crisis económica en Bolivia,Falso,Alta
741,boliviaverifica.bo,https://boliviaverifica.bo/dos-encuestas-falsas-que-benefician-al-mas-se-difunden-en-redes/,Dos encuestas falsas que benefician al MAS se difunden en redes,Falso,Alta
742,boliviaverifica.bo,https://boliviaverifica.bo/carlos-mesa-no-tuiteo-sobre-su-relacion-con-sanchez-de-lozada/,Carlos Mesa no tuiteó sobre su relación con Sánchez de Lozada,Falso,Alta
743,boliviaverifica.bo,https://boliviaverifica.bo/es-falso-andronico-no-dijo-que-el-mas-ve-como-aliado-a-carlos-mesa/,Es falso: Andrónico no dijo que el MAS ve como aliado a Carlos Mesa,Falso,Alta
744,boliviaverifica.bo,https://boliviaverifica.bo/ipsos-no-publico-ninguna-encuesta-de-intencion-de-voto-en-agosto/,IPSOS no publicó ninguna encuesta de intención de voto en agosto,Falso,Alta
745,boliviaverifica.bo,https://boliviaverifica.bo/tuit-en-el-que-carlos-mesa-dice-que-llevara-al-pais-a-una-gran-epoca-es-falso/,Tuit en el que Carlos Mesa dice que llevará al país a “una gran época” es falso,Falso,Alta
746,boliviaverifica.bo,https://boliviaverifica.bo/carlos-mesa-no-dijo-que-es-mejor-pedir-limosna-que-la-supuesta-estabilidad-economica-del-mas/,Carlos Mesa no dijo que es mejor pedir limosna que la supuesta estabilidad económica del MAS,Falso,Alta
747,boliviaverifica.bo,https://boliviaverifica.bo/crearon-una-cuenta-falsa-de-salvador-romero-en-facebook/,Crearon una cuenta falsa de Salvador Romero en Facebook,Falso,Alta
748,boliviaverifica.bo,https://boliviaverifica.bo/tuits-falsos-de-jeanine-anez-ni-culpo-al-mas-por-la-compra-de-pruebas-pcr-ni-pidio-suspender-las-elecciones/,"Tuits falsos de Jeanine Áñez: ni culpó al MAS por la compra de pruebas PCR, ni pidió suspender las elecciones",Falso,Alta
749,boliviaverifica.bo,https://boliviaverifica.bo/arturo-murillo-no-dijo-que-el-mas-obligo-a-jeanine-anez-a-ser-candidata/,Arturo Murillo no dijo que el MAS obligó a Jeanine Áñez a ser candidata,Falso,Alta
750,boliviaverifica.bo,https://boliviaverifica.bo/difunden-interpretacion-errada-sobre-una-declaracion-del-presidente-del-tse/,Difunden interpretación errada sobre una declaración del presidente del TSE,Falso,Alta
751,boliviaverifica.bo,https://boliviaverifica.bo/circula-en-redes-supuesta-ley-para-adelantar-la-fecha-de-elecciones-es-falsa/,Circula en redes: Supuesta ley para adelantar la fecha de elecciones es falsa,Falso,Alta
752,boliviaverifica.bo,https://boliviaverifica.bo/con-un-video-antiguo-denuncian-que-el-gobierno-usa-aviones-de-guerra-contra-los-manifestantes-en-santa-cruz/,Con un video antiguo denuncian que el gobierno usa aviones de guerra contra los manifestantes en Santa Cruz,Falso,Alta
753,boliviaverifica.bo,https://boliviaverifica.bo/imagen-de-2011-de-pedraza-y-almaraz-circula-en-redes-con-otro-contexto/,Imagen de 2011 de Pedraza y Almaraz circula en redes con otro contexto,Falso,Alta
754,boliviaverifica.bo,https://boliviaverifica.bo/circula-tuit-falso-de-anez-sobre-la-suspension-de-elecciones-hasta-el-proximo-ano/,Circula tuit falso de Áñez sobre la suspensión de elecciones hasta el próximo año,Falso,Alta
755,boliviaverifica.bo,https://boliviaverifica.bo/no-las-movilizaciones-de-la-cob-no-pedian-anular-la-personeria-juridica-del-mas/,¡No! Las movilizaciones de la COB no pedían anular la personería jurídica del MAS,Falso,Alta
756,boliviaverifica.bo,https://boliviaverifica.bo/comunidad-ciudadana-no-incluira-el-aborto-legal-ni-el-matrimonio-igualitario-en-su-nueva-propuesta/,Comunidad Ciudadana no incluirá el aborto legal ni el matrimonio igualitario en su nueva propuesta,Falso,Alta
757,boliviaverifica.bo,https://boliviaverifica.bo/es-falso-que-el-tse-esta-obligado-a-consultar-a-la-asamblea-la-nueva-fecha-de-elecciones/,Es falso que el TSE está obligado a consultar a la Asamblea la nueva fecha de elecciones,Falso,Alta
758,boliviaverifica.bo,https://boliviaverifica.bo/las-elecciones-generales-no-fueron-suspendidas-ni-las-fuerzas-armadas-amenazaron-al-tse/,"Las elecciones generales no fueron suspendidas, ni las Fuerzas Armadas amenazaron al TSE",Falso,Alta
759,boliviaverifica.bo,https://boliviaverifica.bo/comparten-falso-tuit-de-anez-sobre-el-pico-de-la-pandemia/,Comparten falso tuit de Áñez sobre el pico de la pandemia,Falso,Alta
760,boliviaverifica.bo,https://boliviaverifica.bo/usan-imagen-de-el-deber-para-atribuir-declaracion-falsa-al-presidente-del-tribunal-electoral/,Usan imagen de El Deber para atribuir declaración falsa al presidente del Tribunal Electoral,Falso,Alta
761,boliviaverifica.bo,https://boliviaverifica.bo/una-vez-mas-el-deber-es-victima-de-las-fake-news/,Una vez más El Deber es víctima de las fake news,Falso,Alta
762,boliviaverifica.bo,https://boliviaverifica.bo/el-deber-no-difundio-ninguna-encuesta-de-intencion-de-voto/,El Deber no difundió ninguna encuesta de intención de voto,Falso,Alta
763,boliviaverifica.bo,https://boliviaverifica.bo/los-jovenes-implicados-en-una-fiesta-en-cuarentena-no-tienen-relacion-con-la-caravana-contra-las-elecciones/,Los jóvenes implicados en una fiesta en cuarentena no tienen relación con la caravana contra las elecciones,Falso,Alta
764,boliviaverifica.bo,https://boliviaverifica.bo/salvador-romero-no-se-pronuncio-aun-sobre-la-posibilidad-de-anular-al-mas/,Salvador Romero no se pronunció aún sobre la posibilidad de anular al MAS,Falso,Alta
765,boliviaverifica.bo,https://boliviaverifica.bo/luis-arce-desmiente-estar-con-covid-19/,Luis Arce desmiente estar con COVID-19,Falso,Alta
766,boliviaverifica.bo,https://boliviaverifica.bo/el-tse-autorizo-las-encuestas-por-telefono-pero-aun-no-se-realizo-ninguna/,El TSE autorizó las encuestas por teléfono pero aún no se realizó ninguna,Falso,Alta
767,boliviaverifica.bo,https://boliviaverifica.bo/no-es-cierto-que-el-sistema-electoral-favorece-a-las-areas-rurales-en-desmedro-del-voto-urbano/,No es cierto que el sistema electoral favorece a las áreas rurales en desmedro del voto urbano,Falso,Alta
768,boliviaverifica.bo,https://boliviaverifica.bo/la-presidente-anez-no-retiro-su-candidatura-ni-anuncio-alianzas/,La presidente Áñez no retiró su candidatura ni anunció alianzas,Falso,Alta
769,boliviaverifica.bo,https://boliviaverifica.bo/circula-captura-de-falso-tweet-atribuido-a-arturo-murillo/,Circula captura de falso tweet atribuido a Arturo Murillo,Falso,Alta
770,boliviaverifica.bo,https://boliviaverifica.bo/no-hay-aun-designacion-de-jurados-electorales-pero-si-una-broma-digital-que-te-sacara-una-sonrisa/,No hay aún designación de jurados electorales pero sí una broma digital que te sacará una sonrisa,Falso,Alta
771,boliviaverifica.bo,https://boliviaverifica.bo/publicacion-de-hijo-de-carlos-palenque-no-es-propaganda-electoral-como-senalan-en-redes-sociales/,Publicación de hijo de Carlos Palenque No es propaganda electoral como señalan en redes sociales,Falso,Alta
772,boliviaverifica.bo,https://boliviaverifica.bo/un-post-difunde-informacion-falsa-sobre-ministro-murillo-y-usa-logo-de-el-deber/,Un post difunde información falsa sobre ministro Murillo y usa logo de El Deber,Falso,Alta
773,boliviaverifica.bo,https://boliviaverifica.bo/falsifican-tuits-de-carlos-mesa-y-jeanine-anez-sobre-supuesta-alianza/,Falsifican tuits de Carlos Mesa y Jeanine Áñez sobre supuesta alianza,Falso,Alta
774,boliviaverifica.bo,https://boliviaverifica.bo/cinco-falsas-encuestas-electorales-en-epoca-de-pandemia/,Cinco falsas encuestas electorales en época de pandemia,Falso,Alta
775,boliviaverifica.bo,https://boliviaverifica.bo/victoria-del-mas-en-primera-vuelta-no-es-una-encuesta-con-rigor-tecnico-y-avalada-por-el-tse/,Victoria del MAS en primera vuelta: no es una encuesta con rigor técnico ni avalada por el TSE,Falso,Alta
776,boliviaverifica.bo,https://boliviaverifica.bo/la-red-uno-no-difundio-esta-encuesta-de-preferencia-electoral/,La Red UNO no difundió esta encuesta de preferencia electoral,Falso,Alta
777,boliviaverifica.bo,https://boliviaverifica.bo/falsa-publicacion-atribuida-a-radio-kawsachun-coca-contiene-informacion-enganosa-sobre-declaracion-de-eva-copa/,Falsa publicación atribuida a Radio Kawsachun Coca contiene información engañosa sobre declaración de Eva Copa,Falso,Alta
778,boliviaverifica.bo,https://boliviaverifica.bo/manipulan-una-foto-extranjera-para-manifestarse-en-contra-de-las-elecciones/,Manipulan una “foto extranjera” para manifestarse en contra de las elecciones,Falso,Alta
779,boliviaverifica.bo,https://boliviaverifica.bo/esta-publicacion-no-es-de-el-deber-y-arce-catacora-no-sugirio-dar-nacionalidad-boliviana-a-venezolanos/,Esta publicación no es de El Deber y Arce Catacora no sugirió dar nacionalidad boliviana a venezolanos,Falso,Alta
780,boliviaverifica.bo,https://boliviaverifica.bo/usan-sello-de-el-deber-para-alterar-mensajes-de-candidato-luis-fernando-camacho/,Usan sello de El Deber para alterar mensajes de candidato Luis Fernando Camacho,Falso,Alta
781,boliviaverifica.bo,https://boliviaverifica.bo/no-hay-encuesta-avalada-que-asegure-la-victoria-del-mas-si-las-elecciones-fueran-este-domingo/,No hay encuesta avalada que asegure la victoria del MAS si las elecciones fueran este domingo,Falso,Alta
782,boliviaverifica.bo,https://boliviaverifica.bo/con-video-sacado-de-contexto-aseguran-que-el-mas-prepara-fraude/,Con video sacado de contexto aseguran que el MAS prepara fraude,Falso,Alta
783,boliviaverifica.bo,https://boliviaverifica.bo/no-hay-encuesta-avalada-que-posicione-a-jeanine-anez-como-favorita-para-las-elecciones/,No hay encuesta avalada que posicione a Jeanine Añez como favorita para las elecciones,Falso,Alta
784,boliviaverifica.bo,https://boliviaverifica.bo/en-facebook-aseguran-que-carlos-mesa-quiere-postergar-las-elecciones-hasta-el-2021/,En Facebook aseguran que Carlos Mesa quiere postergar las elecciones hasta el 2021,Falso,Alta
785,boliviaverifica.bo,https://boliviaverifica.bo/vuelven-a-publicar-encuesta-de-intencion-de-voto-pero-esta-es-falsa/,"Vuelven a publicar encuesta de “intención de voto”, pero esta es falsa",Falso,Alta
786,boliviaverifica.bo,https://boliviaverifica.bo/falso-tuit-de-anez-sobre-las-elecciones-generales/,Falso tuit de Añez sobre las elecciones generales,Falso,Alta
787,boliviaverifica.bo,https://boliviaverifica.bo/el-deber-publico-una-noticia-sobre-tuto-como-candidato-de-cc-a-vicepresidente/,¿El Deber publicó una noticia sobre “Tuto” como candidato de CC a vicepresidente?,Falso,Alta
788,boliviaverifica.bo,https://boliviaverifica.bo/es-cierto-que-la-justa-hablo-de-evo-y-fraude/,¿Es cierto que La Justa habló de Evo y fraude?,Falso,Alta
789,boliviaverifica.bo,https://boliviaverifica.bo/circula-una-imagen-falsa-de-evo-y-sus-candidatos-junto-a-paquetes-de-droga/,Circula una imagen falsa de Evo y sus candidatos junto a paquetes de droga,Falso,Alta
790,boliviaverifica.bo,https://boliviaverifica.bo/el-deber-no-publico-un-titular-sobre-camacho-y-su-renuncia-a-ser-candidato-presidencial/,El Deber no publicó un titular sobre Camacho y su renuncia a ser candidato presidencial,Falso,Alta
791,boliviaverifica.bo,https://boliviaverifica.bo/falso-luis-arce-no-es-candidato-presidencial-por-el-mas/,Falso. Luis Arce no es candidato presidencial por el MAS,Falso,Alta
792,boliviaverifica.bo,https://boliviaverifica.bo/tse-denuncia-cuenta-falsa-de-la-presidenta-maria-eugenia-choque/,TSE denuncia cuenta falsa de la presidenta María Eugenia Choque,Falso,Alta
793,boliviaverifica.bo,https://boliviaverifica.bo/fotografia-de-goni-con-un-cartel-que-dice-yovotomesa-es-falsa/,Fotografía de Goni con un cartel que dice #YoVotoMesa es falsa,Falso,Alta
794,boliviaverifica.bo,https://boliviaverifica.bo/no-el-candidato-chi-hyun-chung-no-denuncio-a-carlos-mesa/,"No, el candidato Chi Hyun Chung no denunció a Carlos Mesa",Falso,Alta
795,boliviaverifica.bo,https://boliviaverifica.bo/ultima-encuesta-sobre-las-elecciones-generales-es-falsa/,Última encuesta sobre las Elecciones Generales es falsa,Falso,Alta
796,boliviaverifica.bo,https://boliviaverifica.bo/no-la-bbc-no-publico-ningun-articulo-sobre-mesa-referente-a-las-elecciones-primarias-en-argentina/,"No, la BBC no publicó ningún artículo sobre Mesa referente a las elecciones primarias en Argentina",Falso,Alta
797,boliviaverifica.bo,https://boliviaverifica.bo/el-video-del-supuesto-fraude-atribuido-al-mas-corresponde-a-mexico/,El video del supuesto intento de fraude atribuido al MAS corresponde a México,Falso,Alta
798,boliviaverifica.bo,https://boliviaverifica.bo/postulacion-de-candidato-de-ucs-para-elecciones-subnacionales/,Postulación de candidato de UCS para elecciones subnacionales.,Falso,Alta
799,boliviaverifica.bo,https://boliviaverifica.bo/falso-renuncia-del-candidato-a-la-vicepresidencia-leopoldo-chui/,Renuncia del candidato a la vicepresidencia Leopoldo Chui,Falso,Alta
800,boliviaverifica.bo,https://boliviaverifica.bo/falsa-encuesta-sobre-intencion-de-voto/,Falsa encuesta sobre intención de voto.,Falso,Alta
801,boliviaverifica.bo,https://boliviaverifica.bo/nueva-generacion-patriotica-declina-participar-en-la-segunda-vuelta-en-la-paz-y-el-tse-acepta-la-decision/,Nueva Generación Patriótica declina participar en la segunda vuelta en La Paz y el TSE acepta la decisión,Verdadero,Baja
802,boliviaverifica.bo,https://boliviaverifica.bo/edmand-lara-pidio-no-votar-por-candidatos-durante-el-silencio-electoral-y-vulnero-la-normativa/,Edmand Lara pidió no votar por candidatos durante el silencio electoral y vulneró la normativa,Verdadero,Baja
803,boliviaverifica.bo,https://boliviaverifica.bo/si-chile-y-peru-exportan-minerales-por-un-valor-hasta-12-veces-mayor-que-el-de-bolivia/,"Sí, Chile y Perú exportan minerales por un valor hasta 12 veces mayor que el de Bolivia",Verdadero,Baja
804,boliviaverifica.bo,https://boliviaverifica.bo/jorge-quiroga-si-recibio-una-amnistia-de-evo-morales-como-dijo-rodrigo-paz/,"Jorge Quiroga sí recibió una amnistía de Evo Morales, como dijo Rodrigo Paz",Verdadero,Baja
805,boliviaverifica.bo,https://boliviaverifica.bo/lo-que-dijo-lara-es-cierto-las-multas-por-incendios-forestales-en-bolivia-pueden-ser-de-apenas-bs-2/,Lo que dijo Lara es cierto: las multas por incendios forestales en Bolivia pueden ser de apenas Bs 2,Verdadero,Baja
806,boliviaverifica.bo,https://boliviaverifica.bo/un-juez-en-bolivia-puede-tener-hasta-1-500-causas-al-ano-como-afirmo-juan-pablo-velasco/,"Un juez en Bolivia puede tener hasta 1.500 causas al año, como afirmó Juan Pablo Velasco",Verdadero,Baja
807,boliviaverifica.bo,https://boliviaverifica.bo/mas-de-300-mujeres-mueren-en-bolivia-por-causas-relacionadas-con-la-maternidad-como-afirmo-velasco/,"Más de 300 mujeres mueren en Bolivia por causas relacionadas con la maternidad, como afirmó Velasco",Verdadero,Baja
808,boliviaverifica.bo,https://boliviaverifica.bo/desde-la-cuenta-de-jp-velasco-en-x-se-lanzaron-dichos-racistas-hace-15-anos/,Desde la cuenta de JP Velasco en X se lanzaron dichos racistas hace 15 años,Verdadero,Baja
809,boliviaverifica.bo,https://boliviaverifica.bo/antes-de-que-el-pdc-anunciara-que-limitaran-la-asistencia-a-los-debates-paz-si-dijo-que-quien-no-debata-no-tiene-derecho-a-pedir-el-voto/,"Antes de que el PDC anunciara que limitarán la asistencia a los debates, Paz sí dijo que quien no debata no tiene derecho a pedir el voto",Verdadero,Baja
810,boliviaverifica.bo,https://boliviaverifica.bo/esposa-de-lara-y-hermana-de-quiroga-asumiran-como-diputadas-en-la-gestion-2025-2030/,Esposa de Lara y hermana de Quiroga asumirán como diputadas en la gestión 2025-2030,Verdadero,Baja
811,boliviaverifica.bo,https://boliviaverifica.bo/el-video-donde-lara-dice-que-paz-hizo-una-pesima-gestion-en-tarija-es-autentico-aunque-data-de-2024/,"El video donde Lara dice que Paz hizo una “pésima gestión” en Tarija es auténtico, aunque data de 2024",Verdadero,Baja
812,boliviaverifica.bo,https://boliviaverifica.bo/si-el-tse-prohibe-el-ingreso-de-telefonos-celulares-con-camara-a-recintos-de-votacion/,"Sí, el TSE prohíbe el ingreso de teléfonos celulares con cámara a recintos de votación",Verdadero,Baja
813,boliviaverifica.bo,https://boliviaverifica.bo/verdadero-el-unico-documento-valido-para-votar-en-las-elecciones-es-el-carnet-de-identidad-fisico/,Verdadero: el único documento valido para votar en las elecciones es el carnet de identidad físico,Verdadero,Baja
814,boliviaverifica.bo,https://boliviaverifica.bo/si-guabira-es-la-empresa-mas-exitosa-del-norte-cruceno-e-incremento-su-produccion-desde-su-privatizacion/,"Sí, Guabirá es la empresa más exitosa del norte cruceño e incrementó su producción desde su privatización",Verdadero,Baja
815,boliviaverifica.bo,https://boliviaverifica.bo/es-verdad-que-en-las-listas-de-candidatos-para-las-elecciones-2025-hay-actuales-legisladores/,Es verdad que en las listas de candidatos para las elecciones 2025 hay actuales legisladores,Verdadero,Baja
816,boliviaverifica.bo,https://boliviaverifica.bo/inhabilitada-luciana-campero-ya-no-podra-ser-candidata-al-senado-por-la-alianza-libre/,Inhabilitada: Luciana Campero ya no podrá ser candidata al Senado por la alianza Libre,Verdadero,Baja
817,boliviaverifica.bo,https://boliviaverifica.bo/peritos-internacionales-no-hallan-rastros-de-ia-en-el-audio-de-evo-morales-es-real/,Peritos internacionales no hallan rastros de IA en el audio de Evo Morales; es real,Verdadero,Baja
818,boliviaverifica.bo,https://boliviaverifica.bo/en-2023-manfred-reyes-villa-dijo-que-se-retiraria-de-la-politica-y-que-no-seria-candidato/,"En 2023, Manfred Reyes Villa dijo que se retiraría de la política y que no sería candidato",Verdadero,Baja
819,boliviaverifica.bo,https://boliviaverifica.bo/jorge-richter-si-dijo-que-la-vicepresidencia-no-era-una-institucion-util-para-el-pais/,Jorge Richter sí dijo que la vicepresidencia no era una institución útil para el país,Verdadero,Baja
820,boliviaverifica.bo,https://boliviaverifica.bo/ruth-nina-si-pidio-la-renuncia-de-evo-morales-y-lo-tildo-de-dictador-en-2019/,Ruth Nina sí pidió la renuncia de Evo Morales y lo tildó de dictador en 2019,Verdadero,Baja
821,boliviaverifica.bo,https://boliviaverifica.bo/si-un-anuncio-publicitario-promociona-al-senador-andronico-rodriguez-como-candidato-presidencial/,"Sí, un anuncio publicitario promociona al senador Andrónico Rodríguez como candidato presidencial",Verdadero,Baja
822,boliviaverifica.bo,https://boliviaverifica.bo/si-el-voto-nulo-tuvo-mayor-porcentaje-que-cualquier-candidato-en-las-elecciones-judiciales-de-2011-y-2017/,"Sí, el voto nulo tuvo mayor porcentaje que cualquier candidato en las elecciones judiciales de 2011 y 2017",Verdadero,Baja
823,boliviaverifica.bo,https://boliviaverifica.bo/al-menos-15-postulantes-aplazados-fueron-habilitados-como-candidatos-al-tcp/,Al menos 15 postulantes aplazados fueron habilitados como candidatos al TCP,Verdadero,Baja
824,boliviaverifica.bo,https://boliviaverifica.bo/venezuela-maduro-aparece-13-veces-en-la-papeleta-electoral-y-edmundo-gonzalez-en-3/,Venezuela: Maduro aparece 13 veces en la papeleta electoral y Edmundo González en 3,Verdadero,Baja
825,boliviaverifica.bo,https://boliviaverifica.bo/si-un-excandidato-a-la-defensoria-del-pueblo-fue-detenido-y-enviado-preventivamente-a-palmasola/,"Sí, un excandidato a la Defensoría del Pueblo fue detenido y enviado preventivamente a Palmasola",Verdadero,Baja
826,boliviaverifica.bo,https://boliviaverifica.bo/actores-y-cantantes-expresan-apoyo-a-lula-y-futbolistas-apuestan-por-bolsonaro-en-elecciones/,Actores y cantantes expresan apoyo a Lula y futbolistas apuestan por Bolsonaro en elecciones,Verdadero,Baja
827,boliviaverifica.bo,https://boliviaverifica.bo/los-militares-ya-no-recibiran-la-lactancia-en-efectivo-sino-que-sera-en-especie-como-los-demas-ciudadanos/,"Los militares ya no recibirán la lactancia en efectivo, sino que será en especie como los demás ciudadanos",Verdadero,Baja
828,boliviaverifica.bo,https://boliviaverifica.bo/la-doble-carga-de-tigo-ya-no-se-podra-utilizar-para-comprar-paquetes-de-internet/,Tigo se retracta: La doble carga de Tigo se podrá utilizar para comprar paquetes de internet,Verdadero,Baja
829,boliviaverifica.bo,https://boliviaverifica.bo/aunque-no-hay-aval-oficial-partidarios-del-mas-en-santa-cruz-elegiran-a-una-miss/,"Aunque no hay aval oficial, partidarios del MAS en Santa Cruz elegirán a una miss",Verdadero,Baja
830,boliviaverifica.bo,https://boliviaverifica.bo/encuesta-realizada-por-jfaa-consultores-para-la-gobernacion-de-chuquisaca-es-autorizada/,Encuesta realizada por JFAA Consultores para la Gobernación de Chuquisaca es autorizada,Verdadero,Baja
831,boliviaverifica.bo,https://boliviaverifica.bo/presidente-arce-si-dijo-que-las-vacunas-son-para-el-pueblo-y-no-para-las-oligarquias-tarijenas/,Presidente Arce sí dijo que las vacunas son para el pueblo y no para las oligarquías tarijeñas,Verdadero,Baja
832,boliviaverifica.bo,https://boliviaverifica.bo/candidato-montes-de-tarija-afirmo-que-a-su-oponente-lo-apoya-gente-del-chapare-y-el-alto/,Candidato Montes de Tarija afirmó que a su oponente lo apoya gente del Chapare y El Alto,Verdadero,Baja
833,boliviaverifica.bo,https://boliviaverifica.bo/periodista-desaparecido-en-2014-en-tarija-fue-habilitado-para-votar-en-las-elecciones/,Periodista desaparecido en 2014 en Tarija fue habilitado para votar en las elecciones,Verdadero,Baja
834,boliviaverifica.bo,https://boliviaverifica.bo/simpatizantes-de-ucs-cortaron-una-calle-en-santa-cruz-por-vigilia-y-festejos/,Simpatizantes de UCS cortaron una calle en Santa Cruz por vigilia y festejos,Verdadero,Baja
835,boliviaverifica.bo,https://boliviaverifica.bo/verdadero-el-mas-gano-con-el-100-de-los-votos-en-un-municipio-de-potosi/,Verdadero: El MAS ganó con el 100% de los votos en un municipio de Potosí,Verdadero,Baja
836,boliviaverifica.bo,https://boliviaverifica.bo/en-la-fanpage-de-adriana-salvatierra-se-escribio-multimillonario-cierre-de-campana-del-mas-y-luego-se-corrigio/,En la fanpage de Adriana Salvatierra se escribió “multimillonario” cierre de campaña del MAS y luego se corrigió,Verdadero,Baja
837,boliviaverifica.bo,https://boliviaverifica.bo/la-fotografia-de-eva-copa-con-miembros-del-pdc-es-real/,La fotografía de Eva Copa con miembros del PDC es real,Verdadero,Baja
838,boliviaverifica.bo,https://boliviaverifica.bo/si-ted-de-la-paz-notifico-inhabilitacion-de-luis-larrea-como-candidato/,"Sí, TED de La Paz notificó inhabilitación de Luis Larrea como candidato",Verdadero,Baja
839,boliviaverifica.bo,https://boliviaverifica.bo/informes-internacionales-preven-que-vacunacion-contra-la-covid-19-en-bolivia-culminara-en-2023/,Informes internacionales prevén que vacunación contra la Covid – 19 en Bolivia culminará en 2023,Verdadero,Baja
840,boliviaverifica.bo,https://boliviaverifica.bo/no-digo-que-roben-pero-saquen-algo-la-polemica-y-real-frase-de-jhonny-fernandez-que-lo-persigue-en-la-campana/,"“No digo que roben, pero saquen algo”: la polémica (y real) frase de Jhonny Fernández que lo persigue en la campaña",Verdadero,Baja
841,boliviaverifica.bo,https://boliviaverifica.bo/verdadero-el-plan-de-salud-de-gary-anez-se-reduce-a-acceso-con-calidad-y-calidez/,Verdadero: El plan de salud de Gary Áñez se reduce a “acceso con calidad y calidez”,Verdadero,Baja
842,boliviaverifica.bo,https://boliviaverifica.bo/verdadero-un-candidato-de-ucs-declaro-estar-en-contra-de-las-vacunas-contra-el-coronavirus/,Verdadero: Un candidato de UCS declaró oponerse a las vacunas contra el coronavirus,Verdadero,Baja
843,boliviaverifica.bo,https://boliviaverifica.bo/es-cierto-que-en-santa-cruz-se-levantaron-50-cadaveres-por-dia-durante-dos-a-tres-semanas/,Es cierto que en Santa Cruz se levantaron “50 cadáveres por día” durante dos a tres semanas,Verdadero,Baja
844,boliviaverifica.bo,https://boliviaverifica.bo/democratas-si-esta-rifando-un-vehiculo-0-km-para-apoyar-campana-de-roly-aguilera/,Demócratas sí está rifando un vehículo 0 Km para apoyar campaña de Roly Aguilera,Verdadero,Baja
845,boliviaverifica.bo,https://boliviaverifica.bo/se-viraliza-gigantografia-de-supuesta-alianza-entre-lideres-de-ucs-mas/,Se viraliza gigantografía de supuesta alianza entre líderes de UCS-MAS,Verdadero,Baja
846,boliviaverifica.bo,https://boliviaverifica.bo/verdadero-waldo-albarracin-anuncio-que-declinara-su-candidatura-a-la-alcaldia-de-la-paz/,Verdadero: Waldo Albarracín anunció que declinará su candidatura a la Alcaldía de La Paz,Verdadero,Baja
847,boliviaverifica.bo,https://boliviaverifica.bo/angelica-sosa-pide-la-renuncia-de-funcionarios-publicos-que-no-hagan-campana/,Angélica Sosa pide la renuncia de funcionarios públicos que no hagan campaña,Verdadero,Baja
848,boliviaverifica.bo,https://boliviaverifica.bo/fallecio-el-candidato-de-el-alto-fermin-tarquino-mas-conocido-como-el-chiti-vecino/,"Falleció el candidato de El Alto Fermín Tarquino, más conocido como el “chiti vecino”",Verdadero,Baja
849,boliviaverifica.bo,https://boliviaverifica.bo/pagina-de-adriana-salvatierra-compartio-imagenes-entregando-pruebas-de-coronavirus-con-el-logo-de-su-campana/,Página de Adriana Salvatierra compartió imágenes entregando pruebas de coronavirus con el logo de su campaña,Verdadero,Baja
850,boliviaverifica.bo,https://boliviaverifica.bo/evo-morales-delego-la-designacion-de-candidatos-del-mas-para-las-elecciones-subnacionales/,Evo Morales delegó la designación de candidatos del MAS para las elecciones subnacionales,Verdadero,Baja
851,boliviaverifica.bo,https://boliviaverifica.bo/un-grupo-de-la-comunidad-lgbti-proclamo-a-carlos-romero-para-la-gobernacion-de-santa-cruz/,Un grupo de la comunidad LGBTI+ proclamó a Carlos Romero para la gobernación de Santa Cruz,Verdadero,Baja
852,boliviaverifica.bo,https://boliviaverifica.bo/firmas-en-ambas-cartas-de-la-vocal-rosario-baptista-a-la-oea-son-genuinas/,Firmas en ambas cartas de la vocal Rosario Baptista a la OEA son genuinas,Verdadero,Baja
853,boliviaverifica.bo,https://boliviaverifica.bo/edgar-villegas-hallo-irregularidades-en-proceso-electoral-pero-no-constato-que-haya-habido-fraude/,"Villegas halló irregularidades en proceso electoral, pero no constató fraude",Verdadero,Baja
854,boliviaverifica.bo,https://boliviaverifica.bo/delegado-de-creemos-avalo-transparencia-del-tribunal-electoral-de-santa-cruz/,Delegado de CREEMOS avaló transparencia del Tribunal Electoral de Santa Cruz,Verdadero,Baja
855,boliviaverifica.bo,https://boliviaverifica.bo/periodistas-de-la-red-unitel-fueron-abucheados-por-militantes-de-creemos/,Periodistas de la red Unitel fueron abucheados por militantes de Creemos,Verdadero,Baja
856,boliviaverifica.bo,https://boliviaverifica.bo/luego-de-las-elecciones-hubo-intento-de-enfrentamiento-en-el-plan-tres-mil/,Luego de las elecciones hubo intento de enfrentamiento en el Plan Tres Mil,Verdadero,Baja
857,boliviaverifica.bo,https://boliviaverifica.bo/verdadero-ciesmori-suspendio-resultados-en-boca-de-urnas/,Verdadero: Ciesmori suspendió resultados en boca de urna,Verdadero,Baja
858,boliviaverifica.bo,https://boliviaverifica.bo/llego-una-avioneta-a-san-miguel-de-velasco-pero-fue-una-mision-del-ted-santa-cruz/,Llegó una avioneta a San Miguel de Velasco pero fue una misión del TED Santa Cruz,Verdadero,Baja
859,boliviaverifica.bo,https://boliviaverifica.bo/jorge-tuto-quiroga-declina-candidatura/,Jorge “Tuto” Quiroga declina su candidatura a la presidencia,Verdadero,Baja
860,boliviaverifica.bo,https://boliviaverifica.bo/creemos-hizo-un-taller-de-automaquillaje-para-las-mujeres-en-santa-cruz/,CREEMOS hizo un taller de automaquillaje para las mujeres en Santa Cruz,Verdadero,Baja
861,boliviaverifica.bo,https://boliviaverifica.bo/gobierno-de-adn-si-consolido-proceso-de-condonacion-de-deuda-externa/,Gobierno de ADN sí consolidó proceso de condonación de deuda externa,Verdadero,Baja
862,boliviaverifica.bo,https://boliviaverifica.bo/verdadero-el-90-y-mas-de-la-produccion-de-coca-del-chapare-no-pasa-por-el-mercado-legal/,Verdadero: El 90% y más de la producción de coca del Chapare no pasa por el mercado legal,Verdadero,Baja
863,boliviaverifica.bo,https://boliviaverifica.bo/el-cato-de-coca-es-legal-desde-el-mandato-de-carlos-mesa/,El cato de coca es legal desde el mandato de Carlos Mesa,Verdadero,Baja
864,boliviaverifica.bo,https://boliviaverifica.bo/en-el-anterior-gobierno-si-indicaron-que-cada-boliviano-tenia-4-mil-dolares-en-su-bolsillo/,En el anterior Gobierno sí indicaron que cada boliviano tenía 4 mil dólares en su bolsillo,Verdadero,Baja
865,boliviaverifica.bo,https://boliviaverifica.bo/la-defensoria-del-pueblo-y-el-tribunal-constitucional-se-crearon-mediante-ley-del-congreso-nacional/,La Defensoría del Pueblo y el Tribunal Constitucional se crearon mediante ley del Congreso Nacional,Verdadero,Baja
866,boliviaverifica.bo,https://boliviaverifica.bo/luis-fernando-camacho-no-asistira-al-debate-presidencial-de-esta-noche/,Confirman que Luis Fernando Camacho no asistirá al debate presidencial de esta noche,Verdadero,Baja
867,boliviaverifica.bo,https://boliviaverifica.bo/graban-y-difunden-una-encuesta-telefonica-de-ciesmori/,Graban y difunden una encuesta telefónica de Ciesmori,Verdadero,Baja
868,boliviaverifica.bo,https://boliviaverifica.bo/telesur-y-russia-today-transmitiran-el-debate-de-la-fam/,Telesur y Russia Today transmitirán el debate de la FAM,Verdadero,Baja
869,boliviaverifica.bo,https://boliviaverifica.bo/durante-una-entrevista-camacho-demora-en-encontrar-un-pasaje-biblico-que-le-guste/,"Durante una entrevista, Camacho demora en encontrar un pasaje bíblico que le guste",Verdadero,Baja
870,boliviaverifica.bo,https://boliviaverifica.bo/cifras-de-empadronados-no-se-basan-en-proyecciones-de-ine/,Cifras de empadronados no se basan en proyecciones de INE,Verdadero,Baja
871,boliviaverifica.bo,https://boliviaverifica.bo/confirmado-dona-chevas-esta-registrada-como-candidata-a-diputada-por-fpv/,Confirmado: ‘Doña Chevas’ está registrada como candidata a diputada por FPV,Verdadero,Baja
872,boliviaverifica.bo,https://boliviaverifica.bo/spot-de-comunidad-ciudadana-molesta-a-un-sector-de-la-policia/,Spot de Comunidad Ciudadana molesta a un sector de la Policía,Verdadero,Baja
873,boliviaverifica.bo,https://boliviaverifica.bo/es-cierto-que-chi-hyun-chung-quiere-construir-disneylandia-en-el-salar-de-uyuni-y-otras-frases-polemicas-del-candidato/,Es cierto que Chi Hyun Chung quiere construir Disneylandia en el Salar de Uyuni (y otras frases polémicas del candidato),Verdadero,Baja
874,boliviaverifica.bo,https://boliviaverifica.bo/exembajador-de-bolivia-en-venezuela-esta-habilitado-para-votar-pero-en-colombia/,Exembajador de Bolivia en Venezuela está habilitado para votar… pero en Colombia,Verdadero,Baja
875,boliviaverifica.bo,https://boliviaverifica.bo/candidata-de-fpv-asegura-que-no-traicionara-al-elector-como-hace-un-ex/,Candidata de FPV asegura que no traicionará al elector como hace “un ex”,Verdadero,Baja
876,boliviaverifica.bo,https://boliviaverifica.bo/caravana-del-frente-para-la-victoria-fue-agredida-en-el-alto/,Caravana del Frente Para la Victoria fue agredida en El Alto,Verdadero,Baja
877,boliviaverifica.bo,https://boliviaverifica.bo/facebook-elimino-paginas-que-desinformaban-conozca-cuales-estaban-vinculadas-a-bolivia/,Facebook eliminó páginas que desinformaban: conozca cuáles estaban vinculadas a Bolivia,Verdadero,Baja
878,boliviaverifica.bo,https://boliviaverifica.bo/es-cierto-seguidores-del-mas-pidieron-a-arce-que-no-lleve-la-wiphala-en-campana-en-santa-cruz/,¡Es cierto! Seguidores del MAS pidieron a Arce que no lleve la Wiphala en campaña en Santa Cruz,Verdadero,Baja
879,boliviaverifica.bo,https://boliviaverifica.bo/sala-constitucional-de-la-paz-inhabilita-candidatura-de-evo-por-el-senado-de-cochabamba/,Sala Constitucional de La Paz inhabilita candidatura de Evo por el Senado de Cochabamba,Verdadero,Baja
880,boliviaverifica.bo,https://boliviaverifica.bo/las-publicaciones-de-la-presidenta-jeanine-anez-no-son-patrocinadas-por-la-alianza-juntos/,Las publicaciones de la presidenta Jeanine Áñez son patrocinadas por la alianza Juntos,Verdadero,Baja
881,boliviaverifica.bo,https://boliviaverifica.bo/la-activista-alejandra-serrate-respalda-la-candidatura-de-luis-fernando-camacho/,La activista Alejandra Serrate respalda la candidatura de Luis Fernando Camacho,Verdadero,Baja
882,boliviaverifica.bo,https://boliviaverifica.bo/verdadero-luis-arce-propone-un-impuesto-a-la-riqueza/,"Verdadero, Luis Arce propone un impuesto a la riqueza",Verdadero,Baja
883,boliviaverifica.bo,https://boliviaverifica.bo/tirania-fraude-y-muerte-el-mensaje-que-un-diputado-pone-en-las-pantallas-en-plena-sesion-de-la-asamblea/,"“Tiranía, fraude y muerte”: El mensaje que un diputado pone en las pantallas en plena sesión de la Asamblea",Verdadero,Baja
884,boliviaverifica.bo,https://boliviaverifica.bo/la-cob-si-instruyo-el-paso-libre-de-ambulancias-y-camiones-con-oxigeno/,La COB sí instruyó el paso libre de ambulancias y camiones con oxígeno,Verdadero,Baja
885,boliviaverifica.bo,https://boliviaverifica.bo/mujer-vestida-de-cholita-hizo-un-reclamo-desde-espana-por-las-elecciones/,Mujer vestida de cholita hizo un reclamo desde España por las elecciones,Verdadero,Baja
886,boliviaverifica.bo,https://boliviaverifica.bo/es-verdad-que-el-tse-puede-anular-la-candidatura-del-mas/,Es verdad que el TSE puede anular la candidatura del MAS,Verdadero,Baja
887,boliviaverifica.bo,https://boliviaverifica.bo/verdadero-salud-de-candidato-presidencial-de-pan-bol-se-encuentra-en-estado-critico/,Verdadero: Salud de candidato presidencial de PAN Bol se encuentra en estado crítico,Verdadero,Baja
888,boliviaverifica.bo,https://boliviaverifica.bo/a-traves-de-pronunciamientos-ciudadanos-piden-suspender-elecciones-e-invitan-a-cabildos-digitales/,"A través de pronunciamientos, ciudadanos piden suspender elecciones e invitan a cabildos digitales",Verdadero,Baja
889,boliviaverifica.bo,https://boliviaverifica.bo/19-tareas-pendientes-tiene-el-tse-y-entre-ellas-no-esta-abrir-el-padron/,"19 tareas pendientes tiene el TSE y entre ellas no estaba abrir el Padrón, pero lo abrirá",Verdadero,Baja
890,boliviaverifica.bo,https://boliviaverifica.bo/alianza-creemos-de-camacho-pide-al-tse-suspender-elecciones/,Alianza Creemos de Camacho pide al TSE suspender elecciones,Verdadero,Baja
891,boliviaverifica.bo,https://boliviaverifica.bo/candidatos-a-diputados-por-juntos-y-funcionarios-municipales-se-reunieron-en-teatro-al-aire-libre-de-la-paz/,Candidatos a diputados por “Juntos” y funcionarios municipales se reunieron en Teatro Al Aire Libre de La Paz,Verdadero,Baja
892,boliviaverifica.bo,https://boliviaverifica.bo/tse-inhabilita-candidatura-de-evo-morales/,TSE inhabilita candidatura de Evo Morales,Verdadero,Baja
893,boliviaverifica.bo,https://boliviaverifica.bo/tuto-anuncia-su-participacion-en-las-elecciones-del-3-de-mayo/,“Tuto” anuncia su participación en las Elecciones del 3 de mayo,Verdadero,Baja
894,boliviaverifica.bo,https://boliviaverifica.bo/chi-hyun-chung-ya-no-sera-candidato-del-pdc/,Chi Hyun Chung ya no será candidato del PDC,Verdadero,Baja
895,boliviaverifica.bo,https://boliviaverifica.bo/por-irregularidades-informe-preliminar-de-la-oea-recomienda-nuevas-elecciones/,"Por irregularidades, informe preliminar de la OEA recomienda nuevas elecciones",Verdadero,Baja
896,boliviaverifica.bo,https://boliviaverifica.bo/experto-chileno-en-elecciones-esta-en-bolivia-pero-no-trabaja-en-la-auditoria/,"Experto chileno en elecciones está en Bolivia, pero no trabaja en la auditoría",Verdadero,Baja
897,boliviaverifica.bo,https://boliviaverifica.bo/es-verdad-el-vocal-antonio-costas-renuncia-al-tse/,"Es verdad, el vocal Antonio Costas renuncia al TSE",Verdadero,Baja
898,boliviaverifica.bo,https://boliviaverifica.bo/verdadero-que-policia-echa-gas-en-el-rostro-a-una-mujer-durante-manifestaciones-por-resultados-de-las-elecciones/,Verdadero que policía echa gas en el rostro a una mujer durante manifestaciones por resultados de las Elecciones,Verdadero,Baja
899,boliviaverifica.bo,https://boliviaverifica.bo/el-tde-de-la-paz-declara-cuarto-intermedio-en-el-computo-de-votos-por-incidentes/,El TDE de La Paz declara cuarto intermedio en el cómputo de votos por incidentes,Verdadero,Baja
900,boliviaverifica.bo,https://boliviaverifica.bo/verdadero-manfred-reyes-villa-se-pronuncia-dias-antes-de-las-elecciones/,"Verdadero, Manfred Reyes Villa se pronuncia días antes de las Elecciones",Verdadero,Baja
901,boliviaverifica.bo,https://boliviaverifica.bo/verdadero-que-orlando-careaga-candidato-a-senador-por-el-mas-en-potosi-fue-diputado-por-el-mnr-en-2002/,"Verdadero que Orlando Careaga, candidato a senador por el MAS en Potosí, fue diputado por el MNR en 2002",Verdadero,Baja
902,boliviaverifica.bo,https://boliviaverifica.bo/verdadero-que-rafael-quispe-se-presenta-como-candidato-a-la-gobernacion-de-la-paz/,Verdadero que Rafael Quispe se presenta como candidato a la gobernación de La Paz,Verdadero,Baja
903,boliviaverifica.bo,https://boliviaverifica.bo/samuel-doria-medina-si-apoyara-a-carlos-mesa-en-las-elecciones-generales-2019/,Samuel Doria Medina sí apoyará a Carlos Mesa en las Elecciones Generales 2019,Verdadero,Baja
904,boliviaverifica.bo,https://boliviaverifica.bo/si-es-verdad-maria-eugenia-choque-presidenta-del-tse-fue-viceministra-durante-el-mandato-de-mesa/,"Sí, es verdad, María Eugenia Choque, presidenta del TSE, fue viceministra durante el mandato de Mesa",Verdadero,Baja
905,boliviaverifica.bo,https://boliviaverifica.bo/periodista-afirma-que-candidato-a-diputado-por-comunidad-ciudadana-publico-encuesta-no-autorizada/,Periodista afirma que candidato a diputado por Comunidad Ciudadana publicó encuesta no autorizada,Verdadero,Baja
906,boliviaverifica.bo,https://boliviaverifica.bo/verdadera-postulacion-de-chin-hyun-chung-por-el-pdc/,Chin Hyun Chung se presenta como candidato a la presidencia por el PDC,Verdadero,Baja
907,boliviaverifica.bo,https://boliviaverifica.bo/verdadero-que-edwin-rodriguez-renuncia-como-candidato-de-bolivia-dice-no/,Verdadero que Edwin Rodríguez renuncia como candidato de Bolivia Dice No,Verdadero,Baja
908,boliviaverifica.bo,https://boliviaverifica.bo/verdadero-que-tse-rechaza-renuncia-de-jaime-paz/,Verdadero que TSE rechaza renuncia de Jaime Paz,Verdadero,Baja
909,boliviaverifica.bo,https://boliviaverifica.bo/verdadero-que-el-tse-garantiza-equidad-de-genero-en-las-elecciones-generales/,Verdadero que el TSE garantiza equidad de género en las elecciones generales.,Verdadero,Baja
910,boliviaverifica.bo,https://boliviaverifica.bo/verdadero-tse-remitio-informe-del-caso-morochata/,Verdadero: TSE remitió informe del caso Morochata.,Verdadero,Baja
911,boliviaverifica.bo,https://boliviaverifica.bo/segunda-vuelta-cdc-y-el-mas-no-tienen-alianza-en-tarija/,Segunda vuelta: CDC y el MAS no tienen alianza en Tarija,Engañoso,Media
912,boliviaverifica.bo,https://boliviaverifica.bo/carta-del-pdc-sin-aval-de-su-delegado-ante-el-tse-solicitaba-declinatoria-de-candidaturas-en-2025/,Carta del PDC sin aval de su delegado ante el TSE solicitaba declinatoria de candidaturas en 2025,Engañoso,Media
913,boliviaverifica.bo,https://boliviaverifica.bo/sacan-de-contexto-video-de-2023-para-implicar-a-rene-yahuasi-en-un-caso-de-agresion-sexual/,Sacan de contexto video de 2023 para implicar a Rene Yahuasi en un caso de agresión sexual,Engañoso,Media
914,boliviaverifica.bo,https://boliviaverifica.bo/tse-no-elimino-votos-de-candidato-inhabilitado-ni-los-convirtio-directamente-en-nulos/,TSE no “eliminó” votos de candidato inhabilitado ni los convirtió directamente en nulos,Engañoso,Media
915,boliviaverifica.bo,https://boliviaverifica.bo/enganoso-fotografia-de-cesar-dockweiler-y-evo-morales-es-antigua/,Engañoso: Fotografía de César Dockweiler y Evo Morales es antigua,Engañoso,Media
916,boliviaverifica.bo,https://boliviaverifica.bo/es-enganoso-que-waldo-albarracin-participe-por-primera-vez-en-una-campana-a-la-alcaldia-de-la-paz/,Es engañoso que Waldo Albarracín participe por primera vez en una campaña a la Alcaldía de La Paz,Engañoso,Media
917,boliviaverifica.bo,https://boliviaverifica.bo/el-candidato-orlando-ceballos-da-un-dato-enganoso-sobre-el-crecimiento-poblacional-de-chuquisaca/,El candidato Orlando Ceballos da un dato engañoso sobre el crecimiento poblacional de Chuquisaca,Engañoso,Media
918,boliviaverifica.bo,https://boliviaverifica.bo/es-enganoso-que-50-municipios-de-santa-cruz-no-tengan-hospitales-de-segundo-nivel-como-afirmo-chi-hyun-chung/,"Es engañoso que “50 municipios de Santa Cruz no tengan hospitales de segundo nivel”, como afirmó Chi Hyun Chung",Engañoso,Media
919,boliviaverifica.bo,https://boliviaverifica.bo/video-que-acusa-a-mamen-saavedra-de-mentir-sobre-no-vivir-de-la-politica-es-enganoso/,Video que acusa a Mamen Saavedra de mentir sobre “no vivir de la política” es engañoso,Engañoso,Media
920,boliviaverifica.bo,https://boliviaverifica.bo/no-es-preciso-decir-que-hubo-mas-de-10-mil-personas-en-una-marcha-en-favor-de-jhonny-plata/,No es preciso decir que hubo más de 10 mil personas en una marcha en favor de Jhonny Plata,Engañoso,Media
921,boliviaverifica.bo,https://boliviaverifica.bo/video-induce-a-creer-que-la-agrupacion-de-edmand-lara-y-libre-de-tuto-quiroga-sellaron-alianza-en-cochabamba/,Video induce a creer que la agrupación de Edmand Lara y Libre de Tuto Quiroga sellaron alianza en Cochabamba,Engañoso,Media
922,boliviaverifica.bo,https://boliviaverifica.bo/chuquisaca-alianza-gente-nueva-manipulo-sus-fotografias-de-la-proclamacion-en-camargo/,Chuquisaca: Alianza Gente Nueva manipuló sus fotografías de la proclamación en Camargo,Engañoso,Media
923,boliviaverifica.bo,https://boliviaverifica.bo/no-solo-quiroga-sanchez-de-lozada-tambien-fue-a-juicio-de-responsabilidades-en-un-caso-vinculado-a-la-exploracion-de-gas/,"No solo Quiroga, Sánchez de Lozada también fue a juicio de responsabilidades en un caso vinculado a la exploración de gas",Engañoso,Media
924,boliviaverifica.bo,https://boliviaverifica.bo/paz-dio-un-dato-correcto-y-otro-incorrecto-sobre-el-numero-de-medicos-por-cada-10-000-habitantes-en-bolivia-y-la-region/,Paz dio un dato correcto y otro incorrecto sobre el número de médicos por cada 10.000 habitantes en Bolivia y la región,Engañoso,Media
925,boliviaverifica.bo,https://boliviaverifica.bo/rodrigo-paz-no-construyo-9-hospitales-municipales-en-tarija-como-dijo-en-el-debate-presidencial/,"Rodrigo Paz no construyó 9 hospitales municipales en Tarija, como dijo en el debate presidencial",Engañoso,Media
926,boliviaverifica.bo,https://boliviaverifica.bo/quiroga-no-llamo-pobres-a-los-bolivianos-las-declaraciones-que-dio-despues-del-debate-vicepresidencial-fueron-sacadas-de-contexto/,"Quiroga no llamó pobres a los bolivianos, las declaraciones que dio después del debate vicepresidencial fueron sacadas de contexto",Engañoso,Media
927,boliviaverifica.bo,https://boliviaverifica.bo/lara-niega-propuesta-de-recorte-de-los-subsidios-a-los-combustibles-pero-el-pdc-si-lo-planteo/,"Lara niega propuesta de recorte de los subsidios a los combustibles, pero el PDC sí lo planteó",Engañoso,Media
928,boliviaverifica.bo,https://boliviaverifica.bo/esta-foto-no-muestra-a-jaime-paz-zamora-con-david-choquehuanca-y-la-diputada-choque/,Esta foto no muestra a Jaime Paz Zamora con David Choquehuanca y la diputada Choque,Engañoso,Media
929,boliviaverifica.bo,https://boliviaverifica.bo/edman-lara-no-ofrecio-viviendas-gratuitas-como-se-menciona-este-video-sino-con-creditos-bancarios/,Edman Lara no ofreció viviendas gratuitas como se menciona este video; sino con créditos bancarios,Engañoso,Media
930,boliviaverifica.bo,https://boliviaverifica.bo/en-2016-paz-aludio-la-campana-por-el-si-en-presencia-de-morales-pero-luego-aclaro-que-se-mantenia-neutral/,"En 2016, Paz aludió la campaña por el Sí en presencia de Morales, pero luego aclaró que se mantenía neutral",Engañoso,Media
931,boliviaverifica.bo,https://boliviaverifica.bo/el-presidente-de-venezuela-no-respaldo-a-rodrigo-paz-ni-a-edman-lara/,El presidente de Venezuela no respaldó a Rodrigo Paz ni a Edman Lara,Engañoso,Media
932,boliviaverifica.bo,https://boliviaverifica.bo/video-de-luis-arce-celebrando-el-resultado-de-las-elecciones-no-es-de-2025/,Video de Luis Arce celebrando el resultado de las elecciones no es de 2025,Engañoso,Media
933,boliviaverifica.bo,https://boliviaverifica.bo/video-de-manfred-reyes-villa-donde-anuncia-su-retiro-de-la-politica-es-de-2023/,Video de Manfred Reyes Villa donde anuncia su retiro de la política es de 2023,Engañoso,Media
934,boliviaverifica.bo,https://boliviaverifica.bo/el-pdc-no-le-quito-su-apoyo-a-rodrigo-paz-fue-una-faccion-la-que-se-pronuncio-antes-de-las-elecciones/,"El PDC no le quitó su apoyo a Rodrigo Paz, fue una facción la que se pronunció antes de las elecciones",Engañoso,Media
935,boliviaverifica.bo,https://boliviaverifica.bo/video-de-jorge-quiroga-llamando-a-votar-nulo-es-de-2017/,Video de Jorge Quiroga llamando a votar nulo es de 2017,Engañoso,Media
936,boliviaverifica.bo,https://boliviaverifica.bo/juan-pablo-velasco-no-emprendio-yango-y-pedidos-ya/,Juan Pablo Velasco no emprendió Yango y Pedidos Ya,Engañoso,Media
937,boliviaverifica.bo,https://boliviaverifica.bo/audio-vinculado-a-doria-medina-en-la-amenaza-a-una-mujer-es-de-2014-y-no-tiene-relacion-con-robledo/,Audio vinculado a Doria Medina en la amenaza a una mujer es de 2014 y no tiene relación con Robledo,Engañoso,Media
938,boliviaverifica.bo,https://boliviaverifica.bo/enganoso-esta-imagen-no-corresponde-a-la-segunda-encuesta-nacional-de-unitel-sino-al-primer-estudio-en-santa-cruz/,"Engañoso: Esta imagen no corresponde a la segunda encuesta nacional de Unitel, sino al primer estudio en Santa Cruz",Engañoso,Media
939,boliviaverifica.bo,https://boliviaverifica.bo/doria-medina-no-admitio-que-compro-las-encuestas-de-la-red-uno-cito-al-medio-como-referencia/,Doria Medina no admitió que compró las encuestas de la Red Uno; citó al medio como referencia,Engañoso,Media
940,boliviaverifica.bo,https://boliviaverifica.bo/no-es-cierto-que-la-ultima-encuesta-nacional-de-ipsos-ciesmori-posiciona-en-primer-lugar-a-tuto-quiroga/,No es cierto que la última encuesta nacional de Ipsos Ciesmori posiciona en primer lugar a Tuto Quiroga,Engañoso,Media
941,boliviaverifica.bo,https://boliviaverifica.bo/enganoso-la-frase-en-que-doria-medina-dice-que-le-gustaria-ir-a-las-elecciones-con-morales-fue-editada-y-sacada-de-contexto/,El audio en que Doria Medina dice que “le gustaría” ir a las elecciones con Morales fue editado y sacado de contexto,Engañoso,Media
942,boliviaverifica.bo,https://boliviaverifica.bo/tanques-helicopteros-y-militares-no-se-desplegaron-en-contra-del-gobierno-de-luis-arce/,"Tanques, helicópteros y militares no se desplegaron en contra del gobierno de Luis Arce",Engañoso,Media
943,boliviaverifica.bo,https://boliviaverifica.bo/radio-kawsachun-coca-publico-un-video-grabado-en-nepal-como-si-fuese-una-movilizacion-en-cochabamba/,Radio Kawsachun Coca publicó un video grabado en Nepal como si fuese una movilización en Cochabamba,Engañoso,Media
944,boliviaverifica.bo,https://boliviaverifica.bo/amenaza-de-ponchos-rojos-y-encapuchados-armados-es-de-2020/,Amenaza de ponchos rojos y encapuchados armados es de 2020,Engañoso,Media
945,boliviaverifica.bo,https://boliviaverifica.bo/juan-pablo-velasco-no-creo-pedidos-ya-y-yango-pero-si-netcomidas-com/,"Juan Pablo Velasco no creó Pedidos Ya y Yango, pero sí Netcomidas.com",Engañoso,Media
946,boliviaverifica.bo,https://boliviaverifica.bo/manipulan-una-publicacion-de-marcelo-claure-y-kawsachun-coca-la-difunde/,Manipulan una publicación de Marcelo Claure y Kawsachun Coca la difunde,Engañoso,Media
947,boliviaverifica.bo,https://boliviaverifica.bo/eduardo-del-castillo-no-figura-como-militante-del-mas-pero-eso-no-le-impide-ser-su-candidato/,"Eduardo del Castillo no figura como militante del MAS, pero eso no le impide ser su candidato",Engañoso,Media
948,boliviaverifica.bo,https://boliviaverifica.bo/elecciones-edgar-uriona-no-anuncio-que-le-retira-su-apoyo-a-jaime-dunn/,Elecciones: Edgar Uriona no anunció que le retira su apoyo a Jaime Dunn,Engañoso,Media
949,boliviaverifica.bo,https://boliviaverifica.bo/audio-de-moldiz-que-anuncia-el-retiro-de-la-candidatura-de-andronico-es-pasado/,Audio de Moldiz que anuncia el retiro de la candidatura de Andrónico es pasado,Engañoso,Media
950,boliviaverifica.bo,https://boliviaverifica.bo/l-del-tse-gustavo-avila-si-dijo-que-se-permitira-tomar-fotografias-a-las-actas-electorales-no-al-voto/,"El vocal del TSE Gustavo Ávila sí dijo que se permitirá tomar fotografías a las actas electorales, no al voto",Engañoso,Media
951,boliviaverifica.bo,https://boliviaverifica.bo/doria-medina-hablo-de-los-derechos-civiles-de-personas-lgbt-no-planteo-cambios-en-la-familia/,"Doria Medina habló de los derechos civiles de personas LGBT, no planteó cambios en la familia",Engañoso,Media
952,boliviaverifica.bo,https://boliviaverifica.bo/la-publicacion-de-erbol-sobre-la-postulacion-de-ericka-brockmann-como-vocal-del-tse-es-de-2019/,La publicación de Erbol sobre la postulación de Ericka Brockmann como vocal del TSE es de 2019,Engañoso,Media
953,boliviaverifica.bo,https://boliviaverifica.bo/jaime-dunn-no-obtuvo-874-votos-en-la-encuesta-de-el-bunker/,Jaime Dunn no obtuvo 874 votos en la encuesta de El Bunker,Engañoso,Media
954,boliviaverifica.bo,https://boliviaverifica.bo/tergiversan-declaraciones-de-evo-morales-sobre-el-movimiento-al-socialismo/,Tergiversan declaraciones de Evo Morales sobre el Movimiento Al Socialismo,Engañoso,Media
955,boliviaverifica.bo,https://boliviaverifica.bo/no-es-preciso-decir-que-las-renuncias-al-mas-son-masivas-ya-que-no-representan-ni-el-1-del-total/,"No es preciso decir que las renuncias al MAS son masivas, ya que no representan ni el 1% del total",Engañoso,Media
956,boliviaverifica.bo,https://boliviaverifica.bo/claure-anuncio-que-retirara-sus-inversiones-de-bolivia-si-el-mas-gana-las-elecciones-no-vinculo-esta-decision-al-litio/,Claure anunció que retirará sus inversiones de Bolivia si el MAS gana las elecciones; no vinculó esta decisión al litio,Engañoso,Media
957,boliviaverifica.bo,https://boliviaverifica.bo/el-presidente-luis-arce-no-anuncio-un-binomio-con-andronico-rodriguez-para-las-elecciones/,El presidente Luis Arce no anunció un binomio con Andrónico Rodríguez para las elecciones,Engañoso,Media
958,boliviaverifica.bo,https://boliviaverifica.bo/la-orden-de-aprehension-contra-evo-morales-que-circula-en-whapsapp-es-de-2019/,La orden de aprehensión contra Evo Morales que circula en WhapsApp es de 2019,Engañoso,Media
959,boliviaverifica.bo,https://boliviaverifica.bo/confederacion-de-mujeres-bartolina-sisa-no-exigio-un-reconocimiento-honorifico-para-evo-morales/,Confederación de Mujeres Bartolina Sisa no exigió un reconocimiento honorífico para Evo Morales,Engañoso,Media
960,boliviaverifica.bo,https://boliviaverifica.bo/venezuela-video-no-muestra-a-venezolanos-que-van-en-lancha-de-colombia-para-ejercer-su-voto/,Venezuela: Video no muestra a venezolanos que van en lancha de Colombia para ejercer su voto,Engañoso,Media
961,boliviaverifica.bo,https://boliviaverifica.bo/manipulan-declaracion-del-procurador-del-estado-sobre-revision-de-actas-electorales-de-2019/,Manipulan declaración del procurador del Estado sobre revisión de actas electorales de 2019,Engañoso,Media
962,boliviaverifica.bo,https://boliviaverifica.bo/no-es-verdad-que-seis-informes-de-instituciones-extranjeras-demuestran-que-no-hubo-fraude-en-bolivia-como-senalo-del-castillo/,"No es verdad que seis informes de instituciones extranjeras demuestran que no hubo fraude en Bolivia, como señaló Del Castillo",Engañoso,Media
963,boliviaverifica.bo,https://boliviaverifica.bo/circula-una-publicacion-enganosa-sobre-propuestas-del-gobernador-de-tarija-oscar-montes/,"Circula una publicación engañosa sobre propuestas del gobernador de Tarija, Óscar Montes",Engañoso,Media
964,boliviaverifica.bo,https://boliviaverifica.bo/mapa-electoral-enganoso-se-difunde-en-un-medio-del-estado-obvia-los-resultados-de-las-gobernaciones/,Mapa electoral engañoso se difunde en un medio del Estado: obvia los resultados de las gobernaciones,Engañoso,Media
965,boliviaverifica.bo,https://boliviaverifica.bo/el-mas-no-gano-en-las-nueve-asambleas-departamentales/,El MAS no ganó en las nueve asambleas departamentales,Engañoso,Media
966,boliviaverifica.bo,https://boliviaverifica.bo/el-mas-reconocio-su-derrota-electoral-en-tarija-al-dia-siguiente-de-la-votacion/,El MAS reconoció su derrota electoral en Tarija al día siguiente de la votación,Engañoso,Media
967,boliviaverifica.bo,https://boliviaverifica.bo/resultados-enganosos-con-actas-no-computadas-al-100-difunden-imagenes-del-balotaje/,Resultados engañosos: con actas no computadas al 100% se difunden imágenes del balotaje,Engañoso,Media
968,boliviaverifica.bo,https://boliviaverifica.bo/manipulan-un-tuit-de-morales-sobre-los-candidatos-que-iran-al-balotaje/,Manipulan un tuit de Morales sobre los candidatos que irán al balotaje,Engañoso,Media
969,boliviaverifica.bo,https://boliviaverifica.bo/dockweiler-pidio-a-ivan-arias-que-tome-en-cuenta-la-propuesta-del-mas-no-exigio-que-la-acate/,"Dockweiler pidió a Ivan Arias que tome en cuenta la propuesta del MAS, no “exigió” que la acate",Engañoso,Media
970,boliviaverifica.bo,https://boliviaverifica.bo/no-es-cierto-que-el-mas-gano-la-alcaldia-de-chaqui-sin-candidato/,No es cierto que el MAS ganó la Alcaldía de Chaquí sin candidato,Engañoso,Media
971,boliviaverifica.bo,https://boliviaverifica.bo/pagina-de-candidato-horacio-poppe-muestra-enganoso-dato-de-acta-en-sucre/,Página de candidato Horacio Poppe muestra engañoso dato de acta en Sucre,Engañoso,Media
972,boliviaverifica.bo,https://boliviaverifica.bo/enganosa-publicacion-sobre-el-100-de-votos-a-favor-del-mas-en-diez-municipios/,Engañosa publicación sobre el 100% de votos a favor del MAS en diez municipios,Engañoso,Media
973,boliviaverifica.bo,https://boliviaverifica.bo/la-alianza-somos-pueblo-no-admitio-haber-hecho-fraude-en-las-elecciones/,La alianza Somos Pueblo no admitió haber hecho fraude en las elecciones,Engañoso,Media
974,boliviaverifica.bo,https://boliviaverifica.bo/edgar-patana-no-figura-como-candidato-a-concejal-de-jallalla-en-el-alto/,Édgar Patana no figura como candidato a concejal de Jallalla en El Alto,Engañoso,Media
975,boliviaverifica.bo,https://boliviaverifica.bo/se-quemaron-anforas-en-municipios-crucenos-pero-no-es-cierto-que-fueron-militantes-de-creemos/,Se quemaron ánforas en municipios cruceños pero no es cierto que fueron militantes de Creemos,Engañoso,Media
976,boliviaverifica.bo,https://boliviaverifica.bo/quema-de-anforas-no-esta-comprobado-que-el-mas-llevo-gente-a-votar-a-colpa-belgica/,Quema de ánforas: no está “comprobado” que el MAS llevó gente a votar a Colpa Bélgica,Engañoso,Media
977,boliviaverifica.bo,https://boliviaverifica.bo/video-que-promueve-el-voto-castigo-en-santa-cruz-y-cochabamba-no-es-actual/,Video que promueve el ‘voto castigo’ en Santa Cruz y Cochabamba no es actual,Engañoso,Media
978,boliviaverifica.bo,https://boliviaverifica.bo/comite-civico-habilito-canal-de-denuncias-no-de-recepcion-de-actas/,Comité Cívico habilitó canal de denuncias no de recepción de actas,Engañoso,Media
979,boliviaverifica.bo,https://boliviaverifica.bo/enganoso-discurso-del-exministro-sanchez-berzain-sobre-supuesto-fraude-electoral/,Engañoso discurso del exministro Sánchez Berzaín sobre supuesto fraude electoral,Engañoso,Media
980,boliviaverifica.bo,https://boliviaverifica.bo/no-todos-los-hospitales-a-los-que-se-refiere-adrian-oliva-han-sido-concluidos/,No todos los hospitales a los que se refiere Adrián Oliva han sido concluidos,Engañoso,Media
981,boliviaverifica.bo,https://boliviaverifica.bo/el-direpre-no-es-obligatorio-y-tampoco-estaba-previsto-para-esta-eleccion/,El Direpre no es obligatorio y tampoco estaba previsto para esta elección,Engañoso,Media
982,boliviaverifica.bo,https://boliviaverifica.bo/eva-copa-no-dijo-que-el-mas-esta-rodeado-de-gente-muy-peligrosa/,Eva Copa no dijo que el MAS “está rodeado de gente muy peligrosa”,Engañoso,Media
983,boliviaverifica.bo,https://boliviaverifica.bo/el-direpre-no-estaba-previsto-para-las-elecciones-subnacionales-la-noticia-que-circula-es-de-2020/,"El Direpre no estaba previsto para las elecciones subnacionales, la noticia que circula es de 2020",Engañoso,Media
984,boliviaverifica.bo,https://boliviaverifica.bo/enganoso-tenemos-10-centros-medicos-que-no-funcionan/,Engañoso: “Tenemos 10 (centros médicos) que no funcionan”,Engañoso,Media
985,boliviaverifica.bo,https://boliviaverifica.bo/roly-aguilera-vos-no-has-sido-honesto-a-gary-anez-has-plagiado-un-spot-del-expresidente-de-argentina-mauricio-macri/,"Roly Aguilera: “Vos no has sido honesto (a Gary Añez), has plagiado un spot del expresidente de Argentina, Mauricio Macri”",Engañoso,Media
986,boliviaverifica.bo,https://boliviaverifica.bo/video-antiguo-de-edgar-villegas-anunciando-una-app-para-controlar-el-voto-se-viraliza-como-actual/,Video antiguo de Edgar Villegas anunciando una app para controlar el voto se viraliza como actual,Engañoso,Media
987,boliviaverifica.bo,https://boliviaverifica.bo/video-pasado-de-gary-anez-se-viraliza-como-actual/,Vídeo pasado de Gary Añez se viraliza como actual,Engañoso,Media
988,boliviaverifica.bo,https://boliviaverifica.bo/gary-anez-da-el-mismo-discurso-de-mauricio-macri-en-su-spot/,¿Gary Añez da el mismo discurso de Mauricio Macri en su spot?,Engañoso,Media
989,boliviaverifica.bo,https://boliviaverifica.bo/manipulan-una-publicacion-de-atb-para-asegurar-que-david-castro-no-tiene-un-plan-de-gobierno/,Manipulan una publicación de ATB para asegurar que David Castro no tiene un plan de gobierno,Engañoso,Media
990,boliviaverifica.bo,https://boliviaverifica.bo/enganoso-creemos-va-a-privatizar-el-tercer-nivel-de-salud/,Engañoso: “(Creemos) Va a privatizar el tercer nivel de salud”,Engañoso,Media
991,boliviaverifica.bo,https://boliviaverifica.bo/enganoso-nos-ofrecieron-mas-de-200-hospitales-en-todo-el-pais-ninguno-se-cumplio-hasta-hoy/,"Engañoso: “Nos ofrecieron más de 200 hospitales en todo el país, ninguno se cumplió hasta hoy”",Engañoso,Media
992,boliviaverifica.bo,https://boliviaverifica.bo/la-paz-cuenta-con-250-camaras-de-video-vigilancia-activas-y-no-18/,La Paz cuenta con 250 cámaras de video vigilancia activas y no 18,Engañoso,Media
993,boliviaverifica.bo,https://boliviaverifica.bo/johnny-fernandez-afirmo-que-la-carretera-doble-via-a-la-guardia-no-fue-financiada-con-el-cobro-de-peaje/,Johnny Fernández afirmó que la carretera Doble vía La Guardia fue financiada con el cobro de peaje,Engañoso,Media
994,boliviaverifica.bo,https://boliviaverifica.bo/castro-afirmo-que-solo-dos-hospitales-se-dedican-al-covid-19-y-que-funcionan-al-50/,Castro afirmó que solo dos hospitales se dedican al Covid-19 y que funcionan al 50%,Engañoso,Media
995,boliviaverifica.bo,https://boliviaverifica.bo/declaraciones-pasadas-de-ivan-arias-vuelven-a-ser-difundidas-en-redes-sociales/,Declaraciones pasadas de Iván Arias vuelven a ser difundidas en redes sociales,Engañoso,Media
996,boliviaverifica.bo,https://boliviaverifica.bo/no-es-cierto-que-mario-cronenbold-dijo-que-hay-que-barrer-a-los-medicos-para-reemplazarlos-por-masistas/,No es cierto que Mario Cronenbold dijo que hay que “barrer” a los médicos para reemplazarlos por masistas,Engañoso,Media
997,boliviaverifica.bo,https://boliviaverifica.bo/dockweiler-propone-ampliar-el-teleferico-pero-no-detalla-cuales-serian-las-nuevas-lineas/,Dockweiler propone ampliar el teleférico pero no detalla cuáles serían las nuevas líneas,Engañoso,Media
998,boliviaverifica.bo,https://boliviaverifica.bo/los-gremiales-de-la-ciudad-de-el-alto-retiraron-su-apoyo-a-eva-copa/,¿Los gremiales de la ciudad de El Alto retiraron su apoyo a Eva Copa?,Engañoso,Media
999,boliviaverifica.bo,https://boliviaverifica.bo/en-tarija-rodolfo-meyer-hace-campana-por-el-mas-pero-el-candidato-es-hugo-buhezo/,"En Tarija Rodolfo Meyer hace campaña por el MAS, pero el candidato es Hugo Buhezo",Engañoso,Media
1000,boliviaverifica.bo,https://boliviaverifica.bo/pedro-garcia-no-se-definio-que-sea-candidato-del-mas-y-el-video-de-agresion-familiar-no-es-reciente/,Pedro García: No se definió que sea candidato del MAS y el video de agresión familiar no es reciente,Engañoso,Media
1001,boliviaverifica.bo,https://boliviaverifica.bo/video-de-militar-reprimiendo-a-bloqueadores-es-de-la-epoca-de-cuarentena/,Video de militar reprimiendo a bloqueadores es de la época de cuarentena,Engañoso,Media
1002,boliviaverifica.bo,https://boliviaverifica.bo/circula-una-foto-fuera-de-contexto-de-candidato-tarijeno-jhonny-torres/,Circula una foto fuera de contexto de candidato tarijeño Jhonny Torres,Engañoso,Media
1003,boliviaverifica.bo,https://boliviaverifica.bo/una-nota-del-2009-sobre-fraude-electoral-vuelve-a-circular-como-si-fuera-actual/,Una nota del 2009 sobre fraude electoral vuelve a circular como si fuera actual,Engañoso,Media
1004,boliviaverifica.bo,https://boliviaverifica.bo/funcionaria-del-tse-procesada-por-falsificacion-no-tiene-filiacion-partidaria/,Funcionaria del TSE procesada por falsificación no tiene filiación partidaria,Engañoso,Media
1005,boliviaverifica.bo,https://boliviaverifica.bo/contrato-de-tse-por-el-padron-no-es-con-smartmatic/,Contrato de TSE por el padrón no es con Smartmatic,Engañoso,Media
1006,boliviaverifica.bo,https://boliviaverifica.bo/el-concejal-alteno-javier-tarqui-se-alejo-de-sol-bo-pero-no-creo-su-propio-partido-politico/,"El concejal alteño Javier Tarqui se alejó de Sol.Bo, pero no creó su propio partido político",Engañoso,Media
1007,boliviaverifica.bo,https://boliviaverifica.bo/informe-de-la-oea-hallo-irregularidades-pero-estas-no-incidieron-el-resultado-de-las-elecciones/,Informe de la OEA halló irregularidades pero éstas no incidieron el resultado de las elecciones,Engañoso,Media
1008,boliviaverifica.bo,https://boliviaverifica.bo/alianza-entre-lider-tarijeno-oscar-montes-y-supuesta-organizacion-vox-no-es-real/,Alianza entre líder tarijeño Oscar Montes y supuesta organización VOX no es real,Engañoso,Media
1009,boliviaverifica.bo,https://boliviaverifica.bo/vinculan-imagen-de-bloqueadores-al-transporte-de-carnets-de-sufragio/,Vinculan imagen de bloqueadores al transporte de carnets de sufragio,Engañoso,Media
1010,boliviaverifica.bo,https://boliviaverifica.bo/fotografia-de-multitudinaria-movilizacion-en-la-paz-no-es-actual-es-del-2019/,"Fotografía de multitudinaria movilización en La Paz no es actual, es del 2019",Engañoso,Media
1011,boliviaverifica.bo,https://boliviaverifica.bo/con-imagen-de-2019-afirman-que-carlos-mesa-no-acepta-auditoria-a-las-elecciones/,Con imagen de 2019 afirman que Carlos Mesa no acepta auditoría a las elecciones,Engañoso,Media
1012,boliviaverifica.bo,https://boliviaverifica.bo/mesa-reconocio-la-victoria-del-mas-pero-no-dijo-que-el-2019-fue-mas-facil-instalar-un-relato-de-fraude/,"Mesa reconoció la victoria del MAS, pero, no dijo que el 2019 fue más fácil instalar un relato de fraude",Engañoso,Media
1013,boliviaverifica.bo,https://boliviaverifica.bo/enganoso-circula-video-de-nunez-hablando-de-fraude-electoral-pero-es-de-2019/,Engañoso: Circula video de Nuñez hablando de fraude electoral pero es de 2019,Engañoso,Media
1014,boliviaverifica.bo,https://boliviaverifica.bo/no-es-cierto-que-brasil-espera-una-auditoria-electoral-para-reconocer-a-luis-arce/,No es cierto que Brasil espera una auditoría electoral para reconocer a Luis Arce,Engañoso,Media
1015,boliviaverifica.bo,https://boliviaverifica.bo/video-de-venezolanos-apoyando-movilizaciones-en-bolivia-no-es-actual/,Video de venezolanos apoyando movilizaciones en Bolivia no es actual,Engañoso,Media
1016,boliviaverifica.bo,https://boliviaverifica.bo/__trashed-2/,Diputado hace tres observaciones al proceso electoral pero algunas no tienen fundamento,Engañoso,Media
1017,boliviaverifica.bo,https://boliviaverifica.bo/video-de-2019-que-denuncia-fraude-electoral-vuelve-a-circular-en-las-redes/,Video de 2019 que denuncia fraude electoral vuelve a circular en las redes,Engañoso,Media
1018,boliviaverifica.bo,https://boliviaverifica.bo/hay-manifestaciones-en-camiri-pero-no-tienen-nada-que-ver-con-las-elecciones/,Hay manifestaciones en Camiri pero no tienen nada que ver con las elecciones,Engañoso,Media
1019,boliviaverifica.bo,https://boliviaverifica.bo/es-cierto-que-hubo-movimientos-en-la-pagina-del-computo-de-votos-pero-no-afecta-en-el-resultado/,Es cierto que hubo movimientos en la página del cómputo de votos pero no afecta en el resultado,Engañoso,Media
1020,boliviaverifica.bo,https://boliviaverifica.bo/difunden-grabacion-de-protesta-masiva-de-2019-como-si-fuese-actual/,Difunden grabación de protesta masiva de 2019 como si fuese actual,Engañoso,Media
1021,boliviaverifica.bo,https://boliviaverifica.bo/material-electoral-encontrado-en-un-domicilio-es-del-2019/,Material electoral encontrado en un domicilio es del 2019,Engañoso,Media
1022,boliviaverifica.bo,https://boliviaverifica.bo/el-codigo-qr-del-carnet-de-sufragio-no-tiene-nada-que-ver-con-un-supuesto-fraude/,El código QR del carnet de sufragio no tiene nada que ver con un supuesto “fraude”,Engañoso,Media
1023,boliviaverifica.bo,https://boliviaverifica.bo/la-vocal-mary-martinez-de-chuquisaca-renuncio-el-ano-pasado-pero-la-noticia-se-difunde-como-actual/,La vocal Mary Martínez de Chuquisaca renunció el año pasado pero la noticia se difunde como actual,Engañoso,Media
1024,boliviaverifica.bo,https://boliviaverifica.bo/villegas-acepto-la-victoria-del-mas-en-primera-vuelta-pero-no-hizo-referencia-a-un-supuesto-fraude-electoral/,Villegas aceptó la victoria del MAS en primera vuelta pero no hizo referencia a un supuesto fraude electoral,Engañoso,Media
1025,boliviaverifica.bo,https://boliviaverifica.bo/no-es-verdad-que-el-tse-admitio-actas-manipuladas-dijo-que-hay-errores-aritmeticos-subsanables/,"No es verdad que el TSE admitió “actas manipuladas”, dijo que hay errores aritméticos subsanables",Engañoso,Media
1026,boliviaverifica.bo,https://boliviaverifica.bo/arce-no-aseguro-que-devaluara-el-boliviano-pero-dijo-que-hay-una-posibilidad/,Arce no aseguró que devaluará el Boliviano pero dijo que hay “una posibilidad”,Engañoso,Media
1027,boliviaverifica.bo,https://boliviaverifica.bo/una-cadena-de-whatsapp-alerta-falsamente-sobre-la-eliminacion-de-votantes/,Una cadena de WhatsApp alerta falsamente sobre la eliminación de votantes,Engañoso,Media
1028,boliviaverifica.bo,https://boliviaverifica.bo/surgen-comparaciones-enganosas-del-conteo-rapido-y-el-computo-oficial/,Surgen comparaciones engañosas del conteo rápido y el cómputo oficial,Engañoso,Media
1029,boliviaverifica.bo,https://boliviaverifica.bo/circula-video-de-maleta-electoral-del-2019-para-denunciar-fraude-electoral-el-2020/,Circula video de maleta electoral del 2019 para denunciar fraude electoral el 2020,Engañoso,Media
1030,boliviaverifica.bo,https://boliviaverifica.bo/es-valido-utilizar-simbolos-patrios-durante-la-votacion/,¿Es válido utilizar símbolos patrios durante la votación?,Engañoso,Media
1031,boliviaverifica.bo,https://boliviaverifica.bo/descontextualizan-discurso-de-luis-arce-sobre-policias-y-militares/,Descontextualizan discurso de Luis Arce sobre policías y militares,Engañoso,Media
1032,boliviaverifica.bo,https://boliviaverifica.bo/el-mallku-recordo-que-el-voto-es-secreto/,El Mallku recordó que el voto es “secreto”,Engañoso,Media
1033,boliviaverifica.bo,https://boliviaverifica.bo/acuerdo-entre-organizaciones-y-alianzas-politicas-no-buscaba-unidad-a-traves-de-posicionamiento-en-encuestas/,Acuerdo entre organizaciones y alianzas políticas no buscaba unidad a través de posicionamiento en encuestas,Engañoso,Media
1034,boliviaverifica.bo,https://boliviaverifica.bo/tuto-dijo-textualmente-que-votaria-por-camacho/,¿Tuto dijo textualmente que votaría por Camacho?,Engañoso,Media
1035,boliviaverifica.bo,https://boliviaverifica.bo/circulan-enganosas-imagenes-de-cierres-de-campana-de-comunidad-ciudadana/,Circulan engañosas imágenes de cierres de campaña de Comunidad Ciudadana,Engañoso,Media
1036,boliviaverifica.bo,https://boliviaverifica.bo/fraccion-del-fri-quita-apoyo-a-mesa-y-se-une-a-chi/,Fracción del FRI quita apoyo a Mesa y se une a Chi,Engañoso,Media
1037,boliviaverifica.bo,https://boliviaverifica.bo/ni-el-voto-cruzado-es-delincuencial-ni-hubo-una-reunion-de-politicos-candidata-de-creemos-da-informacion-enganosa/,Ni el voto cruzado es “delincuencial” ni hubo una reunión de políticos: candidata de Creemos da información engañosa,Engañoso,Media
1038,boliviaverifica.bo,https://boliviaverifica.bo/foto-de-2019-donde-se-ve-a-mesa-y-otros-actores-politicos-busca-confundir-a-la-poblacion/,"Foto de 2019, donde se ve a Mesa y otros actores políticos, busca confundir a la población",Engañoso,Media
1039,boliviaverifica.bo,https://boliviaverifica.bo/utilizan-foto-antigua-para-denunciar-agresiones-a-miembros-de-comunidad-ciudadana/,Utilizan foto antigua para denunciar agresiones a miembros de Comunidad Ciudadana,Engañoso,Media
1040,boliviaverifica.bo,https://boliviaverifica.bo/carlos-mesa-descarto-aliarse-con-el-mas-pero-si-se-refirio-a-un-acuerdo-nacional-con-todas-las-fuerzas-politicas/,Carlos Mesa descartó aliarse con el MAS pero sí se refirió a un acuerdo nacional con todas las fuerzas políticas,Engañoso,Media
1041,boliviaverifica.bo,https://boliviaverifica.bo/en-twitter-se-afirma-supuesto-incremento-de-grupos-paramilitares/,En Twitter se afirma supuesto incremento de grupos paramilitares,Engañoso,Media
1042,boliviaverifica.bo,https://boliviaverifica.bo/evo-morales-hace-una-enganosa-comparacion-economica-de-su-gestion/,Evo Morales hace una engañosa comparación económica de su gestión,Engañoso,Media
1043,boliviaverifica.bo,https://boliviaverifica.bo/abuchearon-a-carlos-mesa-en-una-feria-de-santa-cruz-pero-fue-el-ano-pasado/,Abuchearon a Carlos Mesa en una feria de Santa Cruz… pero fue el año pasado,Engañoso,Media
1044,boliviaverifica.bo,https://boliviaverifica.bo/tuto-da-una-enganosa-cifra-del-numero-de-causas-que-atienden-los-jueces-en-bolivia/,Tuto da una engañosa cifra del número de causas que atienden los jueces en Bolivia,Engañoso,Media
1045,boliviaverifica.bo,https://boliviaverifica.bo/tuto-quiroga-dice-que-el-presupuesto-para-justicia-es-menor-a-90-millones-de-dolares/,Tuto Quiroga dice que el presupuesto para justicia es menor a 90 millones de dólares,Engañoso,Media
1046,boliviaverifica.bo,https://boliviaverifica.bo/arce-afirmo-que-el-2019-contrataron-un-avion-de-inmediato-para-apagar-los-incendios-no-obstante-ya-habia-ardido-casi-un-millon-de-hectareas/,"Arce afirmó que el 2019 contrataron un avión de inmediato para apagar los incendios, no obstante, ya había ardido casi un millón de hectáreas",Engañoso,Media
1047,boliviaverifica.bo,https://boliviaverifica.bo/luis-arce-afirmo-que-otorgaron-bono-a-los-discapacitados-en-realidad-lo-delegaron-a-las-alcaldias/,"Luis Arce afirmó que otorgaron bono a los discapacitados, en realidad lo delegaron a las alcaldías",Engañoso,Media
1048,boliviaverifica.bo,https://boliviaverifica.bo/el-pib-crecio-durante-la-gestion-de-evo-morales-pero-no-fue-su-pico-mas-alto/,El PIB creció durante la gestión de Evo Morales pero no fue su pico más alto,Engañoso,Media
1049,boliviaverifica.bo,https://boliviaverifica.bo/a-quien-apoya-manfred-reyes-villa-circula-en-facebook-un-video-antiguo-en-el-que-pide-votar-por-carlos-mesa/,¿A quién apoya Manfred Reyes Villa? Circula en Facebook un video antiguo en el que pide votar por Carlos Mesa,Engañoso,Media
1050,boliviaverifica.bo,https://boliviaverifica.bo/en-imagenes-creemos-hizo-una-caravana-en-la-paz-pero-fue-menos-masiva-que-en-otras-regiones/,En imágenes: Creemos hizo una caravana en La Paz pero fue menos masiva que en otras regiones,Engañoso,Media
1051,boliviaverifica.bo,https://boliviaverifica.bo/descontextualizan-tuit-de-carlos-mesa-para-relacionarlo-con-el-socialismo/,Descontextualizan tuit de Carlos Mesa para relacionarlo con el socialismo,Engañoso,Media
1052,boliviaverifica.bo,https://boliviaverifica.bo/branko-marinkovic-dijo-que-apoyaba-a-carlos-mesa-pero-fue-en-las-elecciones-de-2019/,"Branko Marinkovic dijo que apoyaba a Carlos Mesa, pero fue en las elecciones de 2019",Engañoso,Media
1053,boliviaverifica.bo,https://boliviaverifica.bo/declaraciones-del-malku-de-2019-vuelven-a-las-redes-sociales/,Declaraciones del Mallku de 2019 vuelven a las redes sociales,Engañoso,Media
1054,boliviaverifica.bo,https://boliviaverifica.bo/creemos-utiliza-un-montaje-enganoso-de-fotos-de-una-intervencion-en-un-barrio/,Creemos utiliza un montaje engañoso de fotos de una intervención en un barrio,Engañoso,Media
1055,boliviaverifica.bo,https://boliviaverifica.bo/vuelve-a-circular-que-chi-plantea-alianza-con-el-movimiento-al-socialismo/,Vuelve a circular que Chi plantea alianza con el Movimiento al Socialismo,Engañoso,Media
1056,boliviaverifica.bo,https://boliviaverifica.bo/trabajador-del-tribunal-electoral-en-valencia-es-denunciado-por-simpatizar-con-el-mas/,Trabajador del Tribunal Electoral en Valencia es denunciado por simpatizar con el MAS,Engañoso,Media
1057,boliviaverifica.bo,https://boliviaverifica.bo/noticia-sobre-mesa-y-la-quema-de-documentos-de-gastos-reservados-vuelve-a-tomar-las-redes-sociales/,Noticia sobre Mesa y la quema de documentos de gastos reservados vuelve a tomar las redes sociales,Engañoso,Media
1058,boliviaverifica.bo,https://boliviaverifica.bo/el-numero-de-votantes-habilitados-en-argentina-no-aumento/,El número de votantes habilitados en Argentina no aumentó,Engañoso,Media
1059,boliviaverifica.bo,https://boliviaverifica.bo/un-hombre-le-dijo-a-mesa-que-no-quiere-comer-de-la-basura-pero-el-hecho-no-es-reciente/,"Un hombre le dijo a Mesa que no quiere comer de la basura, pero el hecho no es reciente",Engañoso,Media
1060,boliviaverifica.bo,https://boliviaverifica.bo/no-es-actual-fotografia-de-salvador-romero-y-carlos-mesa-data-del-2016-mesa-data-del-2016/,No es actual: fotografía de Salvador Romero y Carlos Mesa data del 2016,Engañoso,Media
1061,boliviaverifica.bo,https://boliviaverifica.bo/puntos-para-maestros-que-ejerzan-de-jurados-electorales-es-una-nota-del-2019/,Puntos para maestros que ejerzan de jurados electorales es una nota del 2019,Engañoso,Media
1062,boliviaverifica.bo,https://boliviaverifica.bo/ciesmori-ypfb-y-juntos-la-encuestadora-se-reunio-con-la-alianza-politica-pero-los-contratos-de-ypfb-son-con-otra-empresa/,"Ciesmori, YPFB y Juntos: La encuestadora se reunió con la alianza política pero los contratos de YPFB son con otra empresa",Engañoso,Media
1063,boliviaverifica.bo,https://boliviaverifica.bo/video-que-refleja-el-apoyo-de-el-alto-a-carlos-mesa-en-2019-vuelve-a-circular-como-si-fuera-actual/,Video que refleja el apoyo de El Alto a Carlos Mesa en 2019 vuelve a circular como si fuera actual,Engañoso,Media
1064,boliviaverifica.bo,https://boliviaverifica.bo/jeanine-anez-dio-inicio-a-una-obra-de-alcantarillado-en-villa-montes-no-la-inauguro/,"Jeanine Áñez dio inicio a una obra de alcantarillado en Villa Montes, no la inauguró",Engañoso,Media
1065,boliviaverifica.bo,https://boliviaverifica.bo/cuidado-circula-una-encuesta-de-intencion-de-voto-anonima/,¡Cuidado! Circula una encuesta de intención de voto anónima,Engañoso,Media
1066,boliviaverifica.bo,https://boliviaverifica.bo/circula-video-de-tuto-quiroga-pidiendo-el-voto-para-carlos-mesa-pero-fue-en-2019/,"Circula video de Tuto Quiroga pidiendo el voto para Carlos Mesa, pero fue en 2019",Engañoso,Media
1067,boliviaverifica.bo,https://boliviaverifica.bo/la-resistencia-potosinista-rechazo-el-inicio-de-campana-del-mas/,La Resistencia Potosinista rechazó el inicio de campaña del MAS,Engañoso,Media
1068,boliviaverifica.bo,https://boliviaverifica.bo/evo-morales-utiliza-fotos-de-la-anterior-campana-para-resaltar-al-mas/,Evo Morales utiliza fotos de la anterior campaña para resaltar al MAS,Engañoso,Media
1069,boliviaverifica.bo,https://boliviaverifica.bo/periodista-juan-carlos-arana-no-defendio-a-luis-arce-en-una-entrevista/,Periodista Juan Carlos Arana no defendió a Luis Arce en una entrevista,Engañoso,Media
1070,boliviaverifica.bo,https://boliviaverifica.bo/video-en-el-que-doria-medina-pide-votar-por-carlos-mesa-circula-como-actual/,Vídeo en el que Doria Medina pide votar por Carlos Mesa circula como actual,Engañoso,Media
1071,boliviaverifica.bo,https://boliviaverifica.bo/comunidad-ciudadana-no-denuncio-al-gobierno-por-contratar-a-consultora-internacional/,Comunidad Ciudadana no denunció al Gobierno por contratar a consultora internacional,Engañoso,Media
1072,boliviaverifica.bo,https://boliviaverifica.bo/edgar-villegas-no-revelo-que-el-mas-ganara-en-primera-vuelta-como-asegura-un-post/,"Edgar Villegas no “reveló” que el MAS ganará en primera vuelta, como asegura un post",Engañoso,Media
1073,boliviaverifica.bo,https://boliviaverifica.bo/con-un-video-antiguo-afirman-que-carlos-mesa-pretende-trasladar-la-sede-de-gobierno-a-sucre/,Con un video antiguo afirman que Carlos Mesa pretende trasladar la sede de Gobierno a Sucre,Engañoso,Media
1074,boliviaverifica.bo,https://boliviaverifica.bo/encuesta-electoral-que-favorece-a-tuto-quiroga-no-es-oficial/,Encuesta electoral que favorece a Tuto Quiroga no es oficial,Engañoso,Media
1075,boliviaverifica.bo,https://boliviaverifica.bo/es-cierto-que-el-tse-inhabilito-678-candidaturas-pero-lo-hizo-hace-seis-meses/,"Es cierto que el TSE inhabilitó 678 candidaturas, pero lo hizo hace seis meses",Engañoso,Media
1076,boliviaverifica.bo,https://boliviaverifica.bo/doria-medina-dijo-que-es-inquilino-y-no-dueno-de-casa-realmente-vive-en-alquiler/,Doria Medina dijo que es inquilino y no dueño de casa ¿realmente vive en alquiler?,Engañoso,Media
1077,boliviaverifica.bo,https://boliviaverifica.bo/arce-no-se-reunio-recientemente-con-el-presidente-de-argentina-estas-fotos-son-antiguas/,"Arce no se reunió recientemente con el presidente de Argentina, estas fotos son antiguas",Engañoso,Media
1078,boliviaverifica.bo,https://boliviaverifica.bo/no-se-ha-suspendido-el-voto-boliviano-en-brasil-pero-dependera-de-las-disposiciones-de-ese-pais/,No se ha suspendido el voto boliviano en Brasil pero dependerá de las disposiciones de ese país,Engañoso,Media
1079,boliviaverifica.bo,https://boliviaverifica.bo/diario-atribuye-enganosa-declaracion-sobre-el-mas-a-andronico-rodriguez/,Diario atribuye engañosa declaración sobre el MAS a Andrónico Rodríguez,Engañoso,Media
1080,boliviaverifica.bo,https://boliviaverifica.bo/increparon-a-luis-arce-en-un-aeropuerto-pero-el-hecho-no-es-reciente/,Increparon a Luis Arce en un aeropuerto pero el hecho no es reciente,Engañoso,Media
1081,boliviaverifica.bo,https://boliviaverifica.bo/jeanine-anez-posa-para-foto-de-campana-electoral-no-la-imagen-esta-manipulada/,"¿Jeanine Áñez posa para foto de campaña electoral? No, la imagen está manipulada",Engañoso,Media
1082,boliviaverifica.bo,https://boliviaverifica.bo/imagen-de-2008-es-utilizada-para-malinterpretar-el-contexto-actual/,Imagen de 2008 es utilizada para malinterpretar el contexto actual,Engañoso,Media
1083,boliviaverifica.bo,https://boliviaverifica.bo/video-en-frances-sobre-marchas-en-bolivia-muestra-imagenes-que-no-son-actuales/,Video en francés sobre marchas en Bolivia muestra imágenes que no son actuales,Engañoso,Media
1084,boliviaverifica.bo,https://boliviaverifica.bo/usan-una-foto-antigua-para-desinformar-sobre-la-marcha-de-la-cob/,Usan una foto antigua para desinformar sobre la marcha de la COB,Engañoso,Media
1085,boliviaverifica.bo,https://boliviaverifica.bo/con-un-video-antiguo-aseguran-que-ponchos-rojos-se-reparten-dinero-despues-del-cabildo/,Con un video antiguo aseguran que Ponchos Rojos se reparten dinero después del cabildo,Engañoso,Media
1086,boliviaverifica.bo,https://boliviaverifica.bo/descontextualizan-nota-sobre-marco-antonio-pumari/,Descontextualizan nota sobre Marco Antonio Pumari,Engañoso,Media
1087,boliviaverifica.bo,https://boliviaverifica.bo/video-antiguo-sobre-abandono-a-carlos-mesa-para-apoyar-al-mas-se-vuelve-a-viralizar-en-redes/,Video antiguo sobre abandono a Carlos Mesa para apoyar al MAS se vuelve a viralizar en redes,Engañoso,Media
1088,boliviaverifica.bo,https://boliviaverifica.bo/samuel-doria-medina-sugiere-comprar-un-auto-en-medio-de-la-pandemia/,Samuel Doria Medina sugiere comprar un auto en medio de la pandemia,Engañoso,Media
1089,boliviaverifica.bo,https://boliviaverifica.bo/el-padron-esta-habilitado-hasta-el-17-de-julio-con-excepcion-de-la-ciudad-de-la-paz/,"El Padrón está habilitado hasta el 17 de julio, con excepción de la ciudad de La Paz",Engañoso,Media
1090,boliviaverifica.bo,https://boliviaverifica.bo/camacho-coordino-su-visita-a-pando-con-las-autoridades-correspondientes/,Camacho coordinó su visita a Pando con las autoridades correspondientes,Engañoso,Media
1091,boliviaverifica.bo,https://boliviaverifica.bo/conade-no-convoco-a-ninguna-marcha-contra-las-elecciones/,CONADE no convocó a ninguna marcha contra las elecciones,Engañoso,Media
1092,boliviaverifica.bo,https://boliviaverifica.bo/evo-insiste-en-idea-de-fraude-basandose-solo-en-observacion-a-226-actas-por-parte-de-la-oea/,Evo insiste en idea de fraude basándose sólo en observación a 226 actas por parte de la OEA,Engañoso,Media
1093,boliviaverifica.bo,https://boliviaverifica.bo/enganosa-noticia-sobre-en-tarija-aparecen-4-000-votos-en-una-misma-mesa-a-favor-del-mas/,Engañosa noticia sobre “En Tarija aparecen 4.000 votos en una misma mesa a favor del MAS”,Engañoso,Media
1094,boliviaverifica.bo,https://boliviaverifica.bo/enganosos-mensajes-sobre-el-conteo-de-votos/,Engañosos mensajes sobre el conteo de votos,Engañoso,Media
1095,boliviaverifica.bo,https://boliviaverifica.bo/peinado-candidato-a-la-vicepresidencia-por-ucs-comparte-una-imagen-trucada-en-sus-redes/,"Peinado, candidato a la vicepresidencia por UCS, comparte una imagen trucada en sus redes",Engañoso,Media
1096,boliviaverifica.bo,https://boliviaverifica.bo/falsa-noticia-sobre-encuesta-de-intencion-de-voto/,Engañosa publicación sobre intención de voto,Engañoso,Media
1097,chequeabolivia.bo,https://chequeabolivia.bo/encuesta-falsa-posiciona-riony-villarroel-en-primer-lugar-en-la-alcaldia-de-sacaba,Encuesta falsa posiciona a Riony Villarroel en primer lugar en la Alcaldía de Sacaba,Falso,Alta
1098,chequeabolivia.bo,https://chequeabolivia.bo/imagen-falsa-atribuye-al-noticiero-aqui-en-vivo-una-declaracion-de-ruth-nina-agradeciendo-jorge,Imagen falsa atribuye al noticiero “Aquí en Vivo” una declaración de Ruth Nina agradeciendo a Jorge “Tuto” Quiroga,Falso,Alta
1099,chequeabolivia.bo,https://chequeabolivia.bo/unitel-no-publico-que-jorge-tuto-quiroga-gano-el-debate-presidencial,Unitel no publicó que Jorge “Tuto” Quiroga ganó el debate presidencial,Falso,Alta
1100,chequeabolivia.bo,https://chequeabolivia.bo/los-videos-de-marcelo-claure-y-samuel-doria-medina-que-prometen-miles-de-bolivianos-son-falsos,Los videos de Marcelo Claure y Samuel Doria Medina que prometen miles de bolivianos son falsos,Falso,Alta
1101,chequeabolivia.bo,https://chequeabolivia.bo/index%2Ephp/es-falso-que-medio-de-honduras-anuncio-que-jorge-tuto-quiroga-gano-las-elecciones,Es falso que medio de Honduras anunció que Jorge “Tuto” Quiroga ganó las elecciones,Falso,Alta
1102,chequeabolivia.bo,https://chequeabolivia.bo/index%2Ephp/circula-encuesta-falsa-de-empresa-extranjera-poniendo-samuel-doria-medina-como-ganador,Circula encuesta falsa de empresa extranjera poniendo a Samuel Doria Medina como ganador,Falso,Alta
1103,chequeabolivia.bo,https://chequeabolivia.bo/index%2Ephp/encuesta-falsa-de-whatsapp-posiciona-jaime-dunn-como-favorito-para-las-elecciones,Encuesta falsa de WhatsApp posiciona a Jaime Dunn como favorito para las elecciones,Falso,Alta
1104,chequeabolivia.bo,https://chequeabolivia.bo/index%2Ephp/encuesta-que-posiciona-jorge-tuto-quiroga-como-favorito-es-falsa,Encuesta que posiciona a Jorge Tuto Quiroga como favorito es falsa,Falso,Alta
1105,chequeabolivia.bo,https://chequeabolivia.bo/es-falso-que-postergaron-las-elecciones-judiciales-para-el-29-de-diciembre,Es falso que postergaron las Elecciones Judiciales para el 29 de diciembre,Falso,Alta
1106,chequeabolivia.bo,https://chequeabolivia.bo/circula-una-encuesta-falsa-sobre-las-elecciones-judiciales-atribuida-fundacion-jubileo,Circula una encuesta falsa sobre las Elecciones Judiciales atribuida a Fundación Jubileo,Falso,Alta
1107,chequeabolivia.bo,https://chequeabolivia.bo/tuto-quiroga-no-anuncio-su-candidatura-las-proximas-elecciones-tras-conocer-la-victoria-de-velasco,Tuto Quiroga no anunció su candidatura a las próximas elecciones tras conocer la victoria de Velasco,Falso,Alta
1108,chequeabolivia.bo,https://chequeabolivia.bo/esta-encuesta-de-intencion-de-voto-que-da-como-ganadora-maria-rene-soruco-en-tarija-es-falsa,Esta encuesta de intención de voto que da como ganadora a María René Soruco en Tarija es falsa,Falso,Alta
1109,chequeabolivia.bo,https://chequeabolivia.bo/junior-arias-no-informo-que-el-candidato-la-gobernacion-de-beni-declino-su-candidatura-la-segunda,Junior Arias no informó que el candidato a la Gobernación de Beni declinó su candidatura a la segunda vuelta,Falso,Alta
1110,chequeabolivia.bo,https://chequeabolivia.bo/es-falso-que-rodrigo-paz-entrego-dinero-un-candidato-de-beni-para-promover-guerra-sucia,Es falso que Rodrigo Paz entregó dinero a un candidato de Beni para promover guerra sucia,Falso,Alta
1111,chequeabolivia.bo,https://chequeabolivia.bo/es-falso-que-el-tse-prohibio-publicar-unitel-encuesta-de-santa-cruz,Es falso que el TSE prohibió publicar a Unitel encuesta de Santa Cruz,Falso,Alta
1112,chequeabolivia.bo,https://chequeabolivia.bo/se-difunde-una-nomina-falsa-de-candidatos-para-las-elecciones-de-2025,Se difunde una nómina falsa de candidatos para las elecciones de 2025,Falso,Alta
1113,chequeabolivia.bo,https://chequeabolivia.bo/encuesta-en-la-que-ritter-figura-con-65-de-intencion-de-voto-es-falsa,Encuesta en la que Ritter figura con 65% de intención de voto es falsa,Falso,Alta
1114,chequeabolivia.bo,https://chequeabolivia.bo/encuesta-en-la-que-jp-velasco-tiene-65-de-intencion-de-voto-no-fue-publicada-por-ipsos-ciesmori,Encuesta en la que JP Velasco tiene 65% de intención de voto no fue publicada por Ipsos Ciesmori,Falso,Alta
1115,chequeabolivia.bo,https://chequeabolivia.bo/es-falso-que-por-mil-votos-leonardo-loza-no-fue-segunda-vuelta-como-dice-virginio-lema,Es falso que por mil votos Leonardo Loza no fue a segunda vuelta como dice Virginio Lema,Falso,Alta
1116,chequeabolivia.bo,https://chequeabolivia.bo/no-se-detuvo-el-conteo-de-votos-la-gobernacion-de-cochabamba-para-forzar-una-segunda-vuelta-como,No se detuvo el conteo de votos a la Gobernación de Cochabamba para forzar una segunda vuelta como dice “análisis” de Gemini,Falso,Alta
1117,chequeabolivia.bo,https://chequeabolivia.bo/es-falso-que-un-candidato-concejal-de-cochabamba-renuncio-para-ser-sustituido-por-el-hijo-de,Es falso que un candidato a concejal de Cochabamba renunció para ser sustituido por el hijo de Manfred Reyes Villa,Falso,Alta
1118,chequeabolivia.bo,https://chequeabolivia.bo/carlos-mesa-no-debemos-ir-eleccion-en-agosto-debemos-postergarlo-hasta-el-2021,"Carlos Mesa: “No debemos ir a elección en agosto, debemos postergarlo hasta el 2021”",Falso,Alta
1119,chequeabolivia.bo,https://chequeabolivia.bo/paz-zamora-acusa-al-gobierno-de-anez-de-usar-el-coronavirus-para-seguir-en-el-poder-y-pide,Paz Zamora acusa al Gobierno de Áñez de usar el Coronavirus para seguir en el poder y pide elecciones,Falso,Alta
1120,chequeabolivia.bo,https://chequeabolivia.bo/carlos-mesa-trasladara-la-sede-de-gobierno-sucre,Carlos Mesa trasladará la sede de gobierno a Sucre,Falso,Alta
1121,chequeabolivia.bo,https://chequeabolivia.bo/carlos-mesa-planea-vender-recursos-naturales-empresa-chilena,Carlos Mesa planea vender recursos naturales a empresa chilena,Falso,Alta
1122,chequeabolivia.bo,https://chequeabolivia.bo/index%2Ephp/esta-encuesta-que-ubica-waldo-albarracin-como-ganador-de-la-alcaldia-de-la-paz-es-falsa,Esta encuesta que ubica a Waldo Albarracín como ganador de la Alcaldía de La Paz es falsa,Falso,Alta
1123,chequeabolivia.bo,https://chequeabolivia.bo/encuesta-muestra-un-candidato-inexistente-con-mayoria-de-votos-para-la-alcaldia-en-el-alto,Encuesta muestra a un candidato inexistente con mayoría de votos para la alcaldía en El Alto,Falso,Alta
1124,chequeabolivia.bo,https://chequeabolivia.bo/esta-foto-de-eva-copa-y-eliser-roca-juntos-antes-de-las-elecciones-es-falsa,Esta foto de Eva Copa y Eliser Roca juntos antes de las elecciones es falsa,Falso,Alta
1125,chequeabolivia.bo,https://chequeabolivia.bo/index%2Ephp/es-falso-que-el-candidato-jose-sanchez-estaria-ganando-la-eleccion-la-alcaldia-de-cochabamba,Es falso que el candidato José Sánchez estaría ganando la elección a la Alcaldía de Cochabamba,Falso,Alta
1126,chequeabolivia.bo,https://chequeabolivia.bo/es-falsa-la-encuesta-que-posiciona-miguel-roca-como-favorito-por-la-alcaldia-de-la-paz,Es falsa la encuesta que posiciona a Miguel Roca como favorito por la alcaldía de La Paz,Falso,Alta
1127,chequeabolivia.bo,https://chequeabolivia.bo/diputado-del-mas-pide-investigar-personas-que-insulten-evo-morales-en-redes-sociales,Diputado del MAS pide investigar a personas que insulten a Evo Morales en redes sociales,Falso,Alta
1128,chequeabolivia.bo,https://chequeabolivia.bo/manipulacion-en-los-resultados-de-la-encuesta-de-la-fundacion-jubileo-y-umsa,Manipulación en los resultados de la encuesta de la Fundación Jubileo y UMSA,Falso,Alta
1129,chequeabolivia.bo,https://chequeabolivia.bo/red-pat-no-publico-que-luis-revilla-acudio-rodrigo-paz-para-captar-votos,Red PAT no publicó que Luis Revilla acudió a Rodrigo Paz para captar votos,Falso,Alta
1130,chequeabolivia.bo,https://chequeabolivia.bo/es-falso-que-luis-revilla-haya-declarado-que-rodrigo-paz-le-resto-votos,Es falso que Luis Revilla haya declarado que Rodrigo Paz le restó votos,Falso,Alta
1131,chequeabolivia.bo,https://chequeabolivia.bo/es-falso-que-unitel-posicione-iturralte-como-candidato-preferido-en-la-paz-horas-de-las-0,Es falso que Unitel posicione a Iturralte como candidato preferido en La Paz “a horas de las subnacionales”,Falso,Alta
1132,chequeabolivia.bo,https://chequeabolivia.bo/es-falso-que-el-candidato-la-alcaldia-de-la-paz-jhonny-plata-esta-inhabilitado,Es falso que el candidato a la Alcaldía de La Paz Jhonny Plata está inhabilitado,Falso,Alta
1133,chequeabolivia.bo,https://chequeabolivia.bo/el-audio-en-el-que-andres-chino-gomez-denuncia-un-supuesto-fraude-electoral-es-falso,El audio en el que Andrés “Chino” Gomez denuncia un supuesto fraude electoral es falso,Falso,Alta
1134,chequeabolivia.bo,https://chequeabolivia.bo/es-falso-que-leonardo-loza-fue-inhabilitado-como-candidato-la-gobernacion-de-cochabamba,Es falso que Leonardo Loza fue inhabilitado como candidato a la Gobernación de Cochabamba,Falso,Alta
1135,chequeabolivia.bo,https://chequeabolivia.bo/carlos-mesa-pide-prestamo-adelantado-estados-unidos,Carlos Mesa pide préstamo adelantado a Estados Unidos,Falso,Alta
1136,chequeabolivia.bo,https://chequeabolivia.bo/candidata-diputada-plurinominal-por-comunidad-ciudadana-se-expresa-con-insultos-traves-de-las-redes,Candidata a diputada plurinominal por Comunidad Ciudadana se expresa con insultos a través de las redes sociales,Falso,Alta
1137,chequeabolivia.bo,https://chequeabolivia.bo/portal-vota-inteligente-difunde-resultados-de-intencion-de-voto-de-una-encuestadora-que-no-esta,Portal Vota Inteligente difunde resultados de intención de voto de una encuestadora que no está registrada en el Órgano Electoral,Falso,Alta
1138,chequeabolivia.bo,https://chequeabolivia.bo/la-encuesta-que-posiciona-demetrio-villca-como-favorito-la-gobernacion-de-la-paz-es-falsa,La encuesta que posiciona a Demetrio Villca como favorito a la Gobernación de La Paz es falsa,Falso,Alta
1139,chequeabolivia.bo,https://chequeabolivia.bo/por-fin-carlos-mesa-presenta-su-plan-de-gobierno,Por fin Carlos Mesa presenta su plan de gobierno,Falso,Alta
1140,chequeabolivia.bo,https://chequeabolivia.bo/index%2Ephp/es-falso-el-video-que-circula-de-mamen-saavedra-declinando-su-participacion-en-el-debate-del-tse,Es falso el video que circula de Mamen Saavedra declinando su participación en el debate del TSE,Falso,Alta
1141,chequeabolivia.bo,https://chequeabolivia.bo/carlos-mesa-exhorta-ortiz-disculparse-publicamente,Carlos Mesa exhorta a Ortiz a disculparse publicamente,Falso,Alta
1142,chequeabolivia.bo,https://chequeabolivia.bo/ola-de-encuestas-falsas-inunda-las-redes-antes-de-las-elecciones-subnacionales,Ola de encuestas falsas inunda las redes antes de las Elecciones Subnacionales,Falso,Alta
1143,chequeabolivia.bo,https://chequeabolivia.bo/esta-encuesta-de-los-departamentos-de-la-paz-cochabamba-y-santa-cruz-es-falsa,"Esta encuesta de los departamentos de La Paz, Cochabamba y Santa Cruz es falsa",Falso,Alta
1144,chequeabolivia.bo,https://chequeabolivia.bo/amenazas-del-presidente-evo-morales-la-poblacion-por-su-reeleccion,Amenazas del presidente Evo Morales a la población por su reelección,Falso,Alta
1145,chequeabolivia.bo,https://chequeabolivia.bo/oscar-ortiz-se-raya-con-carlos-mesa,Óscar Ortiz se raya con Carlos Mesa,Falso,Alta
1146,chequeabolivia.bo,https://chequeabolivia.bo/unitel-no-publico-una-encuesta-que-situa-mario-galarza-como-favorito-la-alcaldia-de-sipe-sipe,Unitel no publicó una encuesta que sitúa a Mario Galarza como favorito a la Alcaldía de Sipe Sipe,Falso,Alta
1147,chequeabolivia.bo,https://chequeabolivia.bo/es-falsa-la-encuesta-que-muestra-dockweiler-y-rivero-liderando-para-la-alcaldia-de-la-paz,Es falsa la encuesta que muestra a Dockweiler y Rivero liderando para la Alcaldía de La Paz,Falso,Alta
1148,chequeabolivia.bo,https://chequeabolivia.bo/es-falso-que-el-candidato-de-vos-la-alcaldia-de-montero-este-acusado-de-trata-y-trafico-en-paraguay,Es falso que el candidato de VOS a la Alcaldía de Montero esté acusado de trata y tráfico en Paraguay,Falso,Alta
1149,chequeabolivia.bo,https://chequeabolivia.bo/la-encuesta-que-posiciona-david-vargas-con-18-por-ciento-en-la-ciudad-de-el-alto-es-falsa,La encuesta que posiciona a David Vargas con 18 por ciento en la ciudad de El Alto es falsa,Falso,Alta
1150,chequeabolivia.bo,https://chequeabolivia.bo/la-encuesta-que-posiciona-jhonny-plata-como-favorito-la-alcaldia-de-la-paz-es-falsa,La encuesta que posiciona a Jhonny Plata como favorito a la Alcaldía de La Paz es falsa,Falso,Alta
1151,chequeabolivia.bo,https://chequeabolivia.bo/los-tiempos-no-publico-una-encuesta-que-situa-manfred-reyes-villa-con-el-198-para-la-alcaldia-de,"Los Tiempos no público una encuesta que sitúa a Manfred Reyes Villa con el 19,8% para la Alcaldía de Cochabamba",Falso,Alta
1152,chequeabolivia.bo,https://chequeabolivia.bo/unitel-no-publico-una-encuesta-que-situa-luis-santa-cruz-como-favorito-la-alcaldia-de-quillacollo,Unitel no publicó una encuesta que sitúa a Luis Santa Cruz como favorito a la Alcaldía de Quillacollo,Falso,Alta
1153,chequeabolivia.bo,https://chequeabolivia.bo/el-video-que-muestra-evo-morales-brindar-su-apoyo-al-candidato-tahuichi-es-falso,El video que muestra a Evo Morales brindar su apoyo al candidato Tahuichi es falso,Falso,Alta
1154,chequeabolivia.bo,https://chequeabolivia.bo/unitel-no-publico-la-encuesta-que-posiciona-diego-lopez-como-favorito-la-alcaldia-de-warnes,Unitel no publicó la encuesta que posiciona a Diego López como favorito a la Alcaldía de Warnes,Falso,Alta
1155,chequeabolivia.bo,https://chequeabolivia.bo/unitel-no-publico-una-encuesta-que-situa-lizeth-morales-como-favorita-la-alcaldia-de-sacaba,Unitel no publicó una encuesta que sitúa a Lizeth Morales como favorita a la Alcaldía de Sacaba,Falso,Alta
1156,chequeabolivia.bo,https://chequeabolivia.bo/es-falsa-la-encuesta-que-muestra-rene-yahuasi-liderar-votaciones-para-la-gobernacion-de-la-paz,Es falsa la encuesta que muestra a Rene Yahuasi liderar votaciones para la Gobernación de La Paz,Falso,Alta
1157,chequeabolivia.bo,https://chequeabolivia.bo/index%2Ephp/red-uno-no-difundio-la-primera-encuesta-que-posiciona-sanabria-y-auza-como-lideres-en-sucre,Red Uno no difundió la “primera encuesta” que posiciona a Sanabria y Auza como líderes en Sucre,Falso,Alta
1158,chequeabolivia.bo,https://chequeabolivia.bo/index%2Ephp/encuesta-que-muestra-ivan-quispe-como-ganador-de-la-alcaldia-de-oruro-es-falsa,Encuesta que muestra a Iván Quispe como ganador de la Alcaldía de Oruro es falsa,Falso,Alta
1159,chequeabolivia.bo,https://chequeabolivia.bo/index%2Ephp/el-deber-no-publico-una-encuesta-que-posiciona-felix-patzi-como-favorito-la-gobernacion-de-la-paz,El Deber no publicó una encuesta que posiciona a Félix Patzi como favorito a la Gobernación de La Paz,Falso,Alta
1160,chequeabolivia.bo,https://chequeabolivia.bo/esta-encuesta-de-intencion-de-voto-para-la-gobernacion-de-santa-cruz-atribuida-unitel-es-falsa,Esta encuesta de intención de voto para la Gobernación de Santa Cruz atribuida a Unitel es falsa,Falso,Alta
1161,chequeabolivia.bo,https://chequeabolivia.bo/es-falso-que-juan-pablo-velasco-fue-inhabilitado-como-candidato-la-gobernacion-de-santa-cruz,Es falso que Juan Pablo Velasco fue inhabilitado como candidato a la Gobernación de Santa Cruz,Falso,Alta
1162,chequeabolivia.bo,https://chequeabolivia.bo/red-uno-no-publico-una-encuesta-de-intencion-de-voto-que-favorece-juan-pablo-velasco,Red Uno no publicó una encuesta de intención de voto que favorece a Juan Pablo Velasco,Falso,Alta
1163,chequeabolivia.bo,https://chequeabolivia.bo/la-encuesta-que-muestra-jhonny-plata-como-primero-para-la-alcaldia-de-la-paz-es-falsa,La encuesta que muestra a Jhonny Plata como primero para la Alcaldía de La Paz es falsa,Falso,Alta
1164,chequeabolivia.bo,https://chequeabolivia.bo/unitel-no-informo-que-revilla-y-patzi-estan-como-favoritos-en-las-encuestas,Unitel no informó que Revilla y Patzi están como favoritos en las encuestas,Falso,Alta
1165,chequeabolivia.bo,https://chequeabolivia.bo/video-manipulado-usa-imagen-de-brissa-pabon-para-difundir-encuesta-falsa-sobre-alcaldia-de-santa,Video manipulado usa imagen de Brissa Pabón para difundir encuesta falsa sobre Alcaldía de Santa Cruz,Falso,Alta
1166,chequeabolivia.bo,https://chequeabolivia.bo/esta-encuesta-con-dockweiler-como-favorito-para-alcalde-de-la-paz-es-falsa,Esta encuesta con Dockweiler como favorito para alcalde de La Paz es falsa,Falso,Alta
1167,chequeabolivia.bo,https://chequeabolivia.bo/la-encuesta-de-intencion-de-voto-para-la-alcaldia-de-la-paz-atribuida-datum-internacional-es-falsa,La encuesta de intención de voto para la Alcaldía de La Paz atribuida a Datum Internacional es falsa,Falso,Alta
1168,chequeabolivia.bo,https://chequeabolivia.bo/la-encuesta-que-posiciona-como-ganador-jose-carlos-sanchez-en-la-alcaldia-de-cochabamba-es-falsa,La encuesta que posiciona como ganador a José Carlos Sánchez en la Alcaldía de Cochabamba es falsa,Falso,Alta
1169,chequeabolivia.bo,https://chequeabolivia.bo/unitel-no-publico-una-encuesta-que-situa-luis-fernando-camacho-como-favorito-la-gobernacion-de,Unitel no publicó una encuesta que sitúa a Luis Fernando Camacho como favorito a la Gobernación de Santa Cruz,Falso,Alta
1170,chequeabolivia.bo,https://chequeabolivia.bo/esta-encuesta-que-pone-en-primer-lugar-oscar-sogliano-en-la-paz-es-falsa,Esta encuesta que pone en primer lugar a Oscar Sogliano en La Paz es falsa,Falso,Alta
1171,chequeabolivia.bo,https://chequeabolivia.bo/es-falso-que-el-candidato-la-alcaldia-de-la-paz-xavier-iturralde-fue-internado-por-intoxicacion-por,Es falso que el candidato a la Alcaldía de La Paz Xavier Iturralde fue internado por intoxicación por sustancias,Falso,Alta
1172,chequeabolivia.bo,https://chequeabolivia.bo/circulan-encuestas-falsas-de-intencion-de-voto-para-la-alcaldia-y-gobernacion-de-santa-cruz,Circulan encuestas falsas de intención de voto para la Alcaldía y Gobernación de Santa Cruz,Falso,Alta
1173,chequeabolivia.bo,https://chequeabolivia.bo/circulan-encuestas-falsas-de-intencion-de-voto-para-tres-gobernaciones,Circulan encuestas falsas de intención de voto para tres gobernaciones,Falso,Alta
1174,chequeabolivia.bo,https://chequeabolivia.bo/esta-encuesta-en-la-que-el-tata-quispe-aparece-en-primer-lugar-es-falsa,Esta encuesta en la que el ‘Tata’ Quispe aparece en primer lugar es falsa,Falso,Alta
1175,chequeabolivia.bo,https://chequeabolivia.bo/es-falso-que-harold-lora-sea-candidato-concejal-en-la-paz-por-apb-sumate,Es falso que Harold Lora sea candidato a concejal en La Paz por APB Súmate,Falso,Alta
1176,chequeabolivia.bo,https://chequeabolivia.bo/el-candidato-alfredo-solares-no-apoya-el-incremento-del-pasaje-en-santa-cruz,El candidato Alfredo Solares no apoya el incremento del pasaje en Santa Cruz,Falso,Alta
1177,chequeabolivia.bo,https://chequeabolivia.bo/captura-consulting-no-elaboro-una-encuesta-de-intencion-de-voto-para-la-alcaldia-de-el-alto,Captura Consulting no elaboró una encuesta de intención de voto para la Alcaldía de El Alto,Falso,Alta
1178,chequeabolivia.bo,https://chequeabolivia.bo/index%2Ephp/andronico-no-regreso-las-6-federaciones-del-tropico-ni-fue-anunciado-como-candidato-la-gobernacion,Andrónico no regresó a las 6 Federaciones del Trópico ni fue anunciado como candidato a la Gobernación de Cochabamba,Falso,Alta
1179,chequeabolivia.bo,https://chequeabolivia.bo/esta-encuesta-que-da-como-ganador-manfred-reyes-villa-en-las-subnacionales-es-falsa,Esta encuesta que da como ganador a Manfred Reyes Villa en las subnacionales es falsa,Falso,Alta
1180,chequeabolivia.bo,https://chequeabolivia.bo/esta-encuesta-de-intencion-de-voto-para-la-alcaldia-de-santa-cruz-con-mamen-saavedra-liderando-es,Esta encuesta de intención de voto para la alcaldía de Santa Cruz con Mamén Saavedra liderando es falsa,Falso,Alta
1181,chequeabolivia.bo,https://chequeabolivia.bo/es-falso-que-evo-morales-fue-proclamado-como-candidato-gobernador-de-cochabamba,Es falso que Evo Morales fue proclamado como candidato a gobernador de Cochabamba,Falso,Alta
1182,chequeabolivia.bo,https://chequeabolivia.bo/es-falso-que-tuto-quiroga-haya-enviado-un-mensaje-edmand-lara-sobre-una-amistad-con-rodrigo-paz,Es falso que Tuto Quiroga haya enviado un mensaje a Edmand Lara sobre una “amistad” con Rodrigo Paz,Falso,Alta
1183,chequeabolivia.bo,https://chequeabolivia.bo/index%2Ephp/tuto-quiroga-no-dijo-que-el-pueblo-se-levantara-si-se-elimina-la-renta-vitalicia-expresidentes,Tuto Quiroga no dijo que el pueblo se levantará si se elimina la renta vitalicia a expresidentes,Falso,Alta
1184,chequeabolivia.bo,https://chequeabolivia.bo/es-falso-que-unitel-haya-publicado-que-cesar-dockweiler-lidera-con-60-en-encuestas-para-alcalde-de,Es falso que Unitel haya publicado que César Dockweiler lidera con 60% en encuestas para alcalde de La Paz,Falso,Alta
1185,chequeabolivia.bo,https://chequeabolivia.bo/es-falso-que-periodista-de-cnn-denuncio-fraude-electoral-en-bolivia,Es falso que periodista de CNN denunció “fraude electoral” en Bolivia,Falso,Alta
1186,chequeabolivia.bo,https://chequeabolivia.bo/red-uno-no-informo-que-sebastian-marset-emitio-su-voto-en-el-urubo,Red Uno no informó que Sebastián Marset emitió su voto en el Urubó,Falso,Alta
1187,chequeabolivia.bo,https://chequeabolivia.bo/es-falso-que-evo-morales-mostro-su-papeleta-marcada-por-el-pdc,Es falso que Evo Morales mostró su papeleta marcada por el PDC,Falso,Alta
1188,chequeabolivia.bo,https://chequeabolivia.bo/la-encuesta-que-posiciona-rodrigo-paz-en-primer-lugar-con-57-es-falsa,La encuesta que posiciona a Rodrigo Paz en primer lugar con 57% es falsa,Falso,Alta
1189,chequeabolivia.bo,https://chequeabolivia.bo/el-audio-atribuido-rodrigo-paz-donde-dice-que-los-campesinos-masistas-sirven-solo-para-los-votos,El audio atribuido a Rodrigo Paz donde dice que los “campesinos masistas” sirven solo para los votos fue creado con IA,Falso,Alta
1190,chequeabolivia.bo,https://chequeabolivia.bo/es-falso-que-atb-digital-publico-que-el-voto-de-juan-pablo-velasco-fue-anulado,Es falso que ATB Digital publicó que el voto de Juan Pablo Velasco fue anulado,Falso,Alta
1191,chequeabolivia.bo,https://chequeabolivia.bo/estudio-de-opinion-que-da-como-ganador-jorge-tuto-quiroga-en-6-departamentos-es-falso,Estudio de opinión que da como ganador a Jorge Tuto Quiroga en 6 departamentos es falso,Falso,Alta
1192,chequeabolivia.bo,https://chequeabolivia.bo/este-audio-filtrado-de-junior-arias-y-tuto-quiroga-es-falso,Este audio “filtrado” de Junior Arias y Tuto Quiroga es falso,Falso,Alta
1193,chequeabolivia.bo,https://chequeabolivia.bo/es-falso-que-el-deber-publico-que-juan-pablo-velasco-no-pidio-disculpas-por-el-caso-tuits-en-el,Es falso que El Deber publicó que Juan Pablo Velasco no pidió disculpas por el caso tuits en el debate vicepresidencial,Falso,Alta
1194,chequeabolivia.bo,https://chequeabolivia.bo/encuesta-que-da-como-ganador-rodrigo-paz-en-segunda-vuelta-es-falsa,Encuesta que da como ganador a Rodrigo Paz en segunda vuelta es falsa,Falso,Alta
1195,chequeabolivia.bo,https://chequeabolivia.bo/unitel-no-publico-encuesta-con-mas-del-49-por-ciento-de-intencion-de-voto-nulo,Unitel no publicó encuesta con más del 49 por ciento de intención de voto nulo,Falso,Alta
1196,chequeabolivia.bo,https://chequeabolivia.bo/circula-encuesta-falsa-atribuida-unitel-mostrando-rodrigo-paz-ganador-con-755,Circula encuesta falsa atribuida a Unitel mostrando a Rodrigo Paz ganador con 75.5%,Falso,Alta
1197,chequeabolivia.bo,https://chequeabolivia.bo/es-falso-que-jeanine-anez-dijo-que-tuto-quiroga-deberia-estar-en-la-carcel-por-dar-ordenes-las,Es falso que Jeanine Áñez dijo que Tuto Quiroga “debería estar en la cárcel” por dar órdenes a las Fuerzas Armadas,Falso,Alta
1198,chequeabolivia.bo,https://chequeabolivia.bo/unitel-no-publico-que-el-tse-concluyo-que-lara-y-el-pdc-hacen-guerra-sucia,Unitel no publicó que el TSE concluyó que Lara y el PDC hacen “guerra sucia”,Falso,Alta
1199,chequeabolivia.bo,https://chequeabolivia.bo/index%2Ephp/este-video-de-un-hombre-controlando-el-voto-en-el-area-rural-es-de-2019,Este video de un hombre controlando el voto en el área rural es de 2019,Falso,Alta
1200,chequeabolivia.bo,https://chequeabolivia.bo/es-falso-que-una-encuesta-de-unitel-da-como-ganador-rodrigo-paz-en-segunda-vuelta,Es falso que una encuesta de Unitel da como ganador a Rodrigo Paz en segunda vuelta,Falso,Alta
1201,chequeabolivia.bo,https://chequeabolivia.bo/es-falso-que-luis-arce-catacora-renuncio-la-presidencia,Es falso que Luis Arce Catacora renunció a la Presidencia,Falso,Alta
1202,chequeabolivia.bo,https://chequeabolivia.bo/la-encuesta-de-atlas-electoral-que-posiciona-rodrigo-paz-con-416-en-segunda-vuelta-es-falsa,La encuesta de Atlas Electoral que posiciona a Rodrigo Paz con 41.6% en segunda vuelta es falsa,Falso,Alta
1203,chequeabolivia.bo,https://chequeabolivia.bo/es-falso-que-paz-no-puede-ser-candidato-por-haber-nacido-en-espana,Es falso que Paz no puede ser candidato por haber nacido en España,Falso,Alta
1204,chequeabolivia.bo,https://chequeabolivia.bo/es-falso-que-el-padron-electoral-tiene-un-error-que-beneficio-paz-y-lara-con-mas-de-1-millon-de,Es falso que el padrón electoral tiene un error que benefició a Paz y Lara con más de 1 millón de votos,Falso,Alta
1205,chequeabolivia.bo,https://chequeabolivia.bo/estas-anforas-electorales-encontradas-en-obrajes-no-corresponden-las-elecciones-generales-2025,Estas ánforas electorales encontradas en Obrajes no corresponden a las elecciones generales 2025,Falso,Alta
1206,chequeabolivia.bo,https://chequeabolivia.bo/falso-conteo-de-votos-en-facebook-muestra-al-voto-nulo-como-ganador,Falso conteo de votos en Facebook muestra al voto nulo como ganador,Falso,Alta
1207,chequeabolivia.bo,https://chequeabolivia.bo/es-falso-que-habra-segunda-vuelta-entre-tuto-quiroga-y-samuel-doria-medina,Es falso que habrá segunda vuelta entre Tuto Quiroga y Samuel Doria Medina,Falso,Alta
1208,chequeabolivia.bo,https://chequeabolivia.bo/encuesta-de-boca-de-urna-que-circula-en-whatsapp-y-que-pone-jorge-tuto-quiroga-en-whatsapp-es-falsa,Encuesta de boca de urna que circula en WhatsApp y que pone a Jorge “Tuto” Quiroga en WhatsApp es falsa,Falso,Alta
1209,chequeabolivia.bo,https://chequeabolivia.bo/circula-encuesta-en-boca-de-urna-falsa-atribuida-ipsos-ciesmori-con-doria-medina-como-ganador,Circula encuesta en boca de urna falsa atribuida a Ipsos Ciesmori con Doria Medina como ganador,Falso,Alta
1210,chequeabolivia.bo,https://chequeabolivia.bo/es-falso-que-el-centro-de-control-electoral-de-la-alianza-unidad-es-financiado-por-marcelo-claure,Es falso que el centro de control electoral de la Alianza Unidad es financiado por Marcelo Claure,Falso,Alta
1211,chequeabolivia.bo,https://chequeabolivia.bo/la-encuesta-en-boca-de-urna-que-posiciona-manfred-reyes-villa-como-ganador-es-falsa,La encuesta en boca de urna que posiciona a Manfred Reyes Villa como ganador es falsa,Falso,Alta
1212,chequeabolivia.bo,https://chequeabolivia.bo/es-falso-que-juan-pablo-velasco-olvido-su-carnet-de-identidad-y-no-pudo-efectuar-su-voto,Es falso que Juan Pablo Velasco olvidó su carnet de identidad y no pudo efectuar su voto,Falso,Alta
1213,chequeabolivia.bo,https://chequeabolivia.bo/es-falso-que-en-espana-se-haya-impuesto-el-voto-nulo-con-el-80-en-las-elecciones-de-bolivia,Es falso que en España se haya impuesto el voto nulo con el 80% en las elecciones de Bolivia,Falso,Alta
1214,chequeabolivia.bo,https://chequeabolivia.bo/index%2Ephp/la-encuesta-en-boca-de-urna-que-posiciona-samuel-doria-medina-en-primer-lugar-es-falsa,La encuesta en boca de urna que posiciona a Samuel Doria Medina en primer lugar es falsa,Falso,Alta
1215,chequeabolivia.bo,https://chequeabolivia.bo/es-falso-que-la-empresa-smartmatic-este-cargo-de-las-elecciones-presidenciales-en-bolivia-2025,Es falso que la empresa Smartmatic esté a cargo de las elecciones presidenciales en Bolivia 2025,Falso,Alta
1216,chequeabolivia.bo,https://chequeabolivia.bo/falso-encuesta-en-boca-de-urna-que-gano-reyes-villa-es-de-instituciones-extranjeras-y-no,Falso: Encuesta en boca de urna que “ganó” Reyes Villa es de instituciones extranjeras y no autorizadas por el TSE,Falso,Alta
1217,chequeabolivia.bo,https://chequeabolivia.bo/falso-tuto-quiroga-no-dijo-que-eliminaria-la-salud-publica-la-educacion-publica-y-los-bonos-0,"Falso: Tuto Quiroga no dijo que eliminaría la salud pública, la educación pública y los bonos",Falso,Alta
1218,chequeabolivia.bo,https://chequeabolivia.bo/circula-un-video-falso-sobre-la-supuesta-anulacion-de-elecciones-en-bolivia,Circula un video falso sobre la supuesta anulación de elecciones en Bolivia,Falso,Alta
1219,chequeabolivia.bo,https://chequeabolivia.bo/es-falso-que-presentadores-de-bolivision-promueven-el-voto-nulo,Es falso que presentadores de Bolivisión promueven el voto nulo,Falso,Alta
1220,chequeabolivia.bo,https://chequeabolivia.bo/falso-el-voto-nulo-no-gano-en-japon,Falso: el voto nulo no ganó en Japón,Falso,Alta
1221,chequeabolivia.bo,https://chequeabolivia.bo/video-que-muestra-lapiceros-que-se-borran-y-lo-vincula-las-elecciones-en-bolivia-es-de-mexico,Video que muestra lapiceros que se borran y lo vincula a las elecciones en Bolivia es de México,Falso,Alta
1222,chequeabolivia.bo,https://chequeabolivia.bo/audio-que-denuncia-hackeo-al-sistema-de-computo-del-tse-es-del-2021,Audio que denuncia “hackeo” al sistema de cómputo del TSE es del 2021,Falso,Alta
1223,chequeabolivia.bo,https://chequeabolivia.bo/papeletas-marcadas-favor-samuel-doria-medina-no-son-oficiales,Papeletas marcadas a favor Samuel Doria Medina no son oficiales,Falso,Alta
1224,chequeabolivia.bo,https://chequeabolivia.bo/falso-red-uno-no-publico-encuesta-en-la-que-gana-el-voto-nulo-con-mas-del-56-por-ciento,Falso: Red Uno no publicó encuesta en la que gana el voto nulo con más del 56 por ciento,Falso,Alta
1225,chequeabolivia.bo,https://chequeabolivia.bo/esta-imagen-no-muestra-una-delegacion-de-venezuela-que-llego-bolivia-para-un-fraude-electoral,Esta imagen no muestra a una delegación de Venezuela que llegó a Bolivia para un “fraude electoral”,Falso,Alta
1226,chequeabolivia.bo,https://chequeabolivia.bo/es-falso-que-el-presidente-argentino-javier-milei-envio-un-mensaje-los-bolivianos-previo-las,Es falso que el presidente argentino Javier Milei envío un mensaje a los bolivianos previo a las elecciones generales 2025,Falso,Alta
1227,chequeabolivia.bo,https://chequeabolivia.bo/es-falso-que-idea-international-realizo-una-encuesta-que-posiciona-en-primer-lugar-andronico,Es falso que IDEA International realizó una encuesta que posiciona en primer lugar a Andrónico Rodriguez,Falso,Alta
1228,chequeabolivia.bo,https://chequeabolivia.bo/es-falso-que-el-voto-nulo-anule-las-elecciones-como-asegura-el-dirigente-marcelino-flores,Es falso que el voto nulo anule las elecciones como asegura el dirigente Marcelino Flores,Falso,Alta
1229,chequeabolivia.bo,https://chequeabolivia.bo/encuesta-de-bolivia-opina-que-posiciona-tuto-quiroga-vencedor-con-24-es-falsa,Encuesta de “Bolivia Opina” que posiciona a Tuto Quiroga vencedor con 24 % es falsa,Falso,Alta
1230,chequeabolivia.bo,https://chequeabolivia.bo/es-falso-que-encuesta-de-area-rural-de-ipsos-ciesmori-posicione-evo-morales-con-892,"Es falso que encuesta “de área rural” de Ipsos Ciesmori posicione a Evo Morales con 89,2%",Falso,Alta
1231,chequeabolivia.bo,https://chequeabolivia.bo/es-falso-que-la-tercera-encuesta-de-intencion-de-voto-de-unitel-vinculado-que-el-78-de-votos-nulos,Es falso que la tercera encuesta de intención de voto de UNITEL vinculado que el 78% de votos nulos corresponden a Evo Morales,Falso,Alta
1232,chequeabolivia.bo,https://chequeabolivia.bo/el-deber-no-informo-que-camacho-se-distancio-de-doria-medina-por-proponer-el-matrimonio-igualitario,El Deber no informó que Camacho se distanció de Doria Medina por proponer el matrimonio igualitario y la educación LGBTQ+,Falso,Alta
1233,chequeabolivia.bo,https://chequeabolivia.bo/encuesta-que-posiciona-al-voto-nulo-con-el-48-de-intencion-de-voto-no-tiene-validez,Encuesta que posiciona al voto nulo con el 48% de intención de voto no tiene validez,Falso,Alta
1234,chequeabolivia.bo,https://chequeabolivia.bo/index%2Ephp/es-falso-que-cnn-confirmo-que-las-encuestas-de-unitel-y-red-uno-no-son-validas,Es falso que CNN confirmó que las encuestas de Unitel y Red Uno no son válidas,Falso,Alta
1235,chequeabolivia.bo,https://chequeabolivia.bo/encuesta-que-posiciona-evo-morales-como-favorito-con-421-es-falsa,"Encuesta que posiciona a Evo Morales como favorito con 42,1% es falsa",Falso,Alta
1236,chequeabolivia.bo,https://chequeabolivia.bo/es-falso-que-evo-morales-esta-habilitado-para-las-elecciones-generales-2025,Es falso que Evo Morales está habilitado para las elecciones generales 2025,Falso,Alta
1237,chequeabolivia.bo,https://chequeabolivia.bo/video-de-leonardo-loza-anunciando-bloqueos-en-el-pais-al-dia-siguiente-de-las-elecciones-es-falso,Video de Leonardo Loza anunciando bloqueos en el país al día siguiente de las elecciones es falso,Falso,Alta
1238,chequeabolivia.bo,https://chequeabolivia.bo/index%2Ephp/es-falso-que-36-millones-de-venezolanos-fueron-convocados-para-venir-por-las-elecciones-como-alerta,"Es falso que 3.6 millones de venezolanos fueron convocados para venir por las elecciones, como alerta la analista Jimena Costa",Falso,Alta
1239,chequeabolivia.bo,https://chequeabolivia.bo/index%2Ephp/es-falso-que-jaime-dunn-aseguro-que-tuto-quiroga-no-conseguira-su-apoyo-en-base-mentiras,Es falso que Jaime Dunn aseguró que Tuto Quiroga no conseguirá su apoyo “en base a mentiras”,Falso,Alta
1240,chequeabolivia.bo,https://chequeabolivia.bo/es-falso-que-evo-morales-lidera-las-encuestas-como-afirmo-la-diputada-gladys-quispe,"Es falso que Evo Morales lidera las encuestas, como afirmó la diputada Gladys Quispe",Falso,Alta
1241,chequeabolivia.bo,https://chequeabolivia.bo/es-falso-que-cnn-publico-una-encuesta-que-situe-andronico-rodriguez-y-manfred-reyes-villa-en-los,Es falso que CNN publicó una encuesta que sitúe a Andrónico Rodríguez y Manfred Reyes Villa en los primeros lugares,Falso,Alta
1242,chequeabolivia.bo,https://chequeabolivia.bo/red-uno-no-publico-que-eduardo-del-castillo-fue-el-ganador-del-primer-debate-presidencial,Red Uno no publicó que Eduardo del Castillo fue el ganador del primer debate presidencial,Falso,Alta
1243,chequeabolivia.bo,https://chequeabolivia.bo/la-encuesta-de-atlas-electoral-que-posiciona-evo-morales-con-457-es-falsa,"La encuesta de Atlas Electoral que posiciona a Evo Morales con 45,7% es falsa",Falso,Alta
1244,chequeabolivia.bo,https://chequeabolivia.bo/carlos-valverde-no-dijo-que-los-votos-nulos-y-blancos-crecen-al-estar-ausente-evo-morales,Carlos Valverde no dijo que los votos nulos y blancos crecen al estar ausente Evo Morales,Falso,Alta
1245,chequeabolivia.bo,https://chequeabolivia.bo/es-falso-que-la-primera-encuesta-de-unitel-da-como-ganador-rodrigo-paz-con-331,"Es falso que la primera encuesta de Unitel da como ganador a Rodrigo Paz con 33,1%",Falso,Alta
1246,chequeabolivia.bo,https://chequeabolivia.bo/es-falso-que-jorge-tuto-quiroga-este-siendo-investigado-en-estados-unidos-por-financiamiento-ruso,Es falso que Jorge Tuto Quiroga esté siendo investigado en Estados Unidos por financiamiento ruso,Falso,Alta
1247,chequeabolivia.bo,https://chequeabolivia.bo/red-uno-no-publico-nota-afirmando-que-manfred-reyes-villa-dijo-que-su-modelo-economico-es-igual-al,Red Uno no publicó nota afirmando que Manfred Reyes Villa dijo que su modelo económico es igual al de Luis Arce,Falso,Alta
1248,chequeabolivia.bo,https://chequeabolivia.bo/es-falso-que-las-personas-que-no-tengan-el-carnet-nuevo-digitalizado-no-podran-votar-en-las,Es falso que las personas que no tengan el “carnet nuevo digitalizado” no podrán votar en las elecciones,Falso,Alta
1249,chequeabolivia.bo,https://chequeabolivia.bo/esta-encuesta-del-gobierno-que-da-como-ganador-andronico-rodriguez-es-falsa,Esta “encuesta del Gobierno” que da como ganador a Andrónico Rodríguez es falsa,Falso,Alta
1250,chequeabolivia.bo,https://chequeabolivia.bo/index%2Ephp/red-uno-no-considero-como-ganador-del-debate-presidencial-jorge-tuto-quiroga,Red Uno no consideró como ganador del debate presidencial a Jorge “Tuto” Quiroga,Falso,Alta
1251,chequeabolivia.bo,https://chequeabolivia.bo/red-uno-no-realizo-una-encuesta-en-la-que-senalo-del-castillo-como-ganador-del-debate-presidencial,Red Uno no realizó una encuesta en la que señaló a Del Castillo como ‘ganador’ del debate presidencial,Falso,Alta
1252,chequeabolivia.bo,https://chequeabolivia.bo/luis-arce-no-califico-de-gran-economista-y-empresario-samuel-doria-medina,Luis Arce no calificó de “gran economista y empresario” a Samuel Doria Medina,Falso,Alta
1253,chequeabolivia.bo,https://chequeabolivia.bo/jaime-dunn-no-lidera-la-intencion-de-voto-en-la-encuesta-que-difundio-unitel,Jaime Dunn no lidera la intención de voto en la encuesta que difundió Unitel,Falso,Alta
1254,chequeabolivia.bo,https://chequeabolivia.bo/encuesta-que-posiciona-manfred-reyes-villa-como-ganador-para-las-elecciones-es-falsa,Encuesta que posiciona a Manfred Reyes Villa como ganador para las elecciones es falsa,Falso,Alta
1255,chequeabolivia.bo,https://chequeabolivia.bo/index%2Ephp/es-verdad-que-samuel-doria-medina-afirmo-que-priorizara-la-produccion-agropecuaria-por-encima-del,Es verdad que Samuel Doria Medina afirmó que priorizará la producción agropecuaria por encima del medioambiente,Falso,Alta
1256,chequeabolivia.bo,https://chequeabolivia.bo/univision-no-publico-que-la-cia-investiga-samuel-doria-medina-por-pagar-encuestas-con-dinero,Univisión no publicó que la CIA investiga a Samuel Doria Medina por pagar encuestas con dinero “ilícito”,Falso,Alta
1257,chequeabolivia.bo,https://chequeabolivia.bo/el-presidente-del-tse-no-aseguro-que-las-encuestas-son-financiadas-por-samuel-doria-medina,El presidente del TSE no aseguró que las encuestas son financiadas por Samuel Doria Medina,Falso,Alta
1258,chequeabolivia.bo,https://chequeabolivia.bo/index%2Ephp/es-falso-que-evo-morales-es-candidato-confirmado-en-la-papeleta-de-las-elecciones,Es falso que Evo Morales es candidato confirmado en la papeleta de las elecciones,Falso,Alta
1259,chequeabolivia.bo,https://chequeabolivia.bo/encuesta-que-posiciona-jaime-dunn-como-favorito-con-61-por-ciento-es-falsa,Encuesta que posiciona a Jaime Dunn como favorito con 61 por ciento es falsa,Falso,Alta
1260,chequeabolivia.bo,https://chequeabolivia.bo/exesposa-de-tuto-no-denuncio-agresiones-y-racismo-del-candidato-en-podcast-mexicano,Exesposa de Tuto no denunció agresiones y racismo del candidato en podcast mexicano,Falso,Alta
1261,chequeabolivia.bo,https://chequeabolivia.bo/es-falso-que-funcionarios-electos-deben-renunciar-tres-meses-antes-para-postular-en-las-elecciones,Es falso que funcionarios electos deben renunciar tres meses antes para postular en las elecciones,Falso,Alta
1262,chequeabolivia.bo,https://chequeabolivia.bo/falso-manfred-no-es-segundo-en-intencion-de-voto-segun-encuesta-mexicana,Falso: Manfred no es segundo en intención de voto según encuesta mexicana,Falso,Alta
1263,chequeabolivia.bo,https://chequeabolivia.bo/kaplex-no-es-candidato-la-vicepresidencia-junto-andronico,Kapléx no es candidato a la vicepresidencia junto a Andrónico,Falso,Alta
1264,chequeabolivia.bo,https://chequeabolivia.bo/es-falso-que-estos-resultados-sobre-la-encuesta-de-unitel-se-hayan-filtrado,Es falso que estos resultados sobre la encuesta de Unitel se hayan filtrado,Falso,Alta
1265,chequeabolivia.bo,https://chequeabolivia.bo/es-falso-que-jorge-richter-es-el-nuevo-candidato-vicepresidente-de-andronico-rodriguez,Es falso que Jorge Richter es el nuevo candidato a vicepresidente de Andrónico Rodríguez,Falso,Alta
1266,chequeabolivia.bo,https://chequeabolivia.bo/encuesta-que-da-como-favorito-evo-morales-con-35-por-ciento-es-falsa,Encuesta que da como favorito a Evo Morales con 35 por ciento es falsa,Falso,Alta
1267,chequeabolivia.bo,https://chequeabolivia.bo/es-falso-que-sentencia-del-tcp-sobre-la-reeleccion-inhabilita-jorge-tuto-quiroga,"Es falso que sentencia del TCP sobre la reelección inhabilita a Jorge ""Tuto"" Quiroga",Falso,Alta
1268,chequeabolivia.bo,https://chequeabolivia.bo/circula-un-sondeo-de-intencion-de-voto-sobre-las-elecciones-nacionales-en-whatsapp,Circula un sondeo de intención de voto sobre las elecciones nacionales en WhatsApp,Falso,Alta
1269,chequeabolivia.bo,https://chequeabolivia.bo/evo-morales-no-pacto-con-luis-arce-para-ser-candidato-por-el-mas,Evo Morales no pactó con Luis Arce para ser candidato por el MAS,Falso,Alta
1270,chequeabolivia.bo,https://chequeabolivia.bo/circulan-encuestas-falsas-en-whatsapp-atribuidas-la-red-uno,Circulan encuestas falsas en WhatsApp atribuídas a la Red Uno,Falso,Alta
1271,chequeabolivia.bo,https://chequeabolivia.bo/es-falso-que-evo-morales-haya-declinado-su-candidatura,Es falso que Evo Morales haya declinado su candidatura,Falso,Alta
1272,chequeabolivia.bo,https://chequeabolivia.bo/red-uno-no-difundio-encuesta-electoral-que-circula-en-canal-de-whatsapp,Red Uno no difundió encuesta electoral que circula en canal de WhatsApp,Falso,Alta
1273,chequeabolivia.bo,https://chequeabolivia.bo/el-deber-no-publico-que-burger-king-salio-de-la-app-yango-luego-de-que-su-gerente-fuera-anunciado,El Deber no publicó que Burger King salió de la App Yango luego de que su gerente fuera anunciado como candidato de Libre,Falso,Alta
1274,chequeabolivia.bo,https://chequeabolivia.bo/evo-morales-comparte-un-video-antiguo-generando-confusion-sobre-su-participacion-en-la-marcha-para,Evo Morales comparte un video antiguo generando confusión sobre su participación en la marcha para inscribirlo como candidato,Falso,Alta
1275,chequeabolivia.bo,https://chequeabolivia.bo/falso-jefa-de-mision-de-la-embajada-de-eeuu-no-se-reunio-con-gente-que-proclamo-candidato-andronico,Falso: Jefa de Misión de la embajada de EEUU no se reunió con gente que proclamó candidato a Andrónico Rodriguez,Falso,Alta
1276,chequeabolivia.bo,https://chequeabolivia.bo/es-falso-que-el-voto-en-chapare-yapacani-y-otras-areas-alejadas-valga-el-triple-que-el-de-las,"Es falso que el voto en Chapare, Yapacaní y otras áreas alejadas valga el triple que el de las ciudades",Falso,Alta
1277,chequeabolivia.bo,https://chequeabolivia.bo/index%2Ephp/rkc-difunde-encuesta-falsa-que-favorece-evo-morales,RKC difunde encuesta falsa que favorece a Evo Morales,Falso,Alta
1278,chequeabolivia.bo,https://chequeabolivia.bo/el-tse-no-publico-una-encuesta-en-la-que-tuto-es-favorito-las-elecciones-presidenciales-de-agosto,El TSE no publicó una encuesta en la que Tuto es favorito a las elecciones presidenciales de agosto,Falso,Alta
1279,chequeabolivia.bo,https://chequeabolivia.bo/esta-carta-de-jhonny-fernandez-que-nombra-evo-morales-como-candidato-por-ucs-es-falsa,Esta carta de Jhonny Fernández que nombra a Evo Morales como candidato por UCS es falsa,Falso,Alta
1280,chequeabolivia.bo,https://chequeabolivia.bo/tuto-no-dijo-que-buscaria-un-tiktoker-como-candidato-la-vicepresidencia,"Tuto no dijo que buscaría un ""tiktoker"" como candidato a la Vicepresidencia",Falso,Alta
1281,chequeabolivia.bo,https://chequeabolivia.bo/la-encuesta-de-atlas-electoral-que-posiciona-evo-morales-como-favorito-para-las-elecciones-2025-es,La encuesta de Atlas Electoral que posiciona a Evo Morales como favorito para las elecciones 2025 es falsa,Falso,Alta
1282,chequeabolivia.bo,https://chequeabolivia.bo/index%2Ephp/se-reenvia-una-encuesta-falsa-atribuida-la-red-uno-mediante-whatsapp,Se reenvía una encuesta falsa atribuída a la Red Uno mediante WhatsApp,Falso,Alta
1283,chequeabolivia.bo,https://chequeabolivia.bo/encuesta-de-whatsapp-que-favorece-manfred-reyes-villa-es-falsa,Encuesta de WhatsApp que favorece a Manfred Reyes Villa es falsa,Falso,Alta
1284,chequeabolivia.bo,https://chequeabolivia.bo/el-deber-no-publico-que-se-postergaron-las-elecciones-por-una-crisis-social-y-energetica,El Deber no publicó que se postergaron las elecciones por una crisis social y energética,Falso,Alta
1285,chequeabolivia.bo,https://chequeabolivia.bo/es-falso-que-el-tse-anuncio-la-postergacion-de-las-elecciones-nacionales,Es falso que el TSE anunció la postergación de las elecciones nacionales,Falso,Alta
1286,chequeabolivia.bo,https://chequeabolivia.bo/encuesta-atribuida-captura-consulting-que-circula-en-whatsapp-es-falsa,Encuesta atribuida a Captura Consulting que circula en WhatsApp es falsa,Falso,Alta
1287,chequeabolivia.bo,https://chequeabolivia.bo/mesa-no-suspendio-la-elaboracion-de-las-encuestas-para-definir-al-candidato-del-bloque-de-unidad,Mesa no suspendió la elaboración de las encuestas para definir al candidato del Bloque de Unidad,Falso,Alta
1288,chequeabolivia.bo,https://chequeabolivia.bo/ipsos-ciesmori-desmiente-encuesta-en-la-que-evo-lidera-intencion-de-voto,Ipsos CIESMORI desmiente encuesta en la que Evo lidera intención de voto,Falso,Alta
1289,chequeabolivia.bo,https://chequeabolivia.bo/el-fpv-no-perdio-su-sigla-pese-observaciones-su-directiva-y-su-bajo-voto-en-2020,El FPV no perdió su sigla pese a observaciones a su directiva y su bajo voto en 2020,Falso,Alta
1290,chequeabolivia.bo,https://chequeabolivia.bo/esta-cuenta-de-instagram-con-el-nombre-del-presidente-del-tse-es-falsa,Esta cuenta de Instagram con el nombre del presidente del TSE es falsa,Falso,Alta
1291,chequeabolivia.bo,https://chequeabolivia.bo/esta-cuenta-de-facebook-con-el-nombre-del-presidente-del-tse-es-falsa,Esta cuenta de Facebook con el nombre del presidente del TSE es falsa,Falso,Alta
1292,chequeabolivia.bo,https://chequeabolivia.bo/audio-filtrado-de-del-castillo-en-el-que-se-menciona-su-intencion-de-posicionarse-como-candidato-es,"Audio ""filtrado"" de Del Castillo, en el que se menciona su intención de posicionarse como candidato, es falso",Falso,Alta
1293,chequeabolivia.bo,https://chequeabolivia.bo/marcelo-claure-no-publico-un-tuit-sobre-tratos-con-gary-anez,Marcelo Claure no publicó un tuit sobre tratos con Gary Añez,Falso,Alta
1294,chequeabolivia.bo,https://chequeabolivia.bo/es-falso-que-un-fallo-establece-que-andronico-rodriguez-no-podra-ser-candidato-para-las-elecciones,Es falso que un fallo establece que Andrónico Rodríguez no podrá ser candidato para las elecciones nacionales,Falso,Alta
1295,chequeabolivia.bo,https://chequeabolivia.bo/la-sala-plena-del-tse-no-aprobo-trasladar-su-sede-sucre,La Sala Plena del TSE no aprobó trasladar su sede a Sucre,Falso,Alta
1296,chequeabolivia.bo,https://chequeabolivia.bo/audio-de-andronico-rodriguez-afirmando-que-sera-candidato-presidencial-del-mts-es-falso,Audio de Andrónico Rodríguez afirmando que será candidato presidencial del MTS es falso,Falso,Alta
1297,chequeabolivia.bo,https://chequeabolivia.bo/circula-informacion-falsa-sobre-un-calendario-para-las-elecciones-2025,Circula información falsa sobre un calendario para las elecciones 2025,Falso,Alta
1298,chequeabolivia.bo,https://chequeabolivia.bo/es-falso-que-manfred-reyes-villa-presento-carol-ilievski-como-su-binomio-para-las-elecciones,Es falso que Manfred Reyes Villa presentó a Carol Ilievski como su binomio para las elecciones presidenciales,Falso,Alta
1299,chequeabolivia.bo,https://chequeabolivia.bo/es-falso-que-manfred-reyes-villa-retiro-su-candidatura-para-las-elecciones-presidenciales,Es falso que Manfred Reyes Villa retiró su candidatura para las elecciones presidenciales,Falso,Alta
1300,chequeabolivia.bo,https://chequeabolivia.bo/pagina-imita-linea-grafica-del-oep-y-comparte-encuestas-falsas-sobre-las-elecciones-judiciales,Página imita línea gráfica del OEP y comparte encuestas falsas sobre las elecciones judiciales,Falso,Alta
1301,chequeabolivia.bo,https://chequeabolivia.bo/circulan-sondeos-y-encuestas-sobre-preferencia-de-voto-en-las-elecciones-judiciales-que-no-son,Circulan sondeos y encuestas sobre preferencia de voto en las elecciones judiciales que no son válidas,Falso,Alta
1302,chequeabolivia.bo,https://chequeabolivia.bo/circula-encuesta-falsa-sobre-las-elecciones-judiciales,Circula encuesta falsa sobre las elecciones judiciales,Falso,Alta
1303,chequeabolivia.bo,https://chequeabolivia.bo/index%2Ephp/es-falso-que-el-candidato-al-tribunal-agroambiental-edwin-almendras-fue-inhabilitado,Es falso que el candidato al Tribunal Agroambiental Edwin Almendras fue inhabilitado,Falso,Alta
1304,chequeabolivia.bo,https://chequeabolivia.bo/es-falso-que-el-presidente-del-tse-declaro-que-evo-morales-esta-habilitado-para-las-elecciones-de,Es falso que el presidente del TSE declaró que Evo Morales está habilitado para las elecciones de 2025,Falso,Alta
1305,chequeabolivia.bo,https://chequeabolivia.bo/encuestas-ocd-bolivia-es-una-pagina-falsa-y-sus-encuestas-no-estan-autorizadas-por-el-oep,“Encuestas OCD Bolivia” es una página falsa y sus encuestas no están autorizadas por el OEP,Falso,Alta
1306,chequeabolivia.bo,https://chequeabolivia.bo/encuesta-sobre-judiciales-que-da-arellano-como-ganador-es-falsa,Encuesta sobre judiciales que da a Arellano como ganador es falsa,Falso,Alta
1307,chequeabolivia.bo,https://chequeabolivia.bo/es-falso-que-nicolas-maduro-prometio-gasolina-bolivia-si-evo-gana-la-presidencia,Es falso que Nicolás Maduro prometió gasolina a Bolivia si Evo gana a la presidencia,Falso,Alta
1308,chequeabolivia.bo,https://chequeabolivia.bo/audio-filtrado-de-quintana-que-anuncia-andronico-rodriguez-como-candidato-presidencial-fue-creado,Audio “filtrado” de Quintana que anuncia a Andrónico Rodríguez como candidato presidencial fue creado con IA,Falso,Alta
1309,chequeabolivia.bo,https://chequeabolivia.bo/el-expresidente-morales-no-dijo-que-fue-abandonado-por-andronico-rodriguez-ni-lo-acuso-de-prebenda,El expresidente Morales no dijo que fue “abandonado” por Andrónico Rodríguez ni lo acusó de “prebenda”,Falso,Alta
1310,chequeabolivia.bo,https://chequeabolivia.bo/es-falso-que-luis-arce-renuncio-la-presidencia,Es falso que Luis Arce renunció a la presidencia,Falso,Alta
1311,chequeabolivia.bo,https://chequeabolivia.bo/stadistics-bolivia-difunde-encuestas-falsas-que-favorecen-evo-morales,Stadistics Bolivia difunde encuestas falsas que favorecen a Evo Morales,Falso,Alta
1312,chequeabolivia.bo,https://chequeabolivia.bo/david-choquehuanca-no-confronto-luis-arce-pidiendole-adelantar-las-elecciones,David Choquehuanca no confrontó a Luis Arce pidiéndole adelantar las elecciones,Falso,Alta
1313,chequeabolivia.bo,https://chequeabolivia.bo/circula-una-encuesta-de-intencion-de-voto-para-las-elecciones-2025-sin-aval-del-tse,Circula una encuesta de intención de voto para las elecciones 2025 sin aval del TSE,Falso,Alta
1314,chequeabolivia.bo,https://chequeabolivia.bo/circula-una-encuesta-falsa-atribuida-la-umss-que-favorece-manfred-reyes-villa,Circula una encuesta falsa atribuida a la UMSS que favorece a Manfred Reyes Villa,Falso,Alta
1315,chequeabolivia.bo,https://chequeabolivia.bo/circula-una-encuesta-falsa-sobre-intencion-de-voto-para-las-elecciones-2025,Circula una encuesta falsa sobre intención de voto para las elecciones 2025,Falso,Alta
1316,chequeabolivia.bo,https://chequeabolivia.bo/es-falso-que-el-tse-aprobo-la-fiscalizacion-del-congreso-del-mas-en-villa-tunari,Es falso que el TSE aprobó la fiscalización del Congreso del MAS en Villa Tunari,Falso,Alta
1317,chequeabolivia.bo,https://chequeabolivia.bo/luis-arce-no-anuncio-durante-su-mensaje-presidencial-que-el-pasaje-subira-bs-5,Luis Arce no anunció durante su mensaje presidencial que el pasaje subirá a Bs. 5,Falso,Alta
1318,chequeabolivia.bo,https://chequeabolivia.bo/el-influencer-kaplex-no-es-candidato-del-mas-para-las-elecciones-de-2025,El influencer Kapléx no es candidato del MAS para las elecciones de 2025,Falso,Alta
1319,chequeabolivia.bo,https://chequeabolivia.bo/juanita-ancieta-no-dijo-que-si-evo-morales-gana-las-elecciones-comprara-maquina-para-fabricar-dolar,Juanita Ancieta no dijo que si Evo Morales gana las elecciones comprará “máquina para fabricar dólar”,Falso,Alta
1320,chequeabolivia.bo,https://chequeabolivia.bo/index%2ephp/es-falso-que-manfred-confirmo-su-candidatura-presidencial-2025,Es falso que Manfred Reyes Villa confirmó su candidatura para las elecciones del 2025,Falso,Alta
1321,chequeabolivia.bo,https://chequeabolivia.bo/milei-no-se-refirio-al-socialismo-y-las-proximas-elecciones-en-bolivia,Milei no se refirió al socialismo y las próximas elecciones en Bolivia,Falso,Alta
1322,chequeabolivia.bo,https://chequeabolivia.bo/circula-nota-falsa-anunciando-que-el-congreso-del-mas-afin-arce-fue-aprobado-por-el-tse,Circula nota falsa anunciando que el Congreso del MAS afín a Arce fue aprobado por el TSE,Falso,Alta
1323,chequeabolivia.bo,https://chequeabolivia.bo/estas-imagenes-no-muestran-una-alianza-politica-entre-luis-arce-y-manfred-reyes-villa,Estas imágenes no muestran una alianza política entre Luis Arce y Manfred Reyes Villa,Falso,Alta
1324,chequeabolivia.bo,https://chequeabolivia.bo/evo-no-renuncio-su-candidatura-para-cederle-su-lugar-andronico-rodriguez,Evo no renunció a su candidatura para cederle su lugar a Andrónico Rodríguez,Falso,Alta
1325,chequeabolivia.bo,https://chequeabolivia.bo/index%2Ephp/falso-juan-del-granado-no-le-ofrecio-evo-morales-postular-la-presidencia-con-la-sigla-msm,Falso: Juan Del Granado no le ofreció a Evo Morales postular a la presidencia con la sigla MSM,Falso,Alta
1326,chequeabolivia.bo,https://chequeabolivia.bo/el-diputado-evista-hector-arce-no-afirmo-que-morales-pacto-con-anez-y-camacho,El diputado evista Héctor Arce no afirmó que Morales pactó con Añez y Camacho,Falso,Alta
1327,chequeabolivia.bo,https://chequeabolivia.bo/morales-no-renuncio-una-eventual-candidatura-las-presidenciales-de-2025,Morales no renunció a una eventual candidatura a las presidenciales de 2025,Falso,Alta
1328,chequeabolivia.bo,https://chequeabolivia.bo/evo-morales-no-defendio-camacho-para-continuar-como-gobernador-tras-el-fallo-del-tcp,Evo Morales no defendió a Camacho para continuar como Gobernador tras el fallo del TCP,Falso,Alta
1329,chequeabolivia.bo,https://chequeabolivia.bo/martins-no-abrio-la-posibilidad-de-seguir-en-la-seleccion-si-le-ofrecen-mas-dinero,Martins no abrió la posibilidad de seguir en la selección si le ofrecen más dinero,Falso,Alta
1330,chequeabolivia.bo,https://chequeabolivia.bo/cuellar-no-anuncio-un-acuerdo-con-evo-morales-para-ir-juntos-en-las-proximas-elecciones,Cuellar no anunció un acuerdo con Evo Morales para ir juntos en las próximas elecciones,Falso,Alta
1331,chequeabolivia.bo,https://chequeabolivia.bo/marcelo-martins-no-dijo-que-nunca-iba-renunciar-la-seleccion,Marcelo Martins no dijo que nunca iba a renunciar a la selección,Falso,Alta
1332,chequeabolivia.bo,https://chequeabolivia.bo/falso-encuesta-del-celag-no-posiciona-en-primer-lugar-evo-en-intencion-de-voto,Falso: encuesta del Celag no posiciona en primer lugar a Evo en intención de voto,Falso,Alta
1333,chequeabolivia.bo,https://chequeabolivia.bo/index%2Ephp/es-falso-que-una-encuesta-de-diagnosis-posiciona-evo-como-primero-en-intencion-de-votos,Es falso que una encuesta de Diagnosis posiciona a Evo como primero en intención de votos,Falso,Alta
1334,chequeabolivia.bo,https://chequeabolivia.bo/es-falso-que-hector-garibay-dijo-que-la-seleccion-boliviana-no-es-un-buen-ejemplo,Es falso que Héctor Garibay dijo que la selección boliviana no es un buen ejemplo,Falso,Alta
1335,chequeabolivia.bo,https://chequeabolivia.bo/andronico-rodriguez-no-dijo-que-evo-trata-de-opacarlo,"Andrónico Rodríguez no dijo que Evo ""trata de opacarlo""",Falso,Alta
1336,chequeabolivia.bo,https://chequeabolivia.bo/es-falso-que-bolivia-freno-las-exportaciones-de-banano-argentina-tras-las-elecciones-primarias,Es falso que Bolivia frenó las exportaciones de banano a Argentina tras las elecciones primarias,Falso,Alta
1337,chequeabolivia.bo,https://chequeabolivia.bo/es-falso-que-messi-pidio-votar-por-milei-en-las-elecciones-primarias-de-argentina,Es falso que Messi pidió votar por Milei en las elecciones primarias de Argentina,Falso,Alta
1338,chequeabolivia.bo,https://chequeabolivia.bo/falso-diputados-no-citaron-evo-morales-por-casos-de-pedofilia,Falso: Diputados no citaron a Evo Morales por casos de pedofilia,Falso,Alta
1339,chequeabolivia.bo,https://chequeabolivia.bo/es-falso-que-evo-morales-haya-renunciado-su-posible-candidatura-para-2025-por-salud,Es falso que Evo Morales haya renunciado a su posible candidatura para 2025 por salud,Falso,Alta
1340,chequeabolivia.bo,https://chequeabolivia.bo/index%2Ephp/falso-calvo-no-dijo-que-las-elecciones-del-comite-civico-de-santa-cruz-son-un-ejemplo-de-democracia,Falso: Calvo no dijo que las elecciones del Comité Cívico de Santa Cruz son un ejemplo de democracia,Falso,Alta
1341,chequeabolivia.bo,https://chequeabolivia.bo/falso-el-hijo-de-camacho-no-se-declaro-sucesor-de-la-la-presidencia-del-comite-civico-pro-santa,Falso: El hijo de Camacho no se declaró sucesor de la la presidencia del Comité Cívico Pro Santa Cruz,Falso,Alta
1342,chequeabolivia.bo,https://chequeabolivia.bo/la-fiscalia-no-emitio-una-orden-de-aprehension-contra-el-expresidente-tuto-quiroga,La Fiscalía no emitió una orden de aprehensión contra el expresidente Tuto Quiroga,Falso,Alta
1343,chequeabolivia.bo,https://chequeabolivia.bo/index%2Ephp/falso-rkc-no-publico-que-evo-acuso-andronico-rodriguez-de-pactar-con-derechistas,Falso: RKC no publicó que Evo acusó a Andrónico Rodríguez de pactar con “derechistas”,Falso,Alta
1344,chequeabolivia.bo,https://chequeabolivia.bo/falso-evo-no-advirtio-andronico-rodriguez-sobre-el-tratamiento-de-la-ley-del-censo-en-el-senado,Falso: Evo no advirtió a Andrónico Rodríguez sobre el tratamiento de la ley del Censo en el Senado,Falso,Alta
1345,chequeabolivia.bo,https://chequeabolivia.bo/falso-unitel-no-publico-una-declaracion-de-camacho-reprochando-sus-diputados,Falso: Unitel no publicó una declaración de Camacho reprochando a sus diputados,Falso,Alta
1346,chequeabolivia.bo,https://chequeabolivia.bo/es-falso-unitel-no-publico-una-declaracion-de-camacho-advirtiendo-al-alcalde-de-santa-cruz,Es falso: Unitel no publicó una declaración de Camacho advirtiendo al alcalde de Santa Cruz,Falso,Alta
1347,chequeabolivia.bo,https://chequeabolivia.bo/es-falso-unitel-no-informo-que-camacho-es-el-gobernador-mas-flojo,Es falso: Unitel no informó que Camacho es el “gobernador más flojo”,Falso,Alta
1348,chequeabolivia.bo,https://chequeabolivia.bo/es-falso-funcionarios-de-la-gobernacion-no-exigieron-que-camacho-trabaje,Es falso: funcionarios de la Gobernación no exigieron que Camacho trabaje,Falso,Alta
1349,chequeabolivia.bo,https://chequeabolivia.bo/es-falso-vicepresidente-no-califico-de-narcos-diputados-simpatizantes-de-evo-morales,Es falso: Vicepresidente no calificó de “narcos” a diputados simpatizantes de Evo Morales,Falso,Alta
1350,chequeabolivia.bo,https://chequeabolivia.bo/falso-unitel-no-publico-que-camacho-afirmo-que-fue-elegido-gobernador-no-para-hacer-obras,"Falso: Unitel no publicó que Camacho afirmó que fue elegido Gobernador, no para hacer obras",Falso,Alta
1351,chequeabolivia.bo,https://chequeabolivia.bo/el-deber-no-informo-que-camacho-agradecio-trabajadores-de-la-gobernacion-por-colecta-para-su-regalo,El Deber no informó que Camacho agradeció a trabajadores de la Gobernación por colecta para su regalo de bodas,Falso,Alta
1352,chequeabolivia.bo,https://chequeabolivia.bo/es-falso-carlos-mesa-no-nego-reunirse-con-camacho-tras-solicitud-de-anez,Es falso: Carlos Mesa no negó reunirse con Camacho tras solicitud de Áñez,Falso,Alta
1353,chequeabolivia.bo,https://chequeabolivia.bo/es-falso-diputado-cuellar-no-tildo-de-pedofilo-evo-morales,Es falso: Diputado Cuellar no tildó de pedófilo a Evo Morales,Falso,Alta
1354,chequeabolivia.bo,https://chequeabolivia.bo/es-falso-diputado-cuellar-no-afirmo-que-nadie-quiere-evo-y-quintana,Es Falso: Diputado Cuéllar no afirmó que “nadie quiere” a Evo y Quintana,Falso,Alta
1355,chequeabolivia.bo,https://chequeabolivia.bo/el-deber-no-informo-que-tuto-quiroga-condeno-la-invasion-rusa-ucrania,El Deber no informó que Tuto Quiroga condenó la invasión rusa a Ucrania,Falso,Alta
1356,chequeabolivia.bo,https://chequeabolivia.bo/es-falso-que-chi-hyun-chung-propone-eliminar-la-seleccion-boliviana-de-futbol-de-la-conmebol,Es Falso que Chi Hyun Chung propone eliminar a la selección boliviana de fútbol de la Conmebol,Falso,Alta
1357,chequeabolivia.bo,https://chequeabolivia.bo/el-diputado-cuellar-no-se-refirio-arce-sino-los-ministros-cuando-hablo-de-destitucion,El diputado Cuellar no se refirió a Arce sino a los ministros cuando habló de destitución,Falso,Alta
1358,chequeabolivia.bo,https://chequeabolivia.bo/manfred-reyes-villa-no-pidio-paralizar-el-proyecto-del-nuevo-centro-de-convenciones,Manfred Reyes Villa no pidió paralizar el proyecto del nuevo centro de convenciones,Falso,Alta
1359,chequeabolivia.bo,https://chequeabolivia.bo/es-falso-que-periodista-gary-anez-dijo-que-si-sosa-confirma-que-con-items-fantasmas-se-financio,"Es falso que periodista Gary Añez dijo que si Sosa confirma que con “ítems fantasmas” se financió movilización de 2019, “Camacho, Calvo y todos estamos adentro”",Falso,Alta
1360,chequeabolivia.bo,https://chequeabolivia.bo/index%2Ephp/correo-del-sur-no-publico-que-leano-reconocio-que-gano-la-alcaldia-con-fraude,Correo del Sur no publicó que Leaño reconoció que ganó la Alcaldía con fraude,Falso,Alta
1361,chequeabolivia.bo,https://chequeabolivia.bo/el-deber-no-publico-que-baptista-dijo-que-fue-obligada-por-camacho-para-denunciar-irregularidades,El Deber no publicó que Baptista dijo que fue obligada por Camacho para denunciar irregularidades en las elecciones de 2020,Falso,Alta
1362,chequeabolivia.bo,https://chequeabolivia.bo/es-falso-que-camacho-esta-dispuesto-dejar-de-ser-gobernador-si-se-hace-una-auditoria,Es Falso que Camacho está dispuesto a dejar de ser gobernador si se hace una auditoría,Falso,Alta
1363,chequeabolivia.bo,https://chequeabolivia.bo/luis-almagro-no-se-refirio-recientemente-las-elecciones-de-2019-considerandolas-fraudulentas,Luis Almagro no se refirió recientemente a las elecciones de 2019 considerándolas fraudulentas,Falso,Alta
1364,chequeabolivia.bo,https://chequeabolivia.bo/ni-atb-ni-carlos-mesa-afirmaron-que-nina-de-11-anos-debe-dar-luz,Ni ATB ni Carlos Mesa afirmaron que niña de 11 años debe dar a luz,Falso,Alta
1365,chequeabolivia.bo,https://chequeabolivia.bo/es-falso-que-los-tiempos-publico-una-frase-de-wilfredo-chavez-sobre-fraude-electoral,Es Falso que Los Tiempos publicó una frase de Wilfredo Chávez sobre fraude electoral,Falso,Alta
1366,chequeabolivia.bo,https://chequeabolivia.bo/carlos-mesa-no-se-refirio-sobre-la-entrega-del-premio-sajarov,Carlos Mesa no se refirió sobre la entrega del Premio Sájarov,Falso,Alta
1367,chequeabolivia.bo,https://chequeabolivia.bo/unitel-no-publico-que-carlos-mesa-recomienda-quemar-el-proyecto-de-ley-de-ganancias-ilicitas,Unitel no publicó que Carlos Mesa recomienda “quemar” el proyecto de ley de ganancias ilícitas,Falso,Alta
1368,chequeabolivia.bo,https://chequeabolivia.bo/pagina-siete-no-publico-que-tuto-quiroga-pidio-replantear-los-paros,Página Siete no publicó que Tuto Quiroga pidió replantear los paros,Falso,Alta
1369,chequeabolivia.bo,https://chequeabolivia.bo/es-falso-que-carlos-mesa-afirmo-que-si-no-se-apoya-al-paro-no-se-podra-derrocar-al-nuevo-tirano,"Es falso que Carlos Mesa afirmó que si no se apoya al paro, no se podrá “derrocar al nuevo tirano” Luis Arce",Falso,Alta
1370,chequeabolivia.bo,https://chequeabolivia.bo/es-falso-que-encuesta-de-ciesmori-concluye-que-la-mayoria-de-la-poblacion-no-apoya-el-paro-civico,"Es falso que encuesta de Ciesmori concluye que la mayoría de la población no apoya el paro cívico, como lo muestran varias publicaciones",Falso,Alta
1371,chequeabolivia.bo,https://chequeabolivia.bo/no-hay-registros-de-que-camacho-doria-medina-y-manfred-reyes-villa-esten-involucrados-en-el-caso,"No hay registros de que Camacho, Doria Medina y Manfred Reyes Villa estén involucrados en el caso Papeles de Pandora",Falso,Alta
1372,chequeabolivia.bo,https://chequeabolivia.bo/la-razon-no-publico-que-andronico-rodriguez-dijo-que-no-enviara-grupos-masistas-para-atacar-camacho,La Razón no publicó que Andrónico Rodríguez dijo que no enviará grupos masistas para atacar a Camacho,Falso,Alta
1373,chequeabolivia.bo,https://chequeabolivia.bo/es-falso-que-el-deber-publico-que-diputados-anuncian-acusacion-constitucional-contra-luis-arce-por,Es falso que El Deber publicó que diputados anuncian acusación constitucional contra Luis Arce por Papeles de Pandora,Falso,Alta
1374,chequeabolivia.bo,https://chequeabolivia.bo/ejutv-no-informo-que-los-cochabambinos-gritan-trucho-arce-al-presidente-y-vitorean-manfred-reyes,Eju.tv no informó que los cochabambinos gritan “trucho Arce” al Presidente y vitorean a Manfred Reyes Villa,Falso,Alta
1375,chequeabolivia.bo,https://chequeabolivia.bo/correo-del-sur-no-publico-que-leonardo-loza-quiere-ser-candidato-presidencial-en-2025,Correo del Sur no publicó que Leonardo Loza quiere ser candidato presidencial en 2025,Falso,Alta
1376,chequeabolivia.bo,https://chequeabolivia.bo/ejutv-no-publico-una-nota-en-la-que-lidia-patty-denuncio-waldo-albarracin-y-carlos-mesa-por-acoso,Eju.tv no publicó una nota en la que Lidia Patty denunció a Waldo Albarracín y Carlos Mesa por acoso,Falso,Alta
1377,chequeabolivia.bo,https://chequeabolivia.bo/carlos-valverde-no-menciono-que-nunca-hubo-fraude-en-las-elecciones-de-2019,Carlos Valverde no mencionó que nunca hubo fraude en las elecciones de 2019,Falso,Alta
1378,chequeabolivia.bo,https://chequeabolivia.bo/index%2Ephp/erbol-no-publico-un-articulo-en-el-que-eva-copa-califica-de-sinverguenza-evo-morales,Erbol no publicó un artículo en el que Eva Copa califica de “sinvergüenza” a Evo Morales,Falso,Alta
1379,chequeabolivia.bo,https://chequeabolivia.bo/es-falso-que-la-seleccion-boliviana-de-futbol-perdio-el-vuelo-de-regreso,Es falso que la selección boliviana de fútbol perdió el vuelo de regreso,Falso,Alta
1380,chequeabolivia.bo,https://chequeabolivia.bo/eva-copa-no-menciono-que-morales-tiene-que-pedir-perdon-de-rodillas-el-alto,Eva Copa no mencionó que Morales tiene que pedir perdón de rodillas a El Alto,Falso,Alta
1381,chequeabolivia.bo,https://chequeabolivia.bo/carlos-mesa-no-borro-sus-publicaciones-de-twitter-del-2019-y-2020,Carlos Mesa no borró sus publicaciones de Twitter del 2019 y 2020,Falso,Alta
1382,chequeabolivia.bo,https://chequeabolivia.bo/el-dia-no-publico-que-lidia-patty-acuso-carlos-mesa-por-acoso-sexual,El Día no publicó que Lidia Patty acusó a Carlos mesa por acoso sexual,Falso,Alta
1383,chequeabolivia.bo,https://chequeabolivia.bo/el-deber-no-publico-una-nota-en-la-que-villegas-denuncia-fraude-en-las-elecciones-generales-de-peru,El Deber no publicó una nota en la que Villegas denuncia fraude en las elecciones generales de Perú,Falso,Alta
1384,chequeabolivia.bo,https://chequeabolivia.bo/es-falso-que-la-alcaldia-de-la-paz-emitio-nuevas-restricciones-partir-del-pasado-fin-de-semana,Es falso que la Alcaldía de La Paz emitió nuevas restricciones a partir del pasado fin de semana,Falso,Alta
1385,chequeabolivia.bo,https://chequeabolivia.bo/ruben-costas-no-dijo-que-financio-el-paro-del-2019-con-dinero-de-la-gobernacion-en-respuesta,Rubén Costas no dijo que financió el paro del 2019 con dinero de la Gobernación en respuesta a Camacho,Falso,Alta
1386,chequeabolivia.bo,https://chequeabolivia.bo/manipulan-fotografia-al-momento-que-luis-arce-fue-emitir-su-voto,Manipulan fotografía al momento que Luis Arce fue a emitir su voto,Falso,Alta
1387,chequeabolivia.bo,https://chequeabolivia.bo/la-encuesta-atribuida-unitel-que-da-como-ganador-santos-quispe-en-segunda-vuelta-es-falsa,La encuesta atribuida a Unitel que da como ganador a Santos Quispe en segunda vuelta es falsa,Falso,Alta
1388,chequeabolivia.bo,https://chequeabolivia.bo/empresa-no-habilitada-por-el-tse-difunde-encuesta-de-intencion-de-voto-falsa,Empresa no habilitada por el TSE difunde encuesta de intención de voto falsa,Falso,Alta
1389,chequeabolivia.bo,https://chequeabolivia.bo/ni-pagina-siete-ni-jubileo-publicaron-una-encuesta-sobre-la-segunda-vuelta-en-tarija,"Ni Página Siete, ni Jubileo publicaron una encuesta sobre la segunda vuelta en Tarija",Falso,Alta
1390,chequeabolivia.bo,https://chequeabolivia.bo/arce-catacora-no-se-encuentra-delicado-de-salud-y-morales-no-podria-regresar-la-presidencia,Arce Catacora no se encuentra delicado de salud y Morales no podría regresar a la Presidencia,Falso,Alta
1391,chequeabolivia.bo,https://chequeabolivia.bo/es-falso-que-eva-copa-y-jallalla-se-declaren-en-emergencia-en-apoyo-camacho,Es falso que Eva Copa y Jallalla se declaren en emergencia en apoyo a Camacho,Falso,Alta
1392,chequeabolivia.bo,https://chequeabolivia.bo/militantes-de-creemos-no-quemaron-anforas-en-los-municipios-donde-perdia-su-candidato,Militantes de Creemos no quemaron ánforas en los municipios donde perdía su candidato,Falso,Alta
1393,chequeabolivia.bo,https://chequeabolivia.bo/el-tse-no-designa-arbitrariamente-jurados-electorales-de-un-mismo-partido-para-inhabilitar-mesas-de,El TSE no designa arbitrariamente jurados electorales de un mismo partido para inhabilitar mesas de sufragio,Falso,Alta
1394,chequeabolivia.bo,https://chequeabolivia.bo/candidato-marcelo-perez-no-gano-los-resultados-de-boca-de-urna-con-un-475,"Candidato Marcelo Pérez no ganó los resultados de Boca de Urna con un 47,5 %",Falso,Alta
1395,chequeabolivia.bo,https://chequeabolivia.bo/las-personas-en-la-imagen-no-estan-llenando-material-oficial-de-las-elecciones-subnacionales-2021,Las personas en la imagen no están llenando material oficial de las Elecciones Subnacionales 2021,Falso,Alta
1396,chequeabolivia.bo,https://chequeabolivia.bo/el-tse-no-habilito-manfred-reyes-villa-como-senala-un-documento-que-circula-en-redes-sociales,El TSE no habilitó a Manfred Reyes Villa como señala un documento que circula en redes sociales,Falso,Alta
1397,chequeabolivia.bo,https://chequeabolivia.bo/unitel-no-publico-una-posible-habilitacion-del-candidato-manfred-reyes-villa,Unitel no publicó una posible habilitación del candidato Manfred Reyes Villa,Falso,Alta
1398,chequeabolivia.bo,https://chequeabolivia.bo/zacarias-ratuki-maquera-no-rogo-por-votos-para-lograr-un-concejal-en-el-alto,Zacarías “Ratuki” Maquera no rogó por votos para lograr un concejal en El Alto,Falso,Alta
1399,chequeabolivia.bo,https://chequeabolivia.bo/unitel-no-publico-encuesta-en-la-que-ivan-arias-gana-con-925,Unitel no publicó encuesta en la que Iván Arias gana con 92.5%,Falso,Alta
1400,chequeabolivia.bo,https://chequeabolivia.bo/empresas-que-dan-como-favorito-gary-anez-en-una-encuesta-no-estan-habilitadas-por-el-tse,Empresas que dan como favorito a Gary Áñez en una encuesta no están habilitadas por el TSE,Falso,Alta
1401,chequeabolivia.bo,https://chequeabolivia.bo/es-falso-que-todos-los-billetes-nuevos-estan-sin-escudo-como-afirma-carlos-mesa-en-sus-redes,"Es falso que todos los billetes nuevos están “SIN escudo”, como afirma Carlos Mesa en sus redes sociales",Falso,Alta
1402,chequeabolivia.bo,https://chequeabolivia.bo/encuesta-que-da-el-65-por-ciento-de-intencion-de-voto-jhonny-fernandez-es-falsa,Encuesta que da el 65 por ciento de intención de voto a Jhonny Fernández es falsa,Falso,Alta
1403,chequeabolivia.bo,https://chequeabolivia.bo/encuesta-que-posiciona-en-primer-lugar-nelson-cox-es-falsa,Encuesta que posiciona en primer lugar a Nelson Cox es falsa,Falso,Alta
1404,chequeabolivia.bo,https://chequeabolivia.bo/anez-no-felicito-arias-por-el-resultado-de-las-encuestas-de-intencion-de-voto,Áñez no felicitó a Arias por el resultado de las encuestas de intención de voto,Falso,Alta
1405,chequeabolivia.bo,https://chequeabolivia.bo/presunta-encuesta-filtrada-de-unitel-es-falsa,Presunta encuesta filtrada de Unitel es falsa,Falso,Alta
1406,chequeabolivia.bo,https://chequeabolivia.bo/andronico-no-menciono-que-no-le-interesa-si-no-van-votar-las-elecciones-subnacionales-2021,Andrónico no mencionó que no le interesa si no van a votar a las elecciones Subnacionales 2021,Falso,Alta
1407,chequeabolivia.bo,https://chequeabolivia.bo/el-deber-no-publico-que-angelica-sosa-lidera-las-encuestas-para-la-alcaldia-de-santa-cruz,El Deber no publicó que Angélica Sosa lidera las encuestas para la Alcaldía de Santa Cruz,Falso,Alta
1408,chequeabolivia.bo,https://chequeabolivia.bo/la-patria-no-publico-un-comentario-de-tuto-quiroga-sobre-la-hija-de-felipe-quispe,La Patria no publicó un comentario de Tuto Quiroga sobre la hija de Felipe Quispe,Falso,Alta
1409,chequeabolivia.bo,https://chequeabolivia.bo/es-falso-que-la-candidata-concejala-paola-valdenassi-violara-las-restricciones-impuestas-en-la-paz,Es falso que la candidata a concejala Paola Valdenassi violara las restricciones impuestas en La Paz,Falso,Alta
1410,chequeabolivia.bo,https://chequeabolivia.bo/circula-una-encuesta-de-intencion-de-voto-en-santa-cruz-para-las-elecciones-subnacionales-2021-sin,Circula una encuesta de intención de voto en Santa Cruz para las elecciones subnacionales 2021 sin cumplir los requisitos legales,Falso,Alta
1411,chequeabolivia.bo,https://chequeabolivia.bo/circula-una-encuesta-de-intencion-de-voto-en-el-alto-para-las-elecciones-subnacionales-2021-sin,Circula una encuesta de intención de voto en El Alto para las elecciones subnacionales 2021 sin cumplir los requisitos legales,Falso,Alta
1412,chequeabolivia.bo,https://chequeabolivia.bo/empresa-que-difunde-una-encuesta-que-da-como-favorita-adriana-salvatierra-para-la-alcaldia-de-santa,Empresa que difunde una encuesta que da como favorita a Adriana Salvatierra para la Alcaldía de Santa Cruz no está habilitada,Falso,Alta
1413,chequeabolivia.bo,https://chequeabolivia.bo/evo-morales-denuncia-la-habilitacion-de-jorge-morales-como-candidato-la-alcaldia,Evo Morales denuncia la habilitación de Jorge Morales como candidato a la alcaldía,Falso,Alta
1414,chequeabolivia.bo,https://chequeabolivia.bo/abi-no-publico-que-morales-pide-disculpas-sus-seguidores-por-el-dedazo-y-apoyo-en-las-urnas,ABI no publicó que Morales pide disculpas a sus seguidores por el dedazo y apoyo en las urnas,Falso,Alta
1415,chequeabolivia.bo,https://chequeabolivia.bo/es-falso-que-el-deber-haya-publicado-una-nota-de-evo-morales-criticando-eva-copa,Es falso que El Deber haya publicado una nota de Evo Morales criticando a Eva Copa,Falso,Alta
1416,chequeabolivia.bo,https://chequeabolivia.bo/el-tse-no-inhabilito-cesar-dockweiler-como-candidato-la-alcaldia-de-la-paz,El TSE no inhabilitó a César Dockweiler como candidato a la alcaldía de La Paz,Falso,Alta
1417,chequeabolivia.bo,https://chequeabolivia.bo/circulan-encuestas-falsas-de-intencion-de-voto-para-las-elecciones-subnacionales-2021,Circulan encuestas falsas de intención de voto para las Elecciones Subnacionales 2021,Falso,Alta
1418,chequeabolivia.bo,https://chequeabolivia.bo/erbol-no-publico-que-marco-pumari-sera-candidato-por-pan-bol-en-las-subnacionales,Erbol no publicó que Marco Pumari será candidato por PAN-BOL en las subnacionales,Falso,Alta
1419,chequeabolivia.bo,https://chequeabolivia.bo/mario-cronenbold-apunta-candidato-alcalde-con-creemos,Mario Cronenbold apunta candidato a alcalde con CREEMOS,Falso,Alta
1420,chequeabolivia.bo,https://chequeabolivia.bo/evo-morales-anuncia-su-candidatura-la-gobernacion-de-cochabamba,Evo Morales anuncia su candidatura a la Gobernación de Cochabamba,Falso,Alta
1421,chequeabolivia.bo,https://chequeabolivia.bo/biden-cometio-fraude-para-obtener-los-votos-de-pensilvania,Biden cometió fraude para obtener los votos de Pensilvania,Falso,Alta
1422,chequeabolivia.bo,https://chequeabolivia.bo/empresa-dominiun-voting-es-confiscada-por-multiples-irregularidades-en-las-elecciones-generales-de,Empresa “Dominiun Voting” es confiscada por múltiples irregularidades en las elecciones generales de Bolivia,Falso,Alta
1423,chequeabolivia.bo,https://chequeabolivia.bo/vocal-del-tse-denuncia-fraude-en-las-elecciones-generales,Vocal del TSE denuncia fraude en las elecciones generales,Falso,Alta
1424,chequeabolivia.bo,https://chequeabolivia.bo/angelica-sosa-sugiere-crear-un-nuevo-comite-civico-pro-santa-cruz-elegido-por-voto,Angélica Sosa sugiere crear un nuevo Comité Cívico Pro Santa Cruz elegido por voto,Falso,Alta
1425,chequeabolivia.bo,https://chequeabolivia.bo/certificado-de-sufragio-contiene-el-escudo-del-socialismo-bolivariano,Certificado de sufragio contiene el escudo del socialismo bolivariano,Falso,Alta
1426,chequeabolivia.bo,https://chequeabolivia.bo/denuncian-codigos-qr-falsos-de-certificados-de-sufragio,Denuncian codigos QR falsos de certificados de sufragio,Falso,Alta
1427,chequeabolivia.bo,https://chequeabolivia.bo/la-olaf-inicia-investigacion-por-fraude-electoral-en-bolivia,La OLAF inicia investigación por fraude electoral en Bolivia,Falso,Alta
1428,chequeabolivia.bo,https://chequeabolivia.bo/entrambasaguas-denuncia-otro-fraude-de-las-elecciones-del-18-de-octubre,Entrambasaguas denuncia otro fraude de las elecciones del 18 de octubre,Falso,Alta
1429,chequeabolivia.bo,https://chequeabolivia.bo/el-tse-manipula-votos-para-favorecer-al-mas-en-una-mesa-de-warnes,El TSE manipula votos para favorecer al MAS en una mesa de Warnes,Falso,Alta
1430,chequeabolivia.bo,https://chequeabolivia.bo/villegas-nos-robaron-las-elecciones,Villegas: “Nos robaron las elecciones”,Falso,Alta
1431,chequeabolivia.bo,https://chequeabolivia.bo/ingeniero-villegas-denuncia-fraude-electoral,Ingeniero Villegas denuncia fraude electoral,Falso,Alta
1432,chequeabolivia.bo,https://chequeabolivia.bo/circula-un-video-denunciando-un-posible-fraude-en-las-elecciones-generales-2020,Circula un video denunciando un posible fraude en las elecciones generales 2020,Falso,Alta
1433,chequeabolivia.bo,https://chequeabolivia.bo/monitoreo-de-villegas-muestra-carlos-mesa-como-ganador,Monitoreo de Villegas muestra a Carlos Mesa como ganador,Falso,Alta
1434,chequeabolivia.bo,https://chequeabolivia.bo/gobierno-de-anez-impide-que-evo-morales-emita-su-voto,Gobierno de Áñez impide que Evo Morales emita su voto,Falso,Alta
1435,chequeabolivia.bo,https://chequeabolivia.bo/video-muestra-camacho-llorando-tras-conocer-resultados-sobre-las-elecciones,Video muestra a Camacho llorando tras conocer resultados sobre las elecciones,Falso,Alta
1436,chequeabolivia.bo,https://chequeabolivia.bo/circula-imagen-de-resultados-en-boca-de-urna-con-el-logo-de-tu-voto-cuenta,Circula imagen de resultados en boca de urna con el logo de Tu Voto Cuenta,Falso,Alta
1437,chequeabolivia.bo,https://chequeabolivia.bo/unitel-encuestas-boca-de-urna-apuntan-preferencia-por-luis-arce-con-el-436,"Unitel: Encuestas a boca de urna apuntan preferencia por Luis Arce con el 43,6%",Falso,Alta
1438,chequeabolivia.bo,https://chequeabolivia.bo/luis-fernando-camacho-gana-votacion-en-china,Luis Fernando Camacho gana votación en China,Falso,Alta
1439,chequeabolivia.bo,https://chequeabolivia.bo/carlos-mesa-renuncia-su-candidatura,Carlos Mesa renuncia a su candidatura,Falso,Alta
1440,chequeabolivia.bo,https://chequeabolivia.bo/camacho-renuncia-su-candidatura,Camacho renuncia a su candidatura,Falso,Alta
1441,chequeabolivia.bo,https://chequeabolivia.bo/carlos-mesa-pondra-jeanine-anez-como-ministra,Carlos Mesa pondrá a Jeanine Áñez como ministra,Falso,Alta
1442,chequeabolivia.bo,https://chequeabolivia.bo/unitel-mesa-renuncia-su-candidatura-por-la-presidencia,Unitel: Mesa renuncia a su candidatura por la presidencia,Falso,Alta
1443,chequeabolivia.bo,https://chequeabolivia.bo/hay-que-marcar-todas-las-franjas-de-la-papeleta-electoral-para-votar,Hay que marcar todas las franjas de la papeleta electoral para votar,Falso,Alta
1444,chequeabolivia.bo,https://chequeabolivia.bo/encuesta-nivel-nacional-informa-que-camacho-esta-un-punto-de-empatar-al-mas,Encuesta a nivel nacional informa que Camacho está a un punto de empatar al MAS,Falso,Alta
1445,chequeabolivia.bo,https://chequeabolivia.bo/camacho-supera-mesa-en-encuesta-electoral-nivel-nacional,Camacho supera a Mesa en encuesta electoral a nivel nacional,Falso,Alta
1446,chequeabolivia.bo,https://chequeabolivia.bo/carlos-mesa-quiere-regalar-el-litio-los-chilenos,Carlos Mesa quiere regalar el litio a los chilenos,Falso,Alta
1447,chequeabolivia.bo,https://chequeabolivia.bo/pagina-siete-morales-dice-ganar-elecciones-gracias-camacho,Página Siete: Morales dice ganar elecciones gracias a Camacho,Falso,Alta
1448,chequeabolivia.bo,https://chequeabolivia.bo/captura-consulting-muestra-empatados-mesa-y-camacho-en-intencion-de-voto,Captura Consulting muestra empatados a Mesa y Camacho en intención de voto,Falso,Alta
1449,chequeabolivia.bo,https://chequeabolivia.bo/anez-postula-para-la-gobernacion-de-beni-con-comunidad-ciudadana,Áñez postula para la Gobernación de Beni con Comunidad Ciudadana,Falso,Alta
1450,chequeabolivia.bo,https://chequeabolivia.bo/la-mancha-de-tinta-de-una-huella-dactilar-en-la-papeleta-puede-anular-el-voto,La mancha de tinta de una huella dactilar en la papeleta puede anular el voto,Falso,Alta
1451,chequeabolivia.bo,https://chequeabolivia.bo/nueva-encuesta-situa-camacho-como-primero-en-intencion-de-voto,Nueva encuesta sitúa a Camacho como primero en intención de voto,Falso,Alta
1452,chequeabolivia.bo,https://chequeabolivia.bo/reyes-villa-amenaza-camacho-para-que-decline-su-candidatura,Reyes Villa amenaza a Camacho para que decline su candidatura,Falso,Alta
1453,chequeabolivia.bo,https://chequeabolivia.bo/encuesta-posiciona-al-mas-en-primer-lugar-con-67,Encuesta posiciona al MAS en primer lugar con 67%,Falso,Alta
1454,chequeabolivia.bo,https://chequeabolivia.bo/index%2Ephp/la-razon-ultima-encuesta-de-ciesmori-pronostica-victoria-del-mas-en-primera-vuelta,La Razón: Última encuesta de Ciesmori pronostica victoria del MAS en primera vuelta,Falso,Alta
1455,chequeabolivia.bo,https://chequeabolivia.bo/crean-grupo-falso-del-tse,Crean grupo falso del TSE,Falso,Alta
1456,chequeabolivia.bo,https://chequeabolivia.bo/carlos-mesa-hara-alianza-con-mujeres-creando,Carlos Mesa hará alianza con Mujeres Creando,Falso,Alta
1457,chequeabolivia.bo,https://chequeabolivia.bo/carlos-mesa-tiene-principios-de-alzheimer,Carlos Mesa tiene principios de Alzheimer,Falso,Alta
1458,chequeabolivia.bo,https://chequeabolivia.bo/chunoman-es-candidato-senador-por-la-paz,“Chuñoman” es candidato a senador por La Paz,Falso,Alta
1459,chequeabolivia.bo,https://chequeabolivia.bo/tse-niega-estatus-de-observador-internacional-progresista,TSE niega estatus de observador a Internacional Progresista,Falso,Alta
1460,chequeabolivia.bo,https://chequeabolivia.bo/usaid-tiene-oficinas-dentro-del-tse,Usaid tiene oficinas dentro del TSE,Falso,Alta
1461,chequeabolivia.bo,https://chequeabolivia.bo/encuesta-da-el-498-de-preferencia-de-voto-arce-catacora,Encuesta da el 49.8% de preferencia de voto a Arce Catacora,Falso,Alta
1462,chequeabolivia.bo,https://chequeabolivia.bo/el-porcentaje-total-de-la-encuesta-de-ciesmori-es-725,"El porcentaje total de la encuesta de Ciesmori es 72,5 %",Falso,Alta
1463,chequeabolivia.bo,https://chequeabolivia.bo/encuesta-de-ciesmori-posiciona-arce-con-28-y-mesa-con-27,Encuesta de Ciesmori posiciona a Arce con 28% y Mesa con 27%,Falso,Alta
1464,chequeabolivia.bo,https://chequeabolivia.bo/resultado-de-encuesta-posterior-la-renuncia-de-anez-el-mas-gana-con-un-5170,"Resultado de encuesta posterior a la renuncia de Áñez: El MAS gana con un 51,70 %",Falso,Alta
1465,chequeabolivia.bo,https://chequeabolivia.bo/melania-torrico-exfuncionaria-de-gobierno-de-morales-es-candidata-vicepresidencial-junto-chi-hyun,Melania Torrico exfuncionaria de gobierno de Morales es candidata vicepresidencial junto a Chi Hyun Chung,Falso,Alta
1466,chequeabolivia.bo,https://chequeabolivia.bo/carlos-mesa-sobre-arce-el-mas-grande-de-los-bolivianos,Carlos Mesa sobre Arce: “El más grande de los bolivianos”,Falso,Alta
1467,chequeabolivia.bo,https://chequeabolivia.bo/jeanine-anez-pide-apoyar-carlos-mesa-en-twitter,Jeanine Áñez pide apoyar a Carlos Mesa en Twitter,Falso,Alta
1468,chequeabolivia.bo,https://chequeabolivia.bo/nueva-encuesta-situa-camacho-como-segundo-en-intencion-de-voto,Nueva encuesta sitúa a Camacho como segundo en intención de voto,Falso,Alta
1469,chequeabolivia.bo,https://chequeabolivia.bo/circula-encuesta-que-posiciona-al-mas-en-primer-lugar-con-47,Circula encuesta que posiciona al MAS en primer lugar con 47%,Falso,Alta
1470,chequeabolivia.bo,https://chequeabolivia.bo/luis-fernando-camacho-jamas-renunciare-mi-candidatura,Luis Fernando Camacho: “Jamás renunciaré a mi candidatura”,Falso,Alta
1471,chequeabolivia.bo,https://chequeabolivia.bo/carlos-mesa-se-reunio-con-la-cia,Carlos Mesa se reunió con la CIA,Falso,Alta
1472,chequeabolivia.bo,https://chequeabolivia.bo/carlos-mesa-la-privatizacion-es-una-opcion-positiva-para-bolivia,Carlos Mesa: “La privatización es una opción positiva para Bolivia”,Falso,Alta
1473,chequeabolivia.bo,https://chequeabolivia.bo/carlos-mesa-ni-muerto-les-doy-autonomia-los-crucenos,Carlos Mesa: “Ni muerto les doy autonomía a los cruceños”,Falso,Alta
1474,chequeabolivia.bo,https://chequeabolivia.bo/carlos-mesa-dice-que-prefiere-volver-pedir-limosna-que-regrese-el-mas,Carlos Mesa dice que prefiere volver a pedir limosna a que regrese el MAS,Falso,Alta
1475,chequeabolivia.bo,https://chequeabolivia.bo/encuesta-de-intencion-de-voto-le-da-el-triunfo-al-mas-con-67,Encuesta de intención de voto le da el triunfo al MAS con 67%,Falso,Alta
1476,chequeabolivia.bo,https://chequeabolivia.bo/carlos-mesa-admite-que-promovio-el-golpe-de-estado,Carlos Mesa admite que promovió el golpe de Estado,Falso,Alta
1477,chequeabolivia.bo,https://chequeabolivia.bo/ultima-encuesta-nivel-nacional-el-mas-lidera-con-un-483,Última encuesta a nivel nacional: El MAS lidera con un 48.3%,Falso,Alta
1478,chequeabolivia.bo,https://chequeabolivia.bo/carlos-valverde-expresa-su-apoyo-carlos-mesa,Carlos Valverde expresa su apoyo a Carlos Mesa,Falso,Alta
1479,chequeabolivia.bo,https://chequeabolivia.bo/carlos-mesa-propone-privatizar-empresas-y-suprimir-bonos,Carlos Mesa propone privatizar empresas y suprimir bonos,Falso,Alta
1480,chequeabolivia.bo,https://chequeabolivia.bo/circula-encuesta-de-preferencia-electoral-de-la-fundacion-jubileo,Circula encuesta de preferencia electoral de la Fundación Jubileo,Falso,Alta
1481,chequeabolivia.bo,https://chequeabolivia.bo/hijo-de-anez-trabaja-en-el-tse,Hijo de Áñez trabaja en el TSE,Falso,Alta
1482,chequeabolivia.bo,https://chequeabolivia.bo/mas-ipsp-lidera-intencion-de-voto-en-unitel-con-mas-de-50,MAS-IPSP lidera intención de voto en Unitel con más de 50%,Falso,Alta
1483,chequeabolivia.bo,https://chequeabolivia.bo/encuesta-de-ipsos-da-como-ganador-mesa-con-356,"Encuesta de Ipsos da como ganador a Mesa con 35,6%",Falso,Alta
1484,chequeabolivia.bo,https://chequeabolivia.bo/tse-entrega-policia-y-ffaa-el-traslado-de-papeletas-y-resultados-de-votacion-sin-control-civil,TSE entrega a Policía y FFAA el traslado de papeletas y resultados de votación sin control civil,Falso,Alta
1485,chequeabolivia.bo,https://chequeabolivia.bo/unitel-fernando-camacho-lidera-encuesta-electoral-con-un-337,"Unitel: Fernando Camacho lidera encuesta electoral con un 33,7%",Falso,Alta
1486,chequeabolivia.bo,https://chequeabolivia.bo/encuesta-de-intencion-de-voto-muestra-como-favorito-jorge-tuto-quiroga,Encuesta de intención de voto muestra como favorito a Jorge ‘Tuto’ Quiroga,Falso,Alta
1487,chequeabolivia.bo,https://chequeabolivia.bo/los-tiempos-diputada-juana-quispe-afirma-que-evo-puede-tener-cholas-jovencitas,Los Tiempos: Diputada Juana Quispe afirma que “Evo puede tener cholas jovencitas”,Falso,Alta
1488,chequeabolivia.bo,https://chequeabolivia.bo/diputado-franklin-flores-morales-es-inocente-los-padres-consintieron-esa-relacion,"Diputado Franklin Flores: Morales es inocente, los padres consintieron esa relación",Falso,Alta
1489,chequeabolivia.bo,https://chequeabolivia.bo/difunden-imagenes-de-carlos-mesa-junto-persona-presuntamente-menor-de-edad,Difunden imágenes de Carlos Mesa junto a persona presuntamente menor de edad,Falso,Alta
1490,chequeabolivia.bo,https://chequeabolivia.bo/copa-muchos-se-contagiaran-y-moriran-en-el-dia-de-las-elecciones-pero-es-algo-que-mi-partido-esta,"Copa: “Muchos se contagiarán y morirán en el día de las elecciones, pero es algo que mi partido está dispuesto a aceptar”",Falso,Alta
1491,chequeabolivia.bo,https://chequeabolivia.bo/putin-dice-que-elecciones-en-bolivia-deben-ser-el-6-de-septiembre,Putin dice que elecciones en Bolivia deben ser el 6 de septiembre,Falso,Alta
1492,chequeabolivia.bo,https://chequeabolivia.bo/la-paz-fotografia-muestra-presunta-muerte-de-una-persona-como-producto-de-las-protestas-en-el-tse,La Paz: fotografía muestra presunta muerte de una persona como producto de las protestas en el TSE,Falso,Alta
1493,chequeabolivia.bo,https://chequeabolivia.bo/jeanine-anez-hablamos-con-romero-para-suspender-elecciones-definitivamente,Jeanine Áñez: Hablamos con Romero para suspender elecciones definitivamente,Falso,Alta
1494,chequeabolivia.bo,https://chequeabolivia.bo/anez-propone-suspender-elecciones-del-18-de-octubre,Áñez propone suspender elecciones del 18 de octubre,Falso,Alta
1495,chequeabolivia.bo,https://chequeabolivia.bo/carlos-mesa-dice-que-no-pedira-la-anulacion-del-mas-y-debe-decidirse-en-las-urnas,Carlos Mesa dice que no pedirá la anulación del MAS y debe decidirse en las urnas,Falso,Alta
1496,chequeabolivia.bo,https://chequeabolivia.bo/carlos-mesa-felicita-anez-por-pedir-creditos-para-dar-bonos,Carlos Mesa felicita a Áñez por pedir créditos para dar bonos,Falso,Alta
1497,chequeabolivia.bo,https://chequeabolivia.bo/encuesta-de-el-deber-posiciona-al-mas-como-primero-en-encuesta-de-intencion-de-voto,Encuesta de El Deber posiciona al MAS como primero en encuesta de intención de voto,Falso,Alta
1498,chequeabolivia.bo,https://chequeabolivia.bo/carlos-mesa-pide-la-policia-usar-toda-la-fuerza-necesaria-contra-la-cob-y-maestros,Carlos Mesa pide a la policía usar “toda la fuerza necesaria” contra la COB y maestros,Falso,Alta
1499,chequeabolivia.bo,https://chequeabolivia.bo/circula-un-enlace-para-la-consulta-de-jurados-electorales-para-las-elecciones-de-septiembre,Circula un enlace para la consulta de jurados electorales para las elecciones de septiembre,Falso,Alta
1500,chequeabolivia.bo,https://chequeabolivia.bo/primera-encuesta-oficial-informa-que-el-mas-lidera-con-673,"Primera encuesta oficial informa que el MAS lidera con 67,3%",Falso,Alta
1501,chequeabolivia.bo,https://chequeabolivia.bo/nueva-encuesta-favorece-anez-con-un-425,Nueva encuesta favorece a Ánez con un 42.5%,Falso,Alta
1502,chequeabolivia.bo,https://chequeabolivia.bo/bbc-twitter-suspende-cuenta-del-candidato-la-presidencia-del-mas-por-navegar-en-pornografia,"BBC: “Twitter suspende cuenta del candidato a la presidencia del MAS, por navegar en pornografía infantil todas las noches”",Falso,Alta
1503,chequeabolivia.bo,https://chequeabolivia.bo/camacho-he-decidido-poner-mi-candidatura-en-blanco,Camacho: “He decidido poner mi candidatura en blanco”,Falso,Alta
1504,chequeabolivia.bo,https://chequeabolivia.bo/jeanine-anez-dice-que-no-quiere-elecciones,Jeanine Áñez dice que no quiere elecciones,Falso,Alta
1505,chequeabolivia.bo,https://chequeabolivia.bo/encuesta-electoral-da-67-de-preferencia-de-voto-arce-catacora,Encuesta electoral da 67% de preferencia de voto a Arce Catacora,Falso,Alta
1506,chequeabolivia.bo,https://chequeabolivia.bo/circula-una-encuesta-de-gqr-sobre-percepcion-de-la-pandemia-y-las-elecciones-en-bolivia,Circula una encuesta de GQR sobre percepción de la pandemia y las elecciones en Bolivia,Falso,Alta
1507,chequeabolivia.bo,https://chequeabolivia.bo/encuesta-electoral-posiciona-arce-catacora-como-favorito,Encuesta electoral posiciona a Arce Catacora como favorito,Falso,Alta
1508,chequeabolivia.bo,https://chequeabolivia.bo/carlos-mesa-yo-tengo-apellido-pedigri,"Carlos Mesa: “Yo tengo apellido, pedigrí”",Falso,Alta
1509,chequeabolivia.bo,https://chequeabolivia.bo/pagina-siete-andronico-rodriguez-pide-la-ampliacion-de-la-cuarentena-sin-importar-las-elecciones,Página Siete: Andrónico Rodríguez pide la ampliación de la cuarentena sin importar las elecciones,Falso,Alta
1510,chequeabolivia.bo,https://chequeabolivia.bo/anez-se-retira-de-su-candidatura-y-apoya-mesa,Áñez se retira de su candidatura y apoya a Mesa,Falso,Alta
1511,chequeabolivia.bo,https://chequeabolivia.bo/estados-unidos-manejara-las-elecciones-de-bolivia,Estados Unidos manejará las elecciones de Bolivia,Falso,Alta
1512,chequeabolivia.bo,https://chequeabolivia.bo/el-mas-vuelve-encabezar-las-encuestas-de-intencion-de-voto,El MAS vuelve a encabezar las encuestas de intención de voto,Falso,Alta
1513,chequeabolivia.bo,https://chequeabolivia.bo/circula-un-informe-de-intencion-de-voto-realizado-por-mitofsky-mexico,Circula un informe de intención de voto realizado por Mitofsky (México),Falso,Alta
1514,chequeabolivia.bo,https://chequeabolivia.bo/decomisan-documentos-falsificados-que-pretendian-ser-usados-para-proximas-elecciones,Decomisan documentos falsificados que pretendían ser usados para próximas elecciones,Falso,Alta
1515,chequeabolivia.bo,https://chequeabolivia.bo/tata-quispe-dice-que-anez-no-quiere-llamar-elecciones-porque-sabe-que-ganara-el-mas,Tata Quispe dice que Áñez no quiere llamar a elecciones porque sabe que ganará el MAS,Falso,Alta
1516,chequeabolivia.bo,https://chequeabolivia.bo/el-mas-lidera-encuesta-de-intencion-de-voto,El MAS lidera encuesta de intención de voto,Falso,Alta
1517,chequeabolivia.bo,https://chequeabolivia.bo/clonan-cuenta-de-facebook-del-candidato-presidencial-luis-arce,Clonan cuenta de Facebook del candidato presidencial Luis Arce,Falso,Alta
1518,chequeabolivia.bo,https://chequeabolivia.bo/carlos-mesa-presenta-carta-de-renuncia-la-candidatura-presidencial-de-comunidad-ciudadana,Carlos Mesa presenta carta de renuncia a la candidatura presidencial de Comunidad Ciudadana,Falso,Alta
1519,chequeabolivia.bo,https://chequeabolivia.bo/luis-fernando-camacho-anuncio-que-el-mas-ganara-las-elecciones,Luis Fernando Camacho anunció que el MAS ganará las elecciones,Falso,Alta
1520,chequeabolivia.bo,https://chequeabolivia.bo/campesinos-marchan-pidiendo-elecciones-en-plena-cuarentena,Campesinos marchan pidiendo elecciones en plena cuarentena,Falso,Alta
1521,chequeabolivia.bo,https://chequeabolivia.bo/resultados-en-boca-de-urna-nivel-nacional-de-las-elecciones-generales-2020,Resultados en boca de urna a nivel nacional de las Elecciones Generales 2020,Falso,Alta
1522,chequeabolivia.bo,https://chequeabolivia.bo/bbc-jeanine-anez-y-sus-ministros-se-aferran-al-poder-y-rechazan-las-elecciones-democraticas-en,BBC: “Jeanine Áñez y sus ministros se aferran al poder y rechazan las elecciones democráticas en Bolivia”,Falso,Alta
1523,chequeabolivia.bo,https://chequeabolivia.bo/faltan-87-dias-para-las-elecciones-generales,Faltan 87 días para las elecciones generales,Falso,Alta
1524,chequeabolivia.bo,https://chequeabolivia.bo/eva-copa-queremos-elecciones-y-que-la-gente-muera-no-es-nuestro-problema,Eva Copa: Queremos elecciones y que la gente muera no es nuestro problema,Falso,Alta
1525,chequeabolivia.bo,https://chequeabolivia.bo/el-mas-lidera-encuestas-con-62,El MAS lidera encuestas con 62%,Falso,Alta
1526,chequeabolivia.bo,https://chequeabolivia.bo/afp-encuesta-la-posibilidad-de-entregar-60-de-ahorros,AFP encuesta la posibilidad de entregar 60% de ahorros,Falso,Alta
1527,chequeabolivia.bo,https://chequeabolivia.bo/index%2Ephp/tuto-quiroga-si-yo-fuera-presidente-cerraria-el-congreso,Tuto Quiroga: “Si yo fuera presidente cerraría el congreso”,Falso,Alta
1528,chequeabolivia.bo,https://chequeabolivia.bo/en-bolivia-no-hay-coronavirus-y-solo-quieren-suspender-las-elecciones,En Bolivia no hay coronavirus y sólo quieren suspender las elecciones,Falso,Alta
1529,chequeabolivia.bo,https://chequeabolivia.bo/anez-analiza-suspender-las-elecciones-del-3-de-mayo,Áñez analiza suspender las elecciones del 3 de mayo,Falso,Alta
1530,chequeabolivia.bo,https://chequeabolivia.bo/goni-manda-su-apoyo-rotundo-carlos-mesa,Goni manda su apoyo rotundo a Carlos Mesa,Falso,Alta
1531,chequeabolivia.bo,https://chequeabolivia.bo/ciesmori-no-se-acredito-ante-el-tse-para-realizar-estudios-de-opinion,Ciesmori no se acreditó ante el TSE para realizar estudios de opinión,Falso,Alta
1532,chequeabolivia.bo,https://chequeabolivia.bo/unitel-difunde-una-encuesta-de-intencion-de-voto,Unitel difunde una encuesta de intención de voto,Falso,Alta
1533,chequeabolivia.bo,https://chequeabolivia.bo/creemos-difunde-su-propuesta-electoral-2020-2025,Creemos difunde su propuesta electoral 2020 – 2025,Falso,Alta
1534,chequeabolivia.bo,https://chequeabolivia.bo/evo-morales-obsequia-tierras-cambio-de-votos,Evo Morales obsequia tierras a cambio de votos,Falso,Alta
1535,chequeabolivia.bo,https://chequeabolivia.bo/adriana-gil-acompanara-mesa-como-candidata-la-vicepresidencia,Adriana Gil acompañará a Mesa como candidata a la Vicepresidencia,Falso,Alta
1536,chequeabolivia.bo,https://chequeabolivia.bo/evo-morales-propone-boicotear-las-elecciones-para-volver-bolivia,Evo Morales propone boicotear las elecciones para volver a Bolivia,Falso,Alta
1537,chequeabolivia.bo,https://chequeabolivia.bo/camacho-anuncia-que-no-sera-candidato-y-que-trabajara-para-ser-gobernador-de-santa-cruz,Camacho anuncia que no será candidato y que trabajará para ser gobernador de Santa Cruz,Falso,Alta
1538,chequeabolivia.bo,https://chequeabolivia.bo/asi-decidimos-informa-sobre-el-voto-en-el-exterior-por-facebook,Así Decidimos informa sobre el voto en el exterior por Facebook,Falso,Alta
1539,chequeabolivia.bo,https://chequeabolivia.bo/carlos-mesa-provoca-accidente-en-auto-de-buen-gobierno,Carlos Mesa provoca accidente en Auto de Buen Gobierno,Falso,Alta
1540,chequeabolivia.bo,https://chequeabolivia.bo/oscar-ortiz-renuncia-su-candidatura-y-pide-apoyar-carlos-mesa,Óscar Ortiz renuncia a su candidatura y pide apoyar a Carlos Mesa,Falso,Alta
1541,chequeabolivia.bo,https://chequeabolivia.bo/gonzalo-sanchez-de-lozada-da-su-rotundo-apoyo-carlos-mesa,Gonzalo Sánchez de Lozada da su rotundo apoyo a Carlos Mesa,Falso,Alta
1542,chequeabolivia.bo,https://chequeabolivia.bo/evo-dice-que-entregar-la-banda-presidencial-depende-de-los-movimientos-sociales,Evo dice que entregar la banda presidencial depende de los movimientos sociales,Falso,Alta
1543,chequeabolivia.bo,https://chequeabolivia.bo/smartmatic-es-la-empresa-que-contrato-el-gobierno-para-el-recuento-de-urnas,Smartmatic es la empresa que contrató el Gobierno para el recuento de urnas,Falso,Alta
1544,chequeabolivia.bo,https://chequeabolivia.bo/garcia-linera-les-dice-ninos-que-pidan-la-reeleccion-de-evo-morales,García Linera les dice a niños que pidan la reelección de Evo Morales,Falso,Alta
1545,chequeabolivia.bo,https://chequeabolivia.bo/equipo-de-campana-de-cc-confirma-que-carlos-mesa-no-asistira-mas-entrevistas-en-medios,Equipo de campaña de CC confirma que Carlos Mesa no asistirá más a entrevistas en medios,Falso,Alta
1546,chequeabolivia.bo,https://chequeabolivia.bo/evo-morales-renuncia-su-candidatura,Evo Morales renuncia a su candidatura,Falso,Alta
1547,chequeabolivia.bo,https://chequeabolivia.bo/carlos-mesa-hace-declaraciones-en-contra-la-periodista-gabriela-oviedo,Carlos Mesa hace declaraciones en contra la periodista Gabriela Oviedo,Falso,Alta
1548,chequeabolivia.bo,https://chequeabolivia.bo/index%2Ephp/candidato-chi-debemos-eliminar-los-programas-basura-si-me-eligen-empezare-con-calle-7,"Candidato Chi: “Debemos eliminar los programas basura, si me eligen empezaré con Calle 7”",Falso,Alta
1549,chequeabolivia.bo,https://chequeabolivia.bo/encuentran-seguidores-de-carlos-mesa-quemando-en-robore,Encuentran a seguidores de Carlos Mesa quemando en Roboré,Falso,Alta
1550,chequeabolivia.bo,https://chequeabolivia.bo/carlos-mesa-elogia-goni-y-trump-en-red-uno,Carlos Mesa elogia a Goni y a Trump en Red Uno,Falso,Alta
1551,chequeabolivia.bo,https://chequeabolivia.bo/carlos-mesa-bloquea-la-periodista-carla-tejerina-en-twitter,Carlos Mesa bloquea a la periodista Carla Tejerina en Twitter,Falso,Alta
1552,chequeabolivia.bo,https://chequeabolivia.bo/bbc-informa-que-caida-de-macri-desinfla-la-candidatura-de-carlos-mesa,BBC informa que caída de Macri desinfla la candidatura de Carlos Mesa,Falso,Alta
1553,chequeabolivia.bo,https://chequeabolivia.bo/se-prepara-fraude-electoral-en-bolivia,Se prepara fraude electoral en Bolivia,Falso,Alta
1554,chequeabolivia.bo,https://chequeabolivia.bo/encuesta-de-intencion-de-voto-para-las-elecciones-generales-2019,Encuesta de intención de voto para las elecciones generales 2019,Falso,Alta
1555,chequeabolivia.bo,https://chequeabolivia.bo/edwin-rodriguez-es-candidato-diputado-plurinominal-por-comunidad-ciudadana,Edwin Rodríguez es candidato a diputado plurinominal por Comunidad Ciudadana,Falso,Alta
1556,chequeabolivia.bo,https://chequeabolivia.bo/indigenas-en-bolivia-62-entre-senadoras-de-mesa-0,Indígenas en Bolivia 62%; entre senadoras de Mesa 0%,Falso,Alta
1557,chequeabolivia.bo,https://chequeabolivia.bo/carlos-mesa-publica-en-twitter-y-le-da-la-bienvenida-edwin-rodriguez,Carlos Mesa publica en Twitter y le da la bienvenida a Edwin Rodríguez,Falso,Alta
1558,chequeabolivia.bo,https://chequeabolivia.bo/edwin-rodriguez-se-reunio-con-carlos-mesa-antes-de-su-renuncia,Edwin Rodríguez se reunió con Carlos Mesa antes de su renuncia,Falso,Alta
1559,chequeabolivia.bo,https://chequeabolivia.bo/es-verdad-que-la-nueva-gerente-de-emapa-fue-candidata-del-mas-en-las-ultimas-elecciones-generales,Es verdad que la nueva gerente de Emapa fue candidata del MAS en las últimas elecciones generales,Verdadero,Baja
1560,chequeabolivia.bo,https://chequeabolivia.bo/es-verdad-que-samuel-doria-medina-critico-bukele-por-su-reeleccion-y-ahora-lo-felicita-por-su-exito,Es verdad que Samuel Doria Medina criticó a Bukele por su reelección y ahora lo felicita por su “éxito” en el combate contra el crimen,Verdadero,Baja
1561,chequeabolivia.bo,https://chequeabolivia.bo/es-verdad-que-tuto-quiroga-antes-criticaba-trump-y-que-tras-su-victoria-electoral-se-acerco-el,Es verdad que ‘Tuto’ Quiroga antes criticaba a Trump y que tras su victoria electoral se acercó a él,Verdadero,Baja
1562,chequeabolivia.bo,https://chequeabolivia.bo/candidata-del-mas-regala-fosforos-para-hacer-campana,Candidata del MAS regala fósforos para hacer campaña,Verdadero,Baja
1563,chequeabolivia.bo,https://chequeabolivia.bo/candidato-diputado-de-creemos-ofrece-talleres-de-automaquillaje-y-liderazgo-para-empoderar-la-mujer,Candidato a diputado de Creemos ofrece talleres de automaquillaje y liderazgo para empoderar a la mujer,Verdadero,Baja
1564,chequeabolivia.bo,https://chequeabolivia.bo/congresistas-de-eeuu-exigen-evaluacion-transparente-del-informe-de-la-oea-sobre-las-elecciones-en,Congresistas de EEUU exigen evaluación transparente del informe de la OEA sobre las elecciones en Bolivia,Verdadero,Baja
1565,chequeabolivia.bo,https://chequeabolivia.bo/excandidato-de-fpv-que-critica-al-mas-hizo-campana-por-el-si-en-2016,Excandidato de FPV que critica al MAS hizo campaña por el SÍ en 2016,Verdadero,Baja
1566,chequeabolivia.bo,https://chequeabolivia.bo/doria-medina-comparte-encuesta-no-oficial-en-facebook,Doria Medina comparte encuesta no oficial en Facebook,Verdadero,Baja
1567,chequeabolivia.bo,https://chequeabolivia.bo/alcaldia-de-santa-cruz-de-la-sierra-solicita-produccion-de-ivermectina,Alcaldía de Santa Cruz de la Sierra solicita producción de Ivermectina,Verdadero,Baja
1568,chequeabolivia.bo,https://chequeabolivia.bo/manfred-reyes-villa-sugiere-postergar-las-elecciones-hasta-el-proximo-ano,Manfred Reyes Villa sugiere postergar las elecciones hasta el próximo año,Verdadero,Baja
1569,chequeabolivia.bo,https://chequeabolivia.bo/manfred-reyes-villa-en-reuniones-junto-gente-de-creemos,Manfred Reyes Villa en reuniones junto a gente de Creemos,Verdadero,Baja
1570,chequeabolivia.bo,https://chequeabolivia.bo/integrante-de-pk2-pide-modificar-la-fecha-de-las-elecciones-al-tse,Integrante de PK2 pide modificar la fecha de las elecciones al TSE,Verdadero,Baja
1571,chequeabolivia.bo,https://chequeabolivia.bo/medio-de-comunicacion-alternativo-cubano-confirma-la-reeleccion-de-evo-morales-sin-haberse,Medio de comunicación alternativo cubano confirma la reelección de Evo Morales sin haberse publicado los resultados del cómputo oficial,Verdadero,Baja
1572,chequeabolivia.bo,https://chequeabolivia.bo/esta-carta-del-pdc-solicitando-una-declinatoria-de-las-elecciones-fue-rechazada-porque-no-fue,Esta carta del PDC solicitando una declinatoria de las elecciones fue rechazada porque no fue emitida por su delegado oficial,Engañoso,Media
1573,chequeabolivia.bo,https://chequeabolivia.bo/loza-aun-no-obtuvo-mas-del-40-de-votos-evitando-la-segunda-vuelta,Loza aún no obtuvo más del 40% de votos evitando la segunda vuelta,Engañoso,Media
1574,chequeabolivia.bo,https://chequeabolivia.bo/esta-informacion-sobre-la-eliminacion-de-votos-que-favorecian-david-vargas-es-enganosa,Esta información sobre la eliminación de votos que favorecían a David Vargas es engañosa,Engañoso,Media
1575,chequeabolivia.bo,https://chequeabolivia.bo/esta-imagen-del-expresidente-evo-morales-junto-al-candidato-cesar-dockweiler-no-es-actual,Esta imagen del expresidente Evo Morales junto al candidato César Dockweiler no es actual,Engañoso,Media
1576,chequeabolivia.bo,https://chequeabolivia.bo/publicacion-de-radar-altiplanico-sobre-encuestas-en-la-paz-santa-cruz-y-cochabamba-es-enganosa,"Publicación de Radar Altiplánico sobre encuestas en La Paz, Santa Cruz y Cochabamba es engañosa",Engañoso,Media
1577,chequeabolivia.bo,https://chequeabolivia.bo/unitel-no-publico-nota-en-la-que-jugadores-de-la-seleccion-aseguran-que-perderan-si-no-se-les-paga,Unitel no publicó nota en la que jugadores de la selección aseguran que perderán si no se les paga,Engañoso,Media
1578,chequeabolivia.bo,https://chequeabolivia.bo/el-verdadero-carlos-mesa-despedira-todos-los-funcionarios,El verdadero Carlos Mesa despedirá a todos los funcionarios,Engañoso,Media
1579,chequeabolivia.bo,https://chequeabolivia.bo/morales-cambio-la-constitucion-para-ganar-con-el-40-por-ciento-de-los-votos,Morales cambió la Constitución para ganar con el 40 por ciento de los votos,Engañoso,Media
1580,chequeabolivia.bo,https://chequeabolivia.bo/empresa-de-encuestas-viaciencia-fue-creada-hace-seis-meses,Empresa de encuestas ViaCiencia fue creada hace seis meses,Engañoso,Media
1581,chequeabolivia.bo,https://chequeabolivia.bo/esto-es-lo-que-quiere-carlos-mesa,Esto es lo que quiere Carlos Mesa,Engañoso,Media
1582,chequeabolivia.bo,https://chequeabolivia.bo/es-enganoso-un-video-que-muestra-jorge-tuto-quiroga-denunciando-fraude-electoral-tras-la-segunda,Es engañoso un video que muestra a Jorge Tuto Quiroga denunciando fraude electoral tras la segunda vuelta,Engañoso,Media
1583,chequeabolivia.bo,https://chequeabolivia.bo/nicolas-maduro-hablo-de-las-elecciones-en-bolivia-pero-no-brindo-su-apoyo-ningun-candidato,Nicolás Maduro habló de las elecciones en Bolivia pero no brindó su apoyo a ningún candidato,Engañoso,Media
1584,chequeabolivia.bo,https://chequeabolivia.bo/el-tse-no-advirtio-que-inhabilitara-candidatos-por-guerra-sucia,"El TSE no advirtió que inhabilitará a candidatos por ""guerra sucia""",Engañoso,Media
1585,chequeabolivia.bo,https://chequeabolivia.bo/esta-publicacion-de-el-pais-es-de-2019-e-informa-sobre-un-recorrido-de-morales-por-diferentes,Esta publicación de El País es de 2019 e informa sobre un recorrido de Morales por diferentes alcaldías,Engañoso,Media
1586,chequeabolivia.bo,https://chequeabolivia.bo/samuel-doria-medina-dijo-que-le-gustaria-ir-elecciones-con-morales-pero-para-derrotarlo,"Samuel Doria Medina dijo que le gustaría ir a elecciones con Morales, pero para derrotarlo",Engañoso,Media
1587,chequeabolivia.bo,https://chequeabolivia.bo/explicacion-del-caso-medina-y-su-vinculo-con-carlos-mesa,Explicación del caso Medina y su vínculo con Carlos Mesa,Engañoso,Media
1588,chequeabolivia.bo,https://chequeabolivia.bo/encuesta-que-posiciona-como-favorito-rodrigo-paz-es-enganosa,Encuesta que posiciona como favorito a Rodrigo Paz es engañosa,Engañoso,Media
1589,chequeabolivia.bo,https://chequeabolivia.bo/jaime-dunn-no-destrozo-samuel-doria-medina-ni-elogio-jorge-tuto-quiroga,Jaime Dunn no “destrozó” a Samuel Doria Medina ni “elogió” a Jorge Tuto Quiroga,Engañoso,Media
1590,chequeabolivia.bo,https://chequeabolivia.bo/doria-medina-no-admitio-haber-comprado-encuestas-de-red-uno,Doria Medina no “admitió” haber comprado encuestas de Red Uno,Engañoso,Media
1591,chequeabolivia.bo,https://chequeabolivia.bo/red-uno-no-silencio-manfred-reyes-villa-durante-el-debate-presidencial-por-hablar-de-las-encuestas,"Red Uno no silenció a Manfred Reyes Villa durante el debate presidencial por hablar de las ""encuestas falsas""",Engañoso,Media
1592,chequeabolivia.bo,https://chequeabolivia.bo/amalia-pando-no-celebro-triunfo-de-dunn-en-una-encuesta-solo-comento-un-sondeo-de-opinion,"Amalia Pando no celebró triunfo de Dunn en una encuesta, solo comentó un sondeo de opinión",Engañoso,Media
1593,chequeabolivia.bo,https://chequeabolivia.bo/manfred-no-dijo-que-doria-medina-tiene-relacion-con-dinero-del-narcotrafico-pero-si-cuestiono-su,"Manfred no dijo que Doria Medina tiene relación con dinero del narcotráfico, pero sí cuestionó su acceso anticipado a encuestas",Engañoso,Media
1594,chequeabolivia.bo,https://chequeabolivia.bo/manipulan-entrevista-de-samuel-doria-medina-sobre-la-participacion-de-evo-morales-en-las-elecciones,Manipulan entrevista de Samuel Doria Medina sobre la participación de Evo Morales en las elecciones,Engañoso,Media
1595,chequeabolivia.bo,https://chequeabolivia.bo/manipulan-video-de-virginio-lema-para-favorecer-tuto-quiroga,Manipulan video de Virginio Lema para favorecer a Tuto Quiroga,Engañoso,Media
1596,chequeabolivia.bo,https://chequeabolivia.bo/enganoso-presidente-interino-del-tse-no-publico-que-la-reeleccion-indefinida-no-es-un-derecho,Engañoso: Presidente interino del TSE no publicó que la “reelección indefinida no es un derecho humano”,Engañoso,Media
1597,chequeabolivia.bo,https://chequeabolivia.bo/enganoso-tergiversan-declaraciones-de-jose-gary-anez-sobre-tuto-quiroga,Engañoso: tergiversan declaraciones de José Gary Añez sobre Tuto Quiroga,Engañoso,Media
1598,chequeabolivia.bo,https://chequeabolivia.bo/encuesta-de-captura-consulting-y-poder-y-placer-que-posiciona-primero-tuto-quiroga-no-es-confiable,Encuesta de Captura Consulting y Poder y Placer que posiciona primero a ‘Tuto’ Quiroga no es confiable,Engañoso,Media
1599,chequeabolivia.bo,https://chequeabolivia.bo/manfred-reyes-villa-difunde-encuesta-no-confiable-para-promover-su-campana-politica,Manfred Reyes Villa difunde encuesta no confiable para promover su campaña política,Engañoso,Media
1600,chequeabolivia.bo,https://chequeabolivia.bo/tuto-quiroga-no-fue-de-izquierda-ni-el-fundador-del-fri-guerrillero-del-che-guevara,Tuto Quiroga no fue de ‘izquierda’ ni el fundador del FRI guerrillero del ‘Che’ Guevara,Engañoso,Media
1601,chequeabolivia.bo,https://chequeabolivia.bo/la-encuesta-que-jaime-soliz-phiel-compartio-en-redes-no-es-confiable,La encuesta que Jaime Soliz Phiel compartió en redes no es confiable,Engañoso,Media
1602,chequeabolivia.bo,https://chequeabolivia.bo/manipulan-declaraciones-del-diputado-hector-arce-sobre-el-narcotrafico-en-bolivia,Manipulan declaraciones del diputado Héctor Arce sobre el narcotráfico en Bolivia,Engañoso,Media
1603,chequeabolivia.bo,https://chequeabolivia.bo/el-deber-no-difundio-declaracion-del-diputado-de-cc-miguel-roca,El Deber no difundió declaración del diputado de CC Miguel Roca,Engañoso,Media
1604,chequeabolivia.bo,https://chequeabolivia.bo/es-enganoso-diputado-arce-no-acuso-investigadores-chilenos-de-fregar-el-negocio-de-autos-chutos,"Es engañoso: Diputado Arce no acusó a investigadores chilenos de “fregar” el negocio de autos chutos, pero los llamó “mercenarios”",Engañoso,Media
1605,chequeabolivia.bo,https://chequeabolivia.bo/anf-no-publico-declaracion-del-diputado-arce-mencionando-yapacani-como-municipio-de-autos-chutos,ANF no publicó declaración del diputado Arce mencionando a Yapacaní como municipio de autos chutos,Engañoso,Media
1606,chequeabolivia.bo,https://chequeabolivia.bo/diputada-luisa-nayar-de-comunidad-ciudadana-no-agradecio-luis-arce-por-su-gestion,Diputada Luisa Nayar de Comunidad Ciudadana no agradeció a Luis Arce por su gestión,Engañoso,Media
1607,chequeabolivia.bo,https://chequeabolivia.bo/ni-camacho-ni-carlos-mesa-figuran-en-el-caso-papeles-de-pandora,Ni Camacho ni Carlos Mesa figuran en el caso Papeles de Pandora,Engañoso,Media
1608,chequeabolivia.bo,https://chequeabolivia.bo/que-manfred-reyes-villa-no-figura-en-la-lista-de-candidatos-habilitados-no-es-una-noticia-de-ultimo,Que Manfred Reyes-Villa no figura en la lista de candidatos habilitados no es una noticia de último momento,Engañoso,Media
1609,chequeabolivia.bo,https://chequeabolivia.bo/circula-un-video-del-2019-para-promover-el-voto-castigo-en-santa-cruz-y-cochabamba,Circula un video del 2019 para promover el voto castigo en Santa Cruz y Cochabamba,Engañoso,Media
1610,chequeabolivia.bo,https://chequeabolivia.bo/denuncia-sobre-fallas-en-el-sistema-del-tse-no-corresponde-bolivia,Denuncia sobre fallas en el sistema del TSE no corresponde a Bolivia,Engañoso,Media
1611,chequeabolivia.bo,https://chequeabolivia.bo/larrea-declaro-que-los-militantes-del-mas-usan-corbata-para-parecer-gente-cuando-aun-no-era,Larrea declaró que los militantes del MAS usan corbata para parecer “gente” cuando aún no era candidato a la alcaldía de La Paz,Engañoso,Media
1612,chequeabolivia.bo,https://chequeabolivia.bo/circula-pagina-enganosa-que-difunde-encuestas-para-las-elecciones-subnacionales-2021,Circula página engañosa que difunde encuestas para las elecciones subnacionales 2021,Engañoso,Media
1613,chequeabolivia.bo,https://chequeabolivia.bo/valverde-apoya-cronenbold-calificandolo-de-simpatico-y-candidato-ideal,Valverde apoya a Cronenbold calificándolo de “simpático” y “candidato ideal”,Engañoso,Media
1614,chequeabolivia.bo,https://chequeabolivia.bo/encuesta-2020-camacho-pierde-apoyo-para-la-gobernacion-de-santa-cruz,Encuesta 2020: Camacho pierde apoyo para la gobernación de Santa Cruz,Engañoso,Media
1615,chequeabolivia.bo,https://chequeabolivia.bo/bolivision-mujer-denuncia-carlos-mesa-porque-utiliza-los-indigenas-solo-para-sacarse-fotos-y-videos,Bolivisión: Mujer denuncia a Carlos Mesa porque utiliza a los indígenas solo para sacarse fotos y vídeos,Engañoso,Media
1616,chequeabolivia.bo,https://chequeabolivia.bo/carlos-mesa-cero-nacionalizaciones-vamos-privatizar-las-empresas-estatales,"Carlos Mesa: Cero nacionalizaciones, vamos a privatizar las empresas estatales",Engañoso,Media
1617,chequeabolivia.bo,https://chequeabolivia.bo/encuesta-de-tu-voto-cuenta-no-incluye-voto-del-area-rural-ni-del-extranjero,Encuesta de Tu Voto Cuenta no incluye voto del área rural ni del extranjero,Engañoso,Media
1618,chequeabolivia.bo,https://chequeabolivia.bo/carlos-mesa-la-capitalizacion-ha-sido-la-medida-mas-inteligente,Carlos Mesa: “La capitalización ha sido la medida más inteligente”,Engañoso,Media
1619,chequeabolivia.bo,https://chequeabolivia.bo/tuto-quiroga-votemos-por-carlos-mesa,Tuto Quiroga: “Votemos por Carlos Mesa”,Engañoso,Media
1620,chequeabolivia.bo,https://chequeabolivia.bo/carlos-mesa-traiciona-la-paz-y-busca-el-traslado-de-poderes-sucre,Carlos Mesa traiciona a La Paz y busca el traslado de poderes a Sucre,Engañoso,Media
1621,chequeabolivia.bo,https://chequeabolivia.bo/ministro-fernando-lopez-se-controlara-el-voto-en-el-campo,Ministro Fernando López: “Se controlará el voto en el campo”,Engañoso,Media
1622,chequeabolivia.bo,https://chequeabolivia.bo/obligan-altenos-marchar-por-postergar-elecciones-del-6-de-septiembre,Obligan a alteños a marchar por postergar elecciones del 6 de septiembre,Engañoso,Media
1623,chequeabolivia.bo,https://chequeabolivia.bo/juntos-creemos-y-libre-21-acuden-la-oea-para-postergar-las-elecciones,"Juntos, Creemos y Libre 21 acuden a la OEA para postergar las elecciones",Engañoso,Media
1624,chequeabolivia.bo,https://chequeabolivia.bo/evo-quiere-elecciones-nacionales,Evo quiere elecciones nacionales,Engañoso,Media
1625,chequeabolivia.bo,https://chequeabolivia.bo/carlos-mesa-planeo-el-ascenso-de-evo-morales,Carlos Mesa planeó el ascenso de Evo Morales,Engañoso,Media
1626,chequeabolivia.bo,https://chequeabolivia.bo/carlos-mesa-reconoce-que-en-bolivia-si-hubo-golpe-de-estado,Carlos Mesa reconoce que en Bolivia sí hubo golpe de Estado,Engañoso,Media
1627,chequeabolivia.bo,https://chequeabolivia.bo/diputados-de-argentina-resuelven-revocar-el-estatus-de-asilado-evo-morales,Diputados de Argentina resuelven revocar el estatus de asilado a Evo Morales,Engañoso,Media
1628,chequeabolivia.bo,https://chequeabolivia.bo/la-onu-apoya-plenamente-el-resultado-de-las-elecciones-en-bolivia,La ONU apoya “plenamente” el resultado de las elecciones en Bolivia,Engañoso,Media
1629,chequeabolivia.bo,https://chequeabolivia.bo/presidenta-del-tse-asiste-parada-militar,Presidenta del TSE asiste a parada militar,Engañoso,Media
1630,chequeabolivia.bo,https://chequeabolivia.bo/mensaje-de-carlos-mesa-la-nacion-miseria-y-miedo,Mensaje de Carlos Mesa a la nación: Miseria y miedo,Engañoso,Media
1631,chequeabolivia.bo,https://chequeabolivia.bo/es-verdad-que-la-nueva-directora-de-la-anh-fue-viceministra-de-evo-morales,"Es verdad que la nueva directora de la ANH fue viceministra de Evo Morales. Margot Ayala fue viceministra de Industrialización, Comercialización, Transporte y Almacenaje de Hidrocarburos desde 2017 hasta 2018. En TikTok circula que la nueva directora ejecutiva de la Agencia Nacional de Hidrocarburos (ANH), Margot Ayala, fue viceministra durante la gestión de Evo Morales ( 1 , 2 y 3 ). ChequeaBolivia verificó que la información es verdadera. Nuestro equipo confirmó la información tras buscar el nombre de la ejecutiva en publicaciones anteriores de medios de comunicación. Ayala fue viceministra de Industrialización, Comercialización, Transporte y Almacenaje de Hidrocarburos desde el 12 de julio de 2017, cargo que dependía del Ministerio de Hidrocarburos, durante la gestión del expresidente Evo Morales. En aquella ocasión, Ayala expresó su compromiso “por continuar con el proceso de cambio que vive el país, apoyando la industrialización que es uno de nuestros mayores retos y toda la política sectorial”, según una nota del periódico Opinión. La información también fue registrada en los portales del IBCE , la CBHE , Erbol , que publicaron notas y fotografías relacionadas. Captura de la nota de Erbol sobre la posesión de Ayala como Viceministra en 2017. De acuerdo con su perfil en LinkedIn , Ayala trabajó en ese Viceministerio hasta marzo de 2018. Después ocupó cargos en la Gerencia de Contratos de Exportación de Yacimientos Petrolíferos Fiscales Bolivianos (YPFB), y posteriormente impulsó emprendimientos ecológicos y artísticos, entre otros. Su actividad más reciente corresponde a una consultoría externa en el Banco Interamericano de Desarrollo (BID). No existen detalles públicos sobre su gestión como viceministra durante el Gobierno de Morales. ChequeaBolivia se contactó con el equipo de prensa de Ayala para obtener su versión. Hasta la fecha de esta publicación, no se recibió respuesta. Fuentes: Notas de prensa sobre la posesión de Ayala como viceministra disponibles en Opinión , IBCE , CBHE y Erbol Perfil profesional de Margot Ayala en LinkedIn Tags Margot Ayala ANH MAS Rodrigo Paz Tendencia Política Indeterminada Fecha Publicación Web Thu, 11/13/2025 - 08:53 Log in to post comments",Verdadero,Baja
1632,chequeabolivia.bo,https://chequeabolivia.bo/garcia-linera-nunca-he-querido-ser-presidente-y-menos-vicepresidente,"García Linera: Nunca he querido ser presidente y menos vicepresidente. Los pasados días se estuvo viralizando la imagen que se reproduce a través de redes sociales en la que se lee una cita del vicepresidente Álvaro García Linera. Dicho texto es verdadero; sin embargo, corresponde a una entrevista de 2017. La declaración fue hecha por el Vicepresidente en una entrevista con Radio El Deber el 14 de febrero de 2017. Por tanto, que sea viralizada a más de dos años de su difusión, parece responder a una intención de manipulación. FUENTE: Radio El Deber Tags García Linera Log in to post comments",Verdadero,Baja
1633,chequeabolivia.bo,https://chequeabolivia.bo/es-verdad-que-luis-arce-actualmente-gana-bs-24978-y-david-choquehuanca-bs-23591,"Es verdad que Luis Arce actualmente gana Bs. 24.978 y David Choquehuanca Bs. 23.591. Los datos de esta publicación difunden los salarios de 2019 y 2024 establecidos en los decretos supremos 3889 y 5155. Por Lucas Illanes En Facebook circula una publicación que muestra el aumento salarial de los más altos cargos ejecutivos del país: el presidente, vicepresidente y ministros. ChequeaBolivia verificó que se difunde información verdadera. La publicación compara cuánto aumentaron los salarios de estas autoridades desde 2019 hasta 2024 basándose en información recabada de decretos supremos 3889 y 5155 . Muestra que el sueldo del presidente del Estado, Luis Arce, aumentó de 24.251 en 2019 a 24.978 bolivianos en 2024; el del vicepresidente, David Choquehuanca, de 22.904 a 23.591 bolivianos; y el de los ministros, de 21.556 a 22.202 bolivianos. Para corroborar los datos, ChequeaBolivia revisó los decretos supremos 3889 y 5155 en la Gaceta Oficial del Estado y efectivamente, todas las cifras coinciden con los de la publicación. Ambos decretos son de incrementos salariales de funcionarios estatales, una promulgada en mayo de 2019 en la gestión del expresidente, Evo Morales, y otra en mayo de este año durante la gestión del presidente Arce. Esta medida corresponde a la decisión del Gobierno de incrementar en 5,85 por ciento el Salario Mínimo Nacional que corresponde a 2.500 bolivianos y el haber básico en 3 por ciento. Cabe aclarar que la publicación también presenta la diferencia entre los sueldos de estas autoridades entre 2019 y 2024. Aunque el sueldo del vicepresidente aumentó en 687 bolivianos y el de los ministros en 646 bolivianos, la publicación intercambia estas cifras. Esta falta de precisión no afecta la calificación de ""verdadero"" asignada por ChequeaBolivia. Fuentes: Decreto Supremo 3889 recabado de la Gaceta Oficial del Estado Decreto Supremo 5155 recabado de la Gaceta Oficial del Estado Nota publicada por el Ministerio de Economía y Finanzas Tags Luis Arce Catacora Economía David Choquehuanca Salario Tendencia Política Indeterminada Fecha Publicación Web Wed, 06/19/2024 - 17:18 Log in to post comments",Verdadero,Baja
1634,chequeabolivia.bo,https://chequeabolivia.bo/el-video-viral-que-muestra-una-nina-recitar-un-poema-antiimperialista-en-el-aniversario-del-mas-es,"El video viral que muestra a una niña recitar un poema “antiimperialista” en el aniversario del MAS es verdadero. El hecho quedó registrado en las transmisiones en vivo de medios locales. El poema inicia así: “Maldito, gringo, imperialista, enfermo, capitalista”. Por Lucas Illanes Mediante Facebook, Tiktok y WhatsApp ( 1 , 2 , 3 , 4 , 5 ) se comparte un video en el que aparece una niña durante el aniversario del Movimiento Al Socialismo (MAS) recitando ante una multitud y líderes de este partido político un poema “antiimperialista” que comienza de la siguiente manera: “Maldito, gringo, imperialista, enfermo, capitalista”. ChequeaBolivia verificó que se trata de un video real. Tras una revisión a la transmisión en vivo de Radio Kausachun Coca por el aniversario del MAS celebrado el pasado domingo en Ivirgarzama, se comprobó que la niña empezó a recitar este poema a partir del minuto 29. En otra transmisión del evento difundida por Radio Carrasco también se escucha a la menor recitar el poema que compartieron los usuarios. El poema recitado es el siguiente: “Maldito gringo imperialista Enfermo, capitalista, fascista, racista, colonialista, golpista, imperialista Enemigo de la humanidad, mataste los sueños de la humanidad Armaste soldados en contra de la sociedad Sudamérica en su integridad clama libertad Hermanos originarios milenarios, hermanos originarios contemporáneos La patria nos llama, amenazado al exterminio, hay que salvar con honor y valor Somos anticapitalistas, somos antiimperialistas, Nunca nos rendimos, jamás nos rendiremos Revolución democrática cultural para salvar a la humanidad de la crisis social Paz con justicia social América Plurinacional Qué viva Evo Morales Qué viva el Estado Plurinacional”. Durante el evento, el maestro de ceremonias anunció a la menor con su nombre y su unidad educativa, lo que también se difunde por los medios mencionados. La grabación muestra que la niña recita el poema en presencia del presidente del Estado Luis Arce, el vicepresidente David Choquehuanca, el senador Andrónico Rodríguez, el expresidente Evo Morales, y otras figuras públicas del MAS. Fuentes: Transmisión en vivo de Radio Kausachun Coca archivada en Archive.li Transmisión en vivo de Radio Carrasco archivada en Archive.li Tags MAS Tendencia Política No simpatizantes del MAS Fecha Publicación Web Tue, 03/28/2023 - 17:03 Log in to post comments",Verdadero,Baja
1635,chequeabolivia.bo,https://chequeabolivia.bo/index%2ephp/es-verdadero-el-tuit-del-presidente-electo-de-chile-donde-afirma-que-en-bolivia-hubo-golpe-en-2019,"Es verdadero el tuit del presidente electo de Chile donde afirma que en Bolivia hubo “golpe” en 2019. El tuit fue publicado el 10 de noviembre de 2019 en la cuenta verificada del presidente electo de Chile. En las redes sociales circula una imagen de un supuesto tuit del presidente electo de Chile, Gabriel Boric Font, acompañada del siguiente texto: “Terrible lo de Bolivia. Los golpes de Estado y la intervención militar nunca son las soluciones a crisis institucionales. Repudio absoluto al golpe en país hermano. Ojalá en nuestro país nadie vuelva a validar esta via para resolver nuestros problemas políticos”. ChequeaBolivia verificó que se trata de un contenido verdadero. ChequeaBolivia realizó una revisión en la cuenta oficial de Twitter de Boric y constató que, el 10 de noviembre de 2019, publicó dicha información a través de su cuenta de Twitter verificada. Terrible lo de Bolivia. Los golpes de Estado y la intervención militar nunca son las soluciones a crisis institucionales. Repudio absoluto al golpe en país hermano. Ojalá en nuestro país nadie vuelva a validar esta via para resolver nuestros problemas políticos. — Gabriel Boric Font (@gabrielboric) November 10, 2019 La captura de la imagen circula después de que el diputado José Manuel Ormachea de Comunidad Ciudadana solicitara que el presidente electo de Chile “reconozca que Evo Morales renunció producto del fraude que cometió”. Debemos demandarle al nuevo Pdte. de Chile @gabrielboric que reconozca que Evo Morales renunció producto del fraude que cometió.El Estado chileno reconoció la legalidad del Gobierno Transitorio 2019-2020 en Bolivia. Es un deber de todo Pdte. de Chile reafirmar ese reconocimiento. — José Manuel Ormachea ?? (@JoseMOrmachea) December 20, 2021 FUENTE: Revisión de la cuenta oficial de Twitter del presidente electo de Chile, Gabriel Boric Font Revisión hemerográfica Tags Gabriel Boric Tendencia Política Simpatizantes del MAS Fecha Publicación Web Tue, 12/21/2021 - 16:03 Log in to post comments",Verdadero,Baja
1636,chequeabolivia.bo,https://chequeabolivia.bo/es-verdad-que-barrientos-y-ormachea-de-comunidad-ciudadana-se-vacunaron-fuera-del-rango-de-edad,"Es verdad que Barrientos y Ormachea de Comunidad Ciudadana se vacunaron fuera del rango de edad. Ambos asambleístas están registrados como vacunados en el Sistema Único de Salud. En Facebook y Twitter circulan carnets de vacunación de los asambleístas de Comunidad Ciudadana (CC), Andrea Barrientos y José Manuel Ormachea, ambos de 32 años de edad, indicando que habrían sido inmunizados contra el coronavirus. ChequeaBolivia constató que se trata de información verdadera. ChequeaBolivia mediante el escaneo del código QR del carnet de vacunación que circulaba en Twitter con los datos de la senadora Andrea Barrientos constató que el documento era real. El código QR condujo al sitio web del Sistema Único de Salud (SUS) donde se encuentran las fichas de vacunación de todos los ciudadanos inmunizados en el país, mediante el que se corroboró que Barrientos fue vacunada el 1 de junio en el Centro de Salud Integral “Asistencia Pública”; cuando para la fecha los únicos habilitados para vacunarse según el Ministerio de Salud y Deportes eran las personas mayores de 40 años, o que presentaran enfermedades de base, además de policías, maestros, choferes del transporte público urbano, periodistas y personal de salud, trabajadores que presentan mayores posibilidades de contagio. ChequeaBolivia contactó a Barrientos para consultar bajo qué motivo se la inmunizó, a lo que la senadora aseguró que la habían vacunado en la Cámara de Senadores, y no respondió más interrogantes. Por lo tanto, ChequeaBolivia se contactó con la Unidad de Comunicación de la Cámara de Senadores para corroborar la versión de Barrientos, pero se derivó la consulta a la Dirección Social de la Cámara, desde dónde nuevamente derivaron la consulta a la Unidad de Comunicación, quienes ya no contestaron. Del mismo modo, en Facebook circulaba el carnet de vacunación del diputado de CC, José Manuel Ormachea , de también 32 años, cuya búsqueda en el sitio web del SUS certifica su vacunación el 26 de mayo, el mismo día que, según el Viceministerio de Comunicación, iniciaba la vacunación a mayores de 40 años y/o los trabajadores antes mencionados. Mediante una publicación en su página de Facebook, Ormachea aseguró que se vacunó en la Cámara de Diputados bajo el criterio de la aglomeración que existe en el hemiciclo de la Asamblea. Además, mediante su cuenta de Twitter compartió la imagen de un comunicado de la Oficialía Mayor, que mediante la Dirección de Recursos Humanos de la Cámara de Diputados instruyó que el 15 de junio se aplicaría la segunda dosis de la vacuna de Sinopharm a quienes recibieron la primera dosis el 26 de mayo. (*) En contacto con ChequeaBolivia, Ormachea señaló que tanto diputados de oposición como del oficialismo fueron vacunados sin importar el rango de edad, tras gestiones realizadas por el presidente de la Cámara de Diputados, Freddy Mamani para habilitar un punto de vacunación. Recalcó que su vacunación no fue ilegal, sino todo lo contrario. Para los que me acusan de haberme vacunado ""ilegalmente"". Acá la prueba de que no es así. pic.twitter.com/Bf5VytkZui — José Manuel Ormachea ?? (@JoseOrmi) June 15, 2021 (*) ChequeaBolivia incluye este cambio en la nota publicada a solicitud del diputado de Comunidad Ciudadana (CC), José Ormachea a las 17:42 del 16 de junio de 2021, en contacto con ChequeaBolivia. FUENTES Ministerio de Salud y Deportes – Bolivia Segura Página de Facebook del Viceministerio de Comunicación Servicio Único de Salud Andrea Barrientos Página de Facebook de José Manuel Ormachea Cuenta de Twitter de José Manuel Ormachea Tags Vacunación Tendencia Política Simpatizantes del MAS Fecha Publicación Web Wed, 06/16/2021 - 14:34 Log in to post comments",Verdadero,Baja
1637,chequeabolivia.bo,https://chequeabolivia.bo/es-verdad-que-el-sistema-nacional-de-informacion-en-salud-registro-evaliz-morales-como-vacunada,"Es verdad que el Sistema Nacional de Información en Salud registró a Evaliz Morales como vacunada contra el COVID-19. El código QR dirige a un enlace del Registro Nominal de Vacunación Electrónica del Sistema Nacional de Información en Salud. Por Lucas Illanes En Facebook y Twitter circula una imagen de un carnet de vacunación Covid- 19  mostrando que la hija del expresidente Evo Morales, Evaliz Morales Alvarado, de 26 años, recibió su primera dosis. ChequeaBolivia verificó que la información es verdadera. La imagen que se comparte en Facebook no permitía ver todos los detalles debido a su baja resolución. Tras una búsqueda en Twitter, ChequeaBolivia constató que una usuaria publicó otra imagen que muestra con más claridad otros elementos, como ser el código QR. El escaneo de este código dirige a un enlace del Registro Nominal de Vacunación Electrónica del Sistema Nacional de Información en Salud, en el que se establece que se vacunó a Evaliz Morales en la Caja Bancaria Estatal de Salud – “Clinica Modelo La Paz"" con la primera dosis de la vacuna Sputnik-V. La fecha de la vacunación es del 24 de mayo 2021. La página web de la Caja Bancaria Estatal de Salud indica en un comunicado del 24 de mayo que se vacuna a personas de 40 a  mayores a 60 años “con o sin patologías de base”. Para asegurar que se trata de la hija de Morales de 26 años de edad, ChequeaBolivia verificó que la fecha de nacimiento de la persona registrada como vacunada  (24.09.1994) coincide con la información brindada de medios de comunicación en anteriores ocasiones ( 1 , 2 y 3 ). La última disposición del Gobierno establece que de acuerdo a lo programado sólo las personas mayores de 40 años y choferes del transporte público pueden vacunarse. El Gobierno permite que otros sectores como ser periodistas, personal médico, policías y personas con enfermedad de base, entre otros, también acudan a los centros de vacunación. ChequeaBolivia se contactó con Evaliz Morales vía Twitter, quien es funcionaria pública de la Procuraduría General del Estado , para pedir aclaraciones al respecto. Hasta el momento de esta publicación, no se obtuvo una respuesta. Fuentes: Enlace del Registro Nominal de Vacunación Electrónica del Sistema Nacional de Información en Salud registrado con archive.today Revisión hemerográfica ( 1 , 2 y 3 ) Página web del Viceministerio de Comunicación página web de la Caja Bancaria Estatal de Salud Tuit del procurador general del Estado, Wilfredo Chávez Tags Evaliz Morales Fecha Publicación Web Sun, 06/13/2021 - 13:07 Log in to post comments",Verdadero,Baja
1638,chequeabolivia.bo,https://chequeabolivia.bo/index%2ephp/es-verdad-que-el-ministerio-de-gobierno-publico-que-diputado-colque-de-40-anos-es-de-la-tercera,"Es verdad que el Ministerio de Gobierno publicó que diputado Colque de 40 años es de la “tercera edad”. La información fue editada aunque sigue visible debido a que se observa en el historial de cambios que se hizo en una publicación. Por Lucas Illanes En Twitter circula información indicando que el diputado del Movimiento Al Socialismo (MAS), Antonio Colque, de 40 años “aparece como persona de la tercera edad” en una publicación del Ministerio de Gobierno. ChequeaBolivia verificó que la información es verdadera. Varios medios de comunicación registraron, el 8 de junio, en una sesión de la Asamblea Legislativa, a la que asistió el ministro de Gobierno, Eduardo del Castillo, para una interpelación, una pelea entre legisladores del oficialismo y la oposición. A través de una revisión de la página de Facebook del Ministerio de Gobierno, ChequeaBolivia verificó que la entidad estatal publicó lo siguiente : “ El senador por Creemos, Henry Cabrera, se abalanzó a los puños sobre un diputado de la tercera edad, el diputado Colque, representante de los pueblos indígenas, quien se encuentra con golpes en su integridad”. Posteriormente, se editó esta información aunque sigue visible debido a que se observa en el historial de cambios que se hizo en una publicación. Distintos medios de comunicación también informaron que Colque era una persona de la tercera edad ( 1 , 2 , 3 y 4 ). De acuerdo a la Ley General de las Personas Adultas Mayores , son adultas mayores las personas que tienen “sesenta (60) o más años”. Consultado por el tema, Colque aseguró a ChequeaBolivia que la información que circula es “falsa”. “ Tengo 40 años”, afirmó. Además, la página web de la Cámara de Diputados señala que Colque nació el 8 Marzo de 1981 . Fuentes: Publicación de la página de Facebook del Ministerio de Gobierno recabado del historial de cambios Ley General de las Personas Adultas Mayores Diputado Antonio Colque Página web de la Cámara de Diputados Publicaciones de medios de comunicación ( 1 , 2 , 3 y 4 ) Tags Ministerio de Gobierno Fecha Publicación Web Thu, 06/10/2021 - 14:49 Log in to post comments",Verdadero,Baja
1639,chequeabolivia.bo,https://chequeabolivia.bo/index%2ephp/camara-de-diputados-borra-un-tuit-que-muestra-lidia-patty-aprobando-ley-de-prorroga-de-mandato,"Cámara de Diputados borra un tuit que muestra a Lidia Patty aprobando ley de “prórroga de mandato constitucional” que incluía a Áñez. El tuit eliminado se publicó el 17 de enero del 2020 y quedó registrado en WayBack Machine Por Lucas Illanes En Facebook circula la información de que la cuenta de Twitter de la Cámara de Diputados de Bolivia eliminó un tuit que anunciaba la sanción por unanimidad de la “Ley Excepcional de Prórroga de Mandato Constitucional de Autoridades Electas”, entre las que se incluía a Jeanine Áñez.  ChequeaBolivia verificó que es información verdadera. Tras una revisión a la cuenta de oficial de esta instancia legislativa , se constató que el tuit no está disponible. Sin embargo, el tuit quedó registrado con una herramienta, Wayback Machine, que sirve para almacenar contenidos que pueden ser eliminados. El tuit fue publicado el 17 de enero del 2020. En estas fotografías aparece la exdiputada del MAS Lidia Patty levantando la mano. Patty inició un proceso penal que denuncia  un “golpe de Estado”. “El pleno de la Cámara de Diputados sanciona por unanimidad la ‘Ley Excepcional de Prórroga de Mandato Constitucional de Autoridades Electas’”, anunció la cuenta en esa ocasión . Captura del  tuit eliminado que fue recuperado de WayBack Machine. Varios medios replicaron esta información pues esta ley incluía la prórroga de mandato de la expresidenta Jeanine Áñez  ( 1 , 2 , 3 y 4 ). Posteriormente esta norma fue promulgada por Áñez y permanece en la Gaceta Oficial de Bolivia . En su artículo 4 se establece: “ Excepcionalmente se prorroga el mandato de la Presidenta del Estado Plurinacional, las y los Asambleístas de la Asamblea Legislativa Plurinacional y las Autoridades Electas de las Entidades Territoriales Autónomas elegidas para el periodo 2015-2020 hasta la posesión de las nuevas autoridades para el periodo 2020-2025”. Fuentes: Cuenta de Twitter de la Cámara de Diputados Tuit eliminado recuperado de WayBack Machine Revisión de hemeroteca ( 1 , 2 , 3 y 4 ) Gaceta Oficial de Bolivia Tags Cámara de Diputados Tendencia Política No simpatizantes del MAS Fecha Publicación Web Wed, 03/17/2021 - 12:06 Log in to post comments",Verdadero,Baja
1640,chequeabolivia.bo,https://chequeabolivia.bo/arce-si-reconocio-anez-como-presidenta-transitoria-constitucional-durante-una-entrevista-en-2020,"Arce sí reconoció a Áñez como presidenta “transitoria constitucional” durante una entrevista en 2020. “Es transitoria constitucional"", respondió en una entrevista el 21 de mayo 2020. En Facebook se comparte un video  en el que se observa al presidente del Estado, Luis Arce Catacora, en una entrevista afirmando que la expresidenta, Jeanine  Áñez, es “transitoria constitucional”. ChequeaBolivia verificó que el contenido es verdadero. Se trata una entrevista a Arce cuando era candidato presidencial en un programa  televisivo emitido el 21 de mayo 2020 y conducido por la periodista Jimena Antelo. La entrevista se subió a YouTube en el canal “No Mentiras PAT”. A partir del min 40 y 54’’ del video , se escucha que Antelo pregunta a Arce si Áñez “es presidenta constitucional o de facto” en cuatro oportunidades, a lo que él respondió: “Es transitoria constitucional”. A continuación se muestra el fragmento del video. La jueza Regina Santa Cruz  decidió  el domingo (14.03.2021) enviar a la expresidenta Jeanine Áñez y  a dos exministros  a prisión preventiva durante cuatro meses por el caso “Golpe de Estado” ( 1 , 2 , y 3 ). Fuentes: Entrevista de Luis Arce en No Mentirás Revisión de hemeroteca ( 1 , 2 , y 3 ) Tags Luis Arce Catacora Tendencia Política No simpatizantes del MAS Fecha Publicación Web Tue, 03/16/2021 - 16:31 Log in to post comments",Verdadero,Baja
1641,chequeabolivia.bo,https://chequeabolivia.bo/index%2Ephp/es-verdad-que-la-defensoria-del-pueblo-elimino-un-tuit-que-sugeria-la-renuncia-de-morales-y-linera,"Es verdad que la Defensoría del Pueblo eliminó un tuit que sugería la renuncia de Morales y Linera en 2019. Herramienta digital que sirve para almacenar contenidos que pueden ser eliminados confirma que el tuit es real y fue publicado  el 10 de noviembre de 2019. En Twitter y Facebook circula la información de que la Defensoría del Pueblo eliminó un tuit que pedía la renuncia del expresidente Evo Morales, y el exvicepresidente Álvaro García Linera. ChequeaBolivia verificó que se trata de información verdadera. A través del uso de la herramienta digital Wayback Machine , que sirve para almacenar contenidos que pueden ser eliminados; ChequeaBolivia verificó que el tuit es real y fue publicado  el 10 de noviembre de 2019. “Apelando el compromiso con la Patria, se sugiere al Primer Mandatario y al vicepresidente del Estado, considerar la dimisión de su cargo para lograr la pacificación del Estado Plurinacional de Bolivia”, publicó la cuenta oficial de la Defensoría en ese entonces. Captura del tuit de la Defensoría del Pueblo almacenado en Wayback Machine. La jueza Regina Santa Cruz  decidió  ayer (15.03.2021) enviar a la expresidenta Jeanine Áñez y  a dos exministros  a prisión preventiva durante cuatro meses por el caso “Golpe de Estado” ( 1 , 2 , y 3 ). Fuentes: Archivo de Wayback Machine Cuenta oficial de Twitter de la Defensoría del Pueblo Revisión hemerográfica ( 1 , 2 , y 3 ) Tags Defensoría del Pueblo Tendencia Política Imagen Fecha Publicación Web Mon, 03/15/2021 - 09:31 Log in to post comments",Verdadero,Baja
1642,chequeabolivia.bo,https://chequeabolivia.bo/el-sello-de-no-voto-es-parte-del-procedimiento-oficial-de-los-jurados-electorales,"El sello de “NO VOTÓ” es parte del procedimiento oficial de los Jurados Electorales. Se deben marcar los certificados de sufragio no reclamados. En las redes sociales circula la imagen de un certificado de sufragio con un sello de “NO VOTÓ” en la parte posterior. ChequeaBolivia constató que se trata de un procedimiento verdadero. ChequeaBolivia revisó las normas de procedimiento de las mesas electorales y confirmó que en el tercer sobre que los Jurados Electorales deben entregar al final de la jornada debe contener los certificados de sufragrio anulados con el sello de “NO VOTÓ” como figura en la imagen que se comparte. Además, en la página 39 del documento oficial de Guía para Jurados Electorales del Órgano Electoral Plurinacional (OEP), se detalla todo lo que deben entregar una vez concluido el día de votación. Documento oficial del Órgano Electoral Plurnacional FUENTE: Página web del Órgano Supremo Electoral Tags Tribunal Supremo Electoral Tendencia Política Indeterminada Fecha Publicación Web Sun, 03/07/2021 - 19:01 Log in to post comments",Verdadero,Baja
1643,chequeabolivia.bo,https://chequeabolivia.bo/imagen-que-circula-con-rango-de-multas-por-faltas-electorales-es-verdadera,"Imagen que circula con rango de multas por faltas electorales es verdadera. El reglamento de faltas y sanciones del TSE establece el mismo rango de multas. En Facebook y WhatsApp circula una publicación en la que se difunde las multas que se aplicarán por no emitir el voto, no estar inscrito en el padrón electoral y por estar ausente en la mesa de sufragio siendo jurado electoral. ChequeaBolivia advierte que se trata de información verdadera. ChequeaBolivia a través de una revisión en el Reglamento de faltas electorales y sanciones del Órgano Electoral Plurinacional (OEP) , corroboró que la sanción económica por no emitir el voto es del 10% de un sueldo mínimo (Bs212); por no estar registrado en el padrón electoral de 20% (Bs424 Bs), y por estar ausente o incumplir los horarios de la mesa de sufragio siendo jurado electoral del 30 % (Bs637). FUENTES: OEP Tags Elecciones subnacionales 2021 Fecha Publicación Web Sun, 03/07/2021 - 13:41 Log in to post comments",Verdadero,Baja
1644,chequeabolivia.bo,https://chequeabolivia.bo/la-carta-en-la-que-andrea-cornejo-renuncia-ser-militante-de-solbo-y-su-candidatura-como-asambleista,"La carta en la que Andrea Cornejo renuncia a ser militante de Sol.BO y a su candidatura como asambleísta es verdadera. Cornejo brindará declaraciones al respecto en los próximos días. En WhatsApp circula la imagen de una carta firmada por la concejal de la ciudad de La Paz, Andrea Cornejo, en la que renuncia a su militancia en Soberanía y Libertad (Sol.Bo) y a su candidatura como asambleísta departamental de La Paz. ChequeaBolivia verificó que se trata de un contenido verdadero. ChequeaBolivia se contactó con el área de Comunicación de Cornejo quien confirmó que se trata de una carta verídica. Por su parte, en contacto con este medio, la concejal indicó que de momento no emitirá declaraciones sobre el tema y que la siguiente semana atenderá a la prensa. En la misiva, Cornejo aclara que no tuvo problemas de carácter personal con los militantes del partido y que, al contrario, llegó a “buenos acuerdos”. La renuncia de la concejal con fecha del 17 de febrero de 2021, se hace pública luego de que se denunciara que apoya en la campaña electoral al candidato de Somos Pueblo, Iván Arias. Fuente: Comunicación de la Concejal Andrea Cornejo Concejal Andrea Cornejo Revisión hemerográfica Tendencia Política Indeterminada Fecha Publicación Web Sun, 02/21/2021 - 16:03 Log in to post comments",Verdadero,Baja
1645,chequeabolivia.bo,https://chequeabolivia.bo/index%2ephp/el-mas-resuelve-revisar-hojas-de-vida-de-funcionarios-para-evitar-infiltrados-de-la-oposicion,"El MAS resuelve revisar hojas de vida de funcionarios para evitar infiltrados de la oposición. El vicepresidente del MAS confirmó la información. En las redes sociales circula la fotografía de las presuntas determinaciones de un ampliado del Movimiento al Socialismo (MAS), en las que se instruye la revisión de las hojas de vida de los funcionarios públicos, para evitar que existan infiltrados de la oposición que dañen la imagen del actual gobierno. ChequeaBolivia constató que se trata de información verdadera. ChequeaBolivia contactó al vicepresidente del MAS, Gerardo García, quien confirmó la veracidad del documento. García explicó que se trata de una determinación tomada en un ampliado del MAS enfocada en dar oportunidad a la militancia que nunca tuvo un cargo en la función pública, y que la repartición encargada de esta labor de verificación es el Viceministerio de Coordinación con los Movimientos Sociales y las dirigencias departamentales del MAS. Ante la consulta de ChequeaBolivia sobre quienes son las personas que según el MAS no deberían ser funcionarios públicos, García declaró: “Aquellos que realmente nos han hecho la vida imposible, aquellos que han participado trancando las calles, aquellos que han participado maltratando a nuestros compañeros, discriminando, quemando la bandera, la Whipala, los símbolos patrios, aquella gente que ha hecho daño, han quemado casas, órganos electorales, todos aquellos que han participado en esos actos”. FUENTES: Vicepresidente del MAS, Gerardo García. Tags MAS Tendencia Política Indeterminada Log in to post comments",Verdadero,Baja
1646,chequeabolivia.bo,https://chequeabolivia.bo/nils-quinteros-y-chunoman-participaron-en-acto-de-campana-del-mas,"Nils Quinteros y “Chuñoman” participaron en acto de campaña del MAS. Hay fotografías oficiales y videos en medios de comunicación que registraron la asistencia de ambos. En las redes sociales circula una fotografía en la que se observa a la senadora del Movimiento al Socialismo (MAS) Adriana Salvatierra y, detrás de ella, sentados al cantante y modelo Nils Quinteros y al comediante Younn, conocido popularmente como ‘Chuñoman’, afirmando que ambos habrían participado de un acto de campaña del MAS. ChequeaBolivia comprobó que se trata de información verdadera. ChequeaBolivia a través de una revisión en las redes sociales constató que, en la página de Facebook oficial del candidato a senador por el MAS Andrónico Rodríguez fueron publicadas fotografías en las que ambas personas posan junto a candidatos y dirigentes de dicho partido. Además, Quinteros aparece en un video del periódico digital Erbol , que registró el acto proselitista. FUENTES: Cuenta de Facebook de Andrónico Rodríguez Periódico digital Erbol Tags Elecciones 2020 Tendencia Política No simpatizantes del MAS Log in to post comments",Verdadero,Baja
1647,chequeabolivia.bo,https://chequeabolivia.bo/huarachi-estuvo-en-el-cierre-de-campana-del-mas,"Huarachi estuvo en el cierre de campaña del MAS. Una nota televisiva muestra a Huarachi en el cierre de campaña del MAS. En las redes sociales circula una fotografía del secretario ejecutivo de la Central Obrera Boliviana (COB), Juan Carlos Huarachi, rodeado de exautoridades del gobierno de Evo Morales, con una descripción acusándolo de haber asistido al cierre de campaña del Movimiento al Socialismo (MAS) en El Alto, en octubre de 2019. ChequeaBolivia constató que se trata de información verdadera. ChequeaBolivia, a través de una revisión hemerográfica, evidenció que, en una nota televisiva de Meganoticias (Chile), se puede ver a Huarachi rodeado de miembros del gobierno de Morales y militantes del MAS en el cierre de campaña que realizó dicho partido en la ciudad de El Alto, el 16 de octubre de 2019, en miras de las elecciones generales que se celebrarían ese año. FUENTES: Revisión hemerográfica Meganoticias – Chile Tags Elecciones 2020 Tendencia Política No simpatizantes del MAS Log in to post comments",Verdadero,Baja
1648,chequeabolivia.bo,https://chequeabolivia.bo/esther-morales-acudia-al-programa-del-compadre-palenque-cuando-evo-era-dirigente,"Esther Morales acudía al programa del compadre Palenque cuando Evo era dirigente. Esther Morales acudió al programa Tribuna Libre que era conducido por Carlos Palenque para denunciar la desaparición de su hermano, Evo Morales, cuando era dirigente. En Facebook circula un video en el que se observa a la recientemente fallecida hermana de Evo Morales, Esther Morales, en Tribuna Libre, un programa que conducía Carlos Palenque Avilés, más conocido como El Compadre, jefe del partido Conciencia de Patria (Condepa). En el texto que acompaña la imagen se afirma que Esther Morales no ocupó cargos públicos e intentaron quemar su casa durante los conflictos de octubre de 2019. ChequeaBolivia verificó que la información es verdadera. ChequeaBolivia realizó una búsqueda de videos y constató que parte del programa del Compadre Palenque en el que Esther Morales aparece haciendo una denuncia por la desaparición de Evo Morales durante su época de dirigente en un video producido como homenaje a la fecha de nacimiento del jefe de Condepa. En tanto, en revisiones hemerográficas también se constató que Esther Morales no ocupó cargos públicos durante el Gobierno de Morales, aunque sí participó en actividades públicas de apoyo a emigrantes bolivianos en España, por los derechos de la mujer en Reino Unido y a favor de la demanda marítima en Chile. El 9 de noviembre de 2019, un grupo de manifestantes atacó  la casa de Ester Morales Ayma en Oruro y quemó parte del inmueble. El caso fue denunciado por medios de comunicación y también el exmandatario lo hizo a través de su cuenta de Twitter. Fuente: Video en conmemoración al nacimiento de Carlos Palenque Avilés Revisión Hemerográfica Herramientas digitales de búsqueda Tags Evo Morales Tendencia Política Simpatizantes del MAS Log in to post comments",Verdadero,Baja
1649,chequeabolivia.bo,https://chequeabolivia.bo/un-cabildo-nacional-digital-amenaza-al-organo-electoral-con-pedir-la-destitucion-de-sus-autoridades,"Un “cabildo nacional digital” amenaza al Órgano Electoral con pedir la destitución de sus autoridades si no invita a sus líderes. Uno de los organizadores corroboró la información que se comparte en las redes sociales. En las redes sociales circula una imagen que recopila las conclusiones a las que llegó el autodenominado Cabildo Nacional Digital, organizado el pasado 16 de agosto por ciudadanos de todo el país. ChequeaBolivia constató que se trata de información verdadera. ChequeaBolivia contactó al excandidato a la presidencia por el Movimiento Nacionalista Revolucionario (MNR) y uno de los organizadores, Virginio Lema, quien afirmó que la imagen recopilatoria con las determinaciones del cabildo es verdadera. “Todos nos hemos autoconvocado, yo me he autoconvocado, igual que otros miles de bolivianos. Se ha compartido en más de 50.000 páginas, hemos tenido más de 200.000 mensajes solamente en las 6 páginas que hemos transmitido, y de ahí otros miles de mensajes seguramente”, aseveró Lema. En la lista de conclusiones que conformó el cabildo, se destacan además las que exigen a la Fiscalía General del Estado y al Órgano Electoral Plurinacional cumplir sus peticiones en los plazos solicitados, amenazando con tomar acciones legales contra las autoridades de dichas instituciones y desconocerlas. Además de convocar al denominado ‘Verdadero Pacto Social’ para conciliar las diferencias entre bolivianos, y exigir a las autoridades que se elijan en las próximas elecciones acatar las decisiones adoptadas. FUENTES: Virginio Lema Página de Facebook: Virginio Lema Trigo Tags Elecciones 2020 Tendencia Política Indeterminada Log in to post comments",Verdadero,Baja
1650,chequeabolivia.bo,https://chequeabolivia.bo/sanchez-berzain-marincovic-debe-pedir-la-presidente-la-restitucion-de-la-republica,"Sánchez Berzaín: Marincovic debe pedir a la presidente la restitución de la República. El exministro dio a conocer su opinión durante el programa de PAT. En las redes sociales circula una publicación en la que se informa que Carlos Sánchez Berzaín, polémico ex ministro de Estado, cree que Branko Marincovic, recientemente nombrado ministro de Planificación del Desarrollo, debe pedir a la presidenta, Jeanine Áñez, restituir la Constitución Política de la República de 1967 con reforma en 1994. ChequeaBolivia constató que se trata de información verdadera. ChequeaBolivia realizó una revisión de la entrevista completa que Jimena Antelo, del programa “No Mentirás”, hizo a Sánchez Berzaín el 5 de agosto, en la que se evidenció que el entrevistado dice lo que repoduce la publicación viral. Las palabras exactas de Sáchez Berzaín fueron: “Yo espero que Branko, con su experiencia en el exilio, le pida a la presidenta que mañana, por ser el día de la patria, le regale a Bolivia el reconocimiento de la vigencia de la Constitución Política de 1967 reformada en 1994”. FUENTE: Programa “No Mentirás” Tendencia Política Indeterminada Log in to post comments",Verdadero,Baja
1651,chequeabolivia.bo,https://chequeabolivia.bo/elon-musk-felicito-bolivia-por-expulsar-evo-morales,"Elon Musk felicitó a Bolivia por expulsar a Evo Morales. El tuit fue publicado por Musk. En las redes sociales circula la captura de una felicitación del multimillonario sudafricano, nacionalizado canadiense y estadounidense Elon Musk, a un tuit que afirma que el pueblo boliviano expulsó al expresidente Evo Morales. ChequeaBolivia constató que se trata de información verdadera. ChequeaBolivia a través de una revisión en la cuenta de Twitter de Musk evidenció que el usuario ‘I like Teslas’ publicó un tuit en respuesta al empresario el pasado 25 de julio, que traducido al español refiere: “Soy de Bolivia, por favor visite y no. La gente se puso de pie y paralizó el país durante 21 días. Sacamos a Evo Morales, el dictador. Cometió fraude (dos veces) y estuvo en el poder durante 14 años cuando solo es legal hacerlo durante 5”. Musk al respecto respondió “¡Lo sé! ¡Felicitaciones a la gente de Bolivia!”. Anteriormente ChequeaBolivia ya verificó otro tuit de Musk que se hizo viral, en el que respondió a un usuario de Twitter que acusaba a Estados Unidos de haber organizado un golpe de estado en Bolivia para hacerse con las reservas de litio en el país. I know! Congratulations to the people of Bolivia ??!! — Elon Musk (@elonmusk) July 26, 2020 FUENTES: Revisión hemerográfica Cuenta de Twitter de Elon Musk Tags Elon Musk Tendencia Política Simpatizantes del MAS Log in to post comments",Verdadero,Baja
1652,chequeabolivia.bo,https://chequeabolivia.bo/index%2Ephp/excandidato-de-fpv-que-critica-al-mas-hizo-campana-por-el-si-en-2016,"Excandidato de FPV que critica al MAS hizo campaña por el SÍ en 2016. El video que circula fue publicado el 3 de febrero del 2016 por la red Unitel. En Facebook circula un video informando que el excandidato de Frente Para la Victoria (FPV) y exfiscal departamental de Santa Cruz, Jaime Soliz, hizo campaña a favor del SÍ en el Referéndum Constitucional de Bolivia del 2016. Actualmente Soliz critica  al Movimiento Al Socialismo (MAS) mediante sus redes sociales. Chequea Bolivia anuncia que se trata de información verdadera. Mediante el uso de herramientas digitales, ChequeaBolivia verificó que el video fue publicado el 3 de febrero del 2016 por la red Unitel. El él Soliz pide votar a favor de la reelección del expresidente Morales. “Yo creo que el SÍ es tan contundente porque no existe proyecto político que pueda anteponerse a este proyecto que dirige el presidente Evo Morales (…) Ya se vio que, en 10 años de gestión, ha trasformado el país y hemos crecido un 50 por ciento”, declara en el video. Asimismo, ChequeaBolivia, a través de una revisión hemerográfica, constató que Soliz fue candidato presidencial por FPV el 2 marzo 2020 y viajó a Buenos Aires para gestionar una orden de aprehensión contra Morales. Después de una semana renunció a su candidatura porque consideró que “no se puede seguir dispersando el voto"". Actualmente, el exfiscal mantiene una página en Facebook “Jaime Soliz Phiel”.  Ayer, 21 de julio, publicó un video con el siguiente texto: “Hay que acabar con el MAS. Hemos sido muy indulgentes. No puede seguir secuestrado el país de 11 millones de bolivianos por una secta política irresponsable que busca caos y muerte”. En una entrevista con El Deber, Soliz declaró, en marzo, que “no acepto que nadie me vincule con el MAS”. Chequea Bolivia se contactó con él, sin embargo, hasta el momento de esta publicación, no se pronunció al respecto. Fuentes: Canal de Youtube de la red Unitel Página de Facebook Jaime Soliz Phiel Revisión Hemerográfica Tags MAS Tendencia Política Indeterminada Log in to post comments",Verdadero,Baja
1653,chequeabolivia.bo,https://chequeabolivia.bo/camara-de-diputados-suspende-actividades-por-covid-19-hasta-el-31-de-julio,"Cámara de Diputados suspende actividades por Covid-19 hasta el 31 de julio. La medida fue tomada para precautelar “la salud y el bienestar de los servidores públicos de la Cámara de Diputados y de sus familias"". En Facebook y WhatsApp circula una fotografía de un comunicado informando que la Cámara de Diputados suspendió las actividades hasta el viernes 31 de julio por la pandemia del Covid-19. ChequeaBolivia anuncia que el documento es verdadero. A través de una revisión hemerográfica, ChequeaBolivia verificó que el documento que circula fue emitido el miércoles 15 de julio bajo responsabilidad de la Oficialía Mayor, la Dirección de Recursos Humanos y la Unidad de Administración de la Cámara Baja, que informan de la suspensión de actividades hasta el viernes 31 de Julio para precautelar “la salud y el bienestar de los servidores públicos de la Cámara de Diputados y de sus familias”. La responsable de prensa de la Cámara de Diputados, Sofía Peralta, agregó que se adoptó esa decisión por el fallecimiento de dos diputados a causa del coronavirus y porque hay ocho legisladores que estarían contagiados. El comunicado no se encuentra en las plataformas virtuales oficiales de la Asamblea Legislativa Plurinacional. Sin embargo, el presidente de la Cámara de Diputados, Sergio Choque, indicó que las sesiones virtuales continuarán desarrollándose con normalidad, pese a la “cuarentena interna” en la institución, e informó que ocho personas de la parte administrativa están infectadas con la enfermedad. ? #VIDEO La Cámara de Diputados sesionará virtualmente esta semana para tratar Proyectos de Ley que requiere el pueblo. #LegislandoConAltura #YoMeQuedoEnCasa pic.twitter.com/sPVqPyyrYk — Diputados Bolivia (@Diputados_Bol) July 20, 2020 Fuentes: Revisión Hemerográfica Plataformas digitales de Asamblea Legislativa Plurinacional. Tags Cámara de Diputados Tendencia Política No simpatizantes del MAS Log in to post comments",Verdadero,Baja
1654,chequeabolivia.bo,https://chequeabolivia.bo/sedes-de-la-paz-publica-una-lista-de-medicamentos-para-tratar-pacientes-con-sintomas-leves-de,"Sedes de La Paz publica una lista de medicamentos para tratar pacientes con síntomas leves de coronavirus. El director del Sedes de La Paz explicó que el protocolo debe ser “siempre vigilado por un médico"" A través de WhatsApp y Facebook circula una imagen con una lista de medicamentos para pacientes con síntomas leves de COVID-19 con la marca del periódico Página Siete y citando al Servicio Departamental de Salud (Sedes) de La Paz. ChequeaBolivia verificó que el contenido es verdadero. A través de una revisión a las plataformas virtuales de este diario, se pudo verificar que esta lista no se encuentra en la página de Facebook de Página Siete, pero sí en su página web correspondiente al 08 de julio, en la nota informativa titulada: “Conozca la lista de medicamentos para pacientes con síntomas leves de Covid-19”. El Sedes también publicó la misma lista en su página de Facebook. El director del Sedes de La Paz, Ramiro Narváez, explicó ayer en una entrevista que el protocolo debe ser “siempre vigilado por un médico, tenemos que evitar la automedicación y el uso indiscriminado de medicamentos (…) cada jueves vamos a revisar (la lista), el comité científico se va a reunir este jueves y lo va a mejorar o ampliar”. Narváez informó que se habilitaron los números 168/ 2-2156261 / 2-2156263 / 2-2155754. Fuentes: Página Web y de Facebook de Página Siete Revisión Hemerográfica Tags Covid-19 Tendencia Política Indeterminada Log in to post comments",Verdadero,Baja
1655,chequeabolivia.bo,https://chequeabolivia.bo/ano-nuevo-andino-comparan-tuits-de-la-presidente-del-estado-jeanine-anez,"Año Nuevo Andino: comparan tuits de la presidente del Estado Jeanine Áñez. Los dos tuits fueron difundidos en diferentes años por la presidente del Estado, Jeanine Áñez. En redes sociales se comparte la captura de dos tuits difundidos en diferentes años por la presidente del Estado, Jeanine Áñez, contradictorios entre sí. El primero, publicado el 20 de junio de 2013 y el segundo el pasado 20 de junio, respecto a la celebración del Año Nuevo Andino Amazónico Chaqueño. ChequeaBolivia constató que se trata de información verdadera. ChequeaBolivia, tras una búsqueda con la herramienta digital Wayback Machine, que permite archivar datos de páginas webs, verificó que: 1.- El primer tuit, con el texto: “Que año nuevo aymara ni lucero del alba!! satànicos, a Dios nadie lo reemplaza!!” (sic), fue publicado el 20 de junio de 2013, cuando Jeanine Áñez ocupaba el cargo de vicepresidenta de la Cámara de Senadores. 2.- El segundo tuit , con el texto: “En este nuevo año, que llega con el solsticio de Invierno y que es parte sagrada de la tradición cultural amazónica, convocó a todos los bolivianos a trabajar unidos por la salud y la economía de los hogares en todo el país”, fue publicado el 21 de junio de 2020, en su calidad de Presidenta del Estado Plurinacional de Bolivia. FUENTE: Cuenta oficial de Twitter de Jeanine Áñez Revisión de Herramientas digitales Tags Jeanine Áñez Tendencia Política No simpatizantes del MAS Log in to post comments",Verdadero,Baja
1656,chequeabolivia.bo,https://chequeabolivia.bo/director-de-migracion-uso-una-foto-antigua-para-acusar-mas-sobre-los-bloqueos-en-carretera-al-beni,"Director de Migración usó una foto antigua para acusar a MAS sobre los bloqueos en carretera al Beni. En Twitter, el director general de Migración, Marcel Rivas, compartió una fotografía pasada para denunciar que militantes del Movimiento al Socialismo (MAS) bloquean impidiendo el ingreso del equipamiento de salud al Beni. ChequeaBolivia constató que la denuncia del uso de una fotografía antigua es verdadera. ChequeaBolivia revisó la cuenta de Twitter del aludido y encontró la publicación viral. Asimismo, a través de una revisión hemerográfica, se verificó que la imagen compartida por Rivas corresponde a una cobertura que realizó el diario El Deber el 17 de noviembre de 2018 cuando también hubo bloqueos en la carretera a Trinidad. FUENTE: Cuenta de Twitter de Marcel Rivas El Deber Tendencia Política Indeterminada Log in to post comments",Verdadero,Baja
1657,chequeabolivia.bo,https://chequeabolivia.bo/luis-fernando-camacho-se-traslada-san-jose-de-chiquitos-y-rompe-la-cuarentena,"Luis Fernando Camacho se traslada a San José de Chiquitos y rompe la cuarentena. La publicación de Facebook contiene fotos de Camacho. En redes sociales se comparte una publicación en la que se asegura que Luis Fernando Camacho, candidato presidencial de Creemos, habría roto la cuarentena, trasladándose hasta San José de Chiquitos. ChequeaBolivia verificó que se trata de información verdadera. A través de una revisión hemerográfica, ChequeaBolivia constató que el candidato Luis Fernando Camacho sí estuvo presente en la localidad de San José de Chiquitos el pasado domingo. Camacho, que fue entrevistado por la periodista Jimena Antelo en el programa No Mentirás, aceptó haber visitado la localidad, pero negó que fueran por motivos electorales. “Nosotros venimos realizando ayuda desde el primer día. El hambre no tiene un solo día de espera, la necesidad no tiene un solo día de espera. Yo entré a San José con todo en orden, con una hoja de ruta, entregada por el alcalde de San Ignacio (…). Yo solo ingresé hasta la casa del alcalde y me volví a retirar”, declaró en el programa de Red PAT, añadiendo que los pobladores habrían recibido una explicación ese mismo día. Fuente: Revisión hemerográfica Luis Fernando Camacho, candidato presidencial de Creemos Tags Luis Fernando Camacho Creemos Tendencia Política Creemos Log in to post comments",Verdadero,Baja
1658,chequeabolivia.bo,https://chequeabolivia.bo/desde-personas-muertas-y-cualquier-numero-de-cedula-estan-habilitados-para-el-cobro-en-el-sistema,"Desde personas muertas y cualquier número de cédula están habilitados para el cobro en el sistema de verificación del Bono Universal. ChequeaBolivia ingresó números aleatorios e incluso datos de una persona fallecida A través de Facebook, circula información sobre el sistema de beneficiarios del Bono Universal. La publicación afirma: “ Pongan cualquier número y cualquier fecha de nacimiento y les va a decir que están habilitados… hasta los muertos están habilitados para cobrar el bono universal”. ChequeaBolvia anuncia que la información es verdadera. ChequeaBolivia verificó que ingresando números aleatorios de carnet de identidad y fechas de nacimientos, el sistema continúa indicando: “El propietario de la Cédula de Identidad proporcionada está habilitado para cobrar a partir de la semana que le corresponda”. Además, ChequeaBolivia probó que si se introduce los datos de una persona fallecida el sistema responde: “Usted está habilitado al cobro del Bono Universal”. Una consulta realizada por ChequeaBolivia con datos de una persona fallecida. Contactados por este medio, desde la Gestora Pública de la Seguridad Social de Largo Plazo indicaron: “El sistema de consultas es un aplicativo que le permite al ciudadano (consciente y que proporciona sus datos reales) verificar si está o no incluido en alguno de los factores de exclusión del Bono Universal (…) con la misma certeza con la que se verifica en el momento del cobro. La única diferencia es que en el aplicativo de consulta, podría aceptar datos de un CI ""inventado"" y en ese caso el resultado de la consulta tampoco sería real”. Aclaran que: “Con datos reales, la validación es efectiva. Esto no ocurre con el sistema de pago que inicialmente verifica la existencia de la cédula y la veracidad de los datos introducidos. Se está trabajando para subsanar esta diferencia en el sistema de consulta la que se produce por razones de resguardo y seguridad de la base de datos de cédulas de identidad”. Varios usuarios denunciaron que ingresan al sistema y figuran como habilitados, pero cuando quieren efectuar el cobro no se puede hacer efectivo. Ante esta situación, se recomienda a la población realizar una consulta directa llamando al número gratuito 800 10 1610 habilitado para este tipo de circunstancias. La semana pasada se reportaron fallas en la página web de la Gestora, este tuvo problemas a causa de la gran cantidad de gente que quiere saber si está habilitada para recibir el Bono Universal. A través de su página de Facebook se pueden leer diferentes reclamos. FUENTES Página Web Gestora Pública de la Seguridad Social de Largo Plazo Página de Facebook Gestora Pública de la Seguridad Social de Largo Plazo Solicitud de información al área de Comunicación de Gestora Pública de la Seguridad Social de Largo Plazo Tags Gobierno de transición Tendencia Política Verdadero Log in to post comments",Verdadero,Baja
1659,chequeabolivia.bo,https://chequeabolivia.bo/arce-catacora-pide-anez-dejar-persecucion-politica-y-conseguir-mas-pruebas-de-coronavirus,"Arce Catacora pide a Añez dejar persecución política y conseguir más pruebas de coronavirus. Luis Arce publicó al respecto en su página oficial de Facebook. En las redes sociales se difunde una declaración del candidato a la Presidencia por el Movimiento al Socialismo (MAS), Luis Arce Catacora, solicitando a la presidenta de Bolivia, Jeanine Añez, parar la persecución política y conseguir más pruebas para la detección del coronavirus. ChequeaBolivia constató que se trata de información verdadera. ChequeaBolivia, a través de una búsqueda en las cuentas oficiales de Arce Catacora, encontró que la publicación se realizó el 20 de abril en su página de Facebook , en la que señala que “el gobierno intensifica su campaña de acusaciones y persecución política para desviar la atención de sus errores en la lucha contra el coronavirus. En Bolivia urgen más pruebas para conocer la magnitud real del contagio y equipos de bioseguridad para el personal de salud”. Fuentes: Página oficial de Luis Arce Catacora en Facebook Tags Luis Arce Catacora Tendencia Política Simpatizantes del MAS Log in to post comments",Verdadero,Baja
1660,chequeabolivia.bo,https://chequeabolivia.bo/se-desplomo-la-sede-social-de-la-comunidad-de-santa-barbara-en-el-municipio-de-coripata,"Se desplomó la sede social de la comunidad de Santa Bárbara en el municipio de Coripata. El acontecimiento sucedió en el departamento de La Paz. En las redes sociales circula un video con el sello de FM Bolivia, en el que se observa el desplome de la sede social de la comunidad de Santa Bárbara en Coripata, La Paz. ChequeaBolivia constató que se trata de información verdadera. ChequeaBolivia consultó con el director de FM Bolivia, Galo Hubner Mamani, quien confirmó la veracidad de la noticia. En una nota del mismo medio, relacionada con el primer video, se puede ver la entrevista realizada al secretario general de la comunidad de Santa Bárbara, Paulino Cordero, en la que éste explica que la primera etapa de construcción del edificio fue llevada a cabo en la gestión de Froilán Mamani, y que fue proseguida por el alcalde por el MAS, Wilfredo Ortiz “Para mí, pareciera que es una mala construcción, porque imagínese que el primer piso de abajo, de la planta baja, están sanos los machones, como usted verá, pero de encima ha colapsado esto”, agregó Cordero. FUENTE: Director de FM Bolivia, Galo Hubner Mamani. Revisión del portal web de FM Bolivia. Tendencia Política Indeterminada Log in to post comments",Verdadero,Baja
1661,chequeabolivia.bo,https://chequeabolivia.bo/cocaleros-emiten-pronunciamiento-por-amenaza-contra-evo-morales,"Cocaleros emiten pronunciamiento por amenaza contra Evo Morales. El documento es original y fue publicado el pasado 5 de abril. En redes sociales circula un pronunciamiento de los dirigentes de la Coordinadora de las 6 Federaciones del Trópico de Cochabamba en el que se declaran en alerta máxima tras una reciente amenaza en contra del expresidente de Bolivia, Evo Morales, por parte del secretario privado de la presidenta del Estado, Jeanine Áñez. ChequeaBolivia verificó que el documento es verdadero. En una revisión hemerográfica que realizó ChequeaBolivia constató que evidentemente el pronunciamiento público es verdadero y fue redactado el 5 de abril de 2020. La información fue emitida por medios del trópico de Cochabamba. Contactado por ChequeaBolivia, el dirigente cocalero del trópico, Leonardo Loza, indicó que el documento fue elaborado  y firmado respetando la distancia de más de un metro y todos los protocolos sanitarios. FUENTE: Revisión hemerográfica Tags Evo Morales Log in to post comments",Verdadero,Baja
1662,chequeabolivia.bo,https://chequeabolivia.bo/percy-pide-licencia-y-angelica-sosa-asume-como-alcaldesa-de-santa-cruz-de-la-sierra,"Percy pide licencia y Angélica Sosa asume como alcaldesa de Santa Cruz de la Sierra. La carta fue aprobada por el Concejo Municipal de Santa Cruz de la Sierra. En redes sociales empezó a circular la carta de licencia que hizo llegar el alcalde de Santa Cruz de la Sierra, Percy Fernández, y posteriormente fotografías de la presidenta del Concejo Municipal, Angélica Sosa, jurando como alcaldesa interina. ChequeaBolivia informa que es verdadero. Los medios cruceños confirmaron la veracidad de la carta en la que Fernández solicita licencia hasta que termine la emergencia sanitaria (15 de abril), dada su imposibilidad de asistir a las mesas de trabajo interinstitucional. Posteriormente, la presidenta del Concejo Municipal de Santa Cruz de la Sierra asumió como alcaldesa interina. Fuente: Revisión hemerográfica Cuenta de Facebook de Angélica Sosa Tags Coronavirus en Bolivia Log in to post comments",Verdadero,Baja
1663,chequeabolivia.bo,https://chequeabolivia.bo/alcalde-de-trinidad-dona-su-sueldo-para-la-compra-de-viveres,"Alcalde de Trinidad dona su sueldo para la compra de víveres. La información que cirucla en las redes sociales es cierta. En las redes sociales circula una imagen en la que se afirma que el Alcalde de Trinidad, Mario Suarez, donó su sueldo para la compra de víveres para familias en cuarentena. ChequeaBolivia constató que se trata de información verdadera. En una revisión de medios de comunicación nacionales, ChequeaBolivia confirmó que Suarez entregó un cheque por 17.911 bolivianos e hizo un llamado a otras autoridades para que se sumen a la iniciativa. FUENTE: Medios de comunicación nacionales Tags Cuarentena Log in to post comments",Verdadero,Baja
1664,chequeabolivia.bo,https://chequeabolivia.bo/policias-arrestan-personas-durante-campana-de-creemos-en-quillacollo,"Policías arrestan personas durante campaña de Creemos en Quillacollo. El comandante regional de Quillacollo, Walter Alvis, informó que dos personas fueron arrestadas por alteración e incidentes el pasado 11 de febrero. En las redes sociales se comparten diferentes videos en los que se observa como la Policía arresta a personas que protestan en la plaza Bolivar de Quillacollo, en rechazo a un grupo de afines a la alianza Creemos que realizaba campaña en el lugar. ChequeaBolivia verificó que la información es real. En una comparación de videos que realizó ChequeaBolivia sobre los incidentes que ocurrieron en la plaza Bolivar, se confirmó la veracidad de las imágenes que circulan en redes sociales. Una captura del video que circula en redes sociales donde se observa a una persona que estuvo presente durante todo el incidente. Una captura de un video al que accedió ChequeaBolivia, minutos antes de la intervención de la Policía. En la imagen se observa a la misma persona. Por otra parte, aunque en el video se observa que son varias personas las que fueron conducidas a los ambientes del comando regional de Quillacollo, el comandante de esta división, Walter Alvis, informó que sólo dos personas fueron arrestadas por alteración e incidentes el pasado 11 de febrero. Una periodista que cubrió la parte inicial del incidente, relató que las personas afines a la alianza Creemos se dispusieron a realizar un recorrido en Quillacollo, pese a la ausencia de Luis Fernando Camacho, candidato a presidente y Marco Antonio Pumari, candidato a vicepresidente. Agregó que cuando llegaron a la plaza Bolivar, otro grupo de personas los abucheo y les pidió que se retiren. Posteriormente la Policía intervino. FUENTE: Comparación de videos que circulan en redes sociales e imágenes a las que accedió ChequeaBolivia El comandante regional de Quillacollo Walter Alvis Periodista que cubrió el conflicto Tags Elecciones 2020 Log in to post comments",Verdadero,Baja
1665,chequeabolivia.bo,https://chequeabolivia.bo/modelo-paceno-apoya-la-candidatura-de-binomio-del-mas,"Modelo paceño apoya la candidatura de binomio del  MAS. En una revisión de las imágenes que realizó ChequeaBolivia, se constató que evidentemente Neilss Quinteros participó del evento. En las redes sociales circulan imágenes sobre la participación del modelo paceño Neilss Quinteros en el acto de proclamación del binomio del Movimiento Al Socialismo (MAS), en El Alto. ChequeaBolivia verificó que es verdad. En una revisión de las imágenes que realizó ChequeaBolivia, se constató que evidentemente Neilss Quinteros participó del evento, el pasado 8 de febrero de 2020. En tanto, Quinteros publicó una aclaración en su cuenta de Facebook. “Es innegable las cosas buenas que se hicieron en la gestión del MAS como también sabemos de todo lo malo que pasó y en que se convirtió, pero estamos para cambiar eso y subsanar errores, de encontrar esa verdadera unidad y pacificación del país para construir la Bolivia que todos y todas queremos”, señala el texto. FUENTE: Revisión de fotografías Cuenta de Facebook de Neilss Quinteros Tags Elecciones 2020 Log in to post comments",Verdadero,Baja
1666,chequeabolivia.bo,https://chequeabolivia.bo/hermano-de-evo-morales-agrede-verbalmente-periodistas-y-policias,"Hermano de Evo Morales agrede verbalmente a periodistas y policías. En una revisión, ChequeaBolivia verificó que la noticia evidentemente la publicó Página 7 y otros medios  en marzo de 2015. En Facebook se volvió a compartir un video en el que figura el hermano del presidente Evo Morales, Hugo Morales en aparente estado de ebriedad. ChequeaBolivia corroboró que la información es verdadera pero está fuera de contexto. En una revisión a la página web de Página 7, se comprobó que existe dicha información, pero fue publicada el 31 de marzo de 2015. El hecho ocurrió cuando la policía cubría un operativo de tránsito en la ciudad de Oruro, en la que encontró en posible estado de ebriedad a Hugo Morales. En la nota la periodista  Irene Torres de la Red PAT y  su colega Edwin Choque de Red UNO denunciaron que sufrieron amenazas y agresiones verbales de parte de Hugo Morales. El video vuelve a compartirse en Facebook como si fuera un hecho que ocurrió recientemente. FUENTE: Reportes periodísticos Tags Evo Morales Log in to post comments",Verdadero,Baja
1667,chequeabolivia.bo,https://chequeabolivia.bo/dirigentes-de-comunidad-ciudadana-golpean-una-mujer-de-su-partido,"Dirigentes de Comunidad Ciudadana golpean a una mujer de su partido. El candidato a la presidencia por la alianza Comunidad Ciudadana, Carlos Mesa, informó a través de su cuenta de Twitter que se condena cualquier acto de violencia en contra de la mujer. En Twitter y Facebook se comenzó a viralizar las imágenes sobre una denuncia de la militante de Comunidad Ciudadana (CC) Roxana Illanes en contra de Santiago Quenta, primer jefe en el Frente Revolucionario de Izquierda (FRI) y Jhon Huayta, segundo responsable de la Circunscripción 8 en La Paz por violencia física, dejándola con tres días de impedimento. ChequeaBolivia verificó que la información es real. Entrevistado por ChequeaBolivia, el jefe de campaña de Comunidad Ciudadana, Ricardo Paz, sostuvo que la información es real y que se tomaron medidas drásticas. Añadió que la militante recibe el apoyo de la alianza. Condenamos sin dubitación, toda acción de violencia contra la mujer, por eso tomamos la decisión de expulsar definitivamente de Comunidad Ciudadana, a Santiago Quenta y John Huayta, involucrados en este tipo de hechos inadmisibles. — Carlos D. Mesa Gisbert (@carlosdmesag) July 12, 2019 El candidato a la presidencia por la alianza Comunidad Ciudadana, Carlos Mesa, informó a través de su cuenta de Twitter que se condena cualquier acto de violencia en contra de la mujer por lo que se definió la expulsión de Santiago Quenta y Jhon Huayta de Comunidad Ciudadana. Según un reporte de Los Tiempos, en Bolivia, la Fiscalía General del Estado reportó desde enero hasta la fecha 73 casos de feminicidio; sin embargo, la Fuerza Especial de Lucha Contra la Violencia (Felcv) registró un total de 59 casos. FUENTE: Cuenta oficial de Twitter de Carlos Mesa Reporte de medios de comunicación Jefe de campaña de Comunidad Ciudadana, Ricardo Paz Tags Carlos Mesa Comunidad Ciudadana Log in to post comments",Verdadero,Baja
1668,chequeabolivia.bo,https://chequeabolivia.bo/usan-voz-de-camacho-y-una-multitud-hecha-con-ia-para-simular-una-cabildo-exigiendo-la-renuncia-de,"Usan voz de Camacho y una multitud hecha con IA para simular una cabildo exigiendo la renuncia de Paz. La voz que se escucha es de un discurso de Camacho en 2019, la imagen del cabildo se generó con IA. La COB sí pidió la renuncia del Gobierno el 1ro de mayo, pero sin estos elementos. Por Álvaro Montoya En TikTok circula una publicación en la que se ve a una muchedumbre levantando banderas de Bolivia y pancartas con la frase “Que renuncie Rodrígo Paz”, mientras que escuchan el discurso del ejecutivo de la Central Obrera Bolivia (COB), Mario Argollo, en el que este le da 48 horas ‘al tirano’ para que renuncie a su puesto. ChequeaBolivia constató que se trata de información engañosa. ChequeaBolivia puso en Google la frase que se le atribuye a Argollo: “Decirle al tirano que tiene 48 horas para renunciar porque el día lunes a las siete de la noche vamos a tomar determinaciones y vamos a garantizar que el se vaya”, y comprobó que en realidad fue dicha por el exgobernador Luis Fernando Camacho el 2 de noviembre de 2019, durante las protestas post electorales de ese año. La frase quedó registrada en notas de prensa de medios como Opinión y en videos que aún son conservados en Facebook, en los que se oye a Camacho lanzar aquella amenaza al entonces presidente Evo Morales Ayma. ChequeaBolivia también notó que el video en el que se ve a cientas de personas levantando la bandera boliviana y pancartas tiene un pie de foto que “AI-Generated”, además que el propio autor del video etiquetó el video como generado por Inteligencia Artificial. Después de una observación detallada ChequeaBolivia, encontró errores propios de esta tecnología en el video, como una bandera que al moverse atraviesa una de las pancartas dos veces. No obstante, el video del cuadro superior derecho, más pequeño en comparación con el video de la muchedumbre, es real, fue grabado el 1ro de mayo de este año cuando el ejecutivo de la COB, Mario Argollo pronunció un discurso anunciando el inicio de un paro indefinido hasta que se escuchen sus peticiones, además de la renuncia de las autoridades del ejecutivo. Para finalizar, en el video engañoso se insertó un logo de DTV Noticias, ChequeaBolivia buscó en la página de Facebook del medio si había publicado el video y no encontró registros. Lo que sí publicó DTV fue el discurso original de Argollo el 1ro de mayo, en el que no se lo oye decir que da 48 horas para la renuncia ‘del tirano’. Fuentes: Opinión , dónde se recogió el discurso de Luis Fernando Camacho Erbol, dónde se registró el verdadero discurso de Argollo DTV , con la verdadera cobertura del discurso de la COB, no el que se atribuye. Tags COB Tendencia Política Indeterminada Fecha Publicación Web Thu, 05/07/2026 - 16:39",Engañoso,Media
1669,chequeabolivia.bo,https://chequeabolivia.bo/enganoso-luis-arce-dijo-que-el-gas-se-agoto-pero-no-anuncio-el-cobro-de-impuestos-como-en-cuba,"Engañoso: Luis Arce dijo que el gas se agotó, pero no anunció el cobro de impuestos como en Cuba. La declaración del presidente Luis Arce sobre la falta de gas fue manipulada Por Pablo Arancibia En Facebook circula una imagen donde el presidente del Estado, Luis Arce, supuestamente dijo que “se agotó el gas, no hay dólares, ahora vamos a tener ingresos de los impuestos como en Cuba”. ChequeaBolivia verificó que esta información es engañosa. Se hizo una búsqueda de la declaración de Arce en Google y en X , y no se encontró información similar a la que circula. También se revisaron las redes sociales de Arce ( 1 , 2 ) y tampoco se encontraron rastros de dicha declaración. Al revisar  la página oficial de Facebook del presidente de Bolivia, Luis Arce, se encontró un video de un congreso ordinario de la Federación Departamental Única de Mujeres Campesinas Indígenas Originarias de La Paz. En dicho evento, el presidente sostuvo: “El gas se ha agotado, estamos recién volviendo a hacer más exploraciones, para ver si hay más gas. Hermanas y hermanos no tenemos esos recursos, y cuando nos queremos prestar, la Asamblea Legislativa, la derecha y el Ala Evista nos niegan la aprobación de créditos”. Pero, en esa intervención, Arce no mencionó en ningún momento a Cuba. Esta publicación circula tras distintas declaraciones de figuras públicas ante la rebaja de la calificación crediticia de Bolivia por Moody's de ‘Caa1’ a ‘Caa3 . Según la calificadora los desafíos de gobernanza, riesgo político interno y presiones de liquidez externa debido a la disminución de las reservas de divisas, podría llevar a una crisis de balanza de pagos. Fuentes: Redes sociales oficiales de Luis Arce ( 1 , 2 ) Búsqueda con palabras clave en Google y en X Video del Congreso Ordinario de la Federación Departamental Única de Mujeres Campesinas Indígenas Originarias de La Paz Moody's Tags Luis Arce Catacora Economía Tendencia Política Indeterminada Fecha Publicación Web Tue, 04/30/2024 - 16:17 Log in to post comments",Engañoso,Media
1670,chequeabolivia.bo,https://chequeabolivia.bo/diputada-del-mas-dice-las-bartolinas-mujeres-de-pollera-son-gente-muy-sucia,"Diputada del MAS dice “Las bartolinas mujeres de pollera son gente muy sucia”. La imagen surge a raíz de un audio filtrado. En redes sociales circula una imagen en la que figura Betty Yañíquez, diputada de la bancada del Movimiento Al Socialismo (MAS), con la frase “Las bartolinas mujeres de pollera son gente muy sucia”. La imagen surge a raíz de un audio que registra una presunta conversación entre Yañíquez y Segundina Flores, secretaria ejecutiva nacional de las Bartolinas. ChequeaBolivia advierte que la información es engañosa. A través de una revisión hemerográfica, ChequeaBolivia constató que en dicho audio no existe la frase citada; sin embargo, Yañíquez sí acusa a las Bartolinas de La Paz de haberse “dado la vuelta” y ser “gente muy sucia”. “Todas esas bartolinas se han dado la vuelta de La Paz. Sí, tal vez hubiera sido mejor hermana. Pero realmente bien decepcionante y seguramente cuando vayan donde ustedes, van a ir “hermana, hermana, hermana”, y son gente muy sucia hermana, muy sucia, con el mismo discurso de la Shirley Franco por su otro lado, con el mismo discurso han venido”, dice la voz atribuida a la diputada por el MAS. Fuente: Revisión hemerográfica Tags Movimiento Al Socialismo Tendencia Política No simpatizantes del MAS Log in to post comments",Engañoso,Media
1671,chequeabolivia.bo,https://chequeabolivia.bo/militantes-del-mas-contrataron-venezolanos-para-cometer-actos-violentos,"Militantes del MAS contrataron a venezolanos para cometer actos violentos. Los disturbios en Sucre ocurridos durante el fin de semana fueron causados por el choque de dos vehículos. En redes sociales estuvo circulando un video en el que se observa disturbios en las calles de Sucre. El título del audiovisual es que militantes del MAS contrataron a venezolanos para cometer actos violentos en campañas electorales de otras organizaciones políticas. ChequeaBolivia constató que la información es engañosa. Después de una revisión de medios, ChequeaBolivia confirmó que el acontecimiento sucedió el pasado domingo 6 en la ciudad de Sucre durante una caravana organizada por PAN BOL. En una entrevista para la Agencia de Noticias Violeta (ANV), dos militantes de esa alianza presentes en el lugar explicaron que se produjo un choque entre una camioneta de la caravana y un auto particular. La mujer del vehículo privado intentó filmar a la otra que intentó agredirla después del choque. Ahí se generó la tensión y los gritos en la calle. Por ello, se trata de una publicación engañosa debido al uso de un video de hechos reales con una descripción que los descontextualiza para intentar denunciar que militantes del MAS habrían contratado a venezolanos para cometer actos violentos. FUENTE: - Revisión de medios nacionales Tags Movimiento Al Socialismo Log in to post comments",Engañoso,Media
1672,chequeabolivia.bo,https://chequeabolivia.bo/index%2ephp/enganoso-unitel-no-informo-que-santos-quispe-tiene-99-de-desaprobacion-como-gobernador,"Engañoso: Unitel no informó que Santos Quispe tiene 99% de desaprobación como gobernador. En febrero, la Red Unitel informó que la gestión del gobernador de La Paz, Santos Quispe, alcanzó un 69% de desaprobación. Por Claudia Rodriguez En Facebook ( 1 y 2 ) circula la publicación de los resultados de una encuesta de desaprobación con el logotipo de Unitel, que muestra al candidato a la gobernación de La Paz por Unión por el Cambio (UPC) , Santos Quispe Quispe, que registra un 99 por ciento de desaprobación en la ciudad de La Paz. ChequeaBolivia verificó, que se trata de información engañosa. ChequeaBolivia rastreo la publicación original que publicó Unitel, el contenido corresponde a una encuesta realizada por Ipsos CIESMORI para Unitel, donde registra un 69 por ciento de desaprobación, frente a un 23 por ciento que respalda y lo aprueba, mientras que un 8 por ciento respondió que “no sabe”. Esta información se dio a conocer el 19 de febrero. Para finalizar, se realizó una búsqueda hemerográfica en Google, la cual permitió corroborar que diversos medios de comunicación nacionales replicaron oportunamente los datos oficiales de Unitel, donde se confirma la cifra real, lo que desvirtúa la publicación que circula en las redes sociales. Fuentes: Contenido de la información falsa Búsquedas hemerográficas en Google ( 1 y 2 ) Plubicación original de Unitel Esta verificación se hizo en el marco de la segunda generación de la Escuela para Fortalecer la Integridad de la Información de ChequeaBolivia. Tags Santos Quispe Gobernación de La Paz Elecciones Subnacionales 2026 Tendencia Política Imagen Fecha Publicación Web Tue, 03/03/2026 - 11:53",Engañoso,Media
1673,chequeabolivia.bo,https://chequeabolivia.bo/index%2ephp/la-imagen-que-atribuye-fernando-del-rincon-una-declaracion-contra-la-personeria-del-mas-es-enganosa,"La imagen que atribuye a Fernando Del Rincón una declaración contra la personería del MAS es engañosa. Una declaración parecida del periodista fue realizada en 2020, en un contexto político distinto al actual. Por Linda Barrancos En Facebook y X circula una imagen ( 1 , 2 , 3 , 4 ) que muestra al periodista de CNN Fernando Del Rincón, quien habría afirmado que “el MAS (Movimiento Al Socialismo) no debería tener personería jurídica”. ChequeaBolivia advierte que se trata de una información engañosa. Las imágenes que se comparten atribuyen las siguientes declaraciones a Del Rincón: “El MAS no debería tener personería jurídica, no sé porqué participa en las elecciones, es un partido que ha cometido fraude y muchos delitos de lesa humanidad"". ChequeaBolivia encontró que Del Rincón dijo una frase parecida,  pero no es actual ni corresponde al contexto político de 2026. Las declaraciones fueron realizadas en septiembre de 2020 cuando cuestionó la participación del MAS en unas nuevas elecciones presidenciales con estas declaraciones: “Un partido, una agrupación política que participó de lo que la OEA (Organización de los Estados Americano) señala como un fraude, no debería de tener personería jurídica, no debería de existir en una boleta”. Este registro está disponible a partir del minuto 9 de este video . En esa ocasión, Del Rincón se refirió al contexto político que vivía Bolivia tras las Elecciones Generales de 2019, proceso en el que un informe de la OEA concluyó irregularidades graves. No existe ningún registro de que Fernando Del Rincón haya reiterado esas declaraciones en 2026, confirme a una búsqueda en Google . Además, para las Elecciones Subnacionales 2026 el MAS no está participando ni presentó candidato alguno en ningún departamento. Por lo tanto, carece de sentido que circule la versión de que Del Rincón haya cuestionado su participación en las elecciones de este año. Fuentes: Revisión de la entrevista exclusiva del programa Uno Decide2020 de la Red Uno. Informe final de la OEA sobre la auditoría de las elecciones en Bolivia. Revisión de las plataformas digitales de la Red Uno ( 1 , 2, 3 ). Tags Fernando del Rincón MAS Elecciones Subnacionales 2026 Tendencia Política Imagen Fecha Publicación Web Wed, 02/25/2026 - 12:07",Engañoso,Media
1674,chequeabolivia.bo,https://chequeabolivia.bo/es-enganoso-que-candidata-concejal-de-santa-cruz-haya-dicho-que-los-crucenos-son-racistas-y,"Es engañoso que candidata a concejal de Santa Cruz haya dicho que los “cruceños” son “racistas y discriminadores”. Este video fue manipulado con inteligencia artificial y tergiversa un comentario de la candidata Reina Condarco. Por Lucas Illanes En TikTok y Facebook circula un video ( 1 y 2 ) que afirma que la candidata a concejal en Santa Cruz por la agrupación VOS, Reina Condarco, dijo que los “cruceños” son “racistas y discriminadores”. ChequeaBolivia verificó que es engañoso. El video aparenta ser del periodista de Detrás de la Verdad (DTV), Junior Arias, quien aseguró a ChequeaBolivia que esas no fueron sus declaraciones, ya que se trata de un audio creado con inteligencia artificial. Se analizó el audio del video con la herramienta Hiya Deepfake Voice Detector, y los resultados indican que la voz es probablemente una deepfake, es decir, generada por inteligencia artificial, con la puntuación más alta de probabilidad. Resultados de las muestras analizadas con Hiya. Tampoco hay registros de que Condarco haya dicho textualmente que los habitantes de Santa Cruz sean “racistas y discriminadores”. El video tergiversa una opinión de la candidata sobre otro video de la cuenta “Pollos Guvi”, quien al final de su material indica haber recibido maltrato verbal en Santa Cruz con las siguientes palabras: “¡ándate, colla!”. Ante esto, la cuenta de Facebook de Condarco compartió este video con el siguiente comentario : “Yo también he sido víctima de discriminación en Santa Cruz y les puedo asegurar que hay mucha discriminación en esta ciudad. Por eso quiero llegar al Concejo Municipal con el compañero Mamen, y ese es mi compromiso con todos mis hermanos: eliminar el racismo de esta ciudad. ¡Fuerza Guvi!” Condarco es candidata a concejala junto a la agrupación del candidato Carlos “Mamen” Saavedra VOS para la Alcaldía de Santa Cruz. La desinformación circula a poco más de tres meses de las Elecciones Subnacionales 2026. Las verificaciones sobre estas elecciones están disponibles aquí . Fuentes: Periodista en Detrás de la Verdad (DTV), Junior Arias Hiya Deepfake Voice Detector Cuenta de Facebook de Reina Condarco Tags Elecciones Subnacionales 2026 Tendencia Política Indeterminada Fecha Publicación Web Fri, 01/16/2026 - 16:18 Log in to post comments",Engañoso,Media
1675,chequeabolivia.bo,https://chequeabolivia.bo/evo-morales-comparte-informacion-enganosa-sobre-venta-de-gas-cada-15-dias,"Evo Morales comparte información engañosa sobre venta de gas cada 15 días. No hay una restricción nacional en la compra de garrafas; un control interno rige en Pando. Por Lucas Illanes El expresidente, Evo Morales, indicó que la Agencia Nacional de Hidrocarburos (ANH) empezó a vender garrafas de Gas Licuado de Petróleo (GLP) solo cada 15 días y previa presentación de cedula de identidad. ChequeaBolivia verificó es información engañosa. Se trata de información engañosa, porque es una publicación sobre una medida aplicada en Pando, departamento que limita con Brasil. Varias publicaciones de Facebook y TikTok ( 1 , 2 y 3 ) también difundieron que la ANH controlará la compra de una garrafa por persona cada 15 días. Se trata de información sobre Pando, pues la imagen se compartió originalmente en Televisión Universitaria (TVU) Pando el 31 de diciembre 2025. Publicación de TVU Pando. Otros dos videos de TVU Pando revelan que la medida de control de compras de garrafas se está implementando en el lugar ( 4 y 5 ). En su publicación, Evo Morales señaló , sin aclarar que no se trata de una disposición a nivel nacional, que esta medida afecta a personas que se dedican a cocinar para vender en mercados y calles, a quienes una garrafa puede durarles solo un día. Sobre el tema, el director distrital de la Agencia Nacional de Hidrocarburos (ANH) en Pando, Marco Sánchez, explicó que el control es porque ""todo se iba al contrabando"". Además, indicó que las personas que necesiten más garrafas pueden comprarlas con justificación. Por su parte, la ANH a nivel nacional emitió hoy un comunicado asegurando que no existen cupos ni restricciones para la compra de garrafas y que su precio se mantiene a 22.50 bolivianos. Comunicado de la ANH. Estas publicaciones circulan en medio de varios reportes de medios de comunicación sobre filas para comprar garrafas de GLP en diferentes regiones del país ( 6 , 7 , 8 , 9 y 10 ). Hasta el momento, el Gobierno no limitó la compra de garrafas por personas a nivel nacional. La ANH también mencionó que actualmente existe una sobredemanda a causa de las “noticias falsas de desabastecimiento”, bloqueos y desvío de gente “inescrupulosa”. Fuentes: Publicación de Evo Morales en X Imagen original de TVU Pando Videos de TVU Pando ( 4 y 5 ) Declaraciones del director distrital de la Agencia Nacional de Hidrocarburos (ANH) en Pando, Marco Sánchez Reportes de medios de comunicación sobre filas para comprar garrafas ( 6 , 7 , 8 , 9 y 10 ) Comunicado de la ANH Tags Evo Morales ANH Gas Tendencia Política Indeterminada Fecha Publicación Web Tue, 01/06/2026 - 18:31 Log in to post comments",Engañoso,Media
1676,chequeabolivia.bo,https://chequeabolivia.bo/es-enganoso-que-bukele-dijo-que-ayudara-bolivia-replicar-el-modelo-carcelario-de-el-salvador,"Es engañoso que Bukele dijo que ayudará a Bolivia a replicar el modelo carcelario de El Salvador. Bukele no confirmó ayuda para crear cárceles “anti-mafia” en Bolivia, pero el presidente Rodrigo Paz dijo que le pidió ayuda con las cárceles del país. Por Yirleyn Gabriel Motaño En Facebook circula una imagen donde se asegura que el presidente de El Salvador, Nayib Bukele, ayudará a Bolivia a replicar el modelo carcelario “anti-mafia”. ChequeaBolivia verificó que el contenido es engañoso. ChequeaBolivia realizó una búsqueda de palabras en Google “Bukele ayudará Bolivia a replicar el sistema penitenciario de El Salvador” y no se encontraron resultados que confirmen que Bukele haya anunciado o aceptado ayudar a Bolivia a implementar su modelo penitenciario. Sin embargo, al revisar las últimas declaraciones sobre la interacción entre Bukele y el presidente de Bolivia, Rodrigo Paz, se evidenció que Paz aseguró el 28 de octubre, en una entrevista con Bolivisión , que tuvo una llamada telefónica con el mandatario salvadoreño y que le pidió “ayuda con las cárceles y que vamos a tener que hacer muchas acá”. Por parte del gobierno salvadoreño, el vicepresidente Félix Ulloa declaró en una entrevista realizada en el programa “Que No Me Pierda” del canal Red Uno, el 7 de noviembre, que:  El Salvador ha compartido su modelo con otros países y que “nosotros de manera fraterna y solidaria, estamos dispuestos para compartir” y que “ si ese fuera el caso de Bolivia… lo podemos hacer con todo gusto con el gobierno de Bolivia ”. En la entrevista con diario El Deber , Ulloa también señaló respecto al tema que “es cada gobierno el que decide cómo, de qué manera nosotros podemos dar algún tipo de asistencia técnica” . Aun así, ninguna de las autoridades salvadoreñas confirmó que exista un acuerdo, ni que Bukele haya aceptado replicar el sistema penitenciario salvadoreño en Bolivia. Fuentes: Búsqueda de palabras en Google “Bukele ayudará Bolivia a replicar el sistema penitenciario de El Salvador” Red social Tik Tok de Bolivisìón ( entrevista 28 de octubre ) Entrevista al Vicepresidente de El Salvador, Félix Ulloa  realizada por el programa “Que No Me Pierda” del canal Red Uno el 7 de noviembre. Entrevista al Vicepresidente de El Salvador, Félix Ulloa realizada por el diario El Deber el 7 de noviembre. Tags Nayib Bukele Rodrigo Paz Tendencia Política Indeterminada Fecha Publicación Web Thu, 11/20/2025 - 13:43",Engañoso,Media
1677,chequeabolivia.bo,https://chequeabolivia.bo/senadora-salvatierra-propone-eliminar-facebook-de-bolivia,"Senadora Salvatierra propone eliminar Facebook de Bolivia. En mayo de este año la presidenta de la Cámara de Senadores, Adriana Salvatierra afirmó que regular las redes sociales no es ""prioridad"" de la Asamblea Legislativa ni del Gobierno. En Facebook se compartió una imagen en la que se asegura que la presidenta de la Cámara de Senadores, Adriana Salvatierra, propuso eliminar el Facebook de Bolivia. Se añade: “La Ley de Imprenta y las redes sociales, en la mira del MAS”. ChequeaBolivia advierte que la información es engañosa. En una revisión de reportes de medios de comunicación, se constató que en septiembre de 2018 , Salvatierra y el diputado Gonzalo Aguilar, ambos del Movimiento Al Socialismo (MAS), plantearon que la propuesta del presidente Evo Morales de elaborar una ley contra la mentira para regular a medios de comunicación y políticos, también abarque al ámbito de las redes sociales. “La mentira está en las redes sociales, que son masivas en esta época que tenemos gracias al Whatsapp, Facebook, y ahora se escudan en el anonimato para incurrir en la mentira ciertas personas, no son todas, ciertos políticos”, manifestó Salvatierra en ese entonces. Sin embargo, no propuso eliminar el Facebook. En tanto, en mayo de este año y tras asumir la presidencia en la Cámara de Senadores, Salvatierra afirmó que regular las redes sociales no es ""prioridad"" de la Asamblea Legislativa ni del Gobierno, ya que la población tiene derecho a expresarse a través de diferentes medios. FUENTE: Revisión hemerográfica Tags Adriana Salvatierra Log in to post comments",Engañoso,Media
1678,chequeabolivia.bo,https://chequeabolivia.bo/reciben-evo-morales-con-insultos-en-la-fiesta-de-urkupina,"Reciben a Evo Morales con insultos en la fiesta de Urkupiña. Este año, la fiesta de la virgen de Urkupiña en Cochabamba se caracterizó por la ausencia de autoridades nacionales. En Facebook se compartió un video en el que se observa al presidente Evo Morales en una visita a la festividad de Urkupiña. En el encabezado se indica que se trata de una noticia de último momento y que el primer mandatario salió corriendo al oír insultos y abucheos. ChequeaBolivia advierte que el contenido es engañoso. Este año, la fiesta de la virgen de Urkupiña en Cochabamba se caracterizó por la ausencia de autoridades nacionales, incluido el presidente Morales que no llegó a Cochabamba para participar de la festividad ni el día que se celebró la misa central, ni para la jornada del calvario. En la festividad sí participaron algunos políticos como Samuel Doria Medina y candidatos para las elecciones nacionales como Óscar Ortiz, Shirley Franco y Carlos Mesa. El video que se comparte en Facebook corresponde a la visita del presidente Morales en 2017, justo en el momento en el que llegó a Quillacollo para participar de la misa central de la festividad de la Virgen de Urkupiña. FUENTE: Reportes de medios de comunicación Revisión de videos Tags Evo Morales Log in to post comments",Engañoso,Media
1679,chequeabolivia.bo,https://chequeabolivia.bo/insultan-evo-morales-en-una-concentracion-de-yacuiba,"Insultan a Evo Morales en una concentración de Yacuiba. En un recuento de las actividades que realizó el presidente Evo Morales el pasado sábado 10 de agosto en Yacuiba, se constató que no estuvo presente en ningún estadio ni en actos oficiales durante la noche. En WhatsApp se compartió un video en el que se oyen cánticos en rechazo al presidente Evo Morales presuntamente durante uno de los actos en los que estaba presente el primer mandatario en Yacuiba, el pasado 10 de agosto de 2019. ChequeaBolivia verificó que la noticia es engañosa. En un recuento de las actividades que realizó el presidente Morales el pasado sábado 10 de agosto en Yacuiba, se constató que no estuvo presente en ningún estadio ni en actos oficiales durante la noche. Sin embargo, este mismo video circuló en las redes sociales desde el pasado 7 de agosto y las imágenes corresponden al clásico cruceño Blooming versus oriente Petrolero en la quinta jornada del torneo clausura en el estadio Ramón Tahuichi Aguilera. FUENTE: Revisión de videos Reportes de medios de Comunicación Tags Evo Morales Log in to post comments",Engañoso,Media
1680,chequeabolivia.bo,https://chequeabolivia.bo/index%2ephp/unitel-no-publico-una-foto-filtrada-de-rodrigo-paz-con-marcelo-claure-en-eeuu,"Unitel no publicó una foto filtrada de Rodrigo Paz con Marcelo Claure en EEUU. El medio desmintió el contenido y la imagen que circula en las redes sociales es del 23 de mayo. Natalia Cuadros En Facebook circula una imagen con la línea gráfica de Unitel. El titular de esta publicación señala que se filtró una fotografía de Rodrigo Paz, candidato a la Presidencia por el Partido Demócrata Cristiano (PDC), con el empresario boliviano Marcelo Claure en Estados Unidos (EEUU). ChequeaBolivia verificó que se trata de contenido engañoso. Se realizó una búsqueda rápida en Google con palabras clave como: “Rodrigo Paz con Marcelo Claure en EEUU”. Entre los resultados no existe ninguna noticia similar que haya sido publicada por Unitel. También se consultó con  el editor web del medio Unitel, Christopher André, quien confirmó que se trata de información que no fue publicada por el medio. En una búsqueda en las cuentas oficiales del medio y su página web ( 1 , 2 , 3 ) no se encontró dicho contenido. En una búsqueda a la inversa, se verificó que la fotografía fue tomada durante el evento llamado Bolivia 360 , organizado por Marcelo Claure, en el que se trata una diversidad de temas políticos y económicos. Este evento se llevó a cabo en Harvard. La imagen fue publicada el 23 de mayo, en la cuenta oficial del economista Gonzalo Chávez, que también participó de esta actividad. Por tanto, no se trata de una fotografía actual ni del viaje que realizó Rodrigo Paz a EEUU, en septiembre pasado. Fuentes: Cuentas oficiales y página web de Unitel: ( 1 , 2 , 3 ) Búsqueda rápida en Google: ( 1 ) Christopher André, editor web de Unitel Brújula Digital ( 1 ) Tags Rodrigo Paz Marcelo Claure Unitel Elecciones Generales 2025 Tendencia Política Indeterminada Fecha Publicación Web Wed, 10/08/2025 - 11:54",Engañoso,Media
1681,chequeabolivia.bo,https://chequeabolivia.bo/index%2ephp/desempleo-con-mesa-llego-al-11-y-al-4-con-evo-morales,"Desempleo con Mesa llegó al 11% y al 4% con Evo Morales. Según informes del Instituto Nacional de Estadística, los datos de la publicación en Facebook son engañosos. La anterior captura de pantalla, compartida a través de la red social Facebook durante el 20 de mayo, es engañosa. Según el informe del Instituto Nacional de Estadística (INE), los porcentajes establecidos en la publicación son incorrectos. A razón de una “tweet” realizado por el candidato presidencial, Carlos Mesa, se estuvo compartiendo la imagen en redes sociales que establece que el desempleo durante el gobierno de Carlos Mesa fue del 11% y el 4% en el tiempo de gestión de Evo Morales. Sin embargo, según los datos presentados en el informe del INE, durante el mandato de Mesa (2003-2005) el desempleo pasó de 9,1% a 8,4% y no llegó a ser la más alta de la región. Asimismo, el porcentaje establecido en el informe para el periodo de Evo Morales (2006 - 2018) es de 4,48%. En conclusión, tras la investigación del origen y veracidad de la información, ChequeaBolivia está en condiciones de afirmar que es engañosa. FUENTE: - Instituto Nacional de Estadística Tags Evo Morales Carlos Mesa Desempleo Log in to post comments",Engañoso,Media
1682,chequeabolivia.bo,https://chequeabolivia.bo/clan-morales-alvarado-cardenas,"Clan Morales, Alvarado, Cárdenas. El pasado domingo, el diario Página Siete publicó una noticia en la que se establece como verdadero el hecho de que Francisca Álvarez suscribió cuatro contratos con la petrolera YPFB por al menos 200 mil bolivianos. El 15 de mayo se estuve viralizando la anterior imagen a través de las redes sociales. En ella se establece que existe un “clan” compuesto por Evo Morales, Evaliz Morales, Félix Cárdenas y Francisca Alvarado. Dicha publicación contiene un párrafo del periódico Página Siete en el que se revela que la radio Jacinto Rodríguez, de Francisca Alvarado Pinto, madre de Evaliz Morales, suscribió al menos cuatro contratos con la estatal petrolera Yacimientos Petrolíferos Fiscales Bolivianos (YPFB). ChequeaBolivia procedió a investigar el origen y la veracidad de la publicación y está en condiciones de afirmar que contiene información ambigua. El pasado domingo, el diario Página Siete publicó una noticia en la que se establece como verdadero el hecho de que Francisca Álvarez suscribió cuatro contratos con la petrolera YPFB por al menos 200 mil bolivianos. En marzo de 2018, mediante un correo electrónico YPFB mandó la invitación directa a la empresa unipersonal ""Radio Jacinto Rodríguez"" de propiedad de Francisca Alvarado, quien tiene una hija con el presidente Evo Morales y es pareja del exviceministro de Descolonización, Félix Cárdenas, situación que podría ser considerada como tráfico de influencias. Sin embargo, no se menciona la existencia de ningún “clan” o agrupación. (*Existen varias publicaciones en redes sociales relacionados con el tema) FUENTE: Revisión hemerográfica Log in to post comments",Engañoso,Media
1683,chequeabolivia.bo,https://chequeabolivia.bo/index%2ephp/el-vehiculo-registrado-nombre-de-evo-morales-no-paga-impuestos,"El vehículo registrado a nombre de Evo Morales no paga impuestos. Los impuestos correspondientes a dicho vehículo a nombre del presidente Evo Morales, aún pueden ser pagados hasta el 30 de junio del presente año. El 12 de mayo se reprodujo la siguiente publicación a través de redes sociales. En ella se observan imágenes de documentos del Registro Nacional de Vehículos y el Registro Único para la Administración Tributaria Municipal correspondientes a un vehículo registrando a nombre del presidente Evo Morales. La segunda imagen muestra la deuda de impuestos de dicho vehículo. ChequeaBolivia procedió a investigar el origen y veracidad de dicha información y está en condiciones de afirmar que es verdadera, sin embargo, está incompleta. Los impuestos correspondientes a dicho vehículo aún pueden ser pagados hasta el 30 de junio del presente año, al igual que para el resto de la población boliviana. Además, los informes del RUAT muestran que los impuestos del vehículo fueron pagados hasta el 2017. FUENTE: Registro Único para la Administración Tributaria Municipal Tags Evo Morales Log in to post comments",Engañoso,Media
1684,chequeabolivia.bo,https://chequeabolivia.bo/index%2ephp/enganoso-andronico-no-dijo-que-si-llega-ser-presidente-aprehendera-evo-morales,"Engañoso: Andrónico no dijo que si llega a ser presidente, aprehenderá a Evo Morales. Andrónico Rodríguez no afirma ni niega que aprehendería a Morales, sino que hará respetar la ley sin ejercer presión política. Por Lucas Illanes En TikTok y X ( 1 , 2 , 3 y 4 ) circulan videos en los que se asegura que el candidato presidencial por Alianza Popular, Andrónico Rodríguez, anunció que “se aprehenderá a Evo (Morales) si llega a ser presidente”. ChequeaBolivia advierte que es contenido engañoso. Los videos muestran un fragmento de una entrevista de Rodríguez en el programa Así Decidimos 2025 de la Red Unitel del domingo 6 de julio. Durante el programa, la periodista Gabriela Oviedo preguntó a Rodríguez qué haría sobre la orden de aprehensión del expresidente Evo Morales. Rodríguez no afirmó ni negó textualmente que aprehendería a Morales como se escucha a partir del minuto 6:31 de este video . A continuación, la transcripción completa sobre este tema: Gabriela Oviedo: Hay una orden de aprehensión emitida contra Evo Morales por trata de personas. Si usted llega a ser presidente, Andrónico, ¿qué hará con eso? Andrónico Rodríguez: Yo no voy a ejercer presión política contra nadie, pero haremos cumplir la ley. Gabriela Oviedo: ¿Eso implica hacer efectiva esta orden de aprensión? Andrónico Rodríguez: Haremos cumplir la ley porque ese es el mandato del gobernante, no es juez ni fiscal para emitir ninguna versión y respuesta afirmativa. Pero sí está en manos del presidente fiel cumplimiento, cumplir y hacer cumplir la norma. Andrónico Rodríguez: ¿Haría ejecutar esa orden de aprensión con la Policía? Gabriela Oviedo: Bueno, me remito a que no vamos a ejercer ninguna presión política contra nadie, pero vamos a hacer cumplir la ley. Sin duda es lo que el pueblo requiere y necesita. ChequeaBolivia encontró otra entrevista del 8 de julio en el programa No Mentirás con la periodista Jimena Antelo, quien pidió aclarar a Rodríguez si ejecutaría ahora mismo la orden de aprehensión en contra de Morales. “Claramente se ha ejercido presión política, lamentablemente esto es consecuencia de la vieja práctica del sistema tradicional de los políticos del pasado (…) donde corresponde la justicia actuará”, respondió Rodríguez. El contenido surge en medio de dudas sobre la relación entre la Alianza Popular y el expresidente Evo Morales, quien cuenta con una orden de captura por un caso de presunta trata de una menor que fue restituida el 2 de mayo después de que una jueza lo anulara. Sobre el tema, la candidata a la vicepresidencia de esta misma alianza, Mariana Prado, consideró que , sobre que “no vamos a hacer nada contra Evo (Morales)” . Fuentes: Entrevista de Andrónico Rodríguez en el programa Así Decidimos 2025 Entrevista de Andrónico Rodríguez en el programa No Mentirás DW El Deber Tags Andrónico Rodríguez Evo Morales Unitel Tendencia Política Indeterminada Fecha Publicación Web Thu, 07/10/2025 - 12:07 Log in to post comments",Engañoso,Media
1685,chequeabolivia.bo,https://chequeabolivia.bo/index%2ephp/manipulan-video-de-virginio-lema-para-favorecer-tuto-quiroga,"Manipulan video de Virginio Lema para favorecer a Tuto Quiroga. Se modificó el fondo original del video para simular apoyo político, aunque Lema promueve respaldar al más votado en su iniciativa “Primarias de El Bunker”. Por Lucas Illanes En TikTok se difunde un video en el que se muestra al periodista, Virginio Lema, indicando que el Movimiento Al Socialismo (MAS) le teme al precandidato, Jorge “Tuto” Quiroga. ChequeaBolivia verificó que el contenido es engañoso. El video muestra una imagen de fondo que proclama como ganadores en las “encuestas ciudadanas de El Bunker” a Quiroga junto a Juan Pablo Velasco, precandidato a la presidencia.  Mientras se oye a Lema mencionar lo siguiente: “A esto le teme la mafia del MAS, le teme al pueblo, le temen a la fuerza de la gente”. ChequeaBolivia consultó con Lema, quien respondió que el video no es suyo, “es armado”. Tras la revisión de la cuenta oficial de TikTok del periodista, se constató que un contenido publicado el 25 de abril fue manipulado porque el original no presenta un fondo que promociona a Tuto, sino que difunde que su iniciativa denominada “Primaria Digital” acumuló 183.723 votos en las primeras 12 horas. Las “votaciones primarias” o también conocidas como “encuestas ciudadanas de El Bunker” es una iniciativa de Lema que tiene el objetivo de definir a un solo candidato de la oposición que se enfrentará al MAS en las Elecciones Generales previstas para agosto de este año. Estas “votaciones” se realizan de forma virtual en una plataforma. ChequeaBolivia explicó anteriormente que este proceso no puede considerarse como una elección primaria y que su sistema registra falencias, por lo que sus resultados no son confiables. El 26 de mayo Lema presentó los resultados de un tercer proceso indicando que hará otras “votaciones” y anima a apoyar al político más favorecido, quien por el momento es Tuto Quiroga. Fuentes: Periodista, Virginio Lema Contenido original publicado en la cuenta de TikTok de Virginio Lema Tags Jorge 'Tuto' Quiroga Virginio Lema Elecciones Generales 2025 Tendencia Política Indeterminada Fecha Publicación Web Sun, 06/01/2025 - 22:26 Log in to post comments",Engañoso,Media
1686,chequeabolivia.bo,https://chequeabolivia.bo/index%2ephp/junior-arias-no-informo-que-morales-sera-habilitado-sino-sobre-el-amparo-que-pan-bol-presento-en-la,"Junior Arias no informó que Morales será habilitado, sino sobre el amparo que PAN-Bol presentó en La Paz. En la nota televisiva Arias habla del amparo constitucional interpuesto por PAN-Bol y el TSE informó que Evo no se registró como candidato. Por Álvaro Montoya En TikTok circula un video del periodista Junior Arias Paravicini, informando sobre un Amparo Constitucional que presentó PAN-Bol para habilitar al expresidente Evo Morales como candidato a las elecciones generales 2025, acompañado de un texto que dice: “Noticia de último momento. Evo Morales será habilitado”.   ChequeaBoliva advierte que se trata de información engañosa. ChequeaBolivia realizó una búsqueda en Google con las palabras “PAN-Bol presenta Amparo Constitucional en La Paz”, mismo texto que aparece en el generador de caracteres mientras Paravicini habla en la nota que circula en TikTok, y encontró el contenido original. El video que se comparte en redes sociales fue originalmente publicado por DTV, medio del que es director Paravicini, y que él mismo reposteó en su página personal de Facebook. En este contenido se informa sobre el amparo constitucional que fue presentado el pasado 20 de mayo por PAN-Bol ante la Sala Constitucional Cuarta del Tribunal Departamental de Justicia de La Paz que busca que el Tribunal Supremo Electoral reciba la inscripción de la candidatura de Morales de manera provisional hasta que se resuelvan los recursos para recuperar su personería jurídica. En ningún momento se asegura que Morales será habilitado. Evo no se registró por tanto no está habilitado En conferencia de prensa del 20 de mayo, fecha en la que feneció el plazo para registrar candidaturas, consultado sobre la postulación de Morales en el minuto 5:44 , el secretario de Cámara del TSE, Fernando Arteaga afirmó: “Evo Pueblo no es un partido con personería jurídica vigente y PAN-Bol tiene su personería jurídica cancelada, por lo tanto no pueden hacer registro de candidatos”. Ayer, la presidenta PAN-Bol, Ruth Nina, informó que el amparo constitucional presentado contra el Tribunal Supremo Electoral (TSE) fue admitido por el Tribunal Departamental de Justicia de La Paz, pero que la medida cautelar temporal que pretendía inscribir al expresidente Evo Morales y otros candidatos en la carrera electoral fue rechazada. Fuentes: Cuenta de Facebook de Junior Arias Parravicini Informe del TSE transmitido por Facebook Revisión hemerográfica Tags Elecciones Generales 2025 Evo Morales Tendencia Política Indeterminada Fecha Publicación Web Thu, 05/22/2025 - 15:49",Engañoso,Media
1687,chequeabolivia.bo,https://chequeabolivia.bo/es-enganoso-que-se-puedan-impulsar-primarias-ciudadanas-con-una-votacion-digital-como-lo-afirmo,"Es engañoso que se puedan impulsar “primarias ciudadanas” con una votación digital como lo afirmó Virginio Lema. Esta iniciativa no puede ser considerada como una verdadera elección primaria, ya que ese proceso está regulado por la Ley 1096 de organizaciones políticas y para las elecciones de 2025 se aprobó una norma que la dejó sin efecto. Por Lucas Illanes El periodista Virginio Lema mediante sus redes sociales y las cuentas de “El Búnker” anunció en reiteradas ocasiones  que unas “primarias electorales ciudadanas” se llevarán a cabo en línea para determinar un único candidato de la oposición. ChequeaBolivia verificó que su discurso es engañoso. A pesar de que en Bolivia una ley estableció que en este año no se llevarán a cabo las elecciones primarias, una página web que promovía “primarias electorales ciudadanas” y promocionada por Lema recopiló datos personales sensibles de miles de personas, no respetó la normativa que debe seguir este proceso, tuvo varias fallas y no fue transparente. ChequeaBolivia hizo seguimiento a este proceso y expone por qué esta iniciativa no puede ser considerada como una verdadera elección primaria. ¿Qué son en realidad las elecciones primarias? Unas votaciones que la ley determinó que no se realizarán este año Las elecciones primarias son aquellas que sirven para hacer elecciones internas en las organizaciones políticas y así definir oficialmente a sus candidatos para la presidencia y vicepresidencia. El 19 de agosto del año pasado se dispuso mediante la Ley 1578 de Régimen Excepcional y Transitorio de Elecciones Primarias que estas elecciones no se llevarán a cabo para 2025. Esto tras que organizaciones políticas acordaron suspender las elecciones primarias en julio del año pasado en una reunión llamada: “Encuentro Multipartidario e Interinstitucional por la Democracia” . De este encuentro participaron líderes de los 11 partidos y las dos alianzas presentes , a excepción del expresidente Evo Morales que se retiró mostrando su desacuerdo. La principal razón fue la de evitar que las primarias se realicen cerca de las fechas de las Elecciones Judiciales. Para que se lleven a cabo las elecciones primarias en Bolivia, deben cumplirse varios requisitos establecidos por ley. Este proceso debe ser organizado por el Tribunal Supremo Electoral (TSE) y financiado con recursos del Estado. La normativa indica que las primarias deben realizarse en los mismos recintos de votación utilizados en las elecciones generales. Además, cada recinto debe contar con al menos un notario electoral. Solo pueden participar militantes registrados en el padrón de su organización política y en el padrón electoral. El voto debe ser individual, voluntario, directo, libre y secreto. 300 mil personas respondieron con datos personales a la iniciativa promovida por Virginio Lema Las “primarias electorales ciudadanas” fueron promovidas principalmente por Lema y mediante las redes sociales de “El Búnker”. En un video el 25 de marzo el periodista anunció que las primarias se iban a hacer realidad en los próximos días. El objetivo: definir a un solo candidato de la oposición que se enfrentará al Movimiento Al Socialismo (MAS) en las Elecciones Generales previstas para agosto de este año. Para acceder a esta “votación”, como menciona Lema, se debía ingresar a una plataforma web que pedía brindar los siguientes datos personales: país, ciudad, número de WhatsApp, documento de identidad, fecha de nacimiento. El portal mostraba las siguientes opciones: Amparo Ballivián, Chi Hyung Chu, Edgar Uriona, Gustavo Blacutt,  Manfred Reyes Villa, Samuel Doria Medina, José Carlos Sanchez, Edmar Lara, Jaime Dunn y Jorge Quiroga. La plataforma intentó evitar que las personas votaran más de una vez enviando un enlace por WhatsApp para que eligieran una opción. Sin embargo, según la propia versión de Lema, se registraron votos “fraudulentos”. De acuerdo con información disponible en el Búnker , se llegó a un total de 307.524 votos válidos. Las falencias de las primarias de El Bunker La plataforma fue vulnerable a ataques de terceras personas. Por ejemplo, las personas podían votar más de una vez, para esto ingresaron más de un número de WhatsApp. Sobre esto, Lema admitió que se registraron “una infinidad de dificultades, en la primera votación, que se van a superar en la segunda”. El periodista anunció que se harán otras versiones en los próximos meses. Además, este proceso virtual no fue transparente. Por ejemplo, la página web, que usualmente está caída, no permite consultar los resultados ni verificar los datos, como normalmente sucede en las elecciones. Tampoco se explica qué mecanismos de seguridad se tomaron para proteger los datos de 307.524 de las personas que votaron “válido”. “Hemos hecho (el sistema) en plataformas gratuitas, Él Búnker no tiene recursos “, reconoció Lema. Finalmente, el periodista invitó a las organizaciones políticas e incluso al Órgano Electoral Plurinacional a auditar los resultados. Como se mencionó anteriormente, la participación de terceros debía ser efectiva durante el proceso, algo que no ocurrió. Fuentes: Redes sociales de Virginio Lema y El Búnker Ley 1578 Ley 1096 Correo del Sur Fuente Directa OEP Tags Virginio Lema El Búnker Tendencia Política Indeterminada Fecha Publicación Web Fri, 04/04/2025 - 20:15 Log in to post comments",Engañoso,Media
1688,chequeabolivia.bo,https://chequeabolivia.bo/index%2ephp/enganoso-el-deber-no-publico-una-cita-de-andronico-negandose-ser-jefe-de-campana-de-evo-morales,"Engañoso: El Deber no publicó una cita de Andrónico negándose a ser jefe de campaña de Evo Morales. El Deber negó que el contenido les pertenezca, pero la nota usa el mismo texto que publicó el periodista José Pomacusi, sin revelar la fuente. Por Álvaro Montoya En TikTok circula una presunta noticia con los sellos de El Deber, afirmando que el presidente de la Cámara de Diputados, Andrónico Rodríguez, le habría dicho al expresidente Evo Morales que no será su jefe de campaña como él solicitó y que le tiene celos desde 2019. ChequeaBolivia advierte que se trata de información engañosa. ChequeaBolivia contactó a la editora web de El Deber, Beatriz Ávalos, quién afirmó que el contenido no es de su medio. Adicionalmente, ChequeaBolivia realizó una revisión en la página web de El Deber con la etiqueta “Andrónico Rodríguez” y en su página de Facebook de forma manual, y no encontró que el medio haya publicado la noticia. No obstante, una búsqueda en Google con el mismo texto lleva al programa Poder, Medios y Miedos de José Pomacusi, dónde en la transmisión del 18 de febrero minuto 18:27 el comunicador afirma, sin mencionar la fuente, que el presidente de la Cámara de Senadores le dijo a Morales durante una reunión: “Evo no voy a ser tu jefe de campaña. Me tienes celos desde 2019, estás celoso Evo”. El 22 de enero Rodríguez le dijo a Evo Morales durante un evento de celebración de sus seguidores por el aniversario del Estado Plurinacional que el expresidente “debe sentirse orgulloso y no celoso de muchos jóvenes, hombres y mujeres, que siguen sus pasos de la dirigencia sindical”. No obstante no hay registro audiovisual ni escrito de la cita textual que Pomacusi le atribuye a Rodríguez. Fuentes: Editora web de El Deber, Beatriz Ávalos Sitio web de El Deber Página de Facebook de El Deber Poder, Medios y Miedos El País - Tarija Tags Andrónico Rodríguez Tendencia Política Indeterminada Fecha Publicación Web Wed, 02/26/2025 - 17:06",Engañoso,Media
1689,chequeabolivia.bo,https://chequeabolivia.bo/index%2ephp/manfred-reyes-villa-difunde-encuesta-no-confiable-para-promover-su-campana-politica,"Manfred Reyes Villa difunde encuesta no confiable para promover su campaña política. El alcalde de Cochabamba difundió una encuesta sin transparencia sobre su financiamiento, metodología y con una muestra reducida Por Lucas Illanes El alcalde de Cochabamba, Manfred Reyes Villa compartió en sus cuentas oficiales de  Facebook, Instagram y X una encuesta atribuida a Ipsos Ciesmori en el que se muestra como favorito ante las elecciones presidenciales previstas para agosto de este año ( 1 , 2 , 3 , 4 ). ChequeaBolivia verificó que se trata de información engañosa. En una de sus publicaciones los resultados de la encuesta contienen el siguiente texto en la descripción: “No cabe ninguna duda, Manfred Reyes Villa y la unidad del pueblo boliviano, lideran todas las encuestas”. Esta encuesta fue revisada por el equipo de ChequeaBolivia anteriormente y se determinó que no es confiable por diversos motivos. Uno de ellos es la falta de transparencia, pues no hay información sobre quién la financió y no existen datos claros sobre cómo fue realizada. Ipsos Ciesmori, la empresa a cargo de su realización, anunció públicamente que un cliente, sin especificar el nombre, difundió estos resultados sin autorización. La encuestadora no brindó información más detallada a ChequeaBolivia. Otro factor clave radica en que esta y otras encuestas se están difundiendo antes de que se defina el calendario electoral, el cual aún no ha sido establecido por el Órgano Electoral Plurinacional (OEP). Dicha entidad es responsable de acreditar a las encuestadoras, asegurando que cumplan con los requisitos mínimos establecidos por norma. Por lo tanto, esta encuesta no cuenta con la validación del OEP. Según el artículo 135  de la Ley No. 026 del Régimen Electoral, está prohibida la elaboración y difusión de estudios de opinión que no tengan un autor plenamente identificado, y que no haya realizado su registro ante el Órgano Electoral Plurinacional (OEP) para la elaboración y difusión de encuestas. Una vez que el OEP lance la convocatoria para las elecciones nacionales, también presentará un calendario electoral. Ese calendario electoral establecerá un plazo para que las empresas de estudios de opinión se presenten ante esta instancia y se acrediten para realizar este trabajo de cara a las elecciones. Por último, esta encuesta tiene una muestra considerada pequeña, pues se consultó a 800 personas de las ciudades de La Paz, El Alto, Cochabamba y Santa Cruz. En las publicaciones de Reyes Villa no se aclara que solo se tomó en cuenta estas cuatro ciudades para difundir estos resultados. ChequeaBolivia se contactó con el equipo de comunicación de Reyes Villa. Hasta el momento de esta publicación no se obtuvo ninguna respuesta. Puede acceder a más información sobre la investigación de esta encuesta mediante este enlace . Fuentes: Redes sociales de Manfred Reyes Villa Comunicado de Ipsos Ciesmori Ley No. 26 del Régimen Electoral Verificado Tags Manfred Reyes Villa Encuestas Elecciones Generales 2025 Tendencia Política Indeterminada Fecha Publicación Web Mon, 01/27/2025 - 17:57",Engañoso,Media
1690,chequeabolivia.bo,https://chequeabolivia.bo/index%2ephp/tuto-quiroga-no-fue-de-izquierda-ni-el-fundador-del-fri-guerrillero-del-che-guevara,"Tuto Quiroga no fue de ‘izquierda’ ni el fundador del FRI guerrillero del ‘Che’ Guevara. Quiroga fue parte del gobierno del líder de izquierda Jaime Paz Zamora debido al ‘acuerdo patriótico’ entre el MIR y el ADN, y el creador del FRI apoyó a Guevara, pero no peleó a su lado. Por Álvaro Montoya En TikTok circula un video de un creador de contenido afirmando que el expresidente y actual candidato, Jorge ‘Tuto’ Quiroga, nunca fue “de derecha” y más bien, siempre fue de izquierda por haber sido parte del gobierno de Jaime Paz Zamora y por ahora ser candidato del Frente Revolucionario de Izquierda (FRI), cuyo fundador fue guerrillero del ‘Che’ Guevara. ChequeaBolivia constató que se trata de información engañosa. ChequeaBolivia revisó diversas fuentes historiográficas, y comprobó que, si bien es cierto que Quiroga fue parte del gobierno de Jaime Paz Zamora, líder histórico del Movimiento de Izquierda Revolucionario (MIR), nunca fue parte de este partido. Según el Centro de Asuntos Internacionales de Barcelona (CIDOB) Quiroga llegó al gobierno de Paz Zamora gracias al “Acuerdo Patriótico” entre el MIR y Acción Democrática Nacionalista (ADN), partido del ex dictador Hugo Banzer Suárez, de derecha. Pese a las contradicciones ideológicas entre ambos partidos, el Acuerdo Patriótico se creó en 1989 para vencer en las elecciones congresales al Movimiento Nacionalista Revolucionario (MNR) y llevar a Paz Zamora a la presidencia en el periodo 1989-1993, en el que, según el libro ‘Presidentes de Bolivia: Entre Urnas y Fusiles’, co-gobernó con el ADN. El video también afirma que Oscar “Motete” Zamora+, fundador del Frente Revolucionario de Izquierda (FRI), partido que prestó su sigla a Quiroga hace más de un mes, fue guerrillero de Ernesto ‘Che’ Guevara durante su campaña en Bolivia entre 1966 y 1967. Si bien es cierto que, según ANF , Zamora defendió públicamente la guerrilla del Che, el libro “Sueño y Tragedia: La Aventura en Bolivia”, relata que él, al igual que muchos políticos bolivianos de izquierda de la época, se rehusó a participar del conflicto armado. Fuentes: Centro de Asuntos Internacionales de Barcelona (CIDOB) Presidentes de Bolivia: Entre Urnas y Fusiles de Carlos Mesa Gisbert Sueño y Tragedia: La Aventura en Bolivia Antología de Documentos Fundamentales de La Historia de Bolivia ANF Tags Jorge 'Tuto' Quiroga Tendencia Política Indeterminada Fecha Publicación Web Mon, 01/27/2025 - 14:37",Engañoso,Media
1691,chequeabolivia.bo,https://chequeabolivia.bo/unitel-no-informo-sobre-polemica-por-concurso-que-premiaba-ninos-disfrazados-de-evo-morales,"Unitel no informó sobre polémica por concurso que premiaba a niños disfrazados de Evo Morales. El contenido fue desmentido por Unitel, pero el concurso fue real y se llevó a cabo el 8 de enero en un evento por el Día de Reyes. Por Gabriel López Circula en TikTok una imagen con el formato gráfico y sellos de la Red Unitel que informa sobre una supuesta polémica que se desató por un concurso que premiaba a niños disfrazados como Evo Morales. ChequeaBolivia constató que se trata de información engañosa. En una revisión de la página de Facebook de RKC, se constató que el concurso es real y se realizó el 8 de enero, por la celebración de Día de Reyes, en la localidad de Lauca Ñ, municipio de Shinahota, Cochabamba. La actividad fue organizada por la Federación Departamental de Médicos de Santa Cruz y consistía en la entrega de mil juguetes, además de premiar con una bicicleta al niño que asistiera disfrazado como Evo Morales y a la niña vestida como Bartolina Sisa. En la publicación de RKC, se detalla: “Gran entrega de regalos para los niños y niñas en predios de la Coordinadora de las 6 Federaciones del Trópico de Cochabamba (Lauca Ñ) a iniciativa de la Federación Departamental de Médicos de Santa Cruz, se hará la entrega de 1.000 juguetes y al niño que venga idéntico al hermano Evo Morales Ayma se llevará una bicicleta y a la niña que traiga la vestimenta de Bartolina Sisa se llevará otra bicicleta, está actividad es para cerrar las fiestas navideñas de la gestión 2024.” En una revisión de la página web y las redes sociales de Unitel, se verificó que no existe una publicación titulada: “Polémica desatada por Evo Morales al premiar a niños disfrazados de su imagen con juguetes”. Christopher André, editor web del medio, desmintió que la información haya sido publicada por Unitel. Fuentes: Revisión de la cuenta de Facebook de RKC Revisión de la página web y las redes sociales de Unitel El editor Web de Unitel, Christopher André Tags Evo Morales Tendencia Política Indeterminada Fecha Publicación Web Wed, 01/15/2025 - 19:20",Engañoso,Media
1692,chequeabolivia.bo,https://chequeabolivia.bo/enganoso-unitel-no-publico-que-la-exministra-nemesia-achacollo-pagaba-servicios-sexuales-de-jovenes,"Engañoso: Unitel no publicó que la exministra Nemesia Achacollo pagaba servicios sexuales de jóvenes para Evo Morales. Sin embargo, la abogada Paola Barriga afirma, sin presentar pruebas a ChequeaBolivia, que dos policías sentenciados confesaron encargarse de llevar jóvenes ante Morales Por Lucas Illanes En TikTok circula un video que aparenta ser publicado por la Red Unitel e indica “exministra Nemesia Achacollo pagaba servicios sexuales de jóvenes que eran contratadas para Evo Morales”. ChequeaBolivia constató que es información engañosa. El video circula con los sellos de Unitel, medio que no publicó ese titular en su página web ni en las redes sociales ( 1 , 2 , 3 , 4 , 5 ). El contenido que difunde la acusación sobre Achacollo, quien fue ministra de Desarrollo Rural y Tierras durante la gestión del expresidente Evo Morales, fue publicado por la cuenta “ @unitel.beni.bo ”. Consultado por el equipo de ChequeaBolivia, el editor web de este medio, Christopher André, aclaró que la cuenta oficial de Unitel es “@unitel.bo” y no la que comparte este contenido. André también confirmó que esa información no fue publicada por su medio. Aunque el contenido no está disponible en Unitel, la información surgió a partir de las declaraciones de la abogada, Paola Barriga, quien asevera que dos policías sentenciados confesaron que se encargaban de llevar a jovencitas ante Morales para prestar servicios. “(Los policías) dijeron que el único trabajo que ellos realizaban era ir a cobrarle a Nemesia Achacollo por los servicios que presentaban estas jovencitas que ellos traían, estamos hablando no solo de Evo Morales sino de todo un circuito que se dedicaba a este delito. Entonces Evo Morales es la cabeza, tiene esta enfermedad de pedofilia, este tipo de delitos sí se ha consumado y no en una sola víctima, son varias víctimas. Exactamente, porque ella (Nemesia) conseguía que lleguen jovencitas con su jefe y que luego ella tenga que realizar los pagos”, indicó Barriga en octubre de este año . No es la primera vez que la abogada hizo estas acusaciones, pues hizo declaraciones similares en 2022 . Según la abogada , la versión de los policías es “pública, está escrita” y fue presentada en una audiencia grabada. Barriga afirmó que es posible acceder a estas declaraciones en el expediente del caso Katanas, disponible en el Tribunal Séptimo de Sentencia de la Corte Superior de Justicia, aunque el documento ""no se puede entregar a quienes no formen parte del proceso"". ChequeaBolivia solicitó a la abogada fotografías del expediente mencionado para respaldar esta verificación con pruebas, pero, hasta la fecha de esta publicación ella no las mandó. Fuentes: Revisión de las redes sociales de la Red Unitel ( 1 , 2 , 3 , 4 , 5 ) Editor web de la Red Unitel, Christopher André Éxito Noticias Urgente.bo Abogada Paola Barriga Tags Evo Morales Nemesia Achacollo Tendencia Política Indeterminada Fecha Publicación Web Thu, 10/31/2024 - 17:30 Log in to post comments",Engañoso,Media
1693,chequeabolivia.bo,https://chequeabolivia.bo/unitel-no-informo-que-evo-morales-confirmo-que-tuvo-una-hija-con-una-menor-de-edad,"Unitel no informó que Evo Morales confirmó que tuvo una hija con una menor de edad. En una conferencia de prensa, el expresidente se refirió al tema, pero no confirmó que tuvo una hija con una menor de edad. Por Enid López En TikTok, circula una imagen con la línea gráfica de la Red Unitel, en donde se observa el siguiente titular: “Evo confirma que sí tuvo una hija con una menor de edad: ‘No se metan con mi familia’”. ChequeaBolivia verificó que se trata de información engañosa. En una búsqueda de la información en Google, se constató que Unitel publicó un artículo titulado: “ No se metan con la familia”, la respuesta de Evo cuando le preguntaron si tuvo una hija en 2016 ”. En el artículo no se menciona que el expresidente Evo Morales haya confirmado su paternidad, producto de una relación con una menor de edad. El pasado 4 de octubre, Morales brindó una conferencia de prensa en el trópico de Cochabamba para referirse al proceso que se inició en su contra por presunto estupro y aseguró que este es un caso que ya fue resuelto por la justicia, ya que se rechazó la denuncia en 2020. Tras dar sus explicaciones, le consultaron a Morales si tuvo una hija en 2016, tal como señala la orden de aprehensión que se anuló y que se detalla en la denuncia que se encuentra en proceso en el Ministerio Público. Fuentes: Página web de la Red Unitel Conferencia de prensa de Evo Morales transmitida en RKC Tags Evo Morales crisis económica Tendencia Política Indeterminada Fecha Publicación Web Tue, 10/29/2024 - 10:56",Engañoso,Media
1694,chequeabolivia.bo,https://chequeabolivia.bo/enganoso-unitel-no-informo-que-morales-gasto-bs-14-millones-en-marcha,"Engañoso: Unitel no informó que Morales gastó Bs 14 millones en marcha. La información fue proporcionada por el analista político Luis Alberto Ruíz en otro programa informativo, como una estimación y no haciendo alusión a un dato oficial. En TikTok circula una imagen con los sellos de la Red Unitel y un titular afirmando: “Evo Morales habría gastado 14 millones de bolivianos en su ‘marcha de la muerte’"". ChequeaBolivia constató que se trata de información engañosa. ChequeaBolivia contactó al editor web de Unitel, Christopher André, quién aseguró que su medio no publicó un contenido con ese titular. “Es falso y esa cuenta usa nuestro nombre sin nuestro consentimiento. Es también una falsificación”, afirmó André. ChequeaBolivia también constató mediante los enlaces a las redes sociales oficiales que tiene Unitel en su página web, que la cuenta de TikTok que compartió el contenido no es la cuenta oficial de dicho medio. La cuenta falsa tampoco cuenta con el sello azul de verificación que otorga TikTok, que según dicha red social significa que se ha comprobado que la cuenta pertenece a la persona o marca que dicen ser. “Significa que hemos confirmado que la cuenta pertenece a la persona o marca que representa. Esto significa que puedes asegurarte de que las cuentas verificadas que sigues son quienes dicen ser"", menciona la página de soporte de la red social. No obstante, el 25 de septiembre de este año, el analista político Luis Alberto Ruíz, dijo en el programa Detrás de la Verdad que la “Marcha para Salvar Bolivia” que encabezaba entonces el expresidente Evo Morales, habría costado aproximadamente 14 millones de bolivianos. Sobre la frase “marcha de la muerte”, fue dicha el 17 de septiembre en conferencia de prensa por el ministro de Gobierno, Eduardo del Castillo, para calificar la marcha encabezada por Morales y sus afines. Fuentes: Christopher André, editor web Red Unitel Página de soporte de TikTok Cuenta oficial de TikTok  - Unitel Detrás de la Verdad El Deber Tags Evo Morales Tendencia Política No simpatizantes del MAS Fecha Publicación Web Mon, 10/28/2024 - 19:16 Log in to post comments",Engañoso,Media
1695,chequeabolivia.bo,https://chequeabolivia.bo/index%2ephp/la-red-uno-no-informo-que-evo-morales-fue-diagnosticado-con-afasia,"La Red Uno no informó que Evo Morales fue diagnosticado con afasia. Desde el medio de comunicación indicaron que el contenido no fue publicado en sus redes sociales. Además, se utilizaron imágenes de 2018 como si fueran actuales. Por Enid López En Facebook y Twitter circula un video con el logo de la Red Uno, donde se lee el siguiente titular: “Evo Morales con dificultades para hablar, un trastorno del lenguaje conocido como afasia, estaría complicando su salud”. ChequeaBolivia verificó que se trata de información engañosa. En una búsqueda del contenido en las redes sociales de la Red Uno ( 1 , 2 , 3 ) se verificó que el video no fue publicado por el medio. Además, la responsable de redes sociales de la Red Uno en Cochabamba, Sharon Portillo, informó a ChequeaBolivia que el contenido no fue publicado por el medio. En una búsqueda del video, se verificó que fue extraído de la transmisión en vivo del programa dominical del expresidente Evo Morales, “Evo es pueblo, líder de los humildes”, en RKC. En una revisión del video , se observó que en el minuto 56, el expresidente Morales se traba al hablar sobre el precio del huevo, pero a lo largo de todo el programa habla con total normalidad. También se revisó la cuenta de X del expresidente Evo Morales y no existe ningún comunicado oficial sobre un supuesto diagnóstico de afasia. Esta enfermedad se refiere a la pérdida de la capacidad de uso del lenguaje secundaria a una lesión de las áreas cerebrales involucradas en la producción y recepción del lenguaje. En el video se utilizaron imágenes de Evo Morales, cuando en 2018 fue intervenido quirúrgicamente para la extracción de un ""pequeño tumor"" hallado en los exámenes médicos ""de rutina"" en una clínica en la zona sur de La Paz. Fuentes: Las redes sociales de la Red Uno ( 1 , 2 , 3 ) Revisión de la transmisión en vivo del programa dominical del expresidente Evo Morales, “Evo es pueblo, líder de los humildes”, en RKC Revisión de la cuenta de X del expresidente Evo Morales La responsable de redes sociales de la Red Uno en Cochabamba, Sharon Portillo Revisión hemerográfica Tags Evo Morales Tendencia Política No simpatizantes del MAS Fecha Publicación Web Thu, 09/12/2024 - 19:32",Engañoso,Media
1696,chequeabolivia.bo,https://chequeabolivia.bo/es-falso-que-marcelo-claure-dijo-que-el-socialismo-trae-miseria,"Es falso que Marcelo Claure dijo que el socialismo “trae miseria”. Utilizaron un contenido publicado por la Red Unitel para manipularlo y generar el contenido falso. Por Nayeli Camacho En Facebook circula una imagen con la línea gráfica de la Red Unitel donde se observa una fotografía del presidente de Bolívar, Marcelo Claure, que supuestamente sostuvo: “El socialismo no funcionó en ningún país trae miseria”. Chequea Bolivia verificó que es una publicación engañosa. En la imagen también se observa la siguiente declaración: “‘Han destrozado mi país’: Marcelo Claure habla de una crisis ‘extremadamente preocupante’ en Bolivia”. En una búsqueda en reverso de la imagen que circula en Facebook, se detectó que e l contenido original fue publicado el pasado 23 de abril, pero con el siguiente titular: "" Han destrozado mi país"": Marcelo Claure habla de una crisis ""extremadamente preocupante"" en bolivia”. Al realizar la revisión de la página web de Unitel se constató que no existe ninguna noticia donde se informe que Marcelo Claure declaró “El socialismo no funcionó en ningún país trae miseria”.  Al contrario, contactado por el equipo de Chequea Bolivia, el editor Web de Unitel Christopher Andre indicó que la imagen “está alterada"". “La declaración de abajo es correcta, la de arriba, dónde se refiere al socialismo, no lo dijo Claure, y no lo publicamos nosotros”, explicó. El contenido circula en las redes sociales en un contexto en el que existe una crisis económica a causa de la escasez de dólares y combustibles. Por esa razón, diferentes productos aumentaron de precio en el mercado. Fuentes: B úsqueda en reverso de la imagen La revisión de la página web de Unitel El editor Web de Unitel Christopher Andre Tags crisis económica Tendencia Política Indeterminada Fecha Publicación Web Mon, 08/26/2024 - 16:16 Log in to post comments",Engañoso,Media
1697,chequeabolivia.bo,https://chequeabolivia.bo/red-uno-no-publico-que-el-presidente-del-bcb-demandara-quienes-osen-cuestionar-al-gobierno-por-la,"Red Uno no publicó que el presidente del BCB “demandará a quienes osen cuestionar al Gobierno por la impresión de billetes”. A pesar de esto, el Banco Central de Bolivia sí presentó una demanda contra Virginio Lema por “difusión de información financiera falsa” Por Pablo Arancibia En Tiktok circula una imagen con el logo de la Red Uno, medio que habría publicado que “el presidente del Banco Central de Bolivia (BCB) demandará judicialmente a quienes osen cuestionar al Gobierno por la impresión de billetes”. ChequeaBolivia verificó que es información engañosa. Tras búsquedas en las redes sociales oficiales ( 1 , 2 , 3 ) de Red Uno, no se encontraron rastros de dicha imagen. En contacto con ChequeaBolivia, la encargada de Redes Sociales Red Uno en Cochabamba, Sharon Potrillo, aseguró que la imagen no fue publicada por el medio. Además observó que intentaron “plagiar” la línea gráfica del canal televisivo. Se hizo una búsqueda en Google y no se encontró que ningún medio de comunicación difundió que el presidente del Banco Central de Bolivia (BCB), Edwin Rojas, demandará judicialmente a “quienes osen cuestionar al gobierno por la impresión de billetes”. El contenido circula ante denuncias en redes sociales que indican que el BCB estaría imprimiendo billetes de manera irregular. Sobre el tema, Rojas mencionó durante una conferencia de prensa del 5 de julio que “en redes sociales y  medios de comunicación se señaló que el BCB estaría imprimiendo billetes de manera irregular”. Él negó esta versión y explicó que se trata de “un proceso rutinario de renovación de una parte del stock del material monetario”. Durante la conferencia Rojas indicó que el BCB presentó una denuncia al Ministerio Público por la comisión del Delito Financiero “Difusión de Información Financiera Falsa”, sin brindar nombres. Días después, se reveló que la denuncia fue hecha contra el activista, Virginio Lema, quien en su cuenta de TikTok afirmó que el Gobierno comenzó a imprimir billetes de forma irregular y que “se viene una inflación galopante”. Lema consideró que la demanda refleja que en el país “no hay libertad de expresión”. “Quieren acallar y que la gente no hable de la inflación, no hable de la falta de dólares, no hable de la impresión de documentos, en este caso de billetes, de papel, imprimir papel sin respaldo económico”, afirmó Lema. ChequeaBolivia asigna la categoría “engañoso” a este contenido debido a la falta de evidencia de que el presidente del BCB haya declarado públicamente que ""demandará judicialmente a quienes osen cuestionar al Gobierno por la impresión de billetes"". Tampoco hay pruebas de que la Red Uno ni ningún otro medio haya publicado tal declaración. A pesar de esto, la entidad sí presentó una demanda contra Lema por compartir “información falsa”. Fuentes: Búsqueda en Google Conferencia de prensa del Banco Central de Bolivia Encargada de Redes Sociales del canal en Cochabamba Red Uno, Sharon Potrillo Red Uno ( 1 , 2 , 3 ) Virginio Lema X oficial del Banco Central de Bolivia ( 1 , 2 ) Tags Banco Central de Bolivia Tendencia Política Indeterminada Fecha Publicación Web Wed, 07/10/2024 - 19:44 Log in to post comments",Engañoso,Media
1698,chequeabolivia.bo,https://chequeabolivia.bo/index%2ephp/es-enganoso-que-diputadosevistas-rechazaron-las-injerencias-de-maduro-y-aplaudieron-milei,"Es engañoso que diputados""evistas""  rechazaron las ""injerencias de Maduro"" y aplaudieron a Milei. Circula un video manipulado de diputados del MAS, quienes en realidad exigieron a los presidentes de Argentina y Venezuela no ""realizar actos de injerencia"" Por Pablo Arancibia En redes sociales ( 1 , 2 ) circula un video de una conferencia donde supuestamente los diputados del MAS afines al expresidiente Evo Morales rechazan injerencias del presidente venezolano Nicolás Maduro y aplauden al presidente argentino Javier Milei. ChequeaBolivia verificó que esta información es engañosa. El video muestra a la diputada, Alina Canaviri quien menciona “exigimos públicamente que el presidente de Venezuela, no se entrometa en asuntos internos propios de nuestro país y no realice actos de injerencia”, junto a un escrito con el siguiente texto: “EVISTAS rechazan declaraciones de Maduro pero aplauden a Milei”. Al revisar el Facebook del medio Radio Compañera, se encontró el video original . En el minuto 2:29 se escucha a la diputada Canaviri; “Exigimos públicamente que los presidentes de Argentina y Venezuela no se entrometan en asuntos internos propios de nuestro país y no realicen actos de injerencia, porque Bolivia es un estado libre, independiente, soberano y democratico”. Por lo que el video fue manipulado omitiendo que también se refirió a Milei. Las declaraciones de Canaviri hicieron referencia a los movimientos irregulares militares suscitados el 26 de junio y a los pronunciamientos de los presidentes de Venezuela y Argentina sobre lo ocurrido. El presidente argentino, Javier Milei publicó una publicación en su pagina oficial de X: “Se conoce el fraude montado en Bolivia y el perfecto idiota, en lugar de aceptar su error me critica por dejar su estupidez a la vista”, refiriendosé al presidente Luis Arce. Por otra parte, en la cuenta oficial de X de la Oficina del Presidente de Argentina, se muestra un comunicado que indica que “repudia la falsa denuncia de golpe de Estado realizada por el gobierno de Bolivia el día miércoles 26 de junio, y confirmada como fraudulenta en el día de la fecha”. A su vez, el presidente venezolano, Nicolás Maduro, a través de su Cancillería, reafirmó que en Bolivia hubo un “intento de Golpe de Estado” la semana pasada, y consideró que la denuncia de Milei es falsa.  “Una narrativa creada por la derecha latinoamericana, que intenta lavarle la cara a los criminales que trataron de derrocar al legítimo Presidente Luis Arce”, asevera la Cancillería de Venezuela sobre el posicionamiento de Milei. Fuentes: Radio Compañera X del presidente argentino, Javier Milei Erbol X de Oficina del Presidente Tags Venezuela Argentina Javier Milei Nicolás Maduro Tendencia Política Indeterminada Fecha Publicación Web Mon, 07/08/2024 - 18:37 Log in to post comments",Engañoso,Media
1699,chequeabolivia.bo,https://chequeabolivia.bo/enganoso-el-excomandante-zuniga-no-dijo-que-arce-lo-traiciono,"Engañoso: El excomandante Zúñiga no dijo que ""Arce lo traicionó"". El editor web de Unitel expresó que esta publicación no fue compartida por su medio. Por Pablo Arancibia En TikTok circula una imagen con logotipos del medio Unitel, y la imagen  del excomandante del ejército boliviano, Juan José Zúñiga, quien habría mencionado que el presidente Luis Arce lo traicionó luego del acuerdo que tenían. ChequeaBolivia verificó que esta información es engañosa. En la imagen se aprecia una supuesta declaración del excomandante Zúñiga, quien presuntamente afirmó: “Arce traiciona, el acuerdo que teníamos, era darle apoyo de un golpe simulado, para subirle su popularidad, ahora temo por mi familia y mi equipo de trabajo” . La imagen habría sido publicada por Unitel. ChequeaBolivia revisó las redes sociales y la página web oficiales del medio Unitel ( 1 , 2 , 3 , 4 , 5 ) y no encontró dicha publicación. Por su parte, el editor web de Unitel, Christopher André, aseguró que el medio no publicó dicha imagen. Por otro lado, la declaración que brindó Zúñiga en el momento de su aprehensión por el movimiento irregular militar sucedido el 26 de junio es la siguiente: “La situación está muy jodida, esta semana va a ser crítica. Entonces es necesario preparar algo para levantar mi popularidad” . Posteriormente, Zúñiga aseguró a los periodistas que se trató de un “autogolpe”. En ningún momento el excomandante declaró textualmente que Luis Arce lo traicionó y que teme por su familia y su equipo de trabajo. También se hizo una búsqueda avanzada en Google y en Youtube de la declaración atribuida a Zúñiga, y no se encontraron rastros de dicha declaración en ningún sitio de noticias. Fuentes: Redes sociales y página web de Unitel ( 1 , 2 , 3 , 4 , 5 ) Página de Facebook de El Deber Búsqueda avanzada en Google Búsqueda avanzada en Youtube Tags Luis Arce Catacora Juan Jose Zúñiga Tendencia Política Indeterminada Fecha Publicación Web Thu, 07/04/2024 - 16:55 Log in to post comments",Engañoso,Media
1700,chequeabolivia.bo,https://chequeabolivia.bo/foto-de-la-encargada-de-negocios-de-eeuu-con-luis-arce-en-el-aniversario-de-chuquisaca-es-enganosa,"Foto de la encargada de Negocios de EE.UU. con Luis Arce en el aniversario de Chuquisaca es engañosa. Las publicaciones omiten que además de la diplomática de EE.UU., también asistieron embajadores de Venezuela, Suecia, Francia y México. Por Lucas Illanes En Facebook, TikTok y un portal web ( 1 , 2 , 3 , 4 , 5 ) se comparte una fotografía que muestra al presidente, Luis Arce, y a la encargada de Negocios de la Embajada de Estados Unidos en Bolivia, Debra Hevia, participando de actos conmemorativos de Chuquisaca. Las publicaciones sugieren que la foto demuestra la “injerencia” de Estados Unidos en el actual Gobierno. ChequeaBolivia constató que las publicaciones son engañosas. Se buscó la imagen en Google y se comprobó que fue tomada en Sucre por el fotógrafo Carlos Rodríguez y publicada en el medio Correo del Sur en el aniversario del departamento de Chuquisaca, el pasado 25 de mayo. En la primera fila se observa a Arce junto al vicepresidente, David Choquehuanca, el Gobernador de Chuquisaca, Damián Condori, y otras autoridades. Filas atrás se encuentra Debra Hevia vestida de rojo. Sin embargo, las publicaciones pasan por alto que Hevia no fue la única diplomática presente en ese acto, también asistieron el embajador de Venezuela, César Trompiz, el embajador de Suecia, Nicolas Weeks , la embajadora de Francia, Hélène Roos y el embajador de México, Eduardo Sosa. Este hecho se puede comprobar revisando una transmisión en vivo en la cuenta de Facebook de Luis Arce en el que aparecen estos diplomáticos entregando ofrendas florales durante el acto conmemorativo. En la foto que se comparte en distintas redes sociales aparecen el embajador de Suecia y México, además de Hevia. A la izquierda la foto publicada por Correo del Sur y a la derecha las capturas de la transmisión en vivo de la página de Facebook de Luis Arce. El equipo de Comunicación de la Embajada de Estados Unidos, respondió a ChequeaBolivia sobre la foto: “Debra Hevia, asistió a los actos protocolares por el aniversario de Chuquisaca, invitada por autoridades departamentales. La Jefa de Misión cumple su misión diplomática como otros miembros del cuerpo diplomático, que también asistieron a estos eventos en Sucre”. Por su parte, el vocero presidencial, Jorge Richter, negó que la fotografía demuestra relaciones entre el Gobierno actual y el Estado norteamericano. “La señora diplomática está allí como cualquier otra persona del cuerpo diplomático”, declaró considerando que el contenido corresponde a la “mala fe política”. Por todo lo explicado antes y de acuerdo con nuestra metodología , ChequeaBolivia categorizó el contenido como engañoso porque las publicaciones muestran una foto real, pero la información fue manipulada para generar desinformación. Fuentes: Correo del Sur Transmisión en vivo disponible en la cuenta oficial de Facebook de Luis Arce Embajada de Estados Unidos en Bolivia Vocero presidencial, Jorge Richter Tags Embajada de Estados Unidos Luis Arce Catacora Debra Hevia Tendencia Política Simpatizantes del MAS Fecha Publicación Web Tue, 05/28/2024 - 15:19 Log in to post comments",Engañoso,Media
1701,chequeabolivia.bo,https://chequeabolivia.bo/circula-un-video-enganoso-sobre-la-cantidad-de-asistentes-al-aniversario-del-mas-en-yapacani,"Circula un video engañoso sobre la cantidad de asistentes al aniversario del MAS en Yapacaní. El video muestra las pruebas de sonido para la celebración del aniversario del MAS, varias horas antes del acto central que tuvo lugar en el estadio de Yapacaní. Por Enid López En TikTok circula un video de la celebración del aniversario del Movimiento Al Socialismo (MAS) en el municipio de Yapacaní, con el siguiente texto: “Ni pagados, ni obligados fracasa convocatoria de Evo Morales”. ChequeaBolivia verifico que se trata de un contenido engañoso. En el audio de fonde del video se escucha: “En escenario, probando el sonido”. En una búsqueda de contenido en la cuenta oficial de Radio Kawsachun Coca (RKC), que transmitió en vivo la celebración del aniversario del MAS en Yapacaní, se corroboró que cerca a las 11:48 horas , del 30 de marzo, se realizó una prueba de sonido de grupos musicales para el evento. En ese horario, se observa que el estadio de Yapacaní está vacío. Sin embargo, cerca a las 14:00, el panorama es diferente porque en otra transmisión en vivo se reporta la llegada de simpatizantes del MAS afín al expresidente, Evo Morales. Casi dos horas y media después, Evo Morales brinda su discurso. El este video se observa que el estadio no está completamiente lleno, pero tampoco existen 500 personas como señala el video engañoso. Contactados por ChequeaBolivia, Radio Televisión Ichilo (RTI) facilitó algunas imágenes del aniversario del MAS donde se observa que el estadio no estaba completamente lleno. La celebración del aniversario del MAS en Yapacaní. Foto: Cortesía de RTI. La celebración del aniversario del MAS en Yapacaní. Foto: Cortesía de RTI. Dos celebraciones por el aniversario del MAS El pasado 28 de marzo, el MAS celebró 29 años de existencia en medio de una profunda división entre afines al expresidente Morales y los afines al presidente del Estado, Luis Arce. Por esa razón se organizaron dos celebraciones. La celebración de los seguidores del “ala evista” se llevó a cabo el 30 de marzo en el municipio de Yapacaní. Los afines a Luis Arce convocaron a una celebración del aniversario del MAS para el 28 de marzo, en la plaza San Francisco, en la ciudad de La Paz. Fuentes: Revisión de las transmisiones en vivo de RKC Tags Evo Morales Movimiento Al Socialismo Tendencia Política No simpatizantes del MAS Fecha Publicación Web Mon, 04/08/2024 - 16:59",Engañoso,Media
1702,chequeabolivia.bo,https://chequeabolivia.bo/evo-morales-no-nacio-en-argentina-aunque-si-asistio-la-escuela-en-ese-pais,"Evo Morales no nació en Argentina, aunque sí asistió a la escuela en ese país. Biógrafos, medios de comunicación y el mismo Morales afirman que nació en Bolivia Por Álvaro Montoya En TikTok circula un video con una captura de pantalla anexada asegurando que el expresidente de Bolivia, Evo Morales, en realidad habría nacido en Argentina, dónde sus padres lo nombraron Juan Domingo Perón por los planes sociales que recibieron y dónde además cursó la primaria. ChequeaBolivia advierte que se trata de información engañosa. Chequea Bolivia comprobó que en la biografía de Evo Morales Ayma, publicada por el Centro de Asuntos Internacionales de Barcelona (CIDOB), figura que el lugar de nacimiento del exmandatario es Isallavi, una comunidad en el departamento de Oruro, Bolivia. Asimismo, el presidente declaró públicamente que su lugar de nacimiento fue Oruro y también lo reportaron de ese modo medios internacionales . Sobre la presunta recepción de planes sociales, la familia de Evo Morales estuvo brevemente en Argentina durante la década de los 60 's, mientras que, según la verificadora Chequeado , los primeros planes sociales aparecieron en 1995. Por la diferencia de años, los padres del expresidente no podrían haber recibido planes ni haber tomado una determinación movilizados por ellos. Lo que sí es cierto es que Morales asistió a la escuela Julio Argentino Cornejo , ubicada en Salta, Argentina. Sin embargo, él y su familia retornaron a Bolivia en 1966, por lo que continuó sus estudios primarios en la localidad de Calavillca . El 2014, cuando aún era presidente de Bolivia, Morales realizó una visita pública a su exescuela en Salta. Entonces la Televisión Pública argentina realizó el videoreportaje al que se le montó una captura para generar la desinformación que circula en TikTok. Fuentes: Centro de Asuntos Internacionales de Barcelona (CIDOB) Televisión Pública Argentina Página de Facebook de Evo Morales Chequeado France 24 La Capital Tags Evo Morales Tendencia Política Indeterminada Fecha Publicación Web Wed, 02/28/2024 - 16:56 Log in to post comments",Engañoso,Media
1703,chequeabolivia.bo,https://chequeabolivia.bo/index%2ephp/morales-no-confeso-una-alianza-con-la-derecha-para-el-bloqueo-de-caminos,"Morales no confesó una alianza con la derecha para el bloqueo de caminos. El expresidente consideró que algunos sectores de la derecha que “defienden la Constitución” promovieron los bloqueos, sin mencionar una “alianza”. Un video que circula en TikTok indica que el expresidente Evo Morales confesó en una entrevista a Radio Kawsachun Coca que “se alió con la derecha para bloquear”. ChequeaBolivia advierte que se trata de contenido engañoso. El video fue manipulado  y en éste Morales da a entender que a las últimas medidas de presión, impulsadas en el país en demanda de la renuncia de los magistrados prorrogados y la convocatoria a elecciones judiciales, se sumaron en las ciudades otros sectores sociales “algunos de la derecha”. ChequeaBolivia revisó las declaraciones emitidas en un programa de Radio Kawsachun Coca el 4 de febrero y constató que se dieron bajo otro contexto. Según Morales el bloqueo de caminos no fue promovido por “los evistas”, sino por un “movimiento nacional” liderado por los campesinos, los interculturales y otros sectores incluso de derecha que “defienden la Constitución”. El ex jefe de Estado realizó estas declaraciones como parte  en medio de una pugna interna del MAS de cara a las elecciones presidenciales de 2025. Fuente: Radio Kawsachun Coca Revisión hemerográfica Tags Evo Morales RKC Tendencia Política Indeterminada Fecha Publicación Web Thu, 02/08/2024 - 17:44 Log in to post comments",Engañoso,Media
1704,chequeabolivia.bo,https://chequeabolivia.bo/index%2ephp/marset-no-acuso-evo-morales-de-pedofilia-y-violacion,"Marset no acusó a Evo Morales de pedofilia y violación. Sebastián Marset afirmó que el ministro de Gobierno, Eduardo del Castillo lo acusó de violador, pedófilo y feminicida, pero no se refirió al expresidente Evo Morales. Walter Vásquez Circula en redes sociales una publicación en la que el narcotraficante uruguayo Sebastián Marset acusa al expresidente Evo Morales de ser un “violador y pedófilo”. ChequeaBolivia advierte que se trata de contenido engañoso. “Eduardo del Castillo me acusó de violador, pedófilo y feminicida. El único violador y pedófilo será su jefe de partido Evo Morales”, cita el texto de la publicación, que tiene como imagen una foto de Marset durante la entrevista que se difundió el 27 de noviembre de 2023 en el Canal 4 de Uruguay. Durante esa entrevista, la periodista de Canal 4 cuestiona al narco uruguayo sobre denuncias que hizo el ministro de Gobierno de Bolivia, Eduardo del Castillo. “Del Castillo llegó a decir que eres violador, pedófilo y feminicida”, comentó. Al respecto, Marset respondió: “Me hizo reír cuando lo escuché decir esas cosas. La verdad me molestó bastante que haya dicho eso y le respondí con un largo mensaje”. El mensaje al que se refiere Marset fue difundido el 14 de agosto de 2023 en la cuenta de Facebook del canal boliviano DTV , en el que el prófugo internacional presuntamente afirma que en su prontuario no figuran esos delitos. En ninguno de estos mensajes se mencionó a Morales. Sobre el expresidente pesan denuncias por estupro, pedofilia y tráfico de sustancias iícitas ( 1 , 2 , 3 ) las cuales fueron impulsadas por el Gobierno de transición, por legisladores de oposición y por activistas de derechos humanos. El caso volvió a reflotar en mayo de este año , cuando una legisladora del partido de Gobierno indicó que se recibirán e investigarán todas las denuncias de violaciones a menores de edad. Fuentes: Redes sociales Canal DTV Revisión hemerográfica Tags Sebastián Marset Fecha Publicación Web Fri, 12/15/2023 - 16:29 Log in to post comments",Engañoso,Media
1705,chequeabolivia.bo,https://chequeabolivia.bo/index%2ephp/circula-un-video-con-informacion-enganosa-sobre-una-alianza-de-arce-con-ucs,"Circula un video con información engañosa sobre una alianza de Arce con UCS. No existe ninguna información oficial que afirme que Luis Arce aceptó la sigla de UCS para ser candidato en las elecciones de 2025. En Tik Tok, circula un video donde se observa al dirigente de la Dirección Nacional del Movimiento Al Socialismo (MAS) Rodolfo Machaca, en una conferencia de prensa, con el siguiente texto que acompaña al video “Pacto de unidad, abandona el MAS, Arce acepta la sigla de Jhony Fernandez  UCS (Unidad Cívica Solidaria), ejecutivo de la Csutcb (Confederación Sindical Única de Trabajadores Campesinos de Bolivia), Lucio Quispe es de USC, ejecutiva de Bartolinas es de Tradepa (Transparencia Democrática Patriótica)”. ChequeaBolivia verificó que se trata de un contenido engañoso. En una búsqueda con palabras clave en Facebook, se constató que el video original es de una conferencia de prensa de dirigentes de la Dirección Nacional del MAS que se dio el 26 de septiembre. En la conferencia, el dirigente, Rodolfo Machaca, aseguró que Lucio Quispe no es militante del MAS, sino que tiene una militancia vigente en la UCS. De la misma forma, denuncia que la ejecutiva de las Bartolinas, Guillermina Kuno es militante de Tradepa. Respecto a la supuesta alianza del presidente del Estado, Luis Arce, con UCS, se hizo una búsqueda en Google con las palabras clave ""arce acepta la sigla de jhonny fernández UCS"", pero no se encontró ningún contenido oficial publicado por los medios de comunicación que indiquen el hecho. En la misma conferencia de prensa del 26 de septiembre, no se mencionó ninguna alianza entre Arce y dicho partido político. En una reunión con periodistas hoy, Arce indicó que se comprometió con sus bases a no referirse a candidaturas para las elecciones de 2025. Fuentes Búsqueda de palabras clave en Facebook Búsqueda de palabras clave en Google Revisión de la conferencia de prensa completa del MAS Tags Luis Arce Catacora Jhonny Fernández Tendencia Política Indeterminada Fecha Publicación Web Thu, 12/14/2023 - 11:24 Log in to post comments",Engañoso,Media
1706,chequeabolivia.bo,https://chequeabolivia.bo/evo-dijo-que-si-la-derecha-gana-sera-culpa-de-arce-y-david-pero-no-que-tiene-miedo-de-ir,"Evo dijo que si la derecha gana será culpa de Arce y David, pero no que tiene miedo de ir a Chonchocoro. Se manipuló una declaración del expresidente Evo Morales en su programa dominical de Radio Kawsachun Coca (RKC). Por Fernanda Torrico En Facebook, circula una imagen con la fotografía de Evo Morales, atribuyéndole la siguiente declaración: “Tengo miedo si la derecha gana las elecciones seguro me van a llevar a Chonchocoro, la culpa será de Lucho y David”. ChequeaBolivia verificó que es un contenido engañoso. En una búsqueda en reverso en Google , se constató que no existe ningún contenido similar que incluya dicha declaración del expresidente. En una búsqueda en la página de Facebook del medio de comunicación Radio Kawsachun Coca (RKC), se verificó que en el programa “Evo Pueblo: Líder de los humildes” emitido el 26 de noviembre, en el minuto 1:10:00, Morales declaró: “Si la derecha gana por culpa de Lucho y David”. El expresidente también recalcó que la derecha ganaría por las divisiones en la bancada y la protección al narcotráfico. Sin embargo, en la entrevista no mencionó que tenía miedo que lo lleven a Chonchocoro. También, se buscó en las redes sociales de Evo Morales ( 1 , 2 ) pero no se encontró ningún contenido similar publicado por Morales. El contenido engañoso circula debido al conflicto interno entre el ala evista y arcista en el Movimiento Al Socialismo (MAS-IPSP). Fuentes: Búsqueda en reversa en Google Cuenta de Facebook y cuenta de X de Evo Morales. Página de Facebook de  Radio Kawsachun Coca. Programa “Evo Pueblo: Líder de los humildes” emitido el 26 de noviembre. Tags Evo Morales Tendencia Política No simpatizantes del MAS Fecha Publicación Web Thu, 12/07/2023 - 16:47 Log in to post comments",Engañoso,Media
1707,chequeabolivia.bo,https://chequeabolivia.bo/luis-arce-si-fue-invitado-la-ceremonia-de-asuncion-de-milei,"Luis Arce sí fue invitado a la ceremonia de asunción de Milei. Los gobiernos de Nicaragua, Venezuela y Cuba fueron excluidos de la ceremonia Por Lucas Illanes En Facebook circula una imagen con el logo de La Nación, periódico argentino que habría publicado el siguiente titular: “Los Gobiernos de Nicaragua, Bolivia, Venezuela y Cuba fueron excluidos de la ceremonia de asunción del presidente electo Javier Milei”. ChequeaBolivia verificó que se trata de una publicación engañosa. Tras la revisión de las redes sociales y página web de La Nación, se constató que este medio no contiene ninguna noticia publicada con el titular de la imagen que se comparte ( 1 , 2 , 3 , 4 ). Además, se observan diferencias entre la línea gráfica de la publicación engañosa y la que suele usar La Nación. Las letras y el estilo de la imagen presentan diferencias, como se ve a continuación: Comparación entre el contenido engañoso y uno original. El presidente de Argentina, Javier Milei, asumirá su cargo el próximo 10 de diciembre tras haber ganado las elecciones, por lo que medios de comunicación confirmaron la asistencia de jefes de estado de otros países para este acto. Sobre el tema, Clarín informó que el equipo de Milei no envió invitaciones a los presidentes de Irán, de Cuba, Venezuela y Nicaragua. Pese a esto, cabe aclarar que el presidente de Bolivia, Luis Arce, sí fue invitado a la posesión de su homónimo argentino. Arce aún no confirmó su asistencia. Según la viceministra de Comunicación, Gabriela Alcón, su presencia depende de su agenda. Fuentes: Revisión a las redes sociales y página web de La Nación ( 1 , 2 , 3 , 4 ) Clarín Correo del Sur Tags Javier Milei Argentina Luis Arce Tendencia Política No simpatizantes del MAS Fecha Publicación Web Tue, 12/05/2023 - 17:07 Log in to post comments",Engañoso,Media
1708,chequeabolivia.bo,https://chequeabolivia.bo/manipulan-un-contenido-de-unitel-para-cambiar-una-declaracion-del-jugador-marcelo-martins,"Manipulan un contenido de Unitel para cambiar una declaración del jugador Marcelo Martins. Para generar el contenido engañoso, se utilizó una imagen publicada por el medio, pero se cambió la declaración atribuida a Martins. Por Zaida Choque En Facebook circula una imagen con la línea gráfica de Unitel y la siguiente declaración atribuida al jugador de la selección boliviana de fútbol, Marcelo Martins: “Siento que si no nos apoyan vamos a perder otra vez”. ChequeaBolivia verificó que es un contenido engañoso. En una revisión de las redes sociales oficiales ( 1 , 2 , 3 ) de Unitel se corroboró que Martins no hizo esas declaraciones a los medios de comunicación. También se buscó información en la página web de Unitel donde no hay un contenido similar. Lo que dijo el jugador es: “No podemos apoyar a dos selecciones, tenemos que estar unidos”. Eliminatorias Sudamericanas La llegada de la selección argentina para disputar la fecha dos de las Eliminatorias Sudamericanas rumbo al Mundial 2026 con la Selección Nacional generó mucha expectativa en los aficionados del fútbol de la ciudad de La Paz. Varios seguidores de la selección argentina se apostaron en las puertas del hotel donde están hospedados, en la ciudad de La Paz. Además, se pintaron murales y se pusieron letreros de bienvenida a los ganadores del Mundial 2022, provocando que la figura de la Selección nacional, Marcelo Martins brindara una conferencia de prensa pidiendo apoyo de los bolivianos para el partido de hoy y sacar adelante el duelo con los campeones del mundo, ya que para el goleador primero está la camiseta de la selección. Fuentes: Redes sociales ( 1 , 2 , 3 ) de Unitel Página web de Unitel Video de Martins conferencia de prensa Publicación original de Unitel Tags Futbol Tendencia Política Indeterminada Fecha Publicación Web Tue, 09/12/2023 - 15:19 Log in to post comments",Engañoso,Media
1709,chequeabolivia.bo,https://chequeabolivia.bo/unitel-no-informo-que-evo-morales-protege-sebastian-marset-en-el-tropico,"Unitel no informó que Evo Morales protege a Sebastián Marset en el trópico. El ministro del Interior de Paraguay, Federico González, dijo que le informaron que el narcotraficante está en Cochabamba, pero no mencionó mayores datos al respecto. En  TikTok circula una imagen con el logo de la Red Unitel, donde se pone el siguiente titular: “Evo estaría protegiendo a Marset en el trópico, según la información que recibió Paraguay e investigan nexo con carga que cayó en Alemania”.  ChequeaBolivia advierte que se trata de información engañosa. En una búsqueda del contenido en la página de Facebook y la página web de Unitel , se constató que no existe ningún contenido publicado con el mismo titular. Sin embargo, el medio publicó un titular similar que dice: “Marset huyó a Cochabamba, según la información que recibió Paraguay e investigan nexo con carga que cayó en Alemania”. En la nota se informa que el ministro del Interior de Paraguay, Federico González, dijo que recibió información desde Bolivia sobre el posible paradero del narcotraficante uruguayo Sebastián Marset y que se sospecha que huyó a Cochabamba tras eludir un operativo realizado en Santa Cruz la tarde del sábado 29 de julio. A lo largo de la nota no se lee información sobre una supuesta protección del expresidente Evo Morales a Sebastián Marset, en el trópico cochabambino. Por su parte, el editor Web de Unitel, Christopher Andre, indicó que se trata de un contenido falso. Sobre el caso de Sebastián Marset La semana anterior, Sebastián Marset, un narcotraficante buscado en Bolivia y también requerido por la justicia de su nativo Uruguay, de Paraguay, Brasil y Estados Unidos huyó del país. Según la Fuerza Especial de Lucha Contra el Narcotráfico (Felcn), Marset estaba viviendo en Santa Cruz desde septiembre de 2022 y se movió con identidades falsas al igual que su esposa. En este sentido, operaba con la identidad brasileña falsa de Luis Paulo Amorím Santos. El ciudadano Sebastián Marset es sindicado por narcotráfico y del asesinato del fiscal Marcelo Pecci. En su país es considerado como uno de los más peligrosos narcotraficantes. Es el líder de la organización denominada Primer Cartel Uruguayo (PCU). Hoy, 02 de agosto, la tarde de este miércoles fue enviado un video a la mesa de redacción de UNITEL en el que Sebastián Marset se pronunció por primera vez y agradece al director de la FELCN por alertarlo para huir. Fuentes: Búsqueda del contenido en la página de Facebook y la página web de Unitel El editor Web de Unitel, Christopher Andre Tags Evo Morales Sebastián Marset Tendencia Política No simpatizantes del MAS Fecha Publicación Web Wed, 08/02/2023 - 18:47 Log in to post comments",Engañoso,Media
1710,chequeabolivia.bo,https://chequeabolivia.bo/barriga-denuncio-por-supuesta-pedofilia-evo-por-un-supuesto-delito-cometido-cuando-era-presidente,"Barriga denunció por supuesta pedofilia a Evo por un supuesto delito cometido cuando era presidente, no durante la pandemia. Evo no tiene una nueva denuncia por cometer pedofilia “en plena pandemia”, como difunde video viral de TikTok Por Lucas Illanes En TikTok se comparte un video en el que se afirma que el expresidente, Evo Morales, tiene una nueva denuncia por supuestamente cometer el delito de estupro “en plena pandemia”. ChequeaBolivia verificó que se trata de un contenido engañoso. El video es un fragmento del sitio Cabildeo Digital sobre una entrevista hecha a la abogada , Paola Barriga, quien presentó una denuncia contra Morales por pedofilia. Durante el video se escucha al conductor, Gonzalo Rivera, preguntar a Barriga si denunció a Morales por pedofilia, a lo que ella responde de la siguiente manera: “Así es, cuando nos encontrábamos en este problema de la pandemia tuvimos el caso de una mamá que llegó hasta la oficina (…) ella refería de que mamás estaban obligadas a llevar a sus hijitas entre 12 a 15 años siempre que existían las reuniones de Evo Morales”. Mediante la revisión de la entrevista completa , se puede constatar que Barriga no anunció que presentó una nueva denuncia. Ella se refiere a que recibió la denuncia por parte de una madre durante pandemia y no menciona que Morales cometió el delito de estupro “en plena pandemia”, como pretende hacer creer el video. Consultada por ChequeaBolivia, Barriga pidió que no se tergiverse la información. “En agosto de 2020 tomé conocimiento de actos de pedofilia y violación perpetrados por Evo Morales, lo cual hice público desde ese momento. Son hechos acontecidos cuando (Morales) era autoridad, no en la pandemia”, explicó la abogada. En 2020 se hicieron públicas al menos 3 denuncias de pedofilia contra Evo Morales, sin embargo no hay registros de medios de comunicación que hayan reportado una nueva denuncia durante el último año. Fuentes: Cabildeo Digital Abogada Paola Barriga Revisión hemerográfica en Google Opinión Tags Evo Morales Paola Barriga Cabildeo Digital Tendencia Política Indeterminada Fecha Publicación Web Fri, 07/14/2023 - 18:24 Log in to post comments",Engañoso,Media
1711,chequeabolivia.bo,https://chequeabolivia.bo/eduardo-del-castillo-figuro-como-exministro-en-wikipedia-antes-de-ser-restituido-por-arce,"Eduardo del Castillo figuró como exministro en Wikipedia antes de ser restituido por Arce. Cualquier usuario puede modificar información en Wikipedia, lo que puede llevar a información errónea, manipulación o actos vandálicos. Por Lucas Illanes En WhatsApp se compartió una captura de la página de Wikipedia donde se informa que Eduardo del Castillo fue ministro de Gobierno desde el 9 de noviembre de 2020 hasta el pasado 27 de junio. Además, se precisa que fue destituido por la Asamblea Legislativa Plurinacional (ALP). ChequeaBolivia verificó que se trata de información engañosa. El pasado 27 de junio, la ALP censuró a del Castillo por el tráfico de vehículos robados en Chile y comercializados ilegalmente en territorio boliviano. Tras una revisión al historial de modificaciones a la página dedicada a del Castillo en Wikipedia se confirmó que este portal web lo registró como exministro por un usuario anónimo , el 28 de junio. Sin embargo, se debe aclarar que si bien el 29 de junio el presidente del Estado, Luis Arce, emitió el Decreto Presidencial 4974, mediante el cual cumple los efectos de la censura legislativa, ese mismo día emitió el Decreto Supremo 4975 restituyéndolo en su cargo. Ese ajuste es el que se encuentra actualmente en la página de Eduardo Del Castillo en Wikipedia . También es necesario explicar que Wikipedia es una “ enciclopedia políglota y editada de manera colaborativa ”, es decir, cualquier usuario puede editar la información que aparece en este portal. El historial de revisiones permite ver cómo varias cuentas cambiaron la información de Del Castillo, algunas a favor y otras en contra, un día después de que los diputados y senadores de la Asamblea Legislativa Plurinacional (ALP) decidieron censurar lo (27 de junio). Este artículo de Maldita.es , una verificadora española aliada de ChequeaBolivia, explica cómo usuarios modifican (o intentan modificar) el contenido de Wikipedia para desprestigiar, crear bromas e incluso para actos vandálicos. Fuentes: Versión de la página de Eduardo del Castillo del 28 de junio disponible en Wikipedia Wikipedia Página web de la Cámara de Diputados Bolivia Tv Maldita.es Tags Wikipedia Eduardo del Castillo Tendencia Política Indeterminada Fecha Publicación Web Mon, 07/03/2023 - 17:08 Log in to post comments",Engañoso,Media
1712,chequeabolivia.bo,https://chequeabolivia.bo/arce-si-dijo-que-hubo-11-anos-de-nefasta-administracion-fue-un-lapsus-en-un-acto-oficial-en-2020,"Arce sí dijo que hubo “11 años de nefasta administración”, fue un lapsus en un acto oficial en 2020. El presidente del Estado, Luis Arce, dijo que hubo “11 años de nefasta administración”, pero en realidad se refería a los 11 meses de gestión de la expresidenta Jeanine Áñez. En TikTok circula un video en el que se observa al presidente del Estado, Luis Arce, afirmando que la administración económica del país fue “nefasta” en los últimos 11 años. La declaración fue brindada durante el 178 aniversario de Beni, en 2020, durante el acto oficial de la Asamblea Legislativa Departamental. ChequeaBolivia verificó que se trata de un contenido engañoso. En el video, Arce indica: “Es un trabajo arduo mancomunado y conjunto con el Gobierno nacional que se compromete a contribuir a colaborar con el departamento del Beni, con los municipios del Beni, con la propia universidad donde están atravesando serios problemas para dar solución a todos estos problemas que se han generado en 11 años de nefasta administración que ha dejado al país más empobrecido que de lo que encontramos el año 2006. Queda el desafío, por lo tanto, y a todas nuestras organizaciones sociales, a nuestras organizaciones del Instrumento político del MAS”. En una parte de su discurso completo , durante ese acto, ChequeaBolivia constató que se trata de un lapsus.  En otras oportunidades, Arce utilizó la misma cifra, pero dijo “11 meses” para referirse al Gobierno de la expresidenta Jeanine Áñez. Entre algunas afirmaciones figura la siguiente: “Se ha endeudado al país en estos últimos 11 meses”. Los medios de comunicación también reportaron el error de Arce, con titulares como el siguiente: “El ‘desliz’ de Arce al hablar de los “11 años de nefasta administración que ha dejado al país más empobrecido” . Fuente: Revisión del discurso completo del presidente del Estado, Luis Arce Reporte de los medios de comunicación. Tags Luis Arce Catacora Tendencia Política No simpatizantes del MAS Fecha Publicación Web Thu, 04/27/2023 - 16:28 Log in to post comments",Engañoso,Media
1713,chequeabolivia.bo,https://chequeabolivia.bo/arce-dijo-que-si-vuelve-la-derecha-estaran-jodidos-pero-no-menciono-que-seria-por-temas-de,"Arce dijo que si vuelve la derecha estarán “jodidos”, pero no mencionó que sería por temas de “corrupción”. En un evento del MAS, el diputado Héctor Arce indicó que si vuelve la derecha estarán acabados, pero no mencionó que los meterían a la cárcel por hechos de corrupción. En Facebook circula una imagen ( 1 , 2 , 3 ) con la línea gráfica del programa Que No Me Pierda (QNMP), de la Red Uno, donde se le atribuye la siguiente declaración al diputado Héctor Arce: “Si la derecha vuelve estamos jodidos nos van a buscar debajo de las piedras y nos van a meter a la cárcel por corrupción hasta hacernos devolver la plata del robo al Fondo Indígena por eso pido unidad hermanos”. ChequeaBolivia verificó que se trata de información engañosa. En una búsqueda en la página de Facebook del programa QNMP, se constató que el medio publicó dos declaraciones textuales del diputado Arce, donde se utiliza la misma fotografía que se observa en el contenido que circula en las redes sociales. En la primera declaración publicada, Arce dice: “Hoy Álvaro García Linera es otra persona que no se define de qué lado está, es una persona tibia”.  La segunda declaración de Arce es: “Noto mucha incoherencia (…) hay que ser consecuentes con el país”. Por su parte, la responsable de Redes Sociales de la Red Uno en Cochabamba, Sharon Portillo, indicó a chequeaBolivia que el contenido que circula en las redes sociales no corresponde a su línea gráfica. “Han tratado de montar, pero no corresponde, no es nuestro”, explicó. Sin embargo, Arce brindó una declaración similar durante un evento de formación de jóvenes, en el municipio de La Asunta en Los Yungas, el pasado 11 de marzo. “Si nosotros retrocedemos, si vuelve la derecha estamos acabados. Si vuelve la derecha, compañeros y compañeras, nos van a perseguir y nos van a buscar aunque debajo de las piedras y cuando nos encuentren vamos a estar jodidos. Eso tiene que estar en nuestra mente, en nuestra conciencia”, manifestó. En el video original donde se observa al diputado tomando la palabra, no menciona que los van a meter a la cárcel por corrupción “hasta hacernos devolver la plata del robo al Fondo Indígena”. Fuentes: Búsqueda en la página de Facebook del programa QNMP La responsable de Redes Sociales de la Red Uno en Cochabamba, Sharon Portillo Búsqueda en Facebook Tags Héctor Arce Tendencia Política No simpatizantes del MAS Fecha Publicación Web Mon, 03/13/2023 - 17:41 Log in to post comments",Engañoso,Media
1714,chequeabolivia.bo,https://chequeabolivia.bo/tergiversan-las-declaraciones-de-la-diputada-del-mas-deisy-choque-tras-pedir-informe-meta,"Tergiversan las declaraciones de la diputada del MAS Deisy Choque tras pedir informe a Meta. Tras la petición de Choque se difunde de manera errada que también anunció movilizaciones, huelgas de hambre y demandas. Por Lucas Illanes Debido la petición de la diputada del MAS, Deisy Choque, de un informe de las cuentas cerradas a Meta, circulan publicaciones ( 1 , 2 , 3 y 4 ) indicado que además ella habría anunciado movilizaciones, huelgas de hambre y demandas. ChequeaBolivia verificó que las imágenes presentan información engañosa. Estas publicaciones circulan desde el pasado 3 de marzo, día antes de que Choque anunció públicamente ante medios de comunicación que pedirá un informe a Meta por la eliminación de una red de cuentas falsas vinculadas al Gobierno y al Movimiento al Socialismo . Después de esto, se compartió una imagen con el siguiente texto: “La diputada del MAS Deisy Choque pide a la cancillería la interpelación contra la empresa Meta de Facebook no descarta movilizaciones contra Meta por anular cuentas de guerreros digitales”. Pero se manipuló la frase, pues las revisiones a los diferentes videos publicados por medios de comunicación ( 5 , 6 , 7 y 8 ) dan cuenta que ella no anunció una “interpelación” ni “movilizaciones contra Meta”. La frase textual de la diputada mencionada en esa ocasión fue la siguiente: “Nosotros a través de la Cancillería vamos a pedir que Meta nos informe caso por caso porque también tenemos conocimiento que han cerrado paginas oficiales (…) Como diputada voy a hacer esa petición de informe que estamos trabajando jurídicamente para ver si es a través la Cancillería o través de quién, pero queremos que Meta nos informe uno por uno cuales han sido las páginas cerradas y por qué”. Otra publicación con la marca del periódico estatal Ahora El Pueblo muestra que Choque se habría declarado en “huelga de hambre”, habría solicitado “una devolución de las cuentas” y “una demanda contra Meta”. Esta información también es falsa debido a que ni las redes sociales ni la página web de este medio contienen evidencias de esta publicación ( 9 , 10 y 11 ). Finalmente, también se revisaron las cuentas de Twitter y Facebook de la diputada y tampoco existen resultados sobre las declaraciones tergiversadas. Fuentes: Declaraciones de la diputada del MAS, Deisy Choque, recabadas de videos publicados por medios de comunicación ( 5 , 6 , 7 y 8 ) Informe de Meta sobre Amenazas Adversas, Cuarto Trimestre de 2022 Revisión a las redes sociales y página web de Ahora El Pueblo ( 9 , 10 y 11 ) Revisión de las cuentas de Twitter y Facebook de Deisy Choque Tags Deisy Choque MAS Meta Tendencia Política Simpatizantes del MAS Fecha Publicación Web Tue, 03/07/2023 - 15:44 Log in to post comments",Engañoso,Media
1715,chequeabolivia.bo,https://chequeabolivia.bo/morales-no-dijo-que-quiere-saber-si-el-presidente-y-los-ministros-respetaran-las-decisiones-del,"Morales no dijo que quiere saber si el presidente y los ministros respetarán las decisiones del trópico. En su declaración original, Morales sostuvo que quisiera saber si el presidente y los ministros van a respetar al MAS. En  la página de Facebook denominada Vanessa Fernández circula una imagen con el logo de la Agencia de Noticias Fides (ANF), donde se brinda la siguiente información: “Evo: Quisiera saber si el presidente y ministros van a respetar las decisiones del trópico no puedo entender eso”. ChequeaBolivia verificó que se trata de un contenido engañoso. En una búsqueda del contenido en la página web y en la cuenta de Facebook de ANF se constató que el medio de comunicación publicó un contenido similar con la siguiente información: “Evo: Quisiera saber si el presidente y ministros van a respetar al MAS” . La jefa de Redacción de ANF, Nancy Vacaflor, informó a ChequeaBolivia que el contenido original que publicó el medio de comunicación no hace referencia a las “decisiones del trópico”. La desinformación circula en las redes sociales luego de que el expresidente Evo Morales y el presidente Luis Arce sostuvieran una reunión, en la ciudad de Cochabamba, el pasado 13 de octubre. Posteriormente, Morales concluyó, a través de un programa de radio, que quisiera “saber si el presidente (Luis Arce), algunos ministros van a respetar al MAS o no van a respetar al MAS, son del MAS o no son del MAS”. FUENTES: Búsqueda del contenido en la página web y en la cuenta de Facebook de ANF La Jefa de Redacción de ANF, Nancy Vacaflor Tags Evo Morales Tendencia Política No simpatizantes del MAS Fecha Publicación Web Wed, 10/19/2022 - 10:41 Log in to post comments",Engañoso,Media
1716,chequeabolivia.bo,https://chequeabolivia.bo/manipulan-una-cita-de-castillo-sobre-evo-morales,"Manipulan una cita de Castillo sobre Evo Morales. En la cita original publicada por Los Tiempos, Castillo no se refiere a Evo Morales acusándolo de pedofilia. En la página de Facebook “ Resistencia Potosina” se comparte una imagen con la línea gráfica de Los Tiempos, donde se le atribuye la siguiente declaración al ministro de Gobierno, Eduardo Castillo: “Nuestro expresidente tiene dos males la pedofilia y el cáncer que es su exgabinete que si no se trata va a ser terminal”. ChequeaBolivia advierte que se trata de un contenido engañoso. Tras una revisión en la página de Facebook y la página Web de Los Tiempos , se constató que el medio de comunicación publicó la siguiente declaración del ministro de Gobierno: “Nuestro expresidente, nuestro compañero, nuestro líder Evo Morales tiene un cáncer que si no se lo trata va a ser terminal, y ese cáncer es su exgabinete”. Consultado sobre este tema, el jefe de Prensa de Los Tiempos, Fernando Avendaño, informó a ChequeaBolivia que se trata de un contenido manipulado que circula en las redes sociales a partir de una publicación que realizó el medio. La desinformación circula en las redes sociales luego de que el pasado 10 de septiembre, Del Castillo arremetiera contra exministros de Evo Morales sin brindar nombres específicos y calificándolos como un cáncer. FUENTE: Revisión en la página de Facebook y la página Web de Los Tiempos Jefe de Prensa de Los Tiempos, Fernando Avendaño Tags Eduardo del Castillo Evo Morales Tendencia Política Indeterminada Fecha Publicación Web Fri, 09/16/2022 - 18:46 Log in to post comments",Engañoso,Media
1717,chequeabolivia.bo,https://chequeabolivia.bo/pagina-siete-no-informo-que-copa-senalo-morales-como-narco,"Página Siete no informó que Copa señaló a Morales como “narco”. En la nota original publicada por Página Siete se evidenció que no se menciona a Evo Morales como “narco”. Por Danny Espinoza En Facebook circula una imagen de la Alcaldesa de El Alto, Eva Copa, con la línea gráfica de Página Siete acompañada del siguiente texto: “Copa sobre cerco a la alcaldía: Detrás de todo está el narco Evo Morales”. ChequeaBolivia advierte que se trata de un contenido engañoso. En una revisión de la cuenta oficial de Facebook de Página Siete se verificó que el medio publicó una nota con el siguiente texto: “Copa sobre cerco a la alcaldía: detrás de todo esto está Evo Morales”.  Pero, en el titular de la nota no menciona “el narco” Evo Morales como se observa en el contenido manipulado. También, se hizo una búsqueda en Google y se evidenció que no hay notas ( 1 y 2 ) que mencionen como narco al expresidente Morales. En una revisión de la imagen se puede observar que la palabra “El narco Evo Morales” tiene diferente tipo de letra y tamaño a la tipografía original de la nota. Una evidencia más de manipulación de la nota. Fuente: Cuenta oficial de Facebook de Página Siete Búsqueda en Google Revisión de la imagen Tags Página Siete Tendencia Política No simpatizantes del MAS Fecha Publicación Web Mon, 06/13/2022 - 18:10 Log in to post comments",Engañoso,Media
1718,chequeabolivia.bo,https://chequeabolivia.bo/index%2ephp/enganoso-manipulan-una-declaracion-del-vicepresidente-choquehuanca,"Engañoso: Manipulan una declaración del vicepresidente Choquehuanca. Los términos “último inca” o “pachakuti” se incluyeron en una declaración original del vicepresidente David Choquehuanca. En la página de Facebook Resistencia Potosina, se comparte una imagen con la línea gráfica del diario Opinión, en la que se atribuye la siguiente declaración al vicepresidente David Choquehuanca: “A 40 días del año nuevo Aymara, Amazónico, quiero pedirles a todos como último inca no comer carme, no tener sexo, no tomar alcohol debemos respetar al Pachakuti”. ChequeaBolivia verificó que se trata de información engañosa. ChequeaBolivia realizó una revisión de la página de Facebook oficial de Opinión y constató que el medio publicó una declaración similar, que indica: “40 días antes, hermanos, no carne; 40 días antes, no trago, ni una gota de alcohol, tenemos que limpiarnos; 40 días antes no sexo, tenemos que prepararnos (…). Hagan la práctica, hermanos, así hacían nuestros abuelos, ustedes saben, hermanos”. La directora del medio, Leslie Lafuente, indicó que se trata de “información distorsionada”. El contenido circula después de que el vicepresidente del Estado, David Choquehuanca, pidió evitar comer carne, beber alcohol y tener sexo 40 días antes del Año Nuevo Aymara, Andino, Amazónico y Chaqueño para limpiar los cuerpos. FUENTES: Una revisión de la página de Facebook oficial de Opinión La directora del medio, Leslie Lafuente Tags Opinión David Choquehuanca Tendencia Política No simpatizantes del MAS Fecha Publicación Web Thu, 06/02/2022 - 19:10 Log in to post comments",Engañoso,Media
1719,chequeabolivia.bo,https://chequeabolivia.bo/los-tiempos-no-publico-que-morales-declaro-que-hay-un-ministro-derechista,"Los Tiempos no publicó que Morales declaró que hay un “ministro derechista”. En una búsqueda en Google y RRSS de Los Tiempos se evidenció que no publicaron una frase indicando que tienen un “ministro derechista” En Facebook se comparte una imagen con la línea gráfica de Los Tiempos, en la que se atribuye la siguiente declaración al líder del MAS, Evo Morales: “No puedo entender habría policías en servicio pasivo que trabajan para la DEA, ahora nos están pisando los talones parece que tenemos ministro derechista”. ChequeaBolivia verificó que se trata de información engañosa. En una búsqueda en las redes sociales oficiales de Los Tiempos ( 1 y 2 ) , se constató que el medio publicó la siguiente declaración: “Por información oficial que tengo, es que algunos policías en servicio pasivo trabajan para la DEA. Están bien organizados, bien armados”, sin referencia al ministro de Gobierno, Eduardo del Castillo. ¿Qué opina de la #FraseDelDía ? pic.twitter.com/SHSbX8oPge — Los Tiempos (@LosTiemposBol) May 29, 2022 Asimismo, el jefe de redacción de Los Tiempos, Fernando Avendaño, aclaró que la nota fue “tergiversada” y que la original fue publicada el domingo 29 de mayo. También, se realizaron búsquedas en Google ( 3 , 4 y 5 ) y se evidenció que ningún medio de comunicación publicó la frase indicando que tiene un “ministro derechista”. El contenido falso tiene la tipografía diferente a la nota original publicada por Los Tiempos y presenta errores de redacción. Fuentes: RRSS de Los Tiempos Fernando Avendaño, jefe de redacción de Los Tiempos Búsqueda en Google Tags Los Tiempos Tendencia Política No simpatizantes del MAS Fecha Publicación Web Tue, 05/31/2022 - 17:47 Log in to post comments",Engañoso,Media
1720,chequeabolivia.bo,https://chequeabolivia.bo/enganoso-exviceministro-bobaryn-no-dijo-que-morales-destruye-todo-lo-que-toca,"Engañoso: Exviceministro Bobaryn no dijo que Morales “destruye” todo lo que toca. Tras búsquedas de Google no se encontró que medios nacionales reportaran una acusación de Freddy Bobaryn contra Evo Morales señalando que todo lo que toca lo destruye. En Facebook circula una imagen del exviceministro de Coordinación Gubernamental, Freddy Bobaryn, acompañada de la siguiente afirmación: “El MAS no es una persona Evo Morales todo lo que toca destruye"". ChequeaBolivia constató que se trata de información engañosa. Aunque la publicación del ex viceministro ya no se encuentra en su cuenta oficial de Facebook , en una búsqueda en Google se encontró que los medios nacionales del país ( 1 , 2 y 3 ) replicaron la declaración de Bobaryn en la que afirmó que: “Hemos demostrado que el MAS-IPSP ¡No es una Persona!”, sin mencionar que el Jefe del MAS, Evo Morales, destruye todo lo que toca. La declaración de Bobaryn publicada en su página de Facebook fue manipulada para generar desinformación. También se realizaron búsquedas en Google , pero ningún medio reportó una supuesta acusación de Bobaryn en contra de Morales señalando que todo lo que toca lo destruye. Fuentes: Revisión hemerográfica Buscador de Google Tags Política Tendencia Política No simpatizantes del MAS Fecha Publicación Web Tue, 05/17/2022 - 15:01 Log in to post comments",Engañoso,Media
1721,chequeabolivia.bo,https://chequeabolivia.bo/pagina-siete-no-informo-que-comunidad-ciudadana-impugna-postulacion-de-cruz-por-ser-afin-al-mas,"Página Siete no informó que Comunidad Ciudadana impugna postulación de Cruz por ser afín al MAS. Página Siete no mencionó que Comunidad Ciudadana impugna la postulación a Defensor del Pueblo de Nadia Cruz por ser afín al MAS. En Facebook circula una imagen de Nadia Cruz con la línea gráfica de Página Siete, con el siguiente texto: “Defensoría del Pueblo: CC impugna la postulación de Nadia Cruz por ser afín al MAS IPSP”. ChequeaBolivia advierte que se trata de un contenido engañoso. En una revisión en la cuenta oficial de Facebook de Página Siete se constató que el medio publicó una nota con el siguiente texto: “Defensoría del Pueblo: CC impugna la postulación de Nadia Cruz” . Pero en la nota no se menciona la razón de esa acción. < El contenido falso circula en redes sociales tras la lista de postulantes habilitados e inhabilitados a la Defensoría del Pueblo . Fuente: Cuenta oficial de Facebook de Página Siete Revisión de redes sociales Tags Página Siete Tendencia Política No simpatizantes del MAS Fecha Publicación Web Tue, 04/12/2022 - 18:55 Log in to post comments",Engañoso,Media
1722,chequeabolivia.bo,https://chequeabolivia.bo/red-uno-no-informo-que-de-la-cruz-llamo-vividor-chupasangre-del-estado-morales,"Red Uno no informó que De La Cruz llamó “vividor chupasangre del Estado” a Morales. En una búsqueda avanzada se constató que el exrepresentante de la Central Obrera Regional (COR) de El Alto, Roberto de la Cruz, no calificó como “vividor chupasangre” al expresidente Evo Morales En Facebook circula una imagen con la línea gráfica de Red Uno en la que se lee el siguiente titular: “Roberto de la Cruz llama vividor chupa sangre del estado a Evo y le recuerda que nunca ha trabajado siempre ha vivido del estado (sic)”. ChequeaBolivia advierte que el contenido es engañoso. Tras una búsqueda avanzada en la página de Red Uno se constató que no hay ninguna publicación con el contenido difundido, pero se verificó que en la página web de El Deber se publicó un artículo con el siguiente titular: “ Roberto de la Cruz llama “vividor del Estado” a Evo y le recuerda que ya percibe un sueldo por ser expresidente ”, pero no llamó “chupasangre” del estado a Evo Morales. También se contactó a la encargada de redes sociales de la Red Uno en Cochabamba, Sharon Portillo, quién aclaró que el contenido no corresponde a ese Canal El contenido falso circula en Facebook tras una decisión del Tribunal Constitucional Plurinacional (TCP) instruyendo pagara a Morales una indemnización económica por su inhabilitación como candidato a senador en 2020 ( 1 , 2 y 3 ). Fuentes: Revisión hemerográfica Sharon Portillo, encargada de redes sociales de Red Uno en Cochabamba Tags Red Uno Tendencia Política No simpatizantes del MAS Fecha Publicación Web Mon, 03/21/2022 - 16:21 Log in to post comments",Engañoso,Media
1723,chequeabolivia.bo,https://chequeabolivia.bo/manipulan-una-declaracion-del-exministro-sanchez-berzain-sobre-evo-morales,"Manipulan una declaración del exministro Sánchez Berzaín sobre Evo Morales. El diario El Deber publicó un contenido en el que el exministro Gonzalo Sánchez Berzaín acusa al expresidente Evo Morales de ser “cabeza del narcoestado en Bolivia”, pero en su declaración no hace referencia a términos como “delincuente” ni “prostituido”. En páginas y grupos de Facebook circula una imagen ( 1, 2 , 3 ) con la línea gráfica de El Deber, en la que se le atribuye la siguiente declaración al exministro Carlos Sánchez Berzaín: “El delincuente Evo Morales es el jefe del narcoestado ha prostituido el aparato judicial y policial”. ChequeaBolivia advierte que se trata de un contenido engañoso. En una búsqueda avanzada del contenido en la página web de El Deber se constató que el medio publicó un artículo con el siguiente titular: “Sánchez Berzaín: “Evo Morales es la cabeza del narcoestado en Bolivia”. Según este contenido, Sánchez Berzaín fue entrevistado en El Deber Radio, donde brindó la siguiente declaración:  “Demostrado está de que Evo Morales es la cabeza del narcoestado en Bolivia y el constructor de esta situación ( caso Dávila ) en complicidad con sus socios, con sus jefes de Cuba, Venezuela y de este sistema castrochavista”. En esta entrevista radial y en el artículo publicado por este medio, no se hace referencia a los términos como “delincuente” ni “prostituido”. También se realizó una búsqueda avanzada en la página de Facebook de El Deber y se constató que publicó: “Evo Morales es la cabeza del narcoestado en Bolivia”. Además, la imagen que circula en las redes sociales fue manipulada. En el contenido engañoso se observan errores de redacción y una tipografía diferente. A la izquierda, el contenido engañoso que circula en Facebook, mientras que a la derecha, se observa la imagen original publicada por El Deber. El contenido engañoso circula en Facebook desde el pasado 18 de marzo. En febrero, el Departamento de Estado de EEUU publicó la imagen del exdirector de la Fuerza Especial de Lucha Contra el Narcotráfico (Felcn), Maximiliano Dávila, a nivel internacional y ofreció cinco millones de dólares por información sobre sus nexos con el narcotráfico. FUENTE: Búsqueda avanzada del contenido en la página web de El Deber B úsqueda avanzada en la página de Facebook de El Deber Revisión hemerográfica Tags Carlos Sanchéz Berzaín Tendencia Política No simpatizantes del MAS Fecha Publicación Web Mon, 03/21/2022 - 12:22 Log in to post comments",Engañoso,Media
1724,chequeabolivia.bo,https://chequeabolivia.bo/evo-morales-comparte-una-foto-de-2018-para-vincular-un-diplomatico-de-eeuu-con-la-posesion-de-anez,"Evo Morales comparte una foto de 2018 para vincular a un diplomático de EE.UU. con la posesión de Áñez. La foto es de 2018, pero Áñez juró como presidenta el 13 de noviembre de 2019. A través de Twitter y Facebook se comparte una fotografía difundida por el expresidente Evo Morales en el que se observa al ex encargado de Negocios de Estados Unidos en Bolivia, Bruce Williamson, en el Hemiciclo del Senado supuestamente durante la toma de posesión de la expresidenta, Jeanine Áñez. ChequeaBolivia advierte que es información es engañosa “ Exigimos a la embajada de EE.UU. confirmar o negar que la foto en la que se observa al exencargado de Negocios, Bruce Williamson y al exviceministro de Gestión Comunicacional del gobierno de facto, Marco Aurelio Julio, fue tomada en la autoproclamación de Añez en el Legislativo (…) Nuevas pruebas y evidencias ratifican la participación de EE.UU en el golpe de Estado”, escribió Morales a través de su cuenta de Twitter para difundir la fotografía. La información es engañosa porque Áñez juró como presidenta el 13 de noviembre de 2019 y la fotografía que circula es de 2018, como se puede evidenciar tras una búsqueda de las palabras “Bruce Williamson Senado” en Google , ocasión en la que distintos medios de comunicación informaron que Williamson presenció un debate en el Senado, a propósito de la modificación del Código Niño Niña Adolescente (CNNA). A su vez, el exviceministro de Gestión Comunicacional , Marco Aurelio Julio , quien aparece en la fotografía , respondió a Morales en Twitter : “aclararle que esa foto es de 13 dic 2018, cuando el Senado aprobó modificaciones al Cód Niño,Niña... y me encuentro tres filas detrás del ex encargado de Negocios EE.UU, @BruceWillianson, a quien nunca conocí personalmente”. ChequeaBolivia encontró que esta fotografía fue publicada por la página de Facebook que suele difundir desinformación “P10j0 Bolivia”, días antes de que lo hiciera Morales. Actualmente esta publicación fue eliminada de esta página , aunque la foto publicada por Morales permanece en Internet. Fuentes: Publicación recabada de la cuenta de Twitter de Evo Morales “ Suben la edad para el trabajo infantil en Bolivia de 10 a 14 años ” y “ EEUU quiere una relación cordial y sin agravios con Bolivia ” por ANF “ Modifican código para evitar que menores de 14 años trabajen ” por Los Tiempos Publicación recabada de la cuenta de Twitter de Marco Aurelio Julio Tags Evo Morales Tendencia Política Simpatizantes del MAS Fecha Publicación Web Wed, 01/12/2022 - 17:58 Log in to post comments",Engañoso,Media
1725,chequeabolivia.bo,https://chequeabolivia.bo/correo-del-sur-no-informo-que-evo-morales-se-siente-satisfecho-por-liberacion-de-zapata,"Correo del Sur no informó que Evo Morales se siente satisfecho por liberación de Zapata. Correo del Sur publicó el 3 de diciembre el titular suspendiendo la marcha a Sucre, pero no el comentario atribuido al expresidente Evo Morales por la liberación de Gabriela Zapata. En Facebook se comparte una imagen que utilizando los logos de Correo del Sur titulada: “El MAS decide postergar marcha a Sucre; la propuesta será debatida en los departamentos”. A continuación, se adjudica al líder del Movimiento Al Socialismo (MAS), Evo Morales, haber expresado su satisfacción por la liberación de su ex pareja sentimental Gabriela Zapata, pedir la suspensión de la marcha a Sucre del MAS y cerrar el caso CAMCE. ChequeaBolivia verificó que se trata de información engañosa. ChequeaBolivia, luego de una revisión hemerográfica, constató que Correo del Sur publicó, el 3 de diciembre, el titular suspendiendo la marcha a Sucre , pero no el comentario atribuido al expresidente Morales por la liberación de Zapata. El contenido manipulado circula en redes sociales tras la liberación de Gabriela Zapata, ex pareja del ex presidente Evo Morales y la suspensión de la marcha del MAS hacia el departamento de Sucre. Fuente: Correo del Sur Tags Correo del Sur Tendencia Política No simpatizantes del MAS Fecha Publicación Web Sun, 12/05/2021 - 16:39 Log in to post comments",Engañoso,Media
1726,chequeabolivia.bo,https://chequeabolivia.bo/amilcar-barral-no-dijo-que-familiares-de-las-victimas-de-sacaba-y-senkata-que-marchan-son-masistas,"Amilcar Barral no dijo que familiares de las victimas de Sacaba y Senkata que marchan son “masistas hipócritas”. La publicación de Amilcar Barral no afirma que marchistas de Senkata y Sacaba son “masistas hipócritas”, “usados por la élite masista”. Por Danny Espinoza En Facebook circula la imagen del ex diputado de oposición Amilcar Barral en la que le adjudica la siguiente frase: “Esta gente que está marchando pidiendo justicia por Sacaba y Senkata, sus familiares recibieron la suma de 100mil Bs. en la gestión de la expresidenta Jeanine Áñez y algunos de los familiares trabajan en los ministerios del actual gobierno (…)”. ChequeaBolivia advierte que se trata de un contenido engañoso. ChequeaBolivia, en una revisión de la página oficial de Facebook de Barral, verificó que el exdiputado no publicó un contenido haciendo referencia a que los familiares marchistas de las víctimas de Senkata y Sacaba son “masistas hipócritas”, “usados por la élite masista”, pero sí afirmó lo siguiente: Asimismo, se contactó a Barral quién aseguró que se trata de un contenido falso y manipulado. Fuentes: Página oficial de Facebook de Amilcar Barral Amilcar Barral Tags Amilcar Barral Tendencia Política No simpatizantes del MAS Fecha Publicación Web Mon, 10/25/2021 - 16:58 Log in to post comments",Engañoso,Media
1727,chequeabolivia.bo,https://chequeabolivia.bo/la-nota-de-unitel-sobre-la-denuncia-en-contra-de-arce-es-de-2020,"La nota de Unitel sobre la denuncia en contra de Arce es de 2020. En octubre de 2020, Melgar realizó una denuncia penal en contra del ahora presidente Luis Arce y su esposa por presunto enriquecimiento ilícito. En WhatsApp se comparte una supuesta nota de la Red Unitel en la que se lee: “Arce es denunciado”. En el antetítulo indica: “Viceministro Guido Melgar”. ChequeaBolivia advierte que se trata de un contenido engañoso. ChequeaBolivia realizó una búsqueda del contenido y constató que la Red Unitel publicó una noticia similar en octubre de 2020, aunque el rótulo dice: “Formalizan denuncia contra Luis Arce”. Otro detalle que se observa es que el viceministro Guido Melgar trabajó en la cartera del Viceministerio de Transparencia en la gestión de la expresidenta Jeanine Áñez, en 2020, y no es viceministro en la actualidad. Por tanto, la captura manipulada que circula en WhatsApp no es reciente y un contenido similar fue publicado por la Red Unitel, pero con rótulos diferentes. En octubre de 2020, Melgar realizó una denuncia penal en contra del ahora presidente Luis Arce y su esposa por presunto enriquecimiento ilícito. FUENTE: Herramientas digitales Revisión del contenido Tags Luis Arce Catacora Tendencia Política Indeterminada Fecha Publicación Web Wed, 10/13/2021 - 13:13 Log in to post comments",Engañoso,Media
1728,chequeabolivia.bo,https://chequeabolivia.bo/jose-luis-camacho-no-afirmo-que-hubo-fraude-y-existio-un-golpe-de-estado-en-2019,"José Luis Camacho no afirmó que hubo fraude y existió un golpe de Estado en 2019. El video manipulado circula en redes sociales luego de la retención de José Luis Camacho en el aeropuerto de Viru Viru. Por Danny Espinoza En Facebook se comparte el video de una entrevista de Red Uno, en la que el padre del gobernador de Santa Cruz, José Luis Camacho, supuestamente afirmó: “No hubo fraude. Lo que hubo fue un golpe de Estado”. ChequeaBolivia advierte que se trata de un contenido engañoso. ChequeaBolivia, constató que el video que se difunde en las redes sociales reproduce un fragmento de una entrevista a José Luis Camacho en el programa Que No Me Pierda de la Red Uno.  En una revisión de la entrevista completa se verificó que en el minuto 8:30 José Luis Camacho sostuvo que: “Se están inventando una cantidad de procesos para poder convencer a una población que a veces esta desinformada de que ha habido un golpe de Estado”. En la entrevista también se puede observar al padre del gobernador cruceño decir que hubo golpe, pero después de este lapsus corrigió su postura asintiendo que sí existió un fraude electoral. El video manipulado empezó a circular en redes sociales luego de la retención de José Luis Camacho en el aeropuerto de Viru Viru por citación de la Fiscalía. Fuentes: Entrevista completa  a José Luis Camacho, en Red Uno Tags Luis Fernando Camacho Tendencia Política Simpatizantes del MAS Fecha Publicación Web Wed, 09/29/2021 - 14:48 Log in to post comments",Engañoso,Media
1729,chequeabolivia.bo,https://chequeabolivia.bo/index%2ephp/medios-extranjeros-no-publicaron-un-articulo-de-expresidentes-iberoamericanos-acusando-arce-por-la,"Medios extranjeros no publicaron un artículo de expresidentes iberoamericanos acusando a Arce por la situación de Áñez. Ninguno de los medios de comunicación publicó un contenido similar. En Facebook circulan las capturas de tres supuestas capturas de noticias de BBC Mundo, El Heraldo y La Nación, todas con un titular similar al siguiente: “Expresidente de Latinoamérica responsabilizan al Gobierno de Arce por lo que le pase a la vida de la expresidente Áñez”. ChequeaBolivia advierte que el contenido es engañoso. ChequeaBolivia realizó una búsqueda del contenido en el portal web de la BBC Mundo , pero no existe ningún contenido similar.  También se realizó una búsqueda del contenido en el portal web de El Heraldo y tampoco existe un contenido similar. El contenido que circula con los logos de La Nación titula: “Expresidentes de Latinoamérica responsabilizan al Gobierno de Arce por lo que le pase a la vida de la expresidente Áñez”, pero no existe un contenido publicado bajo el mismo titular.  Lo que publicó el medio argentino indica: “ Tras el intento de suicidio: Mauricio Macri y otros expresidentes de la región piden por la salud de Jeanine Añez ”. Sin embargo, el pasado 23 de agosto, el expresidente Jorge Tuto Quiroga informó sobre un pronunciamiento de expresidentes iberoamericanos, que solicitan a la Comisión Interamericana de Derechos Humanos (CIDH) que otorgue medidas cautelares y se pronuncien sobre la situación de la expresidenta. Ante el riesgo que corre su salud, su vida, y por la injusta detención preventiva de @JeanineAnez , expresidentes iberoamericanos de @IDEA_Grupo solicitamos a @CIDH y @mbachelet que otorguen medidas cautelares, o actúen y se pronuncien sobre este caso, antes que sea tarde. pic.twitter.com/0QFbRjARZA — Tuto Quiroga (@tutoquiroga) August 23, 2021 FUENTE: Búsqueda del contenido en los portales webs oficiales de BBC Mundo, El Heraldo y La Nación Cuenta oficial de Twitter del expresidente Jorge Tuto Quiroga Tags Discurso del Golpe Jeanine Áñez Jorge 'Tuto' Quiroga Tendencia Política No simpatizantes del MAS Fecha Publicación Web Tue, 08/24/2021 - 18:41 Log in to post comments",Engañoso,Media
1730,chequeabolivia.bo,https://chequeabolivia.bo/la-imagen-de-armas-de-grueso-calibre-no-corresponde-los-envios-de-argentina-en-los-conflictos-de,"La imagen de armas de grueso calibre no corresponde a los envíos de Argentina en los conflictos de 2019. la fotografía que se comparte en la publicación no es reciente, es de 2017. En Facebook se comparte una fotografía de armas de grueso calibre, con una descripción en la que se asegura que corresponde al cargamento que ingresó de Argentina durante los conflictos de 2019. La imagen se comparte en una página de Facebook que tiene el logo de Bolivia Tv y junto a declaraciones del Comandante de la Policía, Jhonny Aguilera. ChequeaBolivia verificó que se trata de un contenido engañoso. ChequeaBolivia realizó una búsqueda en reverso de la imagen y verificó que el contenido fue publicado por medios de comunicación en mayo de 2017, como parte de un reporte en el que se informa sobre tráfico de armas de grueso calibre que pretendían ser trasladadas a Brasil y Paraguay, desde Bolivia. Sin embargo, el Comandante de la Policía, Jhonny Aguilera, brindó una conferencia de prensa el pasado 14 de julio, en la que informó que parte del material enviado desde la Argentina en 2019 se encuentra en los depósitos de la institución, pero no menciona que se trate de armas de grueso calibre ni mostró dicho cargamento. Además, ChequeaBolivia publicó una verificación en la que categorizó como falsa la página de Facebook que utiliza los logos de Bolivia TV. FUENTE: Herramientas digitales de búsqueda en reverso Revisión bibliográfica Tags Discurso del Golpe Tendencia Política Simpatizantes del MAS Fecha Publicación Web Fri, 07/23/2021 - 12:01 Log in to post comments",Engañoso,Media
1731,chequeabolivia.bo,https://chequeabolivia.bo/tuto-quiroga-llamo-mitomano-evo-morales-pero-no-lo-acuso-de-aprovecharse-de-los-indigenas,"“Tuto” Quiroga llamó mitómano a Evo Morales, pero no lo acusó de aprovecharse de los indígenas. Se aumentaron palabras a la publicación original de Quiroga. En Facebook circula una publicación con la imagen del expresidente del Estado, Jorge “Tuto” Quiroga, acompañada de un rótulo atribuyéndole haber afirmado que Evo Morales es un “mitómano” y se aprovecha de los indígenas. ChequeaBolivia advierte que se trata de información engañosa. ChequeaBolivia, mediante una revisión en la cuenta de Twitter de Quiroga, corroboró que la exautoridad respondió a un tuit del expresidente y líder del Movimiento al Socialismo (MAS), Evo Morales, en el que acusó a Quiroga de haberse comunicado con el excomandante de la Fuerza Aérea Boliviana (FAB), Jorge Terceros, durante los conflictos post electorales de octubre-noviembre de 2019, y que actualmente se encuentra detenido preventivamente por el caso “golpe de Estado”. Quiroga en su tuit llamó mitómano a Morales y lo invitó a debatir en la televisión, pero no mencionó que Morales se aprovecha de los indígenas. El mitómano no para: no respetó 21F, no reconoció su auditoría vinculante de OEA y sigue mintiendo. Evo sí reconoce ahora que amenazó a Terceros con hacer arder #Bolivia . Yo NO hablé nunca con Terceros. Evo, basta de tramoyas y venganza, ¿cuándo y en qué canal debatimos? pic.twitter.com/B4L1EHkpMa — Tuto Quiroga (@tutoquiroga) July 8, 2021 FUENTES: Cuenta de Twitter de Jorge “Tuto” Quiroga Revisión en las redes sociales Tags Jorge 'Tuto' Quiroga Tendencia Política No simpatizantes del MAS Fecha Publicación Web Fri, 07/09/2021 - 16:43 Log in to post comments",Engañoso,Media
1732,chequeabolivia.bo,https://chequeabolivia.bo/el-director-del-fbi-no-denuncio-que-murillo-tiene-contacto-directo-con-morales,"El director del FBI no denunció que Murillo tiene contacto directo con Morales. El aludido no se refirió al caso del ex ministro recientemente. En las redes sociales circula una supuesta captura de pantalla con un texto que, en su primera parte, afirma que el Departamento de Justicia de Estados Unidos (EEUU), dio a conocer que el exministro de Gobierno, Arturo Murillo, estuvo involucrado en hechos de corrupción. En la segunda parte, aparece una imagen de una personalidad con la bandera estadounidense de fondo, a la que se le atribuye hacer dicho que: “capturamos a cinco ex funcionarios bolivianos y ciudadanos norteamericanos con descendencia latina (…) Encontramos que Arturo Murillo y allegados tienen contacto directo con el ex presidente boliviano, Evo Morales”. ChequeaBolivia constató que se trata de información engañosa. ChequeaBolivia realizó una revisión hemerográfica y verificó que la primera parte del texto contiene información veraz, pues fue reproducida por distintos medios nacionales e internacionales. Además, el Departamento de Justicia de EEUU emitió un comunicado el pasado miércoles 26 de mayo, ratificando esa información. Pero, la segunda parte de la información es falsa. Por un lado, a través de una búsqueda en reversa de imágenes en Google, se identificó que la personalidad a la que se le atribuye la cita es Christopher Wray, actual director de la Oficina Federal  de Investigaciones (FBI) y, por el otro, tras una revisión en medios nacionales e internacionales, se corroboró que el aludido no realizó la afirmación ni se refirió al tema recientemente. FUENTE Departamento de Justicia de Estados Unidos Revisión en medios nacionales e internacionales Herramienta de búsqueda en reversa de imágenes en Google Tags Arturo Murillo Tendencia Política Indeterminada Fecha Publicación Web Sun, 05/30/2021 - 11:33 Log in to post comments",Engañoso,Media
1733,chequeabolivia.bo,https://chequeabolivia.bo/dirigente-de-las-juventudes-del-mas-critico-dessard-pero-no-lo-acuso-de-ser-un-espia-conspirador,"Dirigente de las juventudes del MAS criticó a Dessard, pero no lo acusó de ser un “espía conspirador”. Chuquimia criticó las acciones de Dessard, pero no realizó las acusaciones que le atribuyen. En Facebook circula una publicación afirmando que el dirigente de las juventudes del MAS en La Paz, Álvaro Chuquimia, acusó al activista francés, Alexis Dessard, de ser un “espía conspirador” por sus tareas de limpieza en el país, y que estaría haciendo quedar mal al gobierno de Luis Arce Catacora. ChequeaBolivia advierte que se trata de información engañosa. ChequeaBolivia, mediante una revisión hemerográfica, constató que Chuquimia criticó la labor de Dessard en un video difundido por la Red Unitel , así como también pidió a las autoridades no descuidar el tema medioambiental. “En estos últimos días se ha visto y hemos visto todos que un visitante extranjero llamado Alexis (Dessard) viene a nuestro país a obligarnos, o a observarnos que nuestro país estaba lleno de basura, a observarnos que nuestro país estaba totalmente sucio, como podemos decir. Y yo me pregunto, cuando yo voy a visitar una casa, yo no tengo ninguna autoridad para observar porque yo soy visitante, yo no soy dueño de la casa”, declaró Chuquimia. No obstante, en el video no se observa al dirigente decir que Dessard es un ""espía conspirador”, ni existen registros de dicha acusación en otros medios de comunicación. FUENTES: Revisión hemerográfica Red Unitel Tags Alexis Dessard Tendencia Política No simpatizantes del MAS Fecha Publicación Web Fri, 05/28/2021 - 16:00 Log in to post comments",Engañoso,Media
1734,chequeabolivia.bo,https://chequeabolivia.bo/eva-copa-no-era-alcaldesa-de-el-alto-cuando-pagina-siete-denuncio-poco-uso-del-wayna-bus,"Eva Copa no era alcaldesa de El Alto cuando Página Siete denunció poco uso del Wayna Bus. La nota de Página Siete es de 2019, cuando Copa aún no era alcaldesa de El Alto. En Facebook circula la captura de una nota de Página Siete indicando que sólo 10 de los 60 Wayna Bus que tiene la ciudad de El Alto funcionan, culpando a la administración de la alcaldesa Eva Copa. ChequeaBolivia constató que se trata de información engañosa. ChequeaBolivia, mediante una revisión hemerográfica, constató que la nota de la captura es de 2019 , cuando Eva Copa aún no era alcaldesa de El Alto, sino Soledad Chapetón. No obstante, la captura utilizada en la publicación señala que sólo 10 de los 60 Wayna Bus funcionaban cumpliendo su ruta, cuando la nota original de Página Siete señala que funcionaban 18 de los 60. Al respecto, ChequeaBolivia se contactó con Juan Carlos Véliz, jefe de Redacción Digital de Página Siete, quién declaró: “Hay una modificación (en la nota) con otras intenciones del dato que dice 10, en todo caso es un montaje que no corresponde a Página Siete”. FUENTES: Juan Carlos Véliz, jefe de Redacción Digital de Página Siete Página Siete Revisión hemerográfica Tendencia Política Simpatizantes del MAS Fecha Publicación Web Fri, 05/14/2021 - 16:09 Log in to post comments",Engañoso,Media
1735,chequeabolivia.bo,https://chequeabolivia.bo/index%2ephp/hay-personas-que-comparten-numero-de-cedula-en-el-padron-biometrico,"Hay personas que comparten número de cédula en el padrón biométrico. Segip diferencia las cédulas de identidad con complementos alfanuméricos. En Facebook circula una publicación indicando que el padrón electoral sería “fraudulento” ya que distintas personas con el mismo número de cédula de identidad estarían habilitadas para votar en las elecciones subnacionales. ChequeaBolivia advierte que se trata de información engañosa. ChequeaBolivia a través de una revisión en la plataforma Yo Participo del Órgano Electoral Plurinacional (OEP) corroboró que algunas de las personas en la lista difundida en las redes sociales comparten un mismo número de cédula de identidad y están habilitadas para emitir su voto en las elecciones subnacionales 2021. ChequeaBolivia contactó al Director Nacional del Servicio de Registro Cívico (SERECI), Diego Tejerina, quien explicó que es un fenómeno común en carnets antiguos porque antes la Policía era la encargada de realizar la carnetización. Problema subsanado con la inserción de códigos alfanuméricos en las cédulas de identidad. “Ese un problema recurrente, por lo que el Segip ha creado un número complemento alfanumérico en aquellos casos que han ido a renovar (la cédula) y en los casos que no han renovado esas personas siguen compartiendo este mismo número de cédula identidad. Lo que nosotros hacemos es tomar la biometría, o sea, cuando uno se empadrona se toman las huellas dactilares, que eso sí o sí es diferente en las personas. Entonces todos estos datos y todos estos nombres, nosotros tenemos la certeza y es verificable, son personas diferentes”. FUENTES OEP Diego Tejerina, Director Nacional del SERECI Tags Elecciones subnacionales 2021 Tendencia Política Indeterminada Fecha Publicación Web Sun, 03/07/2021 - 18:23 Log in to post comments",Engañoso,Media
1736,chequeabolivia.bo,https://chequeabolivia.bo/acusan-pedro-garcia-de-copiar-las-acciones-de-camacho,"Acusan a Pedro García de “copiar” las acciones de Camacho. La imagen manipulada pertenece a un video del candidato Pedro García contando anécdotas con Mario Cronenbold. Por Bolivia Aclara Circula en la red de Facebook una captura de pantalla en la que se observa al candidato del Movimiento Al Socialismo (MAS) para Vicegobernador de Santa Cruz, Pedro García, trepando a un árbol, mientras que en el texto de presentación señala “copia nuevamente a Camacho esta vez tomándose fotos sacando frutas, ya preocupa su obsesión”. Bolivia Aclara verificó que se trata de una publicación engañosa. Bolivia Aclara revisó las redes sociales y encontramos el video original donde se observa a García cosechando mandarinas de un árbol en el patio de su vivienda, mientras narra sus experiencias en la campaña y la amistad que desarrolló con Mario Cronenbold. “En el tiempo de campaña, que he tenido con Mario, he tenido la oportunidad de conocer, no solo al candidato, sino que he tenido la oportunidad de conocer a la persona…”, relata en el video. La alusión de “copiar y obsesionarse” con el candidato a Gobernador, Luis Fernando Camacho, por el frente Creemos, se debe a que en fecha 4 de febrero del presente, subió a su página de Facebook una fotografía donde se le observa sacar frutos en una propiedad privada al momento de explicar los recuerdos de su niñez que le generó visitar los barrios. “¿Quién no compró alguna vez una sodita en bolsita o tuvo su yunta pa' apear frutas? Gracias por creer Barrio San Juan”, destacaba el post FUENTE: Cuenta de Pedro García en Facebook Tags Elecciones subnacionales 2021 Tendencia Política No simpatizantes del MAS Fecha Publicación Web Sat, 03/06/2021 - 18:40 Log in to post comments",Engañoso,Media
1737,chequeabolivia.bo,https://chequeabolivia.bo/bolivision-no-afirmo-que-evo-morales-se-llevo-bs-520-millones,"Bolivisión no afirmó que Evo Morales se llevó Bs 520 millones. Bolivisión no afirmó en una nota que Evo Morales se fugó con 520 millones de bolivianos. En Facebook circula la captura de pantalla de una supuesta noticia del medio Bolivisión en la que se afirma que el ex presidente del Estado, Evo Morales, se llevó 520 millones de bolivianos en su avión privado. ChequeaBolivia advierte que se trata de información engañosa. ChequeaBolivia, tras una revisión de videos en el canal oficial de YouTube de Noticias Bolivisión, constató que en la nota audiovisual “Dudas por supuesto traslado de dinero en aeropuerto”, durante la entrevista al ex mandatario en México se puso incomodo tras la pregunta de un periodista sobre la posible relación sobre el traslado de camiones de valor al aeropuerto. Fuente: Canal oficial de YouTube de Noticias Bolivisión Tags Bolivisión Tendencia Política No simpatizantes del MAS Fecha Publicación Web Thu, 03/04/2021 - 19:04 Log in to post comments",Engañoso,Media
1738,chequeabolivia.bo,https://chequeabolivia.bo/arce-no-menciono-al-imperio-yanqui-en-la-posesion-del-nuevo-ministro-de-salud,"Arce no mencionó al “imperio yanqui” en la posesión del nuevo Ministro de Salud. El presidente Luis Arce nunca hizo referencia al impero Yanqui en dicho discurso. En Facebook circula una imagen del presidente del Estado Plurinacional de Bolivia, Luis Arce Catacora, con el siguiente texto: “Arce dijo que aguantara la pandemia así como aguanto al Gobierno de facto y al imperio Yanqui”. ChequeaBolivia advierte que se trata de información engañosa. ChequeaBolivia, en una revisión al video de la posesión del Nuevo Ministro de Salud, constató que Arce nunca hizo referencia al impero Yanqui en dicho discurso. Lo que sí señaló fue: “Así como nosotros hemos aguantado un gobierno de facto, hemos resistido un gobierno de facto hasta lograr la recuperación de la democracia”. Fuente: Transmisión en vivo del acto de posesión de la nueva autoridad a través de Bolivia Tv Tags Luis Arce Catacora Tendencia Política No simpatizantes del MAS Fecha Publicación Web Thu, 01/21/2021 - 11:54 Log in to post comments",Engañoso,Media
1739,chequeabolivia.bo,https://chequeabolivia.bo/lider-indigena-apunta-choque-y-copa-del-mas-de-ser-complices-del-uso-de-armas-en-sacaba,"Líder indígena apunta a Choque y Copa del MAS de ser cómplices del uso de armas en Sacaba. La noticia es del 2019 y circula como si fuese actual. En las redes sociales circula la captura de pantalla de un titular que afirma: “Líder indígena apunta a Choque y Copa del MAS de ser cómplices del uso de armas en Sacaba”. ChequeaBolivia constató que se trata de información engañosa. ChequeaBolivia realizó una revisión hemerográfica y evidenció que el titular fue publicado por el periódico Los Tiempos el 17 de noviembre del 2019. En la noticia se explica que la líder indígena del Allyu Coconi, Gabina Condori Nina, apuntó a los presidentes de las cámaras de diputados, Sergio Choque, y de senadores, Eva Copa, además de otros asambleístas y militantes del Movimiento al Socialismo (MAS), como los responsables de las muertes en Sacaba, Cochabamba, porque conocían del uso de armas de parte de los movilizados. FUENTE: Los Tiempos Log in to post comments",Engañoso,Media
1740,chequeabolivia.bo,https://chequeabolivia.bo/arce-admite-que-la-administracion-del-mas-desde-11-anos-fue-nefasta,"Arce admite que la administración del MAS desde 11 años fue nefasta. Cometió un lapsus confundiendo la palabra “años” con meses y no mencionó al MAS. En redes sociales circula un video del presidente de Bolivia, Luis Arce Catacora, con el siguiente texto: “Admite que la administración del MAS (Movimiento del Socialismo) fue nefasta durante 11 años”. ChequeaBolivia advierte que es engañoso. El video que circula pertenece al discurso que Arce pronunció en la sesión de honor por el aniversario del departamento de Beni conmemorado el pasado 17 de noviembre y fue transmitido en vivo por el canal estatal Bolivia Tv. Tras una revisión al discurso completo, ChequeaBolivia verificó que Arce cometió un lapsus confundiendo la palabra “años” con meses, como se desprende cuando se escucha la oración completa: “Se han generado en once años de nefasta administración que ha dejado al país más empobrecido de lo que encontramos el año 2006”. Además, el gobierno del expresidente Evo Morales, comenzó el 22 de enero 2006 y terminó el 10 de noviembre 2019, habiendo transcurrido más de 13 años. Fuentes: Transmisión en vivo del canal estatal, Bolivia Tv Revisión hemerográfica Tags Luis Arce Catacora Tendencia Política No simpatizantes del MAS Log in to post comments",Engañoso,Media
1741,chequeabolivia.bo,https://chequeabolivia.bo/arce-catacora-aplicara-impuesto-los-que-tengan-un-patrimonio-igual-o-mayor-500-mil-bolivianos,"Arce Catacora aplicará impuesto a los que tengan un patrimonio igual o mayor a 500 mil bolivianos. Arce Catacora mencionó aplicar un impuesto a la riqueza, pero a los que posean entre 5 y 10 millones de dólares. En las redes sociales circula una captura de una nota del portal eju.tv con una descripción en la que se afirma que el presidente electo en los recientes comicios, Luis Arce Catacora, aplicará un impuesto a los que posean un patrimonio de 500 mil bolivianos o más, incluyendo casas, lotes, automóviles, maquinaria, empresas y otros. ChequeaBolivia constató que se trata de información engañosa. ChequeaBolivia rastreó la publicación original de eju.tv , que consiste en la transcripción de una entrevista que le hicieron a Arce Catacora en la red Gigavisión. Se corroboró que, si bien mencionó un impuesto a las grandes fortunas como una de las medidas a tomar por su gobierno, afirmó también que el monto para aplicar el impuesto está en evaluación, y que oscilará entre los 5 y 10 millones de dólares. FUENTES: Eju.tv Revisión hemerográfica Tags Luis Arce Catacora Tendencia Política No simpatizantes del MAS Log in to post comments",Engañoso,Media
1742,chequeabolivia.bo,https://chequeabolivia.bo/index%2ephp/fotos-muestran-campana-de-vacunacion-animal-en-santa-cruz,"Fotos muestran campaña de vacunación animal en Santa Cruz. Las fotografías que se comparten son de años pasados. A través de Facebook se comparten fotografías de una campaña de vacunación contra la rabia. La publicación está acompañada del siguiente texto: “Comenzó la campaña de vacunación animal en Santa Cruz y el fotógrafo del periódico El Deber, retrató el momento exacto de la inyección”. ChequeaBolivia verificó que el contenido es engañoso. La publicación contiene cuatro imágenes. Mediante una búsqueda en reverso de las primeras tres imágenes, ChequeaBolivia constató que pertenecen al fotógrafo de El Deber Ricardo Montero y fueron publicadas el 26 de agosto del 2019. Sin embargo, se constató que la cuarta imagen no corresponde a la campaña de vacunación actual y fue publicada en 2016 para generar contenido gracioso en redes sociales. La página de Facebook de la Gobernación de Santa Cruz publicó hoy, 28 de septiembre, un video de una conferencia de prensa con el director del Sedes, Marcelo Ríos. Quien informó que en “15 días Santa Cruz va a iniciar una campaña de vacunación en servicio contra la rabia canina y felina. Por lo tanto, a partir de ahora se empieza el proceso de logística para que todos los centros de salud del departamento contengan la más de 250.000 dosis de vacuna contra la rabia”, afirma Ríos en el video . Fuentes: Herramientas digitales de búsqueda Página de Facebook de la Gobernación de Santa Cruz Revisión hemerográfica Tags Santa Cruz Tendencia Política Indeterminada Log in to post comments",Engañoso,Media
1743,chequeabolivia.bo,https://chequeabolivia.bo/en-enganoso-que-evo-morales-se-autodenomino-narcotraficante-y-asesino,"En engañoso que Evo Morales se autodenominó narcotraficante y asesino. El video es real, pero fue publicado en 2016. En las redes sociales circula un video del periodista Carlos Valverde presentando una conferencia de prensa del expresidente Evo Morales, en el que éste se autodenomina como narcotraficante y asesino. ChequeaBolivia constató que se trata de información engañosa. ChequeaBolivia, a través de una revisión hemerográfica constató que el video es real y fue ampliamente difundido en medios de comunicación. Se trata del discurso presidencial N ° 828 de 24 de febrero de 2016, realizado días después del referéndum de ese año que negó la reforma constitucional que permitiría la reelección y el posible cuarto mandato de Morales. En la nota televisiva de la Red Unitel se escucha a Morales decir que él jamás buscó un cargo en la política sindical o nacional, por lo que se sometió siempre a los pedidos de los movimientos sociales, a los que rechazó la primera vez que lo instaron a ser candidato presidencial en 1997. “Después de aceptar retornando de Potosí a Cochabamba me arrepentí y pensé cómo un narcotraficante, un asesino podía ser presidente, en mi mente decía que mis hermanos del campo se hacen la burla de mí y llegando a Cochabamba, al día siguiente renuncié a la candidatura”, declaró Morales. FUENTES: Red Unitel Cambio Revisión hemerográfica Tags Evo Morales Tendencia Política No simpatizantes del MAS Log in to post comments",Engañoso,Media
1744,chequeabolivia.bo,https://chequeabolivia.bo/diego-pary-revelo-que-karen-longaric-retiro-su-candidatura-la-secretaria-general-de-aladi-por-falta,"Diego Pary reveló que Karen Longaric retiró su candidatura a la Secretaría General de Aladi por falta de apoyo de los países miembros. La carta presentada por Longaric establece los puntos de su renuncia. En las redes sociales circula una publicación en la que se afirma que el excanciller de Bolivia, Diego Pary, afirmó que la actual canciller, Karen Longaric, retiró su candidatura a la Secretaría General de Asociación Latinoamericana de la Integración (Aladi) porque no logró ningún apoyo de los países miembros que “no reconocen la candidatura de un gobierno ilegítimo”. ChequeaBolivia constató que se trata de información engañosa. ChequeaBolivia, a través de una revisión hemerográfica confirmó que Pary señaló que la verdadera razón por la que Longaric retiró su candidatura fue que no recibió apoyo internacional. Sin embargo, la canciller boliviana, a través de una carta a Aladi, explica las razones de esa decisión, entre las cuales menciona un “sesgo ideológico” entre algunos países miembros y la “preocupación” por la brecha de género que existe en la región. A continuación se puede leer la carta presentada por Karen Longaric al presidente del Comité de Representantes de Aladi. Nota-N°-004.20-a-las-Repres... by Chequea Bolivia FUENTE: Revisión hemerográfica Tags Karen Longaric Diego Pary Tendencia Política Indeterminada Log in to post comments",Engañoso,Media
1745,chequeabolivia.bo,https://chequeabolivia.bo/juan-carlos-arana-habla-favor-de-luis-arce-catacora,"Juan Carlos Arana habla a favor de Luis Arce Catacora. El video es de 2019 y Arana se refirió a la gestión de Evo Morales. En las redes sociales circula un video del periodista y presentador de televisión Juan Carlos Arana, en el cual afirma que el Movimiento al Socialismo (MAS) brindó estabilidad económica al país durante sus 14 años de gobierno. El video está acompañado de una descripción en la que se asevera que hizo tales declaraciones a favor del candidato a la presidencia por el MAS, Luis Arce Catacora. ChequeaBolivia constató que se trata de información engañosa. ChequeaBolivia, a través de una revisión hemerográfica, constató que el video corresponde a un panel de discusión al que fue invitado Arana el 13 de agosto de 2019, en el programa Sobre la Mesa de Abya Yala Televisión, para comentar el informe presidencial de ese año. En efecto, Arana habló positivamente de la gestión económica del MAS, pero se refirió al expresidente Evo Morales, no a Luis Arce Catacora. FUENTES: Abya Yala Televisión Revisión hemerográfica Tags Luis Arce Catacora Tendencia Política Simpatizantes del MAS Log in to post comments",Engañoso,Media
1746,chequeabolivia.bo,https://chequeabolivia.bo/video-muestra-como-civiles-manejan-armas-de-grueso-calibre,"Video muestra como civiles manejan armas de grueso calibre. El video circuló en redes sociales en octubre de 2019. En Facebook circula un video en el que se observa a un grupo de civiles portando armas de grueso calibre dentro de un vehículo en Bolivia. El siguiente texto acompaña al video: “Denuncian que vehículo con placa 1340 AGH transportaba armas de fuego en Santa Cruz. Sus ocupantes señalan que tratan de no hacer violencia y que este mes es aniversario de Bolivia y afirman estar haciendo patria. En el vídeo se observa a una mujer tratar de ocultar el armamento con su cuerpo”. ChequeaBolivia verificó que se trata de información engañosa. A través de una búsqueda en reverso se constató que el video que circula en redes sociales no es reciente y se difundió en octubre de 2019. En esa misma fecha, medios cruceños confirmaron que las personas dentro del vehículo pertenecían a la Comunidad de Inteligencia, dependiente del Ministerio de Gobierno de entonces. Por tanto, la descripción del video que actualmente se comparte en redes sociales, saca de contexto el video que circuló anteriormente para que parezca que es actual. FUENTE: Herramientas digitales de búsqueda Revisión hemerográfica Tags Gobierno de transición Log in to post comments",Engañoso,Media
1747,chequeabolivia.bo,https://chequeabolivia.bo/murillo-asegura-que-le-fascina-usar-armas-y-que-el-gobierno-no-soltara-el-poder,"Murillo asegura que le fascina usar armas y que el Gobierno no soltará  el poder. Las citas que circulan en  Facebook fueron sacadas de contexto. A través de Facebook circulan fragmentos de un video en el que el periodista Carlos Valverde entrevista al ministro de Gobierno, Arturo Murillo.  Las publicaciones afirman que Murillo habría revelado: “Me fascina usar armas” y que “no soltarán el poder el 6 de septiembre y que habrán muertos”. Chequea Bolivia verificó que la información es engañosa. ChequeaBolivia verificó que las citas que se atribuyen a Murillo fueron sacadas de contexto a partir de una entrevista que se transmitió en vivo ayer 15 de julio por la página oficial de Valverde. A los 25 minutos de transmisión aproximadamente, Valverde preguntó sobre la compra de agentes químicos que fue denunciada por presunto sobreprecio: “¿El vendedor es hijo de una persona tuya conocida?”. Murillo respondió: “El vendedor obviamente es hijo de un conocido mío, de la misma ciudad, somos del mismo lugar. Yo lo conozco, no lo he visto a Lucho hace muchos años, aficionado a las armas él, yo también, aficionado a las armas , me fascinan las armas yo no veo absolutamente ningún problema”. Sobre las declaraciones en relación a las elecciones del 6 de septiembre y que habrán muertos, al minuto 38 del video Valverde preguntó cómo el 21 de junio Jeanine Áñez había promulgado la ley de las elecciones generales. Murillo contestó: “Al promulgar le hemos bajado conflictos (…) Lo importante es lo que va a pasar el 6 de septiembre. ¿Ellos  (refiriéndose al Movimiento al Socialismo) van a aceptar la derrota? No la van a aceptar jamás. Necesitan convulsionar el país, incendiar el país, que hayan muertos en el país y volver por la fuerza al país, porque saben que por las buenas es muy difícil. Les vamos a cerrar todas las puertas porque la democracia no se puede perder…” Fuentes: Página oficial de Facebook, Carlos Valverde Bravo Revisión Hemerográfica Tags Gobierno de transición Tendencia Política Simpatizantes del MAS Log in to post comments",Engañoso,Media
1748,chequeabolivia.bo,https://chequeabolivia.bo/mesa-habla-de-su-alianza-con-juntos-e-invita-otros-partidos-sumarse,"Mesa habla de su alianza con Juntos e invita a otros partidos a sumarse. Los representantes de CC dijeron que están abiertos al diálogo, pero que legalmente ya no se pueden hacer alianzas. En las redes sociales circula un video del candidato a la Presidencia por Comunidad Ciudadana (CC), Carlos Mesa, con una descripción indicando que el candidato habría consumado una alianza con Juntos, que postula a la Presidenta del Estado, e insta a que otros partidos se sumen a la misma. ChequeaBolivia constató que se trata de información engañosa. ChequeaBolivia tras una revisión hemerográfica verificó que el video pertenece a una sección de la entrevista que le hizo el periodista Pedro García a Mesa el pasado 5 de julio, en su programa: Mano a Mano. En la parte final del programa García le preguntó sobre la posibilidad de una alianza política entre CC y otros partidos, a lo que el candidato respondió que “desde el punto de vista legal no se pueden cambiar candidaturas, salvo que exista una renuncia específica de un candidato, pero sí, nosotros estamos abiertos, y además me parece de sentido básico que algunas candidaturas cuyas opciones evidentemente son muy reducidas, deberían considerar con responsabilidad bajarse (de la carrera electoral), pero eso no es una cosa que voy a pedirles yo”. Adicionalmente, el candidato a la vicepresidencia por CC, Gustavo Pedraza, citado por Página Siete , declaró que de “acuerdo con la norma electoral, el tiempo para registrar alianzas ya precluyó, ya ha pasado; en el calendario electoral, desde el punto de vista jurídico, registrar una alianza política ya no se puede porque así la norma lo establece en los hechos concretos”. FUENTES: Mano a Mano - Kandire Noticias Página Siete Tags Carlos Mesa Tendencia Política Simpatizantes del MAS Log in to post comments",Engañoso,Media
1749,chequeabolivia.bo,https://chequeabolivia.bo/camacho-critica-al-gobierno-y-anez-le-responde-en-twitter,"Camacho critica al Gobierno y Áñez le responde en Twitter. La presunta respuesta de Jeanine Áñez que figura en el tuit de Camacho, no se realizó desde la cuenta oficial de la Presidenta. En Facebook circula una captura de un tuit de Luis Fernando Camacho, candidato a la Presidencia por Creemos, en el que denuncia que el Gobierno de Áñez aprovecha “la desesperación de los empresarios afectados por la crisis para ‘arreglar’ sus problemas tributarios a cambio de coima”. Seguidamente se muestra una respuesta de la presidenta Jeanine Áñez donde le pide respeto a su Gobierno. ChequeaBolivia advierte que es engañoso. ChequeaBolivia realizó una revisión de la cuenta oficial de Twitter de Camacho y constató que el candidato sí publicó el siguiente tuit: “Después de robarse el dinero de los respiradores, los del Gobierno se aprovechan de la desesperación de los empresarios afectados por la crisis para “arreglar” sus problemas tributarios a cambio de coima. ¡Basta de enriquecerse con la plata del pueblo!”. Después de robarse el dinero de los respiradores, los del Gobierno se aprovechan de la desesperación de los empresarios afectados por la crisis para “arreglar” sus problemas tributarios a cambio de coima. ¡Basta de enriquecerse con la plata del pueblo! pic.twitter.com/Ke49NVoBuV — Luis Fernando Camacho (@LuisFerCamachoV) May 29, 2020 Sin embargo, la presunta respuesta de Áñez que figura en el tuit de Camacho, no se realizó desde la cuenta oficial de la Presidenta, sino desde una cuenta de twitter que es falsa y se usa para hacer parodia. FUENTE: Revisión de la cuenta de Twitter de Luis Fernando Camacho, candidato a la Presidencia por Creemos Revisión de la cuenta de Twitter de Jeanine Áñez Tags Gobierno de transición Jeanine Áñez Luis Fernando Camacho Tendencia Política Simpatizantes del MAS Log in to post comments",Engañoso,Media
1750,chequeabolivia.bo,https://chequeabolivia.bo/evo-morales-usa-su-helicoptero-para-ir-un-partido-de-futsal,"Evo Morales usa su helicóptero para ir a un partido de futsal. El video que circula en redes sociales forma parte de una entrevista que se realizó al expresidente en abril de 2015. En redes sociales se difunde un video de un minuto aproximadamente, en el que se muestra al expresidente Evo Morales conversando con otra persona sobre un partido de futsal. En el texto del video se indica: “Así es como Evo Morales se conducía para jugar un partido de futbol”.  ChequeaBolivia verificó que la información es engañosa. ChequeaBolivia realizó una búsqueda en Youtube donde constató que el video que circula en redes sociales forma parte de una entrevista que se realizó al expresidente en abril de 2015 para el programa español “Salvados”. La persona que aparece con el exmandatario en el video es el periodista Jordi Évole que para hacer dicha entrevista acompañó a Morales durante una jornada completa de trabajo. El fragmento específico que se utilizó para difundir el audiovisual en redes sociales forma parte de una conversación en la que el exmandatario le cuenta que jugará un partido de futsal tras realizar la entrega de un polideportivo en Saipina, a donde se trasladaban en un helicóptero. FUENTE: Revisión del Canal de YouTube “La Sexta”, de donde forma parte el programa “Salvados” Revisión de la página web “La Sexta” Tags Evo Morales Tendencia Política No simpatizantes del MAS Log in to post comments",Engañoso,Media
1751,chequeabolivia.bo,https://chequeabolivia.bo/bukele-suspende-salarios-diputados-y-magistrados-por-el-coronavirus-y-sus-ministros-deciden-no,"Bukele suspende salarios a diputados y magistrados por el coronavirus y sus ministros deciden no cobrar. Los legisladores salvadoreños siguen recibiendo sus sueldos y los ministros sí los donaron. En Facebook se comparte información del presidente de El Salvador, Nayib Bukele, con el siguiente titular: “Bukele suspende salarios a diputados y magistrados para usarlos para COVID-19, ministros deciden no cobrar”. ChequeaBolivia verificó que la información es engañosa. ChequeaBolivia, a través de una revisión hemerográfica, constató que en una conferencia de prensa, el pasado lunes, Bukele amenazó con cortar los fondos al Órgano Legislativo y al Judicial.  Y en otra, del 20, difundida por la Secretaría de Prensa de El Salvador, Bukele aclaró: “Yo lo que dije, y lo mantengo, es que, si tengo que priorizar entre comprar alimentos o pagar a los diputados, voy a pagar alimentos. Mientras tengamos las dos cosas yo estoy obligado por ley a pagarlas (…) pero si no, toca priorizar”. En tanto, sobre la información de que los ministros de El Salvador pusieron a disposición sus sueldos para ayudar a Bukele en la lucha contra el coronavirus, ChequeaBolvia constató que varias de las autoridades usaron el Twitter para expresar el apoyo al presidente de El Salvador ofreciendo públicamente su salario para hacer frente al COVID -19. FUENTES Revisión hemerográfica Herramientas digitales de Búsqueda Cuenta de Twitter Nayib Bukele Conferencias de prensa de la Secretaría de Prensa de El Salvador Tendencia Política Engañoso Log in to post comments",Engañoso,Media
1752,chequeabolivia.bo,https://chequeabolivia.bo/italia-elimina-230-diputados-y-115-senadores-en-plena-crisis-del-coronavirus,"Italia elimina a 230 diputados y 115 senadores en plena crisis del coronavirus. La medida debe ser aprobada por un referedúm constitucional que aún no tiene fecha . En Facebook circula una imagen reproducida en el país que afirma: ""Italia elimina a 230 diputados y 115 senadores"", como si se tratara de un hecho que surge en plena crisis por el coronavirus. ChequeaBolivia anuncia que esta información es engañosa. ChequeaBolivia, luego de revisar medios italianos, constató que la Cámara de Diputados de Italia ya había aprobado el 8 de octubre de 2019 un proyecto de reforma constitucional, reduciendo el número de diputados de 630 a 400 y de senadores de 315 a 200. Sin embargo, este proyecto debía ser aprobado a través de un referéndum constitucional que se tenía previsto realizar el 29 de marzo 2020 y que postergó por la pandemia del coronavirus. Asimismo, Maldito Bulo de España desmintió casos similares en los que se afirma que ""la crisis del coronavirus rebaja en Italia el número de políticos"" y advirtió que son contenidos que se mueven de manera descontextualizada. Fuentes: Herramientas digitales de búsqueda Revisión hemerográfica Maldito Bulo Tags Italia Tendencia Política Engañoso Log in to post comments",Engañoso,Media
1753,chequeabolivia.bo,https://chequeabolivia.bo/gente-afin-al-mas-destroza-camara-de-desinfeccion,"Gente afín al MAS destroza cámara de desinfección. El Gobierno Autónomo Municipal de Sucre informó que el caso está siendo investigado para identificar recién a los responsables del hecho. En distintos grupos de Facebook circula una imagen en la que se afirma que personas afines al Movimiento Al Socialismo (MAS) destrozaron una cámara de desinfección en la ciudad de Sucre. Chequea Bolivia verificó que la información es engañosa. En una búsqueda en reverso de la imagen, se constató que el hecho ocurrió el viernes 10 de abril en el Mercado Campesino de Sucre. Según la información publicada en la página web del Gobierno Autónomo Municipal de Sucre el caso está siendo investigado para identificar a los responsables del hecho. También se informó que se están tomando medidas de acción para reparar y proteger las cámaras de desinfección. La jefa de Redacción de Correo del Sur, Raykha Flores, informó que la fotografía pertenece a esta casa periodística, pero que la persona que tomó la fotografía no observó que se trate de un destrozo al propósito. Fuentes: Herramientas digitales de búsqueda Página Web del Gobierno Autónomo Municipal de Sucre Jefa de Redacción de Correo del Sur, Raykha Flores Tags Coronavirus en Bolivia Tendencia Política Engañoso Log in to post comments",Engañoso,Media
1754,chequeabolivia.bo,https://chequeabolivia.bo/los-camiones-de-fruta-del-mas-estaban-llenos-de-droga,"Los camiones de fruta del MAS estaban llenos de droga. Los camiones que provenían con fruta y no verduras, desde el trópico hacia Cochabamba llegaron a la ciudad ya el pasado 7 de abril. En redes sociales se comparten imágenes de un camión con verdura que fue hallado con droga junto a un texto que indica: “Tanto era su afán de los masistas de regalar sus frutas, y resulta que estaban llenos de droga”. ChequeaBolivia informa que el contenido es engañoso. En una revisión hemerográfica que realizó ChequeaBolivia constató que los agentes de la Fuerza Especial de Lucha Contra el Narcotráfico (Felcn) descubrieron un camión en el que  transportaban 173,6 kilos de pasta base de cocaína, alcaloide que estaba escondido en medio de un cargamento cebollas, papas y zanahorias. El operativo se ejecutó el miércoles 8 de abril y el camión fue detenido en la avenida G-77 de Santa Cruz. En contacto con medios, el fiscal Roberto Méndez, que está a cargo de las pesquisas, indicó que el procesado solo se limitó a indicar que él venía desde Cochabamba. En tanto, los camiones que provenían con fruta y no verduras, desde el trópico hacia Cochabamba llegaron a la ciudad ya el pasado 7 de abril. Además, en una revisión de las imágenes que realizó ChequeaBolivia, sobre los camiones de fruta que llegaron a Cochabamba se constató que no había uno con características de tipo tráiler. Por otra parte, en la publicación con contenido engañoso incluyen una imagen de frutas con droga al interior que ya fue desmentido por ChequeaBolivia al tratarse de una imagen de Colombia, el 7 de marzo de 2018. FUENTE: Revisión hemerográfica Revisión de videos Tags Coronavirus en Bolivia Tendencia Política Gobierno de transición Log in to post comments",Engañoso,Media
1755,chequeabolivia.bo,https://chequeabolivia.bo/choque-confirma-el-regreso-de-evo-morales-al-pais,"Choque confirma el regreso de Evo Morales al país. La información fue aclarada por el diputado Choque y Radio Líder 97. En las redes sociales circula una publicación en la que el Presidente de la Cámara de Diputados, Sergio Choque, confirma que Evo Morales retornará a Bolivia el 19 de enero para anunciar el binomio por el Movimiento Al Socialismo (MAS). ChequeaBolivia constató que se trata de una publicación engañosa. Radio Líder 97, medio que realizó la publicación original, aclaró a través de sus redes sociales que el diputado no confirmó el regreso de Evo Morales, pero dijo que “Evo tendría que venir para conocer la lista de candidatos”. La autoridad que indicó que los derechos constitucionales del ex mandatario Evo Morales deberán ser respetados en una posible llegada a territorio boliviano. Asimismo, hace unos minutos, el diputado Choque aclaró que presentarán la lista de sus candidatos a Evo Morales el 19 de enero en Argentina. FUENTE: Redes sociales de Radio Líder 97 Tags Evo Morales Log in to post comments",Engañoso,Media
1756,chequeabolivia.bo,https://chequeabolivia.bo/evo-morales-muestra-video-antiguo-para-mostrar-hechos-de-violencia-actuales,"Evo Morales muestra video antiguo para mostrar hechos de violencia actuales. El fragmento del video mencionado pertenece a la marcha conmemorativa de “La matanza del 2 de octubre de 1968 en Tlatelolco México”, que fue colgado en YouTube el 3 de octubre de 2013. En conferencia de prensa en México el pasado 20 de noviembre, el ex presidente Evo Morales Ayma, mostró varios videos para graficar la violencia en los conflictos de la ciudad de El Alto y Cochabamba debido a la crisis que atraviesa el país. Entre ellos mostró un fragmento de un video difundido en 2013. ChequeaBolivia advierte que la información es engañosa. En una revisión que hizo ChequeaBolivia constató que el fragmento del video mencionado pertenece a la marcha conmemorativa de “La matanza del 2 de octubre de 1968 en Tlatelolco México”, que fue colgado en YouTube el 3 de octubre de 2013. Por ello, ChequeaBolvia verificó que esa declaración audiovisual del ex presidente no coincide con los conflictos ocurridos en Bolivia, ya que trata de un video del 2013. FUENTE: Revisión de videos en Youtube Tags Gobierno de transición Log in to post comments",Engañoso,Media
1757,chequeabolivia.bo,https://chequeabolivia.bo/robert-de-niro-llama-dictador-y-asesino-evo-morales,"Robert De Niro llama “dictador y asesino” a Evo Morales. El actor no cuenta con un perfil oficial en Twitter. En las redes sociales se estuvo compartiendo la captura de pantalla de un tuit supuestamente publicado por el reconocido actor de cine Robert De Niro, en el que afirma que “Evo Morales es un dictador y asesino”. ChequeaBolivia constató que la publicación es engañosa. Tras una revisión del perfil que publicó dicha afirmación, se confirmó que se ha difundido dicho tuit, pero no desde la cuenta oficial del actor, ya que éste no la tiene, sino de una cuenta creada por fanáticos de la celebridad, como se explica en el espacio de descripción en su perfil. FUENTE: Revisión de cuenta en Twitter Tags Conflicto en Bolivia Log in to post comments",Engañoso,Media
1758,chequeabolivia.bo,https://chequeabolivia.bo/evo-morales-viaja-la-habana-para-tratarse-un-problema-en-la-garganta,"Evo Morales viaja a La Habana para tratarse un problema en la garganta. Se constató que El País realizó la publicación de una noticia con dicho titular en marzo de 2017. En Facebook y Twitter, el candidato a la Presidencia por Comunidad Ciudadana (CC), Carlos Mesa, compartió una portada del diario El País que titula: Evo Morales viaja a la Habana para tratarse un problema de garganta.  ChequeaBolivia advierte que el contenido es engañoso. En una revisión que hizo ChequeaBolivia de las portadas digitales del diario El País , se constató que el medio realizó la publicación de una noticia con dicho titular en marzo de 2017. Por otra parte, en la publicación realizada por el candidato, no se aclara que la noticia es antigua y tampoco se visualiza en la captura de la portada la fecha de publicación. Por lo mencionado, ChequeaBolivia categoriza la información como engañosa porque se omite la fecha de la publicación de la noticia y en el texto que acompaña a la imagen se hace referencia a que el mandatario viaja en circunstancias en que hay en el país “un sistema de salud en crisis”. FUENTE: Revisión del portal digital de El País Revisión de las cuentas oficiales de Carlos Mesa en Twiiter y Facebook Tags Carlos Mesa Log in to post comments",Engañoso,Media
1759,chequeabolivia.bo,https://chequeabolivia.bo/evo-morales-autorizo-el-desmonte-y-la-quema-del-bosque,"Evo Morales autorizó el desmonte y la quema del bosque. El Decreto Supremo 3973 establece, en su artículo único, la modificación del artículo 5 del Decreto Supremo 26075, vigente desde febrero de 2001. En Facebook se viralizó una imagen del Decreto Supremo 3973 junto a textos que señalan que el presidente Evo Morales autorizó el desmonte y la quema del bosque. ChequeaBolivia advierte que el contenido es engañoso. Al tratarse de un tema delicado y por la polémica que se desató en Facebook, ChequeaBolivia especifica que la imagen que circula en las redes sociales es engañosa porque indica que: “Evo Morales autorizó el desmonte y la quema del bosque; juicio de responsabilidades a Morales y sus Ministros; insensible, irresponsable e ignorante ambiental”, cuando a través del Decreto Supremo 3973 se amplía esa labor que ya estaba establecida por el Decreto Supremo 26075 promulgado en febrero de 2001 por el presidente Hugo Banzer Suárez. Por tanto, la disposición promulgada por el gobierno actual amplía la labor de desmote al departamento del Beni e incluye a las tierras comunitarias. El Decreto Supremo 3973 establece, en su artículo único, la modificación del artículo 5 del Decreto Supremo 26075, vigente desde febrero de 2001, con el siguiente texto: “En los departamentos de Santa Cruz y Beni, se autoriza el desmonte para actividades agropecuarias en tierras privadas y comunitarias, que se enmarque en el Manejo Integral y Sustentable de Bosques y Tierra, conforme a los instrumentos de gestión específicos aprobados por la Autoridad de Fiscalización y Control Social de Bosques y Tierra – ABT, y sus Planes de Uso de Suelo vigentes. En ambos departamentos se permite las quemas controladas de acuerdo a reglamentación vigente, en las áreas clasificadas por el PLUS (Plan de Uso de Suelos) que así lo permitan”. 3973 Decreto Supremo by Chequea Bolivia Uribe on Scribd El artículo reformado del Decreto Supremo 26075 establecía: “En el Departamento de Santa Cruz de la Sierra, se permite el desmonte en tierras privadas sujeto a la aprobación del Plan de Ordenamiento Predial por parte de la Superintendencia Agraria, en conformidad al Artículo 5 del presente Decreto Supremo, y al Plan de Desmonte aprobado por la Superintendencia Forestal. En este departamento, se permiten las quemas de acuerdo al Reglamento Especial de Desmonte y Quemas Controladas, R.M. 131/97 de 9/07/97, en las áreas clasificadas por el PLUS que así lo permitan”. Decreto Supremo 26075 by Chequea Bolivia Uribe on Scribd FUENTE: Gaceta Oficial de Bolivia Tags Evo Morales Log in to post comments",Engañoso,Media
1760,chequeabolivia.bo,https://chequeabolivia.bo/diputada-shirley-franco-es-novia-del-hermano-de-gabriela-zapata,"Diputada Shirley Franco es novia del hermano de Gabriela Zapata. ChequeaBolivia revisó la cuenta de Facebook de la diputada Shirley Franco donde su estado civil muestra que está casada con Franco Moreno Aranciaga. En Facebook, Twitter y WhatsApp se viralizaron imágenes y un video que indican que la diputada y candidata a la Vicepresidencia por Bolivia Dice No, Shirley Franco, es novia de Gabriel Zapata, hermano de Gabriela Zapata. ChequeaBolivia verificó que la información es engañosa. ChequeaBolivia revisó la cuenta de Facebook de la diputada Franco donde su estado civil muestra que está casada con Franco Moreno Aranciaga. En febrero de 2016, Franco aclaró a Erbol que Gabriel Zapata fue “su chico” en la época de la universidad y que la foto en la que aparecen juntos es de 2007 o 2008. ""Shirley está casada con un argentino hace ya tiempo atrás. Todo lo demás, ella lo aclaró oportunamente y es parte de una guerra sucia, lastimosamente iniciada por el mismo Vicepresidente,  en el afán de defender a Evo en su relación con Zapata...Esa foto fue usada por Álvaro García Linera en una conferencia de prensa"", aclaró el encargado de Comunicación de la comisión de Pueblos Indígenas del Senado, Marco Julio. La información engañosa surge después de que la diputada Franco fuera presentada ayer (14 de agosto), como candidata a la Vicepresidencia por Bolivia Dice No. FUENTE: Cuenta de Facebook de la diputada Shirley Franco Reportes de medios de Comunicación El encargado de Comunicación de la comisión de Pueblos Indígenas del Senado, Marco Julio Tags Shirley Franco Log in to post comments",Engañoso,Media
