id_registro,fuente_verificadora,url_origen,texto_crudo,categoria_original,label
911,boliviaverifica.bo,https://boliviaverifica.bo/segunda-vuelta-cdc-y-el-mas-no-tienen-alianza-en-tarija/,Segunda vuelta: CDC y el MAS no tienen alianza en Tarija,Engañoso,Media
912,boliviaverifica.bo,https://boliviaverifica.bo/carta-del-pdc-sin-aval-de-su-delegado-ante-el-tse-solicitaba-declinatoria-de-candidaturas-en-2025/,Carta del PDC sin aval de su delegado ante el TSE solicitaba declinatoria de candidaturas en 2025,Engañoso,Media
913,boliviaverifica.bo,https://boliviaverifica.bo/sacan-de-contexto-video-de-2023-para-implicar-a-rene-yahuasi-en-un-caso-de-agresion-sexual/,Sacan de contexto video de 2023 para implicar a Rene Yahuasi en un caso de agresión sexual,Engañoso,Media
914,boliviaverifica.bo,https://boliviaverifica.bo/tse-no-elimino-votos-de-candidato-inhabilitado-ni-los-convirtio-directamente-en-nulos/,TSE no “eliminó” votos de candidato inhabilitado ni los convirtió directamente en nulos,Engañoso,Media
915,boliviaverifica.bo,https://boliviaverifica.bo/enganoso-fotografia-de-cesar-dockweiler-y-evo-morales-es-antigua/,Engañoso: Fotografía de César Dockweiler y Evo Morales es antigua,Engañoso,Media
916,boliviaverifica.bo,https://boliviaverifica.bo/es-enganoso-que-waldo-albarracin-participe-por-primera-vez-en-una-campana-a-la-alcaldia-de-la-paz/,Es engañoso que Waldo Albarracín participe por primera vez en una campaña a la Alcaldía de La Paz,Engañoso,Media
917,boliviaverifica.bo,https://boliviaverifica.bo/el-candidato-orlando-ceballos-da-un-dato-enganoso-sobre-el-crecimiento-poblacional-de-chuquisaca/,El candidato Orlando Ceballos da un dato engañoso sobre el crecimiento poblacional de Chuquisaca,Engañoso,Media
918,boliviaverifica.bo,https://boliviaverifica.bo/es-enganoso-que-50-municipios-de-santa-cruz-no-tengan-hospitales-de-segundo-nivel-como-afirmo-chi-hyun-chung/,"Es engañoso que “50 municipios de Santa Cruz no tengan hospitales de segundo nivel”, como afirmó Chi Hyun Chung",Engañoso,Media
919,boliviaverifica.bo,https://boliviaverifica.bo/video-que-acusa-a-mamen-saavedra-de-mentir-sobre-no-vivir-de-la-politica-es-enganoso/,Video que acusa a Mamen Saavedra de mentir sobre “no vivir de la política” es engañoso,Engañoso,Media
920,boliviaverifica.bo,https://boliviaverifica.bo/no-es-preciso-decir-que-hubo-mas-de-10-mil-personas-en-una-marcha-en-favor-de-jhonny-plata/,No es preciso decir que hubo más de 10 mil personas en una marcha en favor de Jhonny Plata,Engañoso,Media
921,boliviaverifica.bo,https://boliviaverifica.bo/video-induce-a-creer-que-la-agrupacion-de-edmand-lara-y-libre-de-tuto-quiroga-sellaron-alianza-en-cochabamba/,Video induce a creer que la agrupación de Edmand Lara y Libre de Tuto Quiroga sellaron alianza en Cochabamba,Engañoso,Media
922,boliviaverifica.bo,https://boliviaverifica.bo/chuquisaca-alianza-gente-nueva-manipulo-sus-fotografias-de-la-proclamacion-en-camargo/,Chuquisaca: Alianza Gente Nueva manipuló sus fotografías de la proclamación en Camargo,Engañoso,Media
923,boliviaverifica.bo,https://boliviaverifica.bo/no-solo-quiroga-sanchez-de-lozada-tambien-fue-a-juicio-de-responsabilidades-en-un-caso-vinculado-a-la-exploracion-de-gas/,"No solo Quiroga, Sánchez de Lozada también fue a juicio de responsabilidades en un caso vinculado a la exploración de gas",Engañoso,Media
924,boliviaverifica.bo,https://boliviaverifica.bo/paz-dio-un-dato-correcto-y-otro-incorrecto-sobre-el-numero-de-medicos-por-cada-10-000-habitantes-en-bolivia-y-la-region/,Paz dio un dato correcto y otro incorrecto sobre el número de médicos por cada 10.000 habitantes en Bolivia y la región,Engañoso,Media
925,boliviaverifica.bo,https://boliviaverifica.bo/rodrigo-paz-no-construyo-9-hospitales-municipales-en-tarija-como-dijo-en-el-debate-presidencial/,"Rodrigo Paz no construyó 9 hospitales municipales en Tarija, como dijo en el debate presidencial",Engañoso,Media
926,boliviaverifica.bo,https://boliviaverifica.bo/quiroga-no-llamo-pobres-a-los-bolivianos-las-declaraciones-que-dio-despues-del-debate-vicepresidencial-fueron-sacadas-de-contexto/,"Quiroga no llamó pobres a los bolivianos, las declaraciones que dio después del debate vicepresidencial fueron sacadas de contexto",Engañoso,Media
927,boliviaverifica.bo,https://boliviaverifica.bo/lara-niega-propuesta-de-recorte-de-los-subsidios-a-los-combustibles-pero-el-pdc-si-lo-planteo/,"Lara niega propuesta de recorte de los subsidios a los combustibles, pero el PDC sí lo planteó",Engañoso,Media
928,boliviaverifica.bo,https://boliviaverifica.bo/esta-foto-no-muestra-a-jaime-paz-zamora-con-david-choquehuanca-y-la-diputada-choque/,Esta foto no muestra a Jaime Paz Zamora con David Choquehuanca y la diputada Choque,Engañoso,Media
929,boliviaverifica.bo,https://boliviaverifica.bo/edman-lara-no-ofrecio-viviendas-gratuitas-como-se-menciona-este-video-sino-con-creditos-bancarios/,Edman Lara no ofreció viviendas gratuitas como se menciona este video; sino con créditos bancarios,Engañoso,Media
930,boliviaverifica.bo,https://boliviaverifica.bo/en-2016-paz-aludio-la-campana-por-el-si-en-presencia-de-morales-pero-luego-aclaro-que-se-mantenia-neutral/,"En 2016, Paz aludió la campaña por el Sí en presencia de Morales, pero luego aclaró que se mantenía neutral",Engañoso,Media
931,boliviaverifica.bo,https://boliviaverifica.bo/el-presidente-de-venezuela-no-respaldo-a-rodrigo-paz-ni-a-edman-lara/,El presidente de Venezuela no respaldó a Rodrigo Paz ni a Edman Lara,Engañoso,Media
932,boliviaverifica.bo,https://boliviaverifica.bo/video-de-luis-arce-celebrando-el-resultado-de-las-elecciones-no-es-de-2025/,Video de Luis Arce celebrando el resultado de las elecciones no es de 2025,Engañoso,Media
933,boliviaverifica.bo,https://boliviaverifica.bo/video-de-manfred-reyes-villa-donde-anuncia-su-retiro-de-la-politica-es-de-2023/,Video de Manfred Reyes Villa donde anuncia su retiro de la política es de 2023,Engañoso,Media
934,boliviaverifica.bo,https://boliviaverifica.bo/el-pdc-no-le-quito-su-apoyo-a-rodrigo-paz-fue-una-faccion-la-que-se-pronuncio-antes-de-las-elecciones/,"El PDC no le quitó su apoyo a Rodrigo Paz, fue una facción la que se pronunció antes de las elecciones",Engañoso,Media
935,boliviaverifica.bo,https://boliviaverifica.bo/video-de-jorge-quiroga-llamando-a-votar-nulo-es-de-2017/,Video de Jorge Quiroga llamando a votar nulo es de 2017,Engañoso,Media
936,boliviaverifica.bo,https://boliviaverifica.bo/juan-pablo-velasco-no-emprendio-yango-y-pedidos-ya/,Juan Pablo Velasco no emprendió Yango y Pedidos Ya,Engañoso,Media
937,boliviaverifica.bo,https://boliviaverifica.bo/audio-vinculado-a-doria-medina-en-la-amenaza-a-una-mujer-es-de-2014-y-no-tiene-relacion-con-robledo/,Audio vinculado a Doria Medina en la amenaza a una mujer es de 2014 y no tiene relación con Robledo,Engañoso,Media
938,boliviaverifica.bo,https://boliviaverifica.bo/enganoso-esta-imagen-no-corresponde-a-la-segunda-encuesta-nacional-de-unitel-sino-al-primer-estudio-en-santa-cruz/,"Engañoso: Esta imagen no corresponde a la segunda encuesta nacional de Unitel, sino al primer estudio en Santa Cruz",Engañoso,Media
939,boliviaverifica.bo,https://boliviaverifica.bo/doria-medina-no-admitio-que-compro-las-encuestas-de-la-red-uno-cito-al-medio-como-referencia/,Doria Medina no admitió que compró las encuestas de la Red Uno; citó al medio como referencia,Engañoso,Media
940,boliviaverifica.bo,https://boliviaverifica.bo/no-es-cierto-que-la-ultima-encuesta-nacional-de-ipsos-ciesmori-posiciona-en-primer-lugar-a-tuto-quiroga/,No es cierto que la última encuesta nacional de Ipsos Ciesmori posiciona en primer lugar a Tuto Quiroga,Engañoso,Media
941,boliviaverifica.bo,https://boliviaverifica.bo/enganoso-la-frase-en-que-doria-medina-dice-que-le-gustaria-ir-a-las-elecciones-con-morales-fue-editada-y-sacada-de-contexto/,El audio en que Doria Medina dice que “le gustaría” ir a las elecciones con Morales fue editado y sacado de contexto,Engañoso,Media
942,boliviaverifica.bo,https://boliviaverifica.bo/tanques-helicopteros-y-militares-no-se-desplegaron-en-contra-del-gobierno-de-luis-arce/,"Tanques, helicópteros y militares no se desplegaron en contra del gobierno de Luis Arce",Engañoso,Media
943,boliviaverifica.bo,https://boliviaverifica.bo/radio-kawsachun-coca-publico-un-video-grabado-en-nepal-como-si-fuese-una-movilizacion-en-cochabamba/,Radio Kawsachun Coca publicó un video grabado en Nepal como si fuese una movilización en Cochabamba,Engañoso,Media
944,boliviaverifica.bo,https://boliviaverifica.bo/amenaza-de-ponchos-rojos-y-encapuchados-armados-es-de-2020/,Amenaza de ponchos rojos y encapuchados armados es de 2020,Engañoso,Media
945,boliviaverifica.bo,https://boliviaverifica.bo/juan-pablo-velasco-no-creo-pedidos-ya-y-yango-pero-si-netcomidas-com/,"Juan Pablo Velasco no creó Pedidos Ya y Yango, pero sí Netcomidas.com",Engañoso,Media
946,boliviaverifica.bo,https://boliviaverifica.bo/manipulan-una-publicacion-de-marcelo-claure-y-kawsachun-coca-la-difunde/,Manipulan una publicación de Marcelo Claure y Kawsachun Coca la difunde,Engañoso,Media
947,boliviaverifica.bo,https://boliviaverifica.bo/eduardo-del-castillo-no-figura-como-militante-del-mas-pero-eso-no-le-impide-ser-su-candidato/,"Eduardo del Castillo no figura como militante del MAS, pero eso no le impide ser su candidato",Engañoso,Media
948,boliviaverifica.bo,https://boliviaverifica.bo/elecciones-edgar-uriona-no-anuncio-que-le-retira-su-apoyo-a-jaime-dunn/,Elecciones: Edgar Uriona no anunció que le retira su apoyo a Jaime Dunn,Engañoso,Media
949,boliviaverifica.bo,https://boliviaverifica.bo/audio-de-moldiz-que-anuncia-el-retiro-de-la-candidatura-de-andronico-es-pasado/,Audio de Moldiz que anuncia el retiro de la candidatura de Andrónico es pasado,Engañoso,Media
950,boliviaverifica.bo,https://boliviaverifica.bo/l-del-tse-gustavo-avila-si-dijo-que-se-permitira-tomar-fotografias-a-las-actas-electorales-no-al-voto/,"El vocal del TSE Gustavo Ávila sí dijo que se permitirá tomar fotografías a las actas electorales, no al voto",Engañoso,Media
951,boliviaverifica.bo,https://boliviaverifica.bo/doria-medina-hablo-de-los-derechos-civiles-de-personas-lgbt-no-planteo-cambios-en-la-familia/,"Doria Medina habló de los derechos civiles de personas LGBT, no planteó cambios en la familia",Engañoso,Media
952,boliviaverifica.bo,https://boliviaverifica.bo/la-publicacion-de-erbol-sobre-la-postulacion-de-ericka-brockmann-como-vocal-del-tse-es-de-2019/,La publicación de Erbol sobre la postulación de Ericka Brockmann como vocal del TSE es de 2019,Engañoso,Media
953,boliviaverifica.bo,https://boliviaverifica.bo/jaime-dunn-no-obtuvo-874-votos-en-la-encuesta-de-el-bunker/,Jaime Dunn no obtuvo 874 votos en la encuesta de El Bunker,Engañoso,Media
954,boliviaverifica.bo,https://boliviaverifica.bo/tergiversan-declaraciones-de-evo-morales-sobre-el-movimiento-al-socialismo/,Tergiversan declaraciones de Evo Morales sobre el Movimiento Al Socialismo,Engañoso,Media
955,boliviaverifica.bo,https://boliviaverifica.bo/no-es-preciso-decir-que-las-renuncias-al-mas-son-masivas-ya-que-no-representan-ni-el-1-del-total/,"No es preciso decir que las renuncias al MAS son masivas, ya que no representan ni el 1% del total",Engañoso,Media
956,boliviaverifica.bo,https://boliviaverifica.bo/claure-anuncio-que-retirara-sus-inversiones-de-bolivia-si-el-mas-gana-las-elecciones-no-vinculo-esta-decision-al-litio/,Claure anunció que retirará sus inversiones de Bolivia si el MAS gana las elecciones; no vinculó esta decisión al litio,Engañoso,Media
957,boliviaverifica.bo,https://boliviaverifica.bo/el-presidente-luis-arce-no-anuncio-un-binomio-con-andronico-rodriguez-para-las-elecciones/,El presidente Luis Arce no anunció un binomio con Andrónico Rodríguez para las elecciones,Engañoso,Media
958,boliviaverifica.bo,https://boliviaverifica.bo/la-orden-de-aprehension-contra-evo-morales-que-circula-en-whapsapp-es-de-2019/,La orden de aprehensión contra Evo Morales que circula en WhapsApp es de 2019,Engañoso,Media
959,boliviaverifica.bo,https://boliviaverifica.bo/confederacion-de-mujeres-bartolina-sisa-no-exigio-un-reconocimiento-honorifico-para-evo-morales/,Confederación de Mujeres Bartolina Sisa no exigió un reconocimiento honorífico para Evo Morales,Engañoso,Media
960,boliviaverifica.bo,https://boliviaverifica.bo/venezuela-video-no-muestra-a-venezolanos-que-van-en-lancha-de-colombia-para-ejercer-su-voto/,Venezuela: Video no muestra a venezolanos que van en lancha de Colombia para ejercer su voto,Engañoso,Media
961,boliviaverifica.bo,https://boliviaverifica.bo/manipulan-declaracion-del-procurador-del-estado-sobre-revision-de-actas-electorales-de-2019/,Manipulan declaración del procurador del Estado sobre revisión de actas electorales de 2019,Engañoso,Media
962,boliviaverifica.bo,https://boliviaverifica.bo/no-es-verdad-que-seis-informes-de-instituciones-extranjeras-demuestran-que-no-hubo-fraude-en-bolivia-como-senalo-del-castillo/,"No es verdad que seis informes de instituciones extranjeras demuestran que no hubo fraude en Bolivia, como señaló Del Castillo",Engañoso,Media
963,boliviaverifica.bo,https://boliviaverifica.bo/circula-una-publicacion-enganosa-sobre-propuestas-del-gobernador-de-tarija-oscar-montes/,"Circula una publicación engañosa sobre propuestas del gobernador de Tarija, Óscar Montes",Engañoso,Media
964,boliviaverifica.bo,https://boliviaverifica.bo/mapa-electoral-enganoso-se-difunde-en-un-medio-del-estado-obvia-los-resultados-de-las-gobernaciones/,Mapa electoral engañoso se difunde en un medio del Estado: obvia los resultados de las gobernaciones,Engañoso,Media
965,boliviaverifica.bo,https://boliviaverifica.bo/el-mas-no-gano-en-las-nueve-asambleas-departamentales/,El MAS no ganó en las nueve asambleas departamentales,Engañoso,Media
966,boliviaverifica.bo,https://boliviaverifica.bo/el-mas-reconocio-su-derrota-electoral-en-tarija-al-dia-siguiente-de-la-votacion/,El MAS reconoció su derrota electoral en Tarija al día siguiente de la votación,Engañoso,Media
967,boliviaverifica.bo,https://boliviaverifica.bo/resultados-enganosos-con-actas-no-computadas-al-100-difunden-imagenes-del-balotaje/,Resultados engañosos: con actas no computadas al 100% se difunden imágenes del balotaje,Engañoso,Media
968,boliviaverifica.bo,https://boliviaverifica.bo/manipulan-un-tuit-de-morales-sobre-los-candidatos-que-iran-al-balotaje/,Manipulan un tuit de Morales sobre los candidatos que irán al balotaje,Engañoso,Media
969,boliviaverifica.bo,https://boliviaverifica.bo/dockweiler-pidio-a-ivan-arias-que-tome-en-cuenta-la-propuesta-del-mas-no-exigio-que-la-acate/,"Dockweiler pidió a Ivan Arias que tome en cuenta la propuesta del MAS, no “exigió” que la acate",Engañoso,Media
970,boliviaverifica.bo,https://boliviaverifica.bo/no-es-cierto-que-el-mas-gano-la-alcaldia-de-chaqui-sin-candidato/,No es cierto que el MAS ganó la Alcaldía de Chaquí sin candidato,Engañoso,Media
971,boliviaverifica.bo,https://boliviaverifica.bo/pagina-de-candidato-horacio-poppe-muestra-enganoso-dato-de-acta-en-sucre/,Página de candidato Horacio Poppe muestra engañoso dato de acta en Sucre,Engañoso,Media
972,boliviaverifica.bo,https://boliviaverifica.bo/enganosa-publicacion-sobre-el-100-de-votos-a-favor-del-mas-en-diez-municipios/,Engañosa publicación sobre el 100% de votos a favor del MAS en diez municipios,Engañoso,Media
973,boliviaverifica.bo,https://boliviaverifica.bo/la-alianza-somos-pueblo-no-admitio-haber-hecho-fraude-en-las-elecciones/,La alianza Somos Pueblo no admitió haber hecho fraude en las elecciones,Engañoso,Media
974,boliviaverifica.bo,https://boliviaverifica.bo/edgar-patana-no-figura-como-candidato-a-concejal-de-jallalla-en-el-alto/,Édgar Patana no figura como candidato a concejal de Jallalla en El Alto,Engañoso,Media
975,boliviaverifica.bo,https://boliviaverifica.bo/se-quemaron-anforas-en-municipios-crucenos-pero-no-es-cierto-que-fueron-militantes-de-creemos/,Se quemaron ánforas en municipios cruceños pero no es cierto que fueron militantes de Creemos,Engañoso,Media
976,boliviaverifica.bo,https://boliviaverifica.bo/quema-de-anforas-no-esta-comprobado-que-el-mas-llevo-gente-a-votar-a-colpa-belgica/,Quema de ánforas: no está “comprobado” que el MAS llevó gente a votar a Colpa Bélgica,Engañoso,Media
977,boliviaverifica.bo,https://boliviaverifica.bo/video-que-promueve-el-voto-castigo-en-santa-cruz-y-cochabamba-no-es-actual/,Video que promueve el ‘voto castigo’ en Santa Cruz y Cochabamba no es actual,Engañoso,Media
978,boliviaverifica.bo,https://boliviaverifica.bo/comite-civico-habilito-canal-de-denuncias-no-de-recepcion-de-actas/,Comité Cívico habilitó canal de denuncias no de recepción de actas,Engañoso,Media
979,boliviaverifica.bo,https://boliviaverifica.bo/enganoso-discurso-del-exministro-sanchez-berzain-sobre-supuesto-fraude-electoral/,Engañoso discurso del exministro Sánchez Berzaín sobre supuesto fraude electoral,Engañoso,Media
980,boliviaverifica.bo,https://boliviaverifica.bo/no-todos-los-hospitales-a-los-que-se-refiere-adrian-oliva-han-sido-concluidos/,No todos los hospitales a los que se refiere Adrián Oliva han sido concluidos,Engañoso,Media
981,boliviaverifica.bo,https://boliviaverifica.bo/el-direpre-no-es-obligatorio-y-tampoco-estaba-previsto-para-esta-eleccion/,El Direpre no es obligatorio y tampoco estaba previsto para esta elección,Engañoso,Media
982,boliviaverifica.bo,https://boliviaverifica.bo/eva-copa-no-dijo-que-el-mas-esta-rodeado-de-gente-muy-peligrosa/,Eva Copa no dijo que el MAS “está rodeado de gente muy peligrosa”,Engañoso,Media
983,boliviaverifica.bo,https://boliviaverifica.bo/el-direpre-no-estaba-previsto-para-las-elecciones-subnacionales-la-noticia-que-circula-es-de-2020/,"El Direpre no estaba previsto para las elecciones subnacionales, la noticia que circula es de 2020",Engañoso,Media
984,boliviaverifica.bo,https://boliviaverifica.bo/enganoso-tenemos-10-centros-medicos-que-no-funcionan/,Engañoso: “Tenemos 10 (centros médicos) que no funcionan”,Engañoso,Media
985,boliviaverifica.bo,https://boliviaverifica.bo/roly-aguilera-vos-no-has-sido-honesto-a-gary-anez-has-plagiado-un-spot-del-expresidente-de-argentina-mauricio-macri/,"Roly Aguilera: “Vos no has sido honesto (a Gary Añez), has plagiado un spot del expresidente de Argentina, Mauricio Macri”",Engañoso,Media
986,boliviaverifica.bo,https://boliviaverifica.bo/video-antiguo-de-edgar-villegas-anunciando-una-app-para-controlar-el-voto-se-viraliza-como-actual/,Video antiguo de Edgar Villegas anunciando una app para controlar el voto se viraliza como actual,Engañoso,Media
987,boliviaverifica.bo,https://boliviaverifica.bo/video-pasado-de-gary-anez-se-viraliza-como-actual/,Vídeo pasado de Gary Añez se viraliza como actual,Engañoso,Media
988,boliviaverifica.bo,https://boliviaverifica.bo/gary-anez-da-el-mismo-discurso-de-mauricio-macri-en-su-spot/,¿Gary Añez da el mismo discurso de Mauricio Macri en su spot?,Engañoso,Media
989,boliviaverifica.bo,https://boliviaverifica.bo/manipulan-una-publicacion-de-atb-para-asegurar-que-david-castro-no-tiene-un-plan-de-gobierno/,Manipulan una publicación de ATB para asegurar que David Castro no tiene un plan de gobierno,Engañoso,Media
990,boliviaverifica.bo,https://boliviaverifica.bo/enganoso-creemos-va-a-privatizar-el-tercer-nivel-de-salud/,Engañoso: “(Creemos) Va a privatizar el tercer nivel de salud”,Engañoso,Media
991,boliviaverifica.bo,https://boliviaverifica.bo/enganoso-nos-ofrecieron-mas-de-200-hospitales-en-todo-el-pais-ninguno-se-cumplio-hasta-hoy/,"Engañoso: “Nos ofrecieron más de 200 hospitales en todo el país, ninguno se cumplió hasta hoy”",Engañoso,Media
992,boliviaverifica.bo,https://boliviaverifica.bo/la-paz-cuenta-con-250-camaras-de-video-vigilancia-activas-y-no-18/,La Paz cuenta con 250 cámaras de video vigilancia activas y no 18,Engañoso,Media
993,boliviaverifica.bo,https://boliviaverifica.bo/johnny-fernandez-afirmo-que-la-carretera-doble-via-a-la-guardia-no-fue-financiada-con-el-cobro-de-peaje/,Johnny Fernández afirmó que la carretera Doble vía La Guardia fue financiada con el cobro de peaje,Engañoso,Media
994,boliviaverifica.bo,https://boliviaverifica.bo/castro-afirmo-que-solo-dos-hospitales-se-dedican-al-covid-19-y-que-funcionan-al-50/,Castro afirmó que solo dos hospitales se dedican al Covid-19 y que funcionan al 50%,Engañoso,Media
995,boliviaverifica.bo,https://boliviaverifica.bo/declaraciones-pasadas-de-ivan-arias-vuelven-a-ser-difundidas-en-redes-sociales/,Declaraciones pasadas de Iván Arias vuelven a ser difundidas en redes sociales,Engañoso,Media
996,boliviaverifica.bo,https://boliviaverifica.bo/no-es-cierto-que-mario-cronenbold-dijo-que-hay-que-barrer-a-los-medicos-para-reemplazarlos-por-masistas/,No es cierto que Mario Cronenbold dijo que hay que “barrer” a los médicos para reemplazarlos por masistas,Engañoso,Media
997,boliviaverifica.bo,https://boliviaverifica.bo/dockweiler-propone-ampliar-el-teleferico-pero-no-detalla-cuales-serian-las-nuevas-lineas/,Dockweiler propone ampliar el teleférico pero no detalla cuáles serían las nuevas líneas,Engañoso,Media
998,boliviaverifica.bo,https://boliviaverifica.bo/los-gremiales-de-la-ciudad-de-el-alto-retiraron-su-apoyo-a-eva-copa/,¿Los gremiales de la ciudad de El Alto retiraron su apoyo a Eva Copa?,Engañoso,Media
999,boliviaverifica.bo,https://boliviaverifica.bo/en-tarija-rodolfo-meyer-hace-campana-por-el-mas-pero-el-candidato-es-hugo-buhezo/,"En Tarija Rodolfo Meyer hace campaña por el MAS, pero el candidato es Hugo Buhezo",Engañoso,Media
1000,boliviaverifica.bo,https://boliviaverifica.bo/pedro-garcia-no-se-definio-que-sea-candidato-del-mas-y-el-video-de-agresion-familiar-no-es-reciente/,Pedro García: No se definió que sea candidato del MAS y el video de agresión familiar no es reciente,Engañoso,Media
1001,boliviaverifica.bo,https://boliviaverifica.bo/video-de-militar-reprimiendo-a-bloqueadores-es-de-la-epoca-de-cuarentena/,Video de militar reprimiendo a bloqueadores es de la época de cuarentena,Engañoso,Media
1002,boliviaverifica.bo,https://boliviaverifica.bo/circula-una-foto-fuera-de-contexto-de-candidato-tarijeno-jhonny-torres/,Circula una foto fuera de contexto de candidato tarijeño Jhonny Torres,Engañoso,Media
1003,boliviaverifica.bo,https://boliviaverifica.bo/una-nota-del-2009-sobre-fraude-electoral-vuelve-a-circular-como-si-fuera-actual/,Una nota del 2009 sobre fraude electoral vuelve a circular como si fuera actual,Engañoso,Media
1004,boliviaverifica.bo,https://boliviaverifica.bo/funcionaria-del-tse-procesada-por-falsificacion-no-tiene-filiacion-partidaria/,Funcionaria del TSE procesada por falsificación no tiene filiación partidaria,Engañoso,Media
1005,boliviaverifica.bo,https://boliviaverifica.bo/contrato-de-tse-por-el-padron-no-es-con-smartmatic/,Contrato de TSE por el padrón no es con Smartmatic,Engañoso,Media
1006,boliviaverifica.bo,https://boliviaverifica.bo/el-concejal-alteno-javier-tarqui-se-alejo-de-sol-bo-pero-no-creo-su-propio-partido-politico/,"El concejal alteño Javier Tarqui se alejó de Sol.Bo, pero no creó su propio partido político",Engañoso,Media
1007,boliviaverifica.bo,https://boliviaverifica.bo/informe-de-la-oea-hallo-irregularidades-pero-estas-no-incidieron-el-resultado-de-las-elecciones/,Informe de la OEA halló irregularidades pero éstas no incidieron el resultado de las elecciones,Engañoso,Media
1008,boliviaverifica.bo,https://boliviaverifica.bo/alianza-entre-lider-tarijeno-oscar-montes-y-supuesta-organizacion-vox-no-es-real/,Alianza entre líder tarijeño Oscar Montes y supuesta organización VOX no es real,Engañoso,Media
1009,boliviaverifica.bo,https://boliviaverifica.bo/vinculan-imagen-de-bloqueadores-al-transporte-de-carnets-de-sufragio/,Vinculan imagen de bloqueadores al transporte de carnets de sufragio,Engañoso,Media
1010,boliviaverifica.bo,https://boliviaverifica.bo/fotografia-de-multitudinaria-movilizacion-en-la-paz-no-es-actual-es-del-2019/,"Fotografía de multitudinaria movilización en La Paz no es actual, es del 2019",Engañoso,Media
1011,boliviaverifica.bo,https://boliviaverifica.bo/con-imagen-de-2019-afirman-que-carlos-mesa-no-acepta-auditoria-a-las-elecciones/,Con imagen de 2019 afirman que Carlos Mesa no acepta auditoría a las elecciones,Engañoso,Media
1012,boliviaverifica.bo,https://boliviaverifica.bo/mesa-reconocio-la-victoria-del-mas-pero-no-dijo-que-el-2019-fue-mas-facil-instalar-un-relato-de-fraude/,"Mesa reconoció la victoria del MAS, pero, no dijo que el 2019 fue más fácil instalar un relato de fraude",Engañoso,Media
1013,boliviaverifica.bo,https://boliviaverifica.bo/enganoso-circula-video-de-nunez-hablando-de-fraude-electoral-pero-es-de-2019/,Engañoso: Circula video de Nuñez hablando de fraude electoral pero es de 2019,Engañoso,Media
1014,boliviaverifica.bo,https://boliviaverifica.bo/no-es-cierto-que-brasil-espera-una-auditoria-electoral-para-reconocer-a-luis-arce/,No es cierto que Brasil espera una auditoría electoral para reconocer a Luis Arce,Engañoso,Media
1015,boliviaverifica.bo,https://boliviaverifica.bo/video-de-venezolanos-apoyando-movilizaciones-en-bolivia-no-es-actual/,Video de venezolanos apoyando movilizaciones en Bolivia no es actual,Engañoso,Media
1016,boliviaverifica.bo,https://boliviaverifica.bo/__trashed-2/,Diputado hace tres observaciones al proceso electoral pero algunas no tienen fundamento,Engañoso,Media
1017,boliviaverifica.bo,https://boliviaverifica.bo/video-de-2019-que-denuncia-fraude-electoral-vuelve-a-circular-en-las-redes/,Video de 2019 que denuncia fraude electoral vuelve a circular en las redes,Engañoso,Media
1018,boliviaverifica.bo,https://boliviaverifica.bo/hay-manifestaciones-en-camiri-pero-no-tienen-nada-que-ver-con-las-elecciones/,Hay manifestaciones en Camiri pero no tienen nada que ver con las elecciones,Engañoso,Media
1019,boliviaverifica.bo,https://boliviaverifica.bo/es-cierto-que-hubo-movimientos-en-la-pagina-del-computo-de-votos-pero-no-afecta-en-el-resultado/,Es cierto que hubo movimientos en la página del cómputo de votos pero no afecta en el resultado,Engañoso,Media
1020,boliviaverifica.bo,https://boliviaverifica.bo/difunden-grabacion-de-protesta-masiva-de-2019-como-si-fuese-actual/,Difunden grabación de protesta masiva de 2019 como si fuese actual,Engañoso,Media
1021,boliviaverifica.bo,https://boliviaverifica.bo/material-electoral-encontrado-en-un-domicilio-es-del-2019/,Material electoral encontrado en un domicilio es del 2019,Engañoso,Media
1022,boliviaverifica.bo,https://boliviaverifica.bo/el-codigo-qr-del-carnet-de-sufragio-no-tiene-nada-que-ver-con-un-supuesto-fraude/,El código QR del carnet de sufragio no tiene nada que ver con un supuesto “fraude”,Engañoso,Media
1023,boliviaverifica.bo,https://boliviaverifica.bo/la-vocal-mary-martinez-de-chuquisaca-renuncio-el-ano-pasado-pero-la-noticia-se-difunde-como-actual/,La vocal Mary Martínez de Chuquisaca renunció el año pasado pero la noticia se difunde como actual,Engañoso,Media
1024,boliviaverifica.bo,https://boliviaverifica.bo/villegas-acepto-la-victoria-del-mas-en-primera-vuelta-pero-no-hizo-referencia-a-un-supuesto-fraude-electoral/,Villegas aceptó la victoria del MAS en primera vuelta pero no hizo referencia a un supuesto fraude electoral,Engañoso,Media
1025,boliviaverifica.bo,https://boliviaverifica.bo/no-es-verdad-que-el-tse-admitio-actas-manipuladas-dijo-que-hay-errores-aritmeticos-subsanables/,"No es verdad que el TSE admitió “actas manipuladas”, dijo que hay errores aritméticos subsanables",Engañoso,Media
1026,boliviaverifica.bo,https://boliviaverifica.bo/arce-no-aseguro-que-devaluara-el-boliviano-pero-dijo-que-hay-una-posibilidad/,Arce no aseguró que devaluará el Boliviano pero dijo que hay “una posibilidad”,Engañoso,Media
1027,boliviaverifica.bo,https://boliviaverifica.bo/una-cadena-de-whatsapp-alerta-falsamente-sobre-la-eliminacion-de-votantes/,Una cadena de WhatsApp alerta falsamente sobre la eliminación de votantes,Engañoso,Media
1028,boliviaverifica.bo,https://boliviaverifica.bo/surgen-comparaciones-enganosas-del-conteo-rapido-y-el-computo-oficial/,Surgen comparaciones engañosas del conteo rápido y el cómputo oficial,Engañoso,Media
1029,boliviaverifica.bo,https://boliviaverifica.bo/circula-video-de-maleta-electoral-del-2019-para-denunciar-fraude-electoral-el-2020/,Circula video de maleta electoral del 2019 para denunciar fraude electoral el 2020,Engañoso,Media
1030,boliviaverifica.bo,https://boliviaverifica.bo/es-valido-utilizar-simbolos-patrios-durante-la-votacion/,¿Es válido utilizar símbolos patrios durante la votación?,Engañoso,Media
1031,boliviaverifica.bo,https://boliviaverifica.bo/descontextualizan-discurso-de-luis-arce-sobre-policias-y-militares/,Descontextualizan discurso de Luis Arce sobre policías y militares,Engañoso,Media
1032,boliviaverifica.bo,https://boliviaverifica.bo/el-mallku-recordo-que-el-voto-es-secreto/,El Mallku recordó que el voto es “secreto”,Engañoso,Media
1033,boliviaverifica.bo,https://boliviaverifica.bo/acuerdo-entre-organizaciones-y-alianzas-politicas-no-buscaba-unidad-a-traves-de-posicionamiento-en-encuestas/,Acuerdo entre organizaciones y alianzas políticas no buscaba unidad a través de posicionamiento en encuestas,Engañoso,Media
1034,boliviaverifica.bo,https://boliviaverifica.bo/tuto-dijo-textualmente-que-votaria-por-camacho/,¿Tuto dijo textualmente que votaría por Camacho?,Engañoso,Media
1035,boliviaverifica.bo,https://boliviaverifica.bo/circulan-enganosas-imagenes-de-cierres-de-campana-de-comunidad-ciudadana/,Circulan engañosas imágenes de cierres de campaña de Comunidad Ciudadana,Engañoso,Media
1036,boliviaverifica.bo,https://boliviaverifica.bo/fraccion-del-fri-quita-apoyo-a-mesa-y-se-une-a-chi/,Fracción del FRI quita apoyo a Mesa y se une a Chi,Engañoso,Media
1037,boliviaverifica.bo,https://boliviaverifica.bo/ni-el-voto-cruzado-es-delincuencial-ni-hubo-una-reunion-de-politicos-candidata-de-creemos-da-informacion-enganosa/,Ni el voto cruzado es “delincuencial” ni hubo una reunión de políticos: candidata de Creemos da información engañosa,Engañoso,Media
1038,boliviaverifica.bo,https://boliviaverifica.bo/foto-de-2019-donde-se-ve-a-mesa-y-otros-actores-politicos-busca-confundir-a-la-poblacion/,"Foto de 2019, donde se ve a Mesa y otros actores políticos, busca confundir a la población",Engañoso,Media
1039,boliviaverifica.bo,https://boliviaverifica.bo/utilizan-foto-antigua-para-denunciar-agresiones-a-miembros-de-comunidad-ciudadana/,Utilizan foto antigua para denunciar agresiones a miembros de Comunidad Ciudadana,Engañoso,Media
1040,boliviaverifica.bo,https://boliviaverifica.bo/carlos-mesa-descarto-aliarse-con-el-mas-pero-si-se-refirio-a-un-acuerdo-nacional-con-todas-las-fuerzas-politicas/,Carlos Mesa descartó aliarse con el MAS pero sí se refirió a un acuerdo nacional con todas las fuerzas políticas,Engañoso,Media
1041,boliviaverifica.bo,https://boliviaverifica.bo/en-twitter-se-afirma-supuesto-incremento-de-grupos-paramilitares/,En Twitter se afirma supuesto incremento de grupos paramilitares,Engañoso,Media
1042,boliviaverifica.bo,https://boliviaverifica.bo/evo-morales-hace-una-enganosa-comparacion-economica-de-su-gestion/,Evo Morales hace una engañosa comparación económica de su gestión,Engañoso,Media
1043,boliviaverifica.bo,https://boliviaverifica.bo/abuchearon-a-carlos-mesa-en-una-feria-de-santa-cruz-pero-fue-el-ano-pasado/,Abuchearon a Carlos Mesa en una feria de Santa Cruz… pero fue el año pasado,Engañoso,Media
1044,boliviaverifica.bo,https://boliviaverifica.bo/tuto-da-una-enganosa-cifra-del-numero-de-causas-que-atienden-los-jueces-en-bolivia/,Tuto da una engañosa cifra del número de causas que atienden los jueces en Bolivia,Engañoso,Media
1045,boliviaverifica.bo,https://boliviaverifica.bo/tuto-quiroga-dice-que-el-presupuesto-para-justicia-es-menor-a-90-millones-de-dolares/,Tuto Quiroga dice que el presupuesto para justicia es menor a 90 millones de dólares,Engañoso,Media
1046,boliviaverifica.bo,https://boliviaverifica.bo/arce-afirmo-que-el-2019-contrataron-un-avion-de-inmediato-para-apagar-los-incendios-no-obstante-ya-habia-ardido-casi-un-millon-de-hectareas/,"Arce afirmó que el 2019 contrataron un avión de inmediato para apagar los incendios, no obstante, ya había ardido casi un millón de hectáreas",Engañoso,Media
1047,boliviaverifica.bo,https://boliviaverifica.bo/luis-arce-afirmo-que-otorgaron-bono-a-los-discapacitados-en-realidad-lo-delegaron-a-las-alcaldias/,"Luis Arce afirmó que otorgaron bono a los discapacitados, en realidad lo delegaron a las alcaldías",Engañoso,Media
1048,boliviaverifica.bo,https://boliviaverifica.bo/el-pib-crecio-durante-la-gestion-de-evo-morales-pero-no-fue-su-pico-mas-alto/,El PIB creció durante la gestión de Evo Morales pero no fue su pico más alto,Engañoso,Media
1049,boliviaverifica.bo,https://boliviaverifica.bo/a-quien-apoya-manfred-reyes-villa-circula-en-facebook-un-video-antiguo-en-el-que-pide-votar-por-carlos-mesa/,¿A quién apoya Manfred Reyes Villa? Circula en Facebook un video antiguo en el que pide votar por Carlos Mesa,Engañoso,Media
1050,boliviaverifica.bo,https://boliviaverifica.bo/en-imagenes-creemos-hizo-una-caravana-en-la-paz-pero-fue-menos-masiva-que-en-otras-regiones/,En imágenes: Creemos hizo una caravana en La Paz pero fue menos masiva que en otras regiones,Engañoso,Media
1051,boliviaverifica.bo,https://boliviaverifica.bo/descontextualizan-tuit-de-carlos-mesa-para-relacionarlo-con-el-socialismo/,Descontextualizan tuit de Carlos Mesa para relacionarlo con el socialismo,Engañoso,Media
1052,boliviaverifica.bo,https://boliviaverifica.bo/branko-marinkovic-dijo-que-apoyaba-a-carlos-mesa-pero-fue-en-las-elecciones-de-2019/,"Branko Marinkovic dijo que apoyaba a Carlos Mesa, pero fue en las elecciones de 2019",Engañoso,Media
1053,boliviaverifica.bo,https://boliviaverifica.bo/declaraciones-del-malku-de-2019-vuelven-a-las-redes-sociales/,Declaraciones del Mallku de 2019 vuelven a las redes sociales,Engañoso,Media
1054,boliviaverifica.bo,https://boliviaverifica.bo/creemos-utiliza-un-montaje-enganoso-de-fotos-de-una-intervencion-en-un-barrio/,Creemos utiliza un montaje engañoso de fotos de una intervención en un barrio,Engañoso,Media
1055,boliviaverifica.bo,https://boliviaverifica.bo/vuelve-a-circular-que-chi-plantea-alianza-con-el-movimiento-al-socialismo/,Vuelve a circular que Chi plantea alianza con el Movimiento al Socialismo,Engañoso,Media
1056,boliviaverifica.bo,https://boliviaverifica.bo/trabajador-del-tribunal-electoral-en-valencia-es-denunciado-por-simpatizar-con-el-mas/,Trabajador del Tribunal Electoral en Valencia es denunciado por simpatizar con el MAS,Engañoso,Media
1057,boliviaverifica.bo,https://boliviaverifica.bo/noticia-sobre-mesa-y-la-quema-de-documentos-de-gastos-reservados-vuelve-a-tomar-las-redes-sociales/,Noticia sobre Mesa y la quema de documentos de gastos reservados vuelve a tomar las redes sociales,Engañoso,Media
1058,boliviaverifica.bo,https://boliviaverifica.bo/el-numero-de-votantes-habilitados-en-argentina-no-aumento/,El número de votantes habilitados en Argentina no aumentó,Engañoso,Media
1059,boliviaverifica.bo,https://boliviaverifica.bo/un-hombre-le-dijo-a-mesa-que-no-quiere-comer-de-la-basura-pero-el-hecho-no-es-reciente/,"Un hombre le dijo a Mesa que no quiere comer de la basura, pero el hecho no es reciente",Engañoso,Media
1060,boliviaverifica.bo,https://boliviaverifica.bo/no-es-actual-fotografia-de-salvador-romero-y-carlos-mesa-data-del-2016-mesa-data-del-2016/,No es actual: fotografía de Salvador Romero y Carlos Mesa data del 2016,Engañoso,Media
1061,boliviaverifica.bo,https://boliviaverifica.bo/puntos-para-maestros-que-ejerzan-de-jurados-electorales-es-una-nota-del-2019/,Puntos para maestros que ejerzan de jurados electorales es una nota del 2019,Engañoso,Media
1062,boliviaverifica.bo,https://boliviaverifica.bo/ciesmori-ypfb-y-juntos-la-encuestadora-se-reunio-con-la-alianza-politica-pero-los-contratos-de-ypfb-son-con-otra-empresa/,"Ciesmori, YPFB y Juntos: La encuestadora se reunió con la alianza política pero los contratos de YPFB son con otra empresa",Engañoso,Media
1063,boliviaverifica.bo,https://boliviaverifica.bo/video-que-refleja-el-apoyo-de-el-alto-a-carlos-mesa-en-2019-vuelve-a-circular-como-si-fuera-actual/,Video que refleja el apoyo de El Alto a Carlos Mesa en 2019 vuelve a circular como si fuera actual,Engañoso,Media
1064,boliviaverifica.bo,https://boliviaverifica.bo/jeanine-anez-dio-inicio-a-una-obra-de-alcantarillado-en-villa-montes-no-la-inauguro/,"Jeanine Áñez dio inicio a una obra de alcantarillado en Villa Montes, no la inauguró",Engañoso,Media
1065,boliviaverifica.bo,https://boliviaverifica.bo/cuidado-circula-una-encuesta-de-intencion-de-voto-anonima/,¡Cuidado! Circula una encuesta de intención de voto anónima,Engañoso,Media
1066,boliviaverifica.bo,https://boliviaverifica.bo/circula-video-de-tuto-quiroga-pidiendo-el-voto-para-carlos-mesa-pero-fue-en-2019/,"Circula video de Tuto Quiroga pidiendo el voto para Carlos Mesa, pero fue en 2019",Engañoso,Media
1067,boliviaverifica.bo,https://boliviaverifica.bo/la-resistencia-potosinista-rechazo-el-inicio-de-campana-del-mas/,La Resistencia Potosinista rechazó el inicio de campaña del MAS,Engañoso,Media
1068,boliviaverifica.bo,https://boliviaverifica.bo/evo-morales-utiliza-fotos-de-la-anterior-campana-para-resaltar-al-mas/,Evo Morales utiliza fotos de la anterior campaña para resaltar al MAS,Engañoso,Media
1069,boliviaverifica.bo,https://boliviaverifica.bo/periodista-juan-carlos-arana-no-defendio-a-luis-arce-en-una-entrevista/,Periodista Juan Carlos Arana no defendió a Luis Arce en una entrevista,Engañoso,Media
1070,boliviaverifica.bo,https://boliviaverifica.bo/video-en-el-que-doria-medina-pide-votar-por-carlos-mesa-circula-como-actual/,Vídeo en el que Doria Medina pide votar por Carlos Mesa circula como actual,Engañoso,Media
1071,boliviaverifica.bo,https://boliviaverifica.bo/comunidad-ciudadana-no-denuncio-al-gobierno-por-contratar-a-consultora-internacional/,Comunidad Ciudadana no denunció al Gobierno por contratar a consultora internacional,Engañoso,Media
1072,boliviaverifica.bo,https://boliviaverifica.bo/edgar-villegas-no-revelo-que-el-mas-ganara-en-primera-vuelta-como-asegura-un-post/,"Edgar Villegas no “reveló” que el MAS ganará en primera vuelta, como asegura un post",Engañoso,Media
1073,boliviaverifica.bo,https://boliviaverifica.bo/con-un-video-antiguo-afirman-que-carlos-mesa-pretende-trasladar-la-sede-de-gobierno-a-sucre/,Con un video antiguo afirman que Carlos Mesa pretende trasladar la sede de Gobierno a Sucre,Engañoso,Media
1074,boliviaverifica.bo,https://boliviaverifica.bo/encuesta-electoral-que-favorece-a-tuto-quiroga-no-es-oficial/,Encuesta electoral que favorece a Tuto Quiroga no es oficial,Engañoso,Media
1075,boliviaverifica.bo,https://boliviaverifica.bo/es-cierto-que-el-tse-inhabilito-678-candidaturas-pero-lo-hizo-hace-seis-meses/,"Es cierto que el TSE inhabilitó 678 candidaturas, pero lo hizo hace seis meses",Engañoso,Media
1076,boliviaverifica.bo,https://boliviaverifica.bo/doria-medina-dijo-que-es-inquilino-y-no-dueno-de-casa-realmente-vive-en-alquiler/,Doria Medina dijo que es inquilino y no dueño de casa ¿realmente vive en alquiler?,Engañoso,Media
1077,boliviaverifica.bo,https://boliviaverifica.bo/arce-no-se-reunio-recientemente-con-el-presidente-de-argentina-estas-fotos-son-antiguas/,"Arce no se reunió recientemente con el presidente de Argentina, estas fotos son antiguas",Engañoso,Media
1078,boliviaverifica.bo,https://boliviaverifica.bo/no-se-ha-suspendido-el-voto-boliviano-en-brasil-pero-dependera-de-las-disposiciones-de-ese-pais/,No se ha suspendido el voto boliviano en Brasil pero dependerá de las disposiciones de ese país,Engañoso,Media
1079,boliviaverifica.bo,https://boliviaverifica.bo/diario-atribuye-enganosa-declaracion-sobre-el-mas-a-andronico-rodriguez/,Diario atribuye engañosa declaración sobre el MAS a Andrónico Rodríguez,Engañoso,Media
1080,boliviaverifica.bo,https://boliviaverifica.bo/increparon-a-luis-arce-en-un-aeropuerto-pero-el-hecho-no-es-reciente/,Increparon a Luis Arce en un aeropuerto pero el hecho no es reciente,Engañoso,Media
1081,boliviaverifica.bo,https://boliviaverifica.bo/jeanine-anez-posa-para-foto-de-campana-electoral-no-la-imagen-esta-manipulada/,"¿Jeanine Áñez posa para foto de campaña electoral? No, la imagen está manipulada",Engañoso,Media
1082,boliviaverifica.bo,https://boliviaverifica.bo/imagen-de-2008-es-utilizada-para-malinterpretar-el-contexto-actual/,Imagen de 2008 es utilizada para malinterpretar el contexto actual,Engañoso,Media
1083,boliviaverifica.bo,https://boliviaverifica.bo/video-en-frances-sobre-marchas-en-bolivia-muestra-imagenes-que-no-son-actuales/,Video en francés sobre marchas en Bolivia muestra imágenes que no son actuales,Engañoso,Media
1084,boliviaverifica.bo,https://boliviaverifica.bo/usan-una-foto-antigua-para-desinformar-sobre-la-marcha-de-la-cob/,Usan una foto antigua para desinformar sobre la marcha de la COB,Engañoso,Media
1085,boliviaverifica.bo,https://boliviaverifica.bo/con-un-video-antiguo-aseguran-que-ponchos-rojos-se-reparten-dinero-despues-del-cabildo/,Con un video antiguo aseguran que Ponchos Rojos se reparten dinero después del cabildo,Engañoso,Media
1086,boliviaverifica.bo,https://boliviaverifica.bo/descontextualizan-nota-sobre-marco-antonio-pumari/,Descontextualizan nota sobre Marco Antonio Pumari,Engañoso,Media
1087,boliviaverifica.bo,https://boliviaverifica.bo/video-antiguo-sobre-abandono-a-carlos-mesa-para-apoyar-al-mas-se-vuelve-a-viralizar-en-redes/,Video antiguo sobre abandono a Carlos Mesa para apoyar al MAS se vuelve a viralizar en redes,Engañoso,Media
1088,boliviaverifica.bo,https://boliviaverifica.bo/samuel-doria-medina-sugiere-comprar-un-auto-en-medio-de-la-pandemia/,Samuel Doria Medina sugiere comprar un auto en medio de la pandemia,Engañoso,Media
1089,boliviaverifica.bo,https://boliviaverifica.bo/el-padron-esta-habilitado-hasta-el-17-de-julio-con-excepcion-de-la-ciudad-de-la-paz/,"El Padrón está habilitado hasta el 17 de julio, con excepción de la ciudad de La Paz",Engañoso,Media
1090,boliviaverifica.bo,https://boliviaverifica.bo/camacho-coordino-su-visita-a-pando-con-las-autoridades-correspondientes/,Camacho coordinó su visita a Pando con las autoridades correspondientes,Engañoso,Media
1091,boliviaverifica.bo,https://boliviaverifica.bo/conade-no-convoco-a-ninguna-marcha-contra-las-elecciones/,CONADE no convocó a ninguna marcha contra las elecciones,Engañoso,Media
1092,boliviaverifica.bo,https://boliviaverifica.bo/evo-insiste-en-idea-de-fraude-basandose-solo-en-observacion-a-226-actas-por-parte-de-la-oea/,Evo insiste en idea de fraude basándose sólo en observación a 226 actas por parte de la OEA,Engañoso,Media
1093,boliviaverifica.bo,https://boliviaverifica.bo/enganosa-noticia-sobre-en-tarija-aparecen-4-000-votos-en-una-misma-mesa-a-favor-del-mas/,Engañosa noticia sobre “En Tarija aparecen 4.000 votos en una misma mesa a favor del MAS”,Engañoso,Media
1094,boliviaverifica.bo,https://boliviaverifica.bo/enganosos-mensajes-sobre-el-conteo-de-votos/,Engañosos mensajes sobre el conteo de votos,Engañoso,Media
1095,boliviaverifica.bo,https://boliviaverifica.bo/peinado-candidato-a-la-vicepresidencia-por-ucs-comparte-una-imagen-trucada-en-sus-redes/,"Peinado, candidato a la vicepresidencia por UCS, comparte una imagen trucada en sus redes",Engañoso,Media
1096,boliviaverifica.bo,https://boliviaverifica.bo/falsa-noticia-sobre-encuesta-de-intencion-de-voto/,Engañosa publicación sobre intención de voto,Engañoso,Media
1572,chequeabolivia.bo,https://chequeabolivia.bo/esta-carta-del-pdc-solicitando-una-declinatoria-de-las-elecciones-fue-rechazada-porque-no-fue,Esta carta del PDC solicitando una declinatoria de las elecciones fue rechazada porque no fue emitida por su delegado oficial,Engañoso,Media
1573,chequeabolivia.bo,https://chequeabolivia.bo/loza-aun-no-obtuvo-mas-del-40-de-votos-evitando-la-segunda-vuelta,Loza aún no obtuvo más del 40% de votos evitando la segunda vuelta,Engañoso,Media
1574,chequeabolivia.bo,https://chequeabolivia.bo/esta-informacion-sobre-la-eliminacion-de-votos-que-favorecian-david-vargas-es-enganosa,Esta información sobre la eliminación de votos que favorecían a David Vargas es engañosa,Engañoso,Media
1575,chequeabolivia.bo,https://chequeabolivia.bo/esta-imagen-del-expresidente-evo-morales-junto-al-candidato-cesar-dockweiler-no-es-actual,Esta imagen del expresidente Evo Morales junto al candidato César Dockweiler no es actual,Engañoso,Media
1576,chequeabolivia.bo,https://chequeabolivia.bo/publicacion-de-radar-altiplanico-sobre-encuestas-en-la-paz-santa-cruz-y-cochabamba-es-enganosa,"Publicación de Radar Altiplánico sobre encuestas en La Paz, Santa Cruz y Cochabamba es engañosa",Engañoso,Media
1577,chequeabolivia.bo,https://chequeabolivia.bo/unitel-no-publico-nota-en-la-que-jugadores-de-la-seleccion-aseguran-que-perderan-si-no-se-les-paga,Unitel no publicó nota en la que jugadores de la selección aseguran que perderán si no se les paga,Engañoso,Media
1578,chequeabolivia.bo,https://chequeabolivia.bo/el-verdadero-carlos-mesa-despedira-todos-los-funcionarios,El verdadero Carlos Mesa despedirá a todos los funcionarios,Engañoso,Media
1579,chequeabolivia.bo,https://chequeabolivia.bo/morales-cambio-la-constitucion-para-ganar-con-el-40-por-ciento-de-los-votos,Morales cambió la Constitución para ganar con el 40 por ciento de los votos,Engañoso,Media
1580,chequeabolivia.bo,https://chequeabolivia.bo/empresa-de-encuestas-viaciencia-fue-creada-hace-seis-meses,Empresa de encuestas ViaCiencia fue creada hace seis meses,Engañoso,Media
1581,chequeabolivia.bo,https://chequeabolivia.bo/esto-es-lo-que-quiere-carlos-mesa,Esto es lo que quiere Carlos Mesa,Engañoso,Media
1582,chequeabolivia.bo,https://chequeabolivia.bo/es-enganoso-un-video-que-muestra-jorge-tuto-quiroga-denunciando-fraude-electoral-tras-la-segunda,Es engañoso un video que muestra a Jorge Tuto Quiroga denunciando fraude electoral tras la segunda vuelta,Engañoso,Media
1583,chequeabolivia.bo,https://chequeabolivia.bo/nicolas-maduro-hablo-de-las-elecciones-en-bolivia-pero-no-brindo-su-apoyo-ningun-candidato,Nicolás Maduro habló de las elecciones en Bolivia pero no brindó su apoyo a ningún candidato,Engañoso,Media
1584,chequeabolivia.bo,https://chequeabolivia.bo/el-tse-no-advirtio-que-inhabilitara-candidatos-por-guerra-sucia,"El TSE no advirtió que inhabilitará a candidatos por ""guerra sucia""",Engañoso,Media
1585,chequeabolivia.bo,https://chequeabolivia.bo/esta-publicacion-de-el-pais-es-de-2019-e-informa-sobre-un-recorrido-de-morales-por-diferentes,Esta publicación de El País es de 2019 e informa sobre un recorrido de Morales por diferentes alcaldías,Engañoso,Media
1586,chequeabolivia.bo,https://chequeabolivia.bo/samuel-doria-medina-dijo-que-le-gustaria-ir-elecciones-con-morales-pero-para-derrotarlo,"Samuel Doria Medina dijo que le gustaría ir a elecciones con Morales, pero para derrotarlo",Engañoso,Media
1587,chequeabolivia.bo,https://chequeabolivia.bo/explicacion-del-caso-medina-y-su-vinculo-con-carlos-mesa,Explicación del caso Medina y su vínculo con Carlos Mesa,Engañoso,Media
1588,chequeabolivia.bo,https://chequeabolivia.bo/encuesta-que-posiciona-como-favorito-rodrigo-paz-es-enganosa,Encuesta que posiciona como favorito a Rodrigo Paz es engañosa,Engañoso,Media
1589,chequeabolivia.bo,https://chequeabolivia.bo/jaime-dunn-no-destrozo-samuel-doria-medina-ni-elogio-jorge-tuto-quiroga,Jaime Dunn no “destrozó” a Samuel Doria Medina ni “elogió” a Jorge Tuto Quiroga,Engañoso,Media
1590,chequeabolivia.bo,https://chequeabolivia.bo/doria-medina-no-admitio-haber-comprado-encuestas-de-red-uno,Doria Medina no “admitió” haber comprado encuestas de Red Uno,Engañoso,Media
1591,chequeabolivia.bo,https://chequeabolivia.bo/red-uno-no-silencio-manfred-reyes-villa-durante-el-debate-presidencial-por-hablar-de-las-encuestas,"Red Uno no silenció a Manfred Reyes Villa durante el debate presidencial por hablar de las ""encuestas falsas""",Engañoso,Media
1592,chequeabolivia.bo,https://chequeabolivia.bo/amalia-pando-no-celebro-triunfo-de-dunn-en-una-encuesta-solo-comento-un-sondeo-de-opinion,"Amalia Pando no celebró triunfo de Dunn en una encuesta, solo comentó un sondeo de opinión",Engañoso,Media
1593,chequeabolivia.bo,https://chequeabolivia.bo/manfred-no-dijo-que-doria-medina-tiene-relacion-con-dinero-del-narcotrafico-pero-si-cuestiono-su,"Manfred no dijo que Doria Medina tiene relación con dinero del narcotráfico, pero sí cuestionó su acceso anticipado a encuestas",Engañoso,Media
1594,chequeabolivia.bo,https://chequeabolivia.bo/manipulan-entrevista-de-samuel-doria-medina-sobre-la-participacion-de-evo-morales-en-las-elecciones,Manipulan entrevista de Samuel Doria Medina sobre la participación de Evo Morales en las elecciones,Engañoso,Media
1595,chequeabolivia.bo,https://chequeabolivia.bo/manipulan-video-de-virginio-lema-para-favorecer-tuto-quiroga,Manipulan video de Virginio Lema para favorecer a Tuto Quiroga,Engañoso,Media
1596,chequeabolivia.bo,https://chequeabolivia.bo/enganoso-presidente-interino-del-tse-no-publico-que-la-reeleccion-indefinida-no-es-un-derecho,Engañoso: Presidente interino del TSE no publicó que la “reelección indefinida no es un derecho humano”,Engañoso,Media
1597,chequeabolivia.bo,https://chequeabolivia.bo/enganoso-tergiversan-declaraciones-de-jose-gary-anez-sobre-tuto-quiroga,Engañoso: tergiversan declaraciones de José Gary Añez sobre Tuto Quiroga,Engañoso,Media
1598,chequeabolivia.bo,https://chequeabolivia.bo/encuesta-de-captura-consulting-y-poder-y-placer-que-posiciona-primero-tuto-quiroga-no-es-confiable,Encuesta de Captura Consulting y Poder y Placer que posiciona primero a ‘Tuto’ Quiroga no es confiable,Engañoso,Media
1599,chequeabolivia.bo,https://chequeabolivia.bo/manfred-reyes-villa-difunde-encuesta-no-confiable-para-promover-su-campana-politica,Manfred Reyes Villa difunde encuesta no confiable para promover su campaña política,Engañoso,Media
1600,chequeabolivia.bo,https://chequeabolivia.bo/tuto-quiroga-no-fue-de-izquierda-ni-el-fundador-del-fri-guerrillero-del-che-guevara,Tuto Quiroga no fue de ‘izquierda’ ni el fundador del FRI guerrillero del ‘Che’ Guevara,Engañoso,Media
1601,chequeabolivia.bo,https://chequeabolivia.bo/la-encuesta-que-jaime-soliz-phiel-compartio-en-redes-no-es-confiable,La encuesta que Jaime Soliz Phiel compartió en redes no es confiable,Engañoso,Media
1602,chequeabolivia.bo,https://chequeabolivia.bo/manipulan-declaraciones-del-diputado-hector-arce-sobre-el-narcotrafico-en-bolivia,Manipulan declaraciones del diputado Héctor Arce sobre el narcotráfico en Bolivia,Engañoso,Media
1603,chequeabolivia.bo,https://chequeabolivia.bo/el-deber-no-difundio-declaracion-del-diputado-de-cc-miguel-roca,El Deber no difundió declaración del diputado de CC Miguel Roca,Engañoso,Media
1604,chequeabolivia.bo,https://chequeabolivia.bo/es-enganoso-diputado-arce-no-acuso-investigadores-chilenos-de-fregar-el-negocio-de-autos-chutos,"Es engañoso: Diputado Arce no acusó a investigadores chilenos de “fregar” el negocio de autos chutos, pero los llamó “mercenarios”",Engañoso,Media
1605,chequeabolivia.bo,https://chequeabolivia.bo/anf-no-publico-declaracion-del-diputado-arce-mencionando-yapacani-como-municipio-de-autos-chutos,ANF no publicó declaración del diputado Arce mencionando a Yapacaní como municipio de autos chutos,Engañoso,Media
1606,chequeabolivia.bo,https://chequeabolivia.bo/diputada-luisa-nayar-de-comunidad-ciudadana-no-agradecio-luis-arce-por-su-gestion,Diputada Luisa Nayar de Comunidad Ciudadana no agradeció a Luis Arce por su gestión,Engañoso,Media
1607,chequeabolivia.bo,https://chequeabolivia.bo/ni-camacho-ni-carlos-mesa-figuran-en-el-caso-papeles-de-pandora,Ni Camacho ni Carlos Mesa figuran en el caso Papeles de Pandora,Engañoso,Media
1608,chequeabolivia.bo,https://chequeabolivia.bo/que-manfred-reyes-villa-no-figura-en-la-lista-de-candidatos-habilitados-no-es-una-noticia-de-ultimo,Que Manfred Reyes-Villa no figura en la lista de candidatos habilitados no es una noticia de último momento,Engañoso,Media
1609,chequeabolivia.bo,https://chequeabolivia.bo/circula-un-video-del-2019-para-promover-el-voto-castigo-en-santa-cruz-y-cochabamba,Circula un video del 2019 para promover el voto castigo en Santa Cruz y Cochabamba,Engañoso,Media
1610,chequeabolivia.bo,https://chequeabolivia.bo/denuncia-sobre-fallas-en-el-sistema-del-tse-no-corresponde-bolivia,Denuncia sobre fallas en el sistema del TSE no corresponde a Bolivia,Engañoso,Media
1611,chequeabolivia.bo,https://chequeabolivia.bo/larrea-declaro-que-los-militantes-del-mas-usan-corbata-para-parecer-gente-cuando-aun-no-era,Larrea declaró que los militantes del MAS usan corbata para parecer “gente” cuando aún no era candidato a la alcaldía de La Paz,Engañoso,Media
1612,chequeabolivia.bo,https://chequeabolivia.bo/circula-pagina-enganosa-que-difunde-encuestas-para-las-elecciones-subnacionales-2021,Circula página engañosa que difunde encuestas para las elecciones subnacionales 2021,Engañoso,Media
1613,chequeabolivia.bo,https://chequeabolivia.bo/valverde-apoya-cronenbold-calificandolo-de-simpatico-y-candidato-ideal,Valverde apoya a Cronenbold calificándolo de “simpático” y “candidato ideal”,Engañoso,Media
1614,chequeabolivia.bo,https://chequeabolivia.bo/encuesta-2020-camacho-pierde-apoyo-para-la-gobernacion-de-santa-cruz,Encuesta 2020: Camacho pierde apoyo para la gobernación de Santa Cruz,Engañoso,Media
1615,chequeabolivia.bo,https://chequeabolivia.bo/bolivision-mujer-denuncia-carlos-mesa-porque-utiliza-los-indigenas-solo-para-sacarse-fotos-y-videos,Bolivisión: Mujer denuncia a Carlos Mesa porque utiliza a los indígenas solo para sacarse fotos y vídeos,Engañoso,Media
1616,chequeabolivia.bo,https://chequeabolivia.bo/carlos-mesa-cero-nacionalizaciones-vamos-privatizar-las-empresas-estatales,"Carlos Mesa: Cero nacionalizaciones, vamos a privatizar las empresas estatales",Engañoso,Media
1617,chequeabolivia.bo,https://chequeabolivia.bo/encuesta-de-tu-voto-cuenta-no-incluye-voto-del-area-rural-ni-del-extranjero,Encuesta de Tu Voto Cuenta no incluye voto del área rural ni del extranjero,Engañoso,Media
1618,chequeabolivia.bo,https://chequeabolivia.bo/carlos-mesa-la-capitalizacion-ha-sido-la-medida-mas-inteligente,Carlos Mesa: “La capitalización ha sido la medida más inteligente”,Engañoso,Media
1619,chequeabolivia.bo,https://chequeabolivia.bo/tuto-quiroga-votemos-por-carlos-mesa,Tuto Quiroga: “Votemos por Carlos Mesa”,Engañoso,Media
1620,chequeabolivia.bo,https://chequeabolivia.bo/carlos-mesa-traiciona-la-paz-y-busca-el-traslado-de-poderes-sucre,Carlos Mesa traiciona a La Paz y busca el traslado de poderes a Sucre,Engañoso,Media
1621,chequeabolivia.bo,https://chequeabolivia.bo/ministro-fernando-lopez-se-controlara-el-voto-en-el-campo,Ministro Fernando López: “Se controlará el voto en el campo”,Engañoso,Media
1622,chequeabolivia.bo,https://chequeabolivia.bo/obligan-altenos-marchar-por-postergar-elecciones-del-6-de-septiembre,Obligan a alteños a marchar por postergar elecciones del 6 de septiembre,Engañoso,Media
1623,chequeabolivia.bo,https://chequeabolivia.bo/juntos-creemos-y-libre-21-acuden-la-oea-para-postergar-las-elecciones,"Juntos, Creemos y Libre 21 acuden a la OEA para postergar las elecciones",Engañoso,Media
1624,chequeabolivia.bo,https://chequeabolivia.bo/evo-quiere-elecciones-nacionales,Evo quiere elecciones nacionales,Engañoso,Media
1625,chequeabolivia.bo,https://chequeabolivia.bo/carlos-mesa-planeo-el-ascenso-de-evo-morales,Carlos Mesa planeó el ascenso de Evo Morales,Engañoso,Media
1626,chequeabolivia.bo,https://chequeabolivia.bo/carlos-mesa-reconoce-que-en-bolivia-si-hubo-golpe-de-estado,Carlos Mesa reconoce que en Bolivia sí hubo golpe de Estado,Engañoso,Media
1627,chequeabolivia.bo,https://chequeabolivia.bo/diputados-de-argentina-resuelven-revocar-el-estatus-de-asilado-evo-morales,Diputados de Argentina resuelven revocar el estatus de asilado a Evo Morales,Engañoso,Media
1628,chequeabolivia.bo,https://chequeabolivia.bo/la-onu-apoya-plenamente-el-resultado-de-las-elecciones-en-bolivia,La ONU apoya “plenamente” el resultado de las elecciones en Bolivia,Engañoso,Media
1629,chequeabolivia.bo,https://chequeabolivia.bo/presidenta-del-tse-asiste-parada-militar,Presidenta del TSE asiste a parada militar,Engañoso,Media
1630,chequeabolivia.bo,https://chequeabolivia.bo/mensaje-de-carlos-mesa-la-nacion-miseria-y-miedo,Mensaje de Carlos Mesa a la nación: Miseria y miedo,Engañoso,Media
1668,chequeabolivia.bo,https://chequeabolivia.bo/usan-voz-de-camacho-y-una-multitud-hecha-con-ia-para-simular-una-cabildo-exigiendo-la-renuncia-de,"Usan voz de Camacho y una multitud hecha con IA para simular una cabildo exigiendo la renuncia de Paz. La voz que se escucha es de un discurso de Camacho en 2019, la imagen del cabildo se generó con IA. La COB sí pidió la renuncia del Gobierno el 1ro de mayo, pero sin estos elementos. Por Álvaro Montoya En TikTok circula una publicación en la que se ve a una muchedumbre levantando banderas de Bolivia y pancartas con la frase “Que renuncie Rodrígo Paz”, mientras que escuchan el discurso del ejecutivo de la Central Obrera Bolivia (COB), Mario Argollo, en el que este le da 48 horas ‘al tirano’ para que renuncie a su puesto. ChequeaBolivia constató que se trata de información engañosa. ChequeaBolivia puso en Google la frase que se le atribuye a Argollo: “Decirle al tirano que tiene 48 horas para renunciar porque el día lunes a las siete de la noche vamos a tomar determinaciones y vamos a garantizar que el se vaya”, y comprobó que en realidad fue dicha por el exgobernador Luis Fernando Camacho el 2 de noviembre de 2019, durante las protestas post electorales de ese año. La frase quedó registrada en notas de prensa de medios como Opinión y en videos que aún son conservados en Facebook, en los que se oye a Camacho lanzar aquella amenaza al entonces presidente Evo Morales Ayma. ChequeaBolivia también notó que el video en el que se ve a cientas de personas levantando la bandera boliviana y pancartas tiene un pie de foto que “AI-Generated”, además que el propio autor del video etiquetó el video como generado por Inteligencia Artificial. Después de una observación detallada ChequeaBolivia, encontró errores propios de esta tecnología en el video, como una bandera que al moverse atraviesa una de las pancartas dos veces. No obstante, el video del cuadro superior derecho, más pequeño en comparación con el video de la muchedumbre, es real, fue grabado el 1ro de mayo de este año cuando el ejecutivo de la COB, Mario Argollo pronunció un discurso anunciando el inicio de un paro indefinido hasta que se escuchen sus peticiones, además de la renuncia de las autoridades del ejecutivo. Para finalizar, en el video engañoso se insertó un logo de DTV Noticias, ChequeaBolivia buscó en la página de Facebook del medio si había publicado el video y no encontró registros. Lo que sí publicó DTV fue el discurso original de Argollo el 1ro de mayo, en el que no se lo oye decir que da 48 horas para la renuncia ‘del tirano’. Fuentes: Opinión , dónde se recogió el discurso de Luis Fernando Camacho Erbol, dónde se registró el verdadero discurso de Argollo DTV , con la verdadera cobertura del discurso de la COB, no el que se atribuye. Tags COB Tendencia Política Indeterminada Fecha Publicación Web Thu, 05/07/2026 - 16:39",Engañoso,Media
1669,chequeabolivia.bo,https://chequeabolivia.bo/enganoso-luis-arce-dijo-que-el-gas-se-agoto-pero-no-anuncio-el-cobro-de-impuestos-como-en-cuba,"Engañoso: Luis Arce dijo que el gas se agotó, pero no anunció el cobro de impuestos como en Cuba. La declaración del presidente Luis Arce sobre la falta de gas fue manipulada Por Pablo Arancibia En Facebook circula una imagen donde el presidente del Estado, Luis Arce, supuestamente dijo que “se agotó el gas, no hay dólares, ahora vamos a tener ingresos de los impuestos como en Cuba”. ChequeaBolivia verificó que esta información es engañosa. Se hizo una búsqueda de la declaración de Arce en Google y en X , y no se encontró información similar a la que circula. También se revisaron las redes sociales de Arce ( 1 , 2 ) y tampoco se encontraron rastros de dicha declaración. Al revisar  la página oficial de Facebook del presidente de Bolivia, Luis Arce, se encontró un video de un congreso ordinario de la Federación Departamental Única de Mujeres Campesinas Indígenas Originarias de La Paz. En dicho evento, el presidente sostuvo: “El gas se ha agotado, estamos recién volviendo a hacer más exploraciones, para ver si hay más gas. Hermanas y hermanos no tenemos esos recursos, y cuando nos queremos prestar, la Asamblea Legislativa, la derecha y el Ala Evista nos niegan la aprobación de créditos”. Pero, en esa intervención, Arce no mencionó en ningún momento a Cuba. Esta publicación circula tras distintas declaraciones de figuras públicas ante la rebaja de la calificación crediticia de Bolivia por Moody's de ‘Caa1’ a ‘Caa3 . Según la calificadora los desafíos de gobernanza, riesgo político interno y presiones de liquidez externa debido a la disminución de las reservas de divisas, podría llevar a una crisis de balanza de pagos. Fuentes: Redes sociales oficiales de Luis Arce ( 1 , 2 ) Búsqueda con palabras clave en Google y en X Video del Congreso Ordinario de la Federación Departamental Única de Mujeres Campesinas Indígenas Originarias de La Paz Moody's Tags Luis Arce Catacora Economía Tendencia Política Indeterminada Fecha Publicación Web Tue, 04/30/2024 - 16:17 Log in to post comments",Engañoso,Media
1670,chequeabolivia.bo,https://chequeabolivia.bo/diputada-del-mas-dice-las-bartolinas-mujeres-de-pollera-son-gente-muy-sucia,"Diputada del MAS dice “Las bartolinas mujeres de pollera son gente muy sucia”. La imagen surge a raíz de un audio filtrado. En redes sociales circula una imagen en la que figura Betty Yañíquez, diputada de la bancada del Movimiento Al Socialismo (MAS), con la frase “Las bartolinas mujeres de pollera son gente muy sucia”. La imagen surge a raíz de un audio que registra una presunta conversación entre Yañíquez y Segundina Flores, secretaria ejecutiva nacional de las Bartolinas. ChequeaBolivia advierte que la información es engañosa. A través de una revisión hemerográfica, ChequeaBolivia constató que en dicho audio no existe la frase citada; sin embargo, Yañíquez sí acusa a las Bartolinas de La Paz de haberse “dado la vuelta” y ser “gente muy sucia”. “Todas esas bartolinas se han dado la vuelta de La Paz. Sí, tal vez hubiera sido mejor hermana. Pero realmente bien decepcionante y seguramente cuando vayan donde ustedes, van a ir “hermana, hermana, hermana”, y son gente muy sucia hermana, muy sucia, con el mismo discurso de la Shirley Franco por su otro lado, con el mismo discurso han venido”, dice la voz atribuida a la diputada por el MAS. Fuente: Revisión hemerográfica Tags Movimiento Al Socialismo Tendencia Política No simpatizantes del MAS Log in to post comments",Engañoso,Media
1671,chequeabolivia.bo,https://chequeabolivia.bo/militantes-del-mas-contrataron-venezolanos-para-cometer-actos-violentos,"Militantes del MAS contrataron a venezolanos para cometer actos violentos. Los disturbios en Sucre ocurridos durante el fin de semana fueron causados por el choque de dos vehículos. En redes sociales estuvo circulando un video en el que se observa disturbios en las calles de Sucre. El título del audiovisual es que militantes del MAS contrataron a venezolanos para cometer actos violentos en campañas electorales de otras organizaciones políticas. ChequeaBolivia constató que la información es engañosa. Después de una revisión de medios, ChequeaBolivia confirmó que el acontecimiento sucedió el pasado domingo 6 en la ciudad de Sucre durante una caravana organizada por PAN BOL. En una entrevista para la Agencia de Noticias Violeta (ANV), dos militantes de esa alianza presentes en el lugar explicaron que se produjo un choque entre una camioneta de la caravana y un auto particular. La mujer del vehículo privado intentó filmar a la otra que intentó agredirla después del choque. Ahí se generó la tensión y los gritos en la calle. Por ello, se trata de una publicación engañosa debido al uso de un video de hechos reales con una descripción que los descontextualiza para intentar denunciar que militantes del MAS habrían contratado a venezolanos para cometer actos violentos. FUENTE: - Revisión de medios nacionales Tags Movimiento Al Socialismo Log in to post comments",Engañoso,Media
1672,chequeabolivia.bo,https://chequeabolivia.bo/index%2ephp/enganoso-unitel-no-informo-que-santos-quispe-tiene-99-de-desaprobacion-como-gobernador,"Engañoso: Unitel no informó que Santos Quispe tiene 99% de desaprobación como gobernador. En febrero, la Red Unitel informó que la gestión del gobernador de La Paz, Santos Quispe, alcanzó un 69% de desaprobación. Por Claudia Rodriguez En Facebook ( 1 y 2 ) circula la publicación de los resultados de una encuesta de desaprobación con el logotipo de Unitel, que muestra al candidato a la gobernación de La Paz por Unión por el Cambio (UPC) , Santos Quispe Quispe, que registra un 99 por ciento de desaprobación en la ciudad de La Paz. ChequeaBolivia verificó, que se trata de información engañosa. ChequeaBolivia rastreo la publicación original que publicó Unitel, el contenido corresponde a una encuesta realizada por Ipsos CIESMORI para Unitel, donde registra un 69 por ciento de desaprobación, frente a un 23 por ciento que respalda y lo aprueba, mientras que un 8 por ciento respondió que “no sabe”. Esta información se dio a conocer el 19 de febrero. Para finalizar, se realizó una búsqueda hemerográfica en Google, la cual permitió corroborar que diversos medios de comunicación nacionales replicaron oportunamente los datos oficiales de Unitel, donde se confirma la cifra real, lo que desvirtúa la publicación que circula en las redes sociales. Fuentes: Contenido de la información falsa Búsquedas hemerográficas en Google ( 1 y 2 ) Plubicación original de Unitel Esta verificación se hizo en el marco de la segunda generación de la Escuela para Fortalecer la Integridad de la Información de ChequeaBolivia. Tags Santos Quispe Gobernación de La Paz Elecciones Subnacionales 2026 Tendencia Política Imagen Fecha Publicación Web Tue, 03/03/2026 - 11:53",Engañoso,Media
1673,chequeabolivia.bo,https://chequeabolivia.bo/index%2ephp/la-imagen-que-atribuye-fernando-del-rincon-una-declaracion-contra-la-personeria-del-mas-es-enganosa,"La imagen que atribuye a Fernando Del Rincón una declaración contra la personería del MAS es engañosa. Una declaración parecida del periodista fue realizada en 2020, en un contexto político distinto al actual. Por Linda Barrancos En Facebook y X circula una imagen ( 1 , 2 , 3 , 4 ) que muestra al periodista de CNN Fernando Del Rincón, quien habría afirmado que “el MAS (Movimiento Al Socialismo) no debería tener personería jurídica”. ChequeaBolivia advierte que se trata de una información engañosa. Las imágenes que se comparten atribuyen las siguientes declaraciones a Del Rincón: “El MAS no debería tener personería jurídica, no sé porqué participa en las elecciones, es un partido que ha cometido fraude y muchos delitos de lesa humanidad"". ChequeaBolivia encontró que Del Rincón dijo una frase parecida,  pero no es actual ni corresponde al contexto político de 2026. Las declaraciones fueron realizadas en septiembre de 2020 cuando cuestionó la participación del MAS en unas nuevas elecciones presidenciales con estas declaraciones: “Un partido, una agrupación política que participó de lo que la OEA (Organización de los Estados Americano) señala como un fraude, no debería de tener personería jurídica, no debería de existir en una boleta”. Este registro está disponible a partir del minuto 9 de este video . En esa ocasión, Del Rincón se refirió al contexto político que vivía Bolivia tras las Elecciones Generales de 2019, proceso en el que un informe de la OEA concluyó irregularidades graves. No existe ningún registro de que Fernando Del Rincón haya reiterado esas declaraciones en 2026, confirme a una búsqueda en Google . Además, para las Elecciones Subnacionales 2026 el MAS no está participando ni presentó candidato alguno en ningún departamento. Por lo tanto, carece de sentido que circule la versión de que Del Rincón haya cuestionado su participación en las elecciones de este año. Fuentes: Revisión de la entrevista exclusiva del programa Uno Decide2020 de la Red Uno. Informe final de la OEA sobre la auditoría de las elecciones en Bolivia. Revisión de las plataformas digitales de la Red Uno ( 1 , 2, 3 ). Tags Fernando del Rincón MAS Elecciones Subnacionales 2026 Tendencia Política Imagen Fecha Publicación Web Wed, 02/25/2026 - 12:07",Engañoso,Media
1674,chequeabolivia.bo,https://chequeabolivia.bo/es-enganoso-que-candidata-concejal-de-santa-cruz-haya-dicho-que-los-crucenos-son-racistas-y,"Es engañoso que candidata a concejal de Santa Cruz haya dicho que los “cruceños” son “racistas y discriminadores”. Este video fue manipulado con inteligencia artificial y tergiversa un comentario de la candidata Reina Condarco. Por Lucas Illanes En TikTok y Facebook circula un video ( 1 y 2 ) que afirma que la candidata a concejal en Santa Cruz por la agrupación VOS, Reina Condarco, dijo que los “cruceños” son “racistas y discriminadores”. ChequeaBolivia verificó que es engañoso. El video aparenta ser del periodista de Detrás de la Verdad (DTV), Junior Arias, quien aseguró a ChequeaBolivia que esas no fueron sus declaraciones, ya que se trata de un audio creado con inteligencia artificial. Se analizó el audio del video con la herramienta Hiya Deepfake Voice Detector, y los resultados indican que la voz es probablemente una deepfake, es decir, generada por inteligencia artificial, con la puntuación más alta de probabilidad. Resultados de las muestras analizadas con Hiya. Tampoco hay registros de que Condarco haya dicho textualmente que los habitantes de Santa Cruz sean “racistas y discriminadores”. El video tergiversa una opinión de la candidata sobre otro video de la cuenta “Pollos Guvi”, quien al final de su material indica haber recibido maltrato verbal en Santa Cruz con las siguientes palabras: “¡ándate, colla!”. Ante esto, la cuenta de Facebook de Condarco compartió este video con el siguiente comentario : “Yo también he sido víctima de discriminación en Santa Cruz y les puedo asegurar que hay mucha discriminación en esta ciudad. Por eso quiero llegar al Concejo Municipal con el compañero Mamen, y ese es mi compromiso con todos mis hermanos: eliminar el racismo de esta ciudad. ¡Fuerza Guvi!” Condarco es candidata a concejala junto a la agrupación del candidato Carlos “Mamen” Saavedra VOS para la Alcaldía de Santa Cruz. La desinformación circula a poco más de tres meses de las Elecciones Subnacionales 2026. Las verificaciones sobre estas elecciones están disponibles aquí . Fuentes: Periodista en Detrás de la Verdad (DTV), Junior Arias Hiya Deepfake Voice Detector Cuenta de Facebook de Reina Condarco Tags Elecciones Subnacionales 2026 Tendencia Política Indeterminada Fecha Publicación Web Fri, 01/16/2026 - 16:18 Log in to post comments",Engañoso,Media
1675,chequeabolivia.bo,https://chequeabolivia.bo/evo-morales-comparte-informacion-enganosa-sobre-venta-de-gas-cada-15-dias,"Evo Morales comparte información engañosa sobre venta de gas cada 15 días. No hay una restricción nacional en la compra de garrafas; un control interno rige en Pando. Por Lucas Illanes El expresidente, Evo Morales, indicó que la Agencia Nacional de Hidrocarburos (ANH) empezó a vender garrafas de Gas Licuado de Petróleo (GLP) solo cada 15 días y previa presentación de cedula de identidad. ChequeaBolivia verificó es información engañosa. Se trata de información engañosa, porque es una publicación sobre una medida aplicada en Pando, departamento que limita con Brasil. Varias publicaciones de Facebook y TikTok ( 1 , 2 y 3 ) también difundieron que la ANH controlará la compra de una garrafa por persona cada 15 días. Se trata de información sobre Pando, pues la imagen se compartió originalmente en Televisión Universitaria (TVU) Pando el 31 de diciembre 2025. Publicación de TVU Pando. Otros dos videos de TVU Pando revelan que la medida de control de compras de garrafas se está implementando en el lugar ( 4 y 5 ). En su publicación, Evo Morales señaló , sin aclarar que no se trata de una disposición a nivel nacional, que esta medida afecta a personas que se dedican a cocinar para vender en mercados y calles, a quienes una garrafa puede durarles solo un día. Sobre el tema, el director distrital de la Agencia Nacional de Hidrocarburos (ANH) en Pando, Marco Sánchez, explicó que el control es porque ""todo se iba al contrabando"". Además, indicó que las personas que necesiten más garrafas pueden comprarlas con justificación. Por su parte, la ANH a nivel nacional emitió hoy un comunicado asegurando que no existen cupos ni restricciones para la compra de garrafas y que su precio se mantiene a 22.50 bolivianos. Comunicado de la ANH. Estas publicaciones circulan en medio de varios reportes de medios de comunicación sobre filas para comprar garrafas de GLP en diferentes regiones del país ( 6 , 7 , 8 , 9 y 10 ). Hasta el momento, el Gobierno no limitó la compra de garrafas por personas a nivel nacional. La ANH también mencionó que actualmente existe una sobredemanda a causa de las “noticias falsas de desabastecimiento”, bloqueos y desvío de gente “inescrupulosa”. Fuentes: Publicación de Evo Morales en X Imagen original de TVU Pando Videos de TVU Pando ( 4 y 5 ) Declaraciones del director distrital de la Agencia Nacional de Hidrocarburos (ANH) en Pando, Marco Sánchez Reportes de medios de comunicación sobre filas para comprar garrafas ( 6 , 7 , 8 , 9 y 10 ) Comunicado de la ANH Tags Evo Morales ANH Gas Tendencia Política Indeterminada Fecha Publicación Web Tue, 01/06/2026 - 18:31 Log in to post comments",Engañoso,Media
1676,chequeabolivia.bo,https://chequeabolivia.bo/es-enganoso-que-bukele-dijo-que-ayudara-bolivia-replicar-el-modelo-carcelario-de-el-salvador,"Es engañoso que Bukele dijo que ayudará a Bolivia a replicar el modelo carcelario de El Salvador. Bukele no confirmó ayuda para crear cárceles “anti-mafia” en Bolivia, pero el presidente Rodrigo Paz dijo que le pidió ayuda con las cárceles del país. Por Yirleyn Gabriel Motaño En Facebook circula una imagen donde se asegura que el presidente de El Salvador, Nayib Bukele, ayudará a Bolivia a replicar el modelo carcelario “anti-mafia”. ChequeaBolivia verificó que el contenido es engañoso. ChequeaBolivia realizó una búsqueda de palabras en Google “Bukele ayudará Bolivia a replicar el sistema penitenciario de El Salvador” y no se encontraron resultados que confirmen que Bukele haya anunciado o aceptado ayudar a Bolivia a implementar su modelo penitenciario. Sin embargo, al revisar las últimas declaraciones sobre la interacción entre Bukele y el presidente de Bolivia, Rodrigo Paz, se evidenció que Paz aseguró el 28 de octubre, en una entrevista con Bolivisión , que tuvo una llamada telefónica con el mandatario salvadoreño y que le pidió “ayuda con las cárceles y que vamos a tener que hacer muchas acá”. Por parte del gobierno salvadoreño, el vicepresidente Félix Ulloa declaró en una entrevista realizada en el programa “Que No Me Pierda” del canal Red Uno, el 7 de noviembre, que:  El Salvador ha compartido su modelo con otros países y que “nosotros de manera fraterna y solidaria, estamos dispuestos para compartir” y que “ si ese fuera el caso de Bolivia… lo podemos hacer con todo gusto con el gobierno de Bolivia ”. En la entrevista con diario El Deber , Ulloa también señaló respecto al tema que “es cada gobierno el que decide cómo, de qué manera nosotros podemos dar algún tipo de asistencia técnica” . Aun así, ninguna de las autoridades salvadoreñas confirmó que exista un acuerdo, ni que Bukele haya aceptado replicar el sistema penitenciario salvadoreño en Bolivia. Fuentes: Búsqueda de palabras en Google “Bukele ayudará Bolivia a replicar el sistema penitenciario de El Salvador” Red social Tik Tok de Bolivisìón ( entrevista 28 de octubre ) Entrevista al Vicepresidente de El Salvador, Félix Ulloa  realizada por el programa “Que No Me Pierda” del canal Red Uno el 7 de noviembre. Entrevista al Vicepresidente de El Salvador, Félix Ulloa realizada por el diario El Deber el 7 de noviembre. Tags Nayib Bukele Rodrigo Paz Tendencia Política Indeterminada Fecha Publicación Web Thu, 11/20/2025 - 13:43",Engañoso,Media
1677,chequeabolivia.bo,https://chequeabolivia.bo/senadora-salvatierra-propone-eliminar-facebook-de-bolivia,"Senadora Salvatierra propone eliminar Facebook de Bolivia. En mayo de este año la presidenta de la Cámara de Senadores, Adriana Salvatierra afirmó que regular las redes sociales no es ""prioridad"" de la Asamblea Legislativa ni del Gobierno. En Facebook se compartió una imagen en la que se asegura que la presidenta de la Cámara de Senadores, Adriana Salvatierra, propuso eliminar el Facebook de Bolivia. Se añade: “La Ley de Imprenta y las redes sociales, en la mira del MAS”. ChequeaBolivia advierte que la información es engañosa. En una revisión de reportes de medios de comunicación, se constató que en septiembre de 2018 , Salvatierra y el diputado Gonzalo Aguilar, ambos del Movimiento Al Socialismo (MAS), plantearon que la propuesta del presidente Evo Morales de elaborar una ley contra la mentira para regular a medios de comunicación y políticos, también abarque al ámbito de las redes sociales. “La mentira está en las redes sociales, que son masivas en esta época que tenemos gracias al Whatsapp, Facebook, y ahora se escudan en el anonimato para incurrir en la mentira ciertas personas, no son todas, ciertos políticos”, manifestó Salvatierra en ese entonces. Sin embargo, no propuso eliminar el Facebook. En tanto, en mayo de este año y tras asumir la presidencia en la Cámara de Senadores, Salvatierra afirmó que regular las redes sociales no es ""prioridad"" de la Asamblea Legislativa ni del Gobierno, ya que la población tiene derecho a expresarse a través de diferentes medios. FUENTE: Revisión hemerográfica Tags Adriana Salvatierra Log in to post comments",Engañoso,Media
1678,chequeabolivia.bo,https://chequeabolivia.bo/reciben-evo-morales-con-insultos-en-la-fiesta-de-urkupina,"Reciben a Evo Morales con insultos en la fiesta de Urkupiña. Este año, la fiesta de la virgen de Urkupiña en Cochabamba se caracterizó por la ausencia de autoridades nacionales. En Facebook se compartió un video en el que se observa al presidente Evo Morales en una visita a la festividad de Urkupiña. En el encabezado se indica que se trata de una noticia de último momento y que el primer mandatario salió corriendo al oír insultos y abucheos. ChequeaBolivia advierte que el contenido es engañoso. Este año, la fiesta de la virgen de Urkupiña en Cochabamba se caracterizó por la ausencia de autoridades nacionales, incluido el presidente Morales que no llegó a Cochabamba para participar de la festividad ni el día que se celebró la misa central, ni para la jornada del calvario. En la festividad sí participaron algunos políticos como Samuel Doria Medina y candidatos para las elecciones nacionales como Óscar Ortiz, Shirley Franco y Carlos Mesa. El video que se comparte en Facebook corresponde a la visita del presidente Morales en 2017, justo en el momento en el que llegó a Quillacollo para participar de la misa central de la festividad de la Virgen de Urkupiña. FUENTE: Reportes de medios de comunicación Revisión de videos Tags Evo Morales Log in to post comments",Engañoso,Media
1679,chequeabolivia.bo,https://chequeabolivia.bo/insultan-evo-morales-en-una-concentracion-de-yacuiba,"Insultan a Evo Morales en una concentración de Yacuiba. En un recuento de las actividades que realizó el presidente Evo Morales el pasado sábado 10 de agosto en Yacuiba, se constató que no estuvo presente en ningún estadio ni en actos oficiales durante la noche. En WhatsApp se compartió un video en el que se oyen cánticos en rechazo al presidente Evo Morales presuntamente durante uno de los actos en los que estaba presente el primer mandatario en Yacuiba, el pasado 10 de agosto de 2019. ChequeaBolivia verificó que la noticia es engañosa. En un recuento de las actividades que realizó el presidente Morales el pasado sábado 10 de agosto en Yacuiba, se constató que no estuvo presente en ningún estadio ni en actos oficiales durante la noche. Sin embargo, este mismo video circuló en las redes sociales desde el pasado 7 de agosto y las imágenes corresponden al clásico cruceño Blooming versus oriente Petrolero en la quinta jornada del torneo clausura en el estadio Ramón Tahuichi Aguilera. FUENTE: Revisión de videos Reportes de medios de Comunicación Tags Evo Morales Log in to post comments",Engañoso,Media
1680,chequeabolivia.bo,https://chequeabolivia.bo/index%2ephp/unitel-no-publico-una-foto-filtrada-de-rodrigo-paz-con-marcelo-claure-en-eeuu,"Unitel no publicó una foto filtrada de Rodrigo Paz con Marcelo Claure en EEUU. El medio desmintió el contenido y la imagen que circula en las redes sociales es del 23 de mayo. Natalia Cuadros En Facebook circula una imagen con la línea gráfica de Unitel. El titular de esta publicación señala que se filtró una fotografía de Rodrigo Paz, candidato a la Presidencia por el Partido Demócrata Cristiano (PDC), con el empresario boliviano Marcelo Claure en Estados Unidos (EEUU). ChequeaBolivia verificó que se trata de contenido engañoso. Se realizó una búsqueda rápida en Google con palabras clave como: “Rodrigo Paz con Marcelo Claure en EEUU”. Entre los resultados no existe ninguna noticia similar que haya sido publicada por Unitel. También se consultó con  el editor web del medio Unitel, Christopher André, quien confirmó que se trata de información que no fue publicada por el medio. En una búsqueda en las cuentas oficiales del medio y su página web ( 1 , 2 , 3 ) no se encontró dicho contenido. En una búsqueda a la inversa, se verificó que la fotografía fue tomada durante el evento llamado Bolivia 360 , organizado por Marcelo Claure, en el que se trata una diversidad de temas políticos y económicos. Este evento se llevó a cabo en Harvard. La imagen fue publicada el 23 de mayo, en la cuenta oficial del economista Gonzalo Chávez, que también participó de esta actividad. Por tanto, no se trata de una fotografía actual ni del viaje que realizó Rodrigo Paz a EEUU, en septiembre pasado. Fuentes: Cuentas oficiales y página web de Unitel: ( 1 , 2 , 3 ) Búsqueda rápida en Google: ( 1 ) Christopher André, editor web de Unitel Brújula Digital ( 1 ) Tags Rodrigo Paz Marcelo Claure Unitel Elecciones Generales 2025 Tendencia Política Indeterminada Fecha Publicación Web Wed, 10/08/2025 - 11:54",Engañoso,Media
1681,chequeabolivia.bo,https://chequeabolivia.bo/index%2ephp/desempleo-con-mesa-llego-al-11-y-al-4-con-evo-morales,"Desempleo con Mesa llegó al 11% y al 4% con Evo Morales. Según informes del Instituto Nacional de Estadística, los datos de la publicación en Facebook son engañosos. La anterior captura de pantalla, compartida a través de la red social Facebook durante el 20 de mayo, es engañosa. Según el informe del Instituto Nacional de Estadística (INE), los porcentajes establecidos en la publicación son incorrectos. A razón de una “tweet” realizado por el candidato presidencial, Carlos Mesa, se estuvo compartiendo la imagen en redes sociales que establece que el desempleo durante el gobierno de Carlos Mesa fue del 11% y el 4% en el tiempo de gestión de Evo Morales. Sin embargo, según los datos presentados en el informe del INE, durante el mandato de Mesa (2003-2005) el desempleo pasó de 9,1% a 8,4% y no llegó a ser la más alta de la región. Asimismo, el porcentaje establecido en el informe para el periodo de Evo Morales (2006 - 2018) es de 4,48%. En conclusión, tras la investigación del origen y veracidad de la información, ChequeaBolivia está en condiciones de afirmar que es engañosa. FUENTE: - Instituto Nacional de Estadística Tags Evo Morales Carlos Mesa Desempleo Log in to post comments",Engañoso,Media
1682,chequeabolivia.bo,https://chequeabolivia.bo/clan-morales-alvarado-cardenas,"Clan Morales, Alvarado, Cárdenas. El pasado domingo, el diario Página Siete publicó una noticia en la que se establece como verdadero el hecho de que Francisca Álvarez suscribió cuatro contratos con la petrolera YPFB por al menos 200 mil bolivianos. El 15 de mayo se estuve viralizando la anterior imagen a través de las redes sociales. En ella se establece que existe un “clan” compuesto por Evo Morales, Evaliz Morales, Félix Cárdenas y Francisca Alvarado. Dicha publicación contiene un párrafo del periódico Página Siete en el que se revela que la radio Jacinto Rodríguez, de Francisca Alvarado Pinto, madre de Evaliz Morales, suscribió al menos cuatro contratos con la estatal petrolera Yacimientos Petrolíferos Fiscales Bolivianos (YPFB). ChequeaBolivia procedió a investigar el origen y la veracidad de la publicación y está en condiciones de afirmar que contiene información ambigua. El pasado domingo, el diario Página Siete publicó una noticia en la que se establece como verdadero el hecho de que Francisca Álvarez suscribió cuatro contratos con la petrolera YPFB por al menos 200 mil bolivianos. En marzo de 2018, mediante un correo electrónico YPFB mandó la invitación directa a la empresa unipersonal ""Radio Jacinto Rodríguez"" de propiedad de Francisca Alvarado, quien tiene una hija con el presidente Evo Morales y es pareja del exviceministro de Descolonización, Félix Cárdenas, situación que podría ser considerada como tráfico de influencias. Sin embargo, no se menciona la existencia de ningún “clan” o agrupación. (*Existen varias publicaciones en redes sociales relacionados con el tema) FUENTE: Revisión hemerográfica Log in to post comments",Engañoso,Media
1683,chequeabolivia.bo,https://chequeabolivia.bo/index%2ephp/el-vehiculo-registrado-nombre-de-evo-morales-no-paga-impuestos,"El vehículo registrado a nombre de Evo Morales no paga impuestos. Los impuestos correspondientes a dicho vehículo a nombre del presidente Evo Morales, aún pueden ser pagados hasta el 30 de junio del presente año. El 12 de mayo se reprodujo la siguiente publicación a través de redes sociales. En ella se observan imágenes de documentos del Registro Nacional de Vehículos y el Registro Único para la Administración Tributaria Municipal correspondientes a un vehículo registrando a nombre del presidente Evo Morales. La segunda imagen muestra la deuda de impuestos de dicho vehículo. ChequeaBolivia procedió a investigar el origen y veracidad de dicha información y está en condiciones de afirmar que es verdadera, sin embargo, está incompleta. Los impuestos correspondientes a dicho vehículo aún pueden ser pagados hasta el 30 de junio del presente año, al igual que para el resto de la población boliviana. Además, los informes del RUAT muestran que los impuestos del vehículo fueron pagados hasta el 2017. FUENTE: Registro Único para la Administración Tributaria Municipal Tags Evo Morales Log in to post comments",Engañoso,Media
1684,chequeabolivia.bo,https://chequeabolivia.bo/index%2ephp/enganoso-andronico-no-dijo-que-si-llega-ser-presidente-aprehendera-evo-morales,"Engañoso: Andrónico no dijo que si llega a ser presidente, aprehenderá a Evo Morales. Andrónico Rodríguez no afirma ni niega que aprehendería a Morales, sino que hará respetar la ley sin ejercer presión política. Por Lucas Illanes En TikTok y X ( 1 , 2 , 3 y 4 ) circulan videos en los que se asegura que el candidato presidencial por Alianza Popular, Andrónico Rodríguez, anunció que “se aprehenderá a Evo (Morales) si llega a ser presidente”. ChequeaBolivia advierte que es contenido engañoso. Los videos muestran un fragmento de una entrevista de Rodríguez en el programa Así Decidimos 2025 de la Red Unitel del domingo 6 de julio. Durante el programa, la periodista Gabriela Oviedo preguntó a Rodríguez qué haría sobre la orden de aprehensión del expresidente Evo Morales. Rodríguez no afirmó ni negó textualmente que aprehendería a Morales como se escucha a partir del minuto 6:31 de este video . A continuación, la transcripción completa sobre este tema: Gabriela Oviedo: Hay una orden de aprehensión emitida contra Evo Morales por trata de personas. Si usted llega a ser presidente, Andrónico, ¿qué hará con eso? Andrónico Rodríguez: Yo no voy a ejercer presión política contra nadie, pero haremos cumplir la ley. Gabriela Oviedo: ¿Eso implica hacer efectiva esta orden de aprensión? Andrónico Rodríguez: Haremos cumplir la ley porque ese es el mandato del gobernante, no es juez ni fiscal para emitir ninguna versión y respuesta afirmativa. Pero sí está en manos del presidente fiel cumplimiento, cumplir y hacer cumplir la norma. Andrónico Rodríguez: ¿Haría ejecutar esa orden de aprensión con la Policía? Gabriela Oviedo: Bueno, me remito a que no vamos a ejercer ninguna presión política contra nadie, pero vamos a hacer cumplir la ley. Sin duda es lo que el pueblo requiere y necesita. ChequeaBolivia encontró otra entrevista del 8 de julio en el programa No Mentirás con la periodista Jimena Antelo, quien pidió aclarar a Rodríguez si ejecutaría ahora mismo la orden de aprehensión en contra de Morales. “Claramente se ha ejercido presión política, lamentablemente esto es consecuencia de la vieja práctica del sistema tradicional de los políticos del pasado (…) donde corresponde la justicia actuará”, respondió Rodríguez. El contenido surge en medio de dudas sobre la relación entre la Alianza Popular y el expresidente Evo Morales, quien cuenta con una orden de captura por un caso de presunta trata de una menor que fue restituida el 2 de mayo después de que una jueza lo anulara. Sobre el tema, la candidata a la vicepresidencia de esta misma alianza, Mariana Prado, consideró que , sobre que “no vamos a hacer nada contra Evo (Morales)” . Fuentes: Entrevista de Andrónico Rodríguez en el programa Así Decidimos 2025 Entrevista de Andrónico Rodríguez en el programa No Mentirás DW El Deber Tags Andrónico Rodríguez Evo Morales Unitel Tendencia Política Indeterminada Fecha Publicación Web Thu, 07/10/2025 - 12:07 Log in to post comments",Engañoso,Media
1685,chequeabolivia.bo,https://chequeabolivia.bo/index%2ephp/manipulan-video-de-virginio-lema-para-favorecer-tuto-quiroga,"Manipulan video de Virginio Lema para favorecer a Tuto Quiroga. Se modificó el fondo original del video para simular apoyo político, aunque Lema promueve respaldar al más votado en su iniciativa “Primarias de El Bunker”. Por Lucas Illanes En TikTok se difunde un video en el que se muestra al periodista, Virginio Lema, indicando que el Movimiento Al Socialismo (MAS) le teme al precandidato, Jorge “Tuto” Quiroga. ChequeaBolivia verificó que el contenido es engañoso. El video muestra una imagen de fondo que proclama como ganadores en las “encuestas ciudadanas de El Bunker” a Quiroga junto a Juan Pablo Velasco, precandidato a la presidencia.  Mientras se oye a Lema mencionar lo siguiente: “A esto le teme la mafia del MAS, le teme al pueblo, le temen a la fuerza de la gente”. ChequeaBolivia consultó con Lema, quien respondió que el video no es suyo, “es armado”. Tras la revisión de la cuenta oficial de TikTok del periodista, se constató que un contenido publicado el 25 de abril fue manipulado porque el original no presenta un fondo que promociona a Tuto, sino que difunde que su iniciativa denominada “Primaria Digital” acumuló 183.723 votos en las primeras 12 horas. Las “votaciones primarias” o también conocidas como “encuestas ciudadanas de El Bunker” es una iniciativa de Lema que tiene el objetivo de definir a un solo candidato de la oposición que se enfrentará al MAS en las Elecciones Generales previstas para agosto de este año. Estas “votaciones” se realizan de forma virtual en una plataforma. ChequeaBolivia explicó anteriormente que este proceso no puede considerarse como una elección primaria y que su sistema registra falencias, por lo que sus resultados no son confiables. El 26 de mayo Lema presentó los resultados de un tercer proceso indicando que hará otras “votaciones” y anima a apoyar al político más favorecido, quien por el momento es Tuto Quiroga. Fuentes: Periodista, Virginio Lema Contenido original publicado en la cuenta de TikTok de Virginio Lema Tags Jorge 'Tuto' Quiroga Virginio Lema Elecciones Generales 2025 Tendencia Política Indeterminada Fecha Publicación Web Sun, 06/01/2025 - 22:26 Log in to post comments",Engañoso,Media
1686,chequeabolivia.bo,https://chequeabolivia.bo/index%2ephp/junior-arias-no-informo-que-morales-sera-habilitado-sino-sobre-el-amparo-que-pan-bol-presento-en-la,"Junior Arias no informó que Morales será habilitado, sino sobre el amparo que PAN-Bol presentó en La Paz. En la nota televisiva Arias habla del amparo constitucional interpuesto por PAN-Bol y el TSE informó que Evo no se registró como candidato. Por Álvaro Montoya En TikTok circula un video del periodista Junior Arias Paravicini, informando sobre un Amparo Constitucional que presentó PAN-Bol para habilitar al expresidente Evo Morales como candidato a las elecciones generales 2025, acompañado de un texto que dice: “Noticia de último momento. Evo Morales será habilitado”.   ChequeaBoliva advierte que se trata de información engañosa. ChequeaBolivia realizó una búsqueda en Google con las palabras “PAN-Bol presenta Amparo Constitucional en La Paz”, mismo texto que aparece en el generador de caracteres mientras Paravicini habla en la nota que circula en TikTok, y encontró el contenido original. El video que se comparte en redes sociales fue originalmente publicado por DTV, medio del que es director Paravicini, y que él mismo reposteó en su página personal de Facebook. En este contenido se informa sobre el amparo constitucional que fue presentado el pasado 20 de mayo por PAN-Bol ante la Sala Constitucional Cuarta del Tribunal Departamental de Justicia de La Paz que busca que el Tribunal Supremo Electoral reciba la inscripción de la candidatura de Morales de manera provisional hasta que se resuelvan los recursos para recuperar su personería jurídica. En ningún momento se asegura que Morales será habilitado. Evo no se registró por tanto no está habilitado En conferencia de prensa del 20 de mayo, fecha en la que feneció el plazo para registrar candidaturas, consultado sobre la postulación de Morales en el minuto 5:44 , el secretario de Cámara del TSE, Fernando Arteaga afirmó: “Evo Pueblo no es un partido con personería jurídica vigente y PAN-Bol tiene su personería jurídica cancelada, por lo tanto no pueden hacer registro de candidatos”. Ayer, la presidenta PAN-Bol, Ruth Nina, informó que el amparo constitucional presentado contra el Tribunal Supremo Electoral (TSE) fue admitido por el Tribunal Departamental de Justicia de La Paz, pero que la medida cautelar temporal que pretendía inscribir al expresidente Evo Morales y otros candidatos en la carrera electoral fue rechazada. Fuentes: Cuenta de Facebook de Junior Arias Parravicini Informe del TSE transmitido por Facebook Revisión hemerográfica Tags Elecciones Generales 2025 Evo Morales Tendencia Política Indeterminada Fecha Publicación Web Thu, 05/22/2025 - 15:49",Engañoso,Media
1687,chequeabolivia.bo,https://chequeabolivia.bo/es-enganoso-que-se-puedan-impulsar-primarias-ciudadanas-con-una-votacion-digital-como-lo-afirmo,"Es engañoso que se puedan impulsar “primarias ciudadanas” con una votación digital como lo afirmó Virginio Lema. Esta iniciativa no puede ser considerada como una verdadera elección primaria, ya que ese proceso está regulado por la Ley 1096 de organizaciones políticas y para las elecciones de 2025 se aprobó una norma que la dejó sin efecto. Por Lucas Illanes El periodista Virginio Lema mediante sus redes sociales y las cuentas de “El Búnker” anunció en reiteradas ocasiones  que unas “primarias electorales ciudadanas” se llevarán a cabo en línea para determinar un único candidato de la oposición. ChequeaBolivia verificó que su discurso es engañoso. A pesar de que en Bolivia una ley estableció que en este año no se llevarán a cabo las elecciones primarias, una página web que promovía “primarias electorales ciudadanas” y promocionada por Lema recopiló datos personales sensibles de miles de personas, no respetó la normativa que debe seguir este proceso, tuvo varias fallas y no fue transparente. ChequeaBolivia hizo seguimiento a este proceso y expone por qué esta iniciativa no puede ser considerada como una verdadera elección primaria. ¿Qué son en realidad las elecciones primarias? Unas votaciones que la ley determinó que no se realizarán este año Las elecciones primarias son aquellas que sirven para hacer elecciones internas en las organizaciones políticas y así definir oficialmente a sus candidatos para la presidencia y vicepresidencia. El 19 de agosto del año pasado se dispuso mediante la Ley 1578 de Régimen Excepcional y Transitorio de Elecciones Primarias que estas elecciones no se llevarán a cabo para 2025. Esto tras que organizaciones políticas acordaron suspender las elecciones primarias en julio del año pasado en una reunión llamada: “Encuentro Multipartidario e Interinstitucional por la Democracia” . De este encuentro participaron líderes de los 11 partidos y las dos alianzas presentes , a excepción del expresidente Evo Morales que se retiró mostrando su desacuerdo. La principal razón fue la de evitar que las primarias se realicen cerca de las fechas de las Elecciones Judiciales. Para que se lleven a cabo las elecciones primarias en Bolivia, deben cumplirse varios requisitos establecidos por ley. Este proceso debe ser organizado por el Tribunal Supremo Electoral (TSE) y financiado con recursos del Estado. La normativa indica que las primarias deben realizarse en los mismos recintos de votación utilizados en las elecciones generales. Además, cada recinto debe contar con al menos un notario electoral. Solo pueden participar militantes registrados en el padrón de su organización política y en el padrón electoral. El voto debe ser individual, voluntario, directo, libre y secreto. 300 mil personas respondieron con datos personales a la iniciativa promovida por Virginio Lema Las “primarias electorales ciudadanas” fueron promovidas principalmente por Lema y mediante las redes sociales de “El Búnker”. En un video el 25 de marzo el periodista anunció que las primarias se iban a hacer realidad en los próximos días. El objetivo: definir a un solo candidato de la oposición que se enfrentará al Movimiento Al Socialismo (MAS) en las Elecciones Generales previstas para agosto de este año. Para acceder a esta “votación”, como menciona Lema, se debía ingresar a una plataforma web que pedía brindar los siguientes datos personales: país, ciudad, número de WhatsApp, documento de identidad, fecha de nacimiento. El portal mostraba las siguientes opciones: Amparo Ballivián, Chi Hyung Chu, Edgar Uriona, Gustavo Blacutt,  Manfred Reyes Villa, Samuel Doria Medina, José Carlos Sanchez, Edmar Lara, Jaime Dunn y Jorge Quiroga. La plataforma intentó evitar que las personas votaran más de una vez enviando un enlace por WhatsApp para que eligieran una opción. Sin embargo, según la propia versión de Lema, se registraron votos “fraudulentos”. De acuerdo con información disponible en el Búnker , se llegó a un total de 307.524 votos válidos. Las falencias de las primarias de El Bunker La plataforma fue vulnerable a ataques de terceras personas. Por ejemplo, las personas podían votar más de una vez, para esto ingresaron más de un número de WhatsApp. Sobre esto, Lema admitió que se registraron “una infinidad de dificultades, en la primera votación, que se van a superar en la segunda”. El periodista anunció que se harán otras versiones en los próximos meses. Además, este proceso virtual no fue transparente. Por ejemplo, la página web, que usualmente está caída, no permite consultar los resultados ni verificar los datos, como normalmente sucede en las elecciones. Tampoco se explica qué mecanismos de seguridad se tomaron para proteger los datos de 307.524 de las personas que votaron “válido”. “Hemos hecho (el sistema) en plataformas gratuitas, Él Búnker no tiene recursos “, reconoció Lema. Finalmente, el periodista invitó a las organizaciones políticas e incluso al Órgano Electoral Plurinacional a auditar los resultados. Como se mencionó anteriormente, la participación de terceros debía ser efectiva durante el proceso, algo que no ocurrió. Fuentes: Redes sociales de Virginio Lema y El Búnker Ley 1578 Ley 1096 Correo del Sur Fuente Directa OEP Tags Virginio Lema El Búnker Tendencia Política Indeterminada Fecha Publicación Web Fri, 04/04/2025 - 20:15 Log in to post comments",Engañoso,Media
1688,chequeabolivia.bo,https://chequeabolivia.bo/index%2ephp/enganoso-el-deber-no-publico-una-cita-de-andronico-negandose-ser-jefe-de-campana-de-evo-morales,"Engañoso: El Deber no publicó una cita de Andrónico negándose a ser jefe de campaña de Evo Morales. El Deber negó que el contenido les pertenezca, pero la nota usa el mismo texto que publicó el periodista José Pomacusi, sin revelar la fuente. Por Álvaro Montoya En TikTok circula una presunta noticia con los sellos de El Deber, afirmando que el presidente de la Cámara de Diputados, Andrónico Rodríguez, le habría dicho al expresidente Evo Morales que no será su jefe de campaña como él solicitó y que le tiene celos desde 2019. ChequeaBolivia advierte que se trata de información engañosa. ChequeaBolivia contactó a la editora web de El Deber, Beatriz Ávalos, quién afirmó que el contenido no es de su medio. Adicionalmente, ChequeaBolivia realizó una revisión en la página web de El Deber con la etiqueta “Andrónico Rodríguez” y en su página de Facebook de forma manual, y no encontró que el medio haya publicado la noticia. No obstante, una búsqueda en Google con el mismo texto lleva al programa Poder, Medios y Miedos de José Pomacusi, dónde en la transmisión del 18 de febrero minuto 18:27 el comunicador afirma, sin mencionar la fuente, que el presidente de la Cámara de Senadores le dijo a Morales durante una reunión: “Evo no voy a ser tu jefe de campaña. Me tienes celos desde 2019, estás celoso Evo”. El 22 de enero Rodríguez le dijo a Evo Morales durante un evento de celebración de sus seguidores por el aniversario del Estado Plurinacional que el expresidente “debe sentirse orgulloso y no celoso de muchos jóvenes, hombres y mujeres, que siguen sus pasos de la dirigencia sindical”. No obstante no hay registro audiovisual ni escrito de la cita textual que Pomacusi le atribuye a Rodríguez. Fuentes: Editora web de El Deber, Beatriz Ávalos Sitio web de El Deber Página de Facebook de El Deber Poder, Medios y Miedos El País - Tarija Tags Andrónico Rodríguez Tendencia Política Indeterminada Fecha Publicación Web Wed, 02/26/2025 - 17:06",Engañoso,Media
1689,chequeabolivia.bo,https://chequeabolivia.bo/index%2ephp/manfred-reyes-villa-difunde-encuesta-no-confiable-para-promover-su-campana-politica,"Manfred Reyes Villa difunde encuesta no confiable para promover su campaña política. El alcalde de Cochabamba difundió una encuesta sin transparencia sobre su financiamiento, metodología y con una muestra reducida Por Lucas Illanes El alcalde de Cochabamba, Manfred Reyes Villa compartió en sus cuentas oficiales de  Facebook, Instagram y X una encuesta atribuida a Ipsos Ciesmori en el que se muestra como favorito ante las elecciones presidenciales previstas para agosto de este año ( 1 , 2 , 3 , 4 ). ChequeaBolivia verificó que se trata de información engañosa. En una de sus publicaciones los resultados de la encuesta contienen el siguiente texto en la descripción: “No cabe ninguna duda, Manfred Reyes Villa y la unidad del pueblo boliviano, lideran todas las encuestas”. Esta encuesta fue revisada por el equipo de ChequeaBolivia anteriormente y se determinó que no es confiable por diversos motivos. Uno de ellos es la falta de transparencia, pues no hay información sobre quién la financió y no existen datos claros sobre cómo fue realizada. Ipsos Ciesmori, la empresa a cargo de su realización, anunció públicamente que un cliente, sin especificar el nombre, difundió estos resultados sin autorización. La encuestadora no brindó información más detallada a ChequeaBolivia. Otro factor clave radica en que esta y otras encuestas se están difundiendo antes de que se defina el calendario electoral, el cual aún no ha sido establecido por el Órgano Electoral Plurinacional (OEP). Dicha entidad es responsable de acreditar a las encuestadoras, asegurando que cumplan con los requisitos mínimos establecidos por norma. Por lo tanto, esta encuesta no cuenta con la validación del OEP. Según el artículo 135  de la Ley No. 026 del Régimen Electoral, está prohibida la elaboración y difusión de estudios de opinión que no tengan un autor plenamente identificado, y que no haya realizado su registro ante el Órgano Electoral Plurinacional (OEP) para la elaboración y difusión de encuestas. Una vez que el OEP lance la convocatoria para las elecciones nacionales, también presentará un calendario electoral. Ese calendario electoral establecerá un plazo para que las empresas de estudios de opinión se presenten ante esta instancia y se acrediten para realizar este trabajo de cara a las elecciones. Por último, esta encuesta tiene una muestra considerada pequeña, pues se consultó a 800 personas de las ciudades de La Paz, El Alto, Cochabamba y Santa Cruz. En las publicaciones de Reyes Villa no se aclara que solo se tomó en cuenta estas cuatro ciudades para difundir estos resultados. ChequeaBolivia se contactó con el equipo de comunicación de Reyes Villa. Hasta el momento de esta publicación no se obtuvo ninguna respuesta. Puede acceder a más información sobre la investigación de esta encuesta mediante este enlace . Fuentes: Redes sociales de Manfred Reyes Villa Comunicado de Ipsos Ciesmori Ley No. 26 del Régimen Electoral Verificado Tags Manfred Reyes Villa Encuestas Elecciones Generales 2025 Tendencia Política Indeterminada Fecha Publicación Web Mon, 01/27/2025 - 17:57",Engañoso,Media
1690,chequeabolivia.bo,https://chequeabolivia.bo/index%2ephp/tuto-quiroga-no-fue-de-izquierda-ni-el-fundador-del-fri-guerrillero-del-che-guevara,"Tuto Quiroga no fue de ‘izquierda’ ni el fundador del FRI guerrillero del ‘Che’ Guevara. Quiroga fue parte del gobierno del líder de izquierda Jaime Paz Zamora debido al ‘acuerdo patriótico’ entre el MIR y el ADN, y el creador del FRI apoyó a Guevara, pero no peleó a su lado. Por Álvaro Montoya En TikTok circula un video de un creador de contenido afirmando que el expresidente y actual candidato, Jorge ‘Tuto’ Quiroga, nunca fue “de derecha” y más bien, siempre fue de izquierda por haber sido parte del gobierno de Jaime Paz Zamora y por ahora ser candidato del Frente Revolucionario de Izquierda (FRI), cuyo fundador fue guerrillero del ‘Che’ Guevara. ChequeaBolivia constató que se trata de información engañosa. ChequeaBolivia revisó diversas fuentes historiográficas, y comprobó que, si bien es cierto que Quiroga fue parte del gobierno de Jaime Paz Zamora, líder histórico del Movimiento de Izquierda Revolucionario (MIR), nunca fue parte de este partido. Según el Centro de Asuntos Internacionales de Barcelona (CIDOB) Quiroga llegó al gobierno de Paz Zamora gracias al “Acuerdo Patriótico” entre el MIR y Acción Democrática Nacionalista (ADN), partido del ex dictador Hugo Banzer Suárez, de derecha. Pese a las contradicciones ideológicas entre ambos partidos, el Acuerdo Patriótico se creó en 1989 para vencer en las elecciones congresales al Movimiento Nacionalista Revolucionario (MNR) y llevar a Paz Zamora a la presidencia en el periodo 1989-1993, en el que, según el libro ‘Presidentes de Bolivia: Entre Urnas y Fusiles’, co-gobernó con el ADN. El video también afirma que Oscar “Motete” Zamora+, fundador del Frente Revolucionario de Izquierda (FRI), partido que prestó su sigla a Quiroga hace más de un mes, fue guerrillero de Ernesto ‘Che’ Guevara durante su campaña en Bolivia entre 1966 y 1967. Si bien es cierto que, según ANF , Zamora defendió públicamente la guerrilla del Che, el libro “Sueño y Tragedia: La Aventura en Bolivia”, relata que él, al igual que muchos políticos bolivianos de izquierda de la época, se rehusó a participar del conflicto armado. Fuentes: Centro de Asuntos Internacionales de Barcelona (CIDOB) Presidentes de Bolivia: Entre Urnas y Fusiles de Carlos Mesa Gisbert Sueño y Tragedia: La Aventura en Bolivia Antología de Documentos Fundamentales de La Historia de Bolivia ANF Tags Jorge 'Tuto' Quiroga Tendencia Política Indeterminada Fecha Publicación Web Mon, 01/27/2025 - 14:37",Engañoso,Media
1691,chequeabolivia.bo,https://chequeabolivia.bo/unitel-no-informo-sobre-polemica-por-concurso-que-premiaba-ninos-disfrazados-de-evo-morales,"Unitel no informó sobre polémica por concurso que premiaba a niños disfrazados de Evo Morales. El contenido fue desmentido por Unitel, pero el concurso fue real y se llevó a cabo el 8 de enero en un evento por el Día de Reyes. Por Gabriel López Circula en TikTok una imagen con el formato gráfico y sellos de la Red Unitel que informa sobre una supuesta polémica que se desató por un concurso que premiaba a niños disfrazados como Evo Morales. ChequeaBolivia constató que se trata de información engañosa. En una revisión de la página de Facebook de RKC, se constató que el concurso es real y se realizó el 8 de enero, por la celebración de Día de Reyes, en la localidad de Lauca Ñ, municipio de Shinahota, Cochabamba. La actividad fue organizada por la Federación Departamental de Médicos de Santa Cruz y consistía en la entrega de mil juguetes, además de premiar con una bicicleta al niño que asistiera disfrazado como Evo Morales y a la niña vestida como Bartolina Sisa. En la publicación de RKC, se detalla: “Gran entrega de regalos para los niños y niñas en predios de la Coordinadora de las 6 Federaciones del Trópico de Cochabamba (Lauca Ñ) a iniciativa de la Federación Departamental de Médicos de Santa Cruz, se hará la entrega de 1.000 juguetes y al niño que venga idéntico al hermano Evo Morales Ayma se llevará una bicicleta y a la niña que traiga la vestimenta de Bartolina Sisa se llevará otra bicicleta, está actividad es para cerrar las fiestas navideñas de la gestión 2024.” En una revisión de la página web y las redes sociales de Unitel, se verificó que no existe una publicación titulada: “Polémica desatada por Evo Morales al premiar a niños disfrazados de su imagen con juguetes”. Christopher André, editor web del medio, desmintió que la información haya sido publicada por Unitel. Fuentes: Revisión de la cuenta de Facebook de RKC Revisión de la página web y las redes sociales de Unitel El editor Web de Unitel, Christopher André Tags Evo Morales Tendencia Política Indeterminada Fecha Publicación Web Wed, 01/15/2025 - 19:20",Engañoso,Media
1692,chequeabolivia.bo,https://chequeabolivia.bo/enganoso-unitel-no-publico-que-la-exministra-nemesia-achacollo-pagaba-servicios-sexuales-de-jovenes,"Engañoso: Unitel no publicó que la exministra Nemesia Achacollo pagaba servicios sexuales de jóvenes para Evo Morales. Sin embargo, la abogada Paola Barriga afirma, sin presentar pruebas a ChequeaBolivia, que dos policías sentenciados confesaron encargarse de llevar jóvenes ante Morales Por Lucas Illanes En TikTok circula un video que aparenta ser publicado por la Red Unitel e indica “exministra Nemesia Achacollo pagaba servicios sexuales de jóvenes que eran contratadas para Evo Morales”. ChequeaBolivia constató que es información engañosa. El video circula con los sellos de Unitel, medio que no publicó ese titular en su página web ni en las redes sociales ( 1 , 2 , 3 , 4 , 5 ). El contenido que difunde la acusación sobre Achacollo, quien fue ministra de Desarrollo Rural y Tierras durante la gestión del expresidente Evo Morales, fue publicado por la cuenta “ @unitel.beni.bo ”. Consultado por el equipo de ChequeaBolivia, el editor web de este medio, Christopher André, aclaró que la cuenta oficial de Unitel es “@unitel.bo” y no la que comparte este contenido. André también confirmó que esa información no fue publicada por su medio. Aunque el contenido no está disponible en Unitel, la información surgió a partir de las declaraciones de la abogada, Paola Barriga, quien asevera que dos policías sentenciados confesaron que se encargaban de llevar a jovencitas ante Morales para prestar servicios. “(Los policías) dijeron que el único trabajo que ellos realizaban era ir a cobrarle a Nemesia Achacollo por los servicios que presentaban estas jovencitas que ellos traían, estamos hablando no solo de Evo Morales sino de todo un circuito que se dedicaba a este delito. Entonces Evo Morales es la cabeza, tiene esta enfermedad de pedofilia, este tipo de delitos sí se ha consumado y no en una sola víctima, son varias víctimas. Exactamente, porque ella (Nemesia) conseguía que lleguen jovencitas con su jefe y que luego ella tenga que realizar los pagos”, indicó Barriga en octubre de este año . No es la primera vez que la abogada hizo estas acusaciones, pues hizo declaraciones similares en 2022 . Según la abogada , la versión de los policías es “pública, está escrita” y fue presentada en una audiencia grabada. Barriga afirmó que es posible acceder a estas declaraciones en el expediente del caso Katanas, disponible en el Tribunal Séptimo de Sentencia de la Corte Superior de Justicia, aunque el documento ""no se puede entregar a quienes no formen parte del proceso"". ChequeaBolivia solicitó a la abogada fotografías del expediente mencionado para respaldar esta verificación con pruebas, pero, hasta la fecha de esta publicación ella no las mandó. Fuentes: Revisión de las redes sociales de la Red Unitel ( 1 , 2 , 3 , 4 , 5 ) Editor web de la Red Unitel, Christopher André Éxito Noticias Urgente.bo Abogada Paola Barriga Tags Evo Morales Nemesia Achacollo Tendencia Política Indeterminada Fecha Publicación Web Thu, 10/31/2024 - 17:30 Log in to post comments",Engañoso,Media
1693,chequeabolivia.bo,https://chequeabolivia.bo/unitel-no-informo-que-evo-morales-confirmo-que-tuvo-una-hija-con-una-menor-de-edad,"Unitel no informó que Evo Morales confirmó que tuvo una hija con una menor de edad. En una conferencia de prensa, el expresidente se refirió al tema, pero no confirmó que tuvo una hija con una menor de edad. Por Enid López En TikTok, circula una imagen con la línea gráfica de la Red Unitel, en donde se observa el siguiente titular: “Evo confirma que sí tuvo una hija con una menor de edad: ‘No se metan con mi familia’”. ChequeaBolivia verificó que se trata de información engañosa. En una búsqueda de la información en Google, se constató que Unitel publicó un artículo titulado: “ No se metan con la familia”, la respuesta de Evo cuando le preguntaron si tuvo una hija en 2016 ”. En el artículo no se menciona que el expresidente Evo Morales haya confirmado su paternidad, producto de una relación con una menor de edad. El pasado 4 de octubre, Morales brindó una conferencia de prensa en el trópico de Cochabamba para referirse al proceso que se inició en su contra por presunto estupro y aseguró que este es un caso que ya fue resuelto por la justicia, ya que se rechazó la denuncia en 2020. Tras dar sus explicaciones, le consultaron a Morales si tuvo una hija en 2016, tal como señala la orden de aprehensión que se anuló y que se detalla en la denuncia que se encuentra en proceso en el Ministerio Público. Fuentes: Página web de la Red Unitel Conferencia de prensa de Evo Morales transmitida en RKC Tags Evo Morales crisis económica Tendencia Política Indeterminada Fecha Publicación Web Tue, 10/29/2024 - 10:56",Engañoso,Media
1694,chequeabolivia.bo,https://chequeabolivia.bo/enganoso-unitel-no-informo-que-morales-gasto-bs-14-millones-en-marcha,"Engañoso: Unitel no informó que Morales gastó Bs 14 millones en marcha. La información fue proporcionada por el analista político Luis Alberto Ruíz en otro programa informativo, como una estimación y no haciendo alusión a un dato oficial. En TikTok circula una imagen con los sellos de la Red Unitel y un titular afirmando: “Evo Morales habría gastado 14 millones de bolivianos en su ‘marcha de la muerte’"". ChequeaBolivia constató que se trata de información engañosa. ChequeaBolivia contactó al editor web de Unitel, Christopher André, quién aseguró que su medio no publicó un contenido con ese titular. “Es falso y esa cuenta usa nuestro nombre sin nuestro consentimiento. Es también una falsificación”, afirmó André. ChequeaBolivia también constató mediante los enlaces a las redes sociales oficiales que tiene Unitel en su página web, que la cuenta de TikTok que compartió el contenido no es la cuenta oficial de dicho medio. La cuenta falsa tampoco cuenta con el sello azul de verificación que otorga TikTok, que según dicha red social significa que se ha comprobado que la cuenta pertenece a la persona o marca que dicen ser. “Significa que hemos confirmado que la cuenta pertenece a la persona o marca que representa. Esto significa que puedes asegurarte de que las cuentas verificadas que sigues son quienes dicen ser"", menciona la página de soporte de la red social. No obstante, el 25 de septiembre de este año, el analista político Luis Alberto Ruíz, dijo en el programa Detrás de la Verdad que la “Marcha para Salvar Bolivia” que encabezaba entonces el expresidente Evo Morales, habría costado aproximadamente 14 millones de bolivianos. Sobre la frase “marcha de la muerte”, fue dicha el 17 de septiembre en conferencia de prensa por el ministro de Gobierno, Eduardo del Castillo, para calificar la marcha encabezada por Morales y sus afines. Fuentes: Christopher André, editor web Red Unitel Página de soporte de TikTok Cuenta oficial de TikTok  - Unitel Detrás de la Verdad El Deber Tags Evo Morales Tendencia Política No simpatizantes del MAS Fecha Publicación Web Mon, 10/28/2024 - 19:16 Log in to post comments",Engañoso,Media
1695,chequeabolivia.bo,https://chequeabolivia.bo/index%2ephp/la-red-uno-no-informo-que-evo-morales-fue-diagnosticado-con-afasia,"La Red Uno no informó que Evo Morales fue diagnosticado con afasia. Desde el medio de comunicación indicaron que el contenido no fue publicado en sus redes sociales. Además, se utilizaron imágenes de 2018 como si fueran actuales. Por Enid López En Facebook y Twitter circula un video con el logo de la Red Uno, donde se lee el siguiente titular: “Evo Morales con dificultades para hablar, un trastorno del lenguaje conocido como afasia, estaría complicando su salud”. ChequeaBolivia verificó que se trata de información engañosa. En una búsqueda del contenido en las redes sociales de la Red Uno ( 1 , 2 , 3 ) se verificó que el video no fue publicado por el medio. Además, la responsable de redes sociales de la Red Uno en Cochabamba, Sharon Portillo, informó a ChequeaBolivia que el contenido no fue publicado por el medio. En una búsqueda del video, se verificó que fue extraído de la transmisión en vivo del programa dominical del expresidente Evo Morales, “Evo es pueblo, líder de los humildes”, en RKC. En una revisión del video , se observó que en el minuto 56, el expresidente Morales se traba al hablar sobre el precio del huevo, pero a lo largo de todo el programa habla con total normalidad. También se revisó la cuenta de X del expresidente Evo Morales y no existe ningún comunicado oficial sobre un supuesto diagnóstico de afasia. Esta enfermedad se refiere a la pérdida de la capacidad de uso del lenguaje secundaria a una lesión de las áreas cerebrales involucradas en la producción y recepción del lenguaje. En el video se utilizaron imágenes de Evo Morales, cuando en 2018 fue intervenido quirúrgicamente para la extracción de un ""pequeño tumor"" hallado en los exámenes médicos ""de rutina"" en una clínica en la zona sur de La Paz. Fuentes: Las redes sociales de la Red Uno ( 1 , 2 , 3 ) Revisión de la transmisión en vivo del programa dominical del expresidente Evo Morales, “Evo es pueblo, líder de los humildes”, en RKC Revisión de la cuenta de X del expresidente Evo Morales La responsable de redes sociales de la Red Uno en Cochabamba, Sharon Portillo Revisión hemerográfica Tags Evo Morales Tendencia Política No simpatizantes del MAS Fecha Publicación Web Thu, 09/12/2024 - 19:32",Engañoso,Media
1696,chequeabolivia.bo,https://chequeabolivia.bo/es-falso-que-marcelo-claure-dijo-que-el-socialismo-trae-miseria,"Es falso que Marcelo Claure dijo que el socialismo “trae miseria”. Utilizaron un contenido publicado por la Red Unitel para manipularlo y generar el contenido falso. Por Nayeli Camacho En Facebook circula una imagen con la línea gráfica de la Red Unitel donde se observa una fotografía del presidente de Bolívar, Marcelo Claure, que supuestamente sostuvo: “El socialismo no funcionó en ningún país trae miseria”. Chequea Bolivia verificó que es una publicación engañosa. En la imagen también se observa la siguiente declaración: “‘Han destrozado mi país’: Marcelo Claure habla de una crisis ‘extremadamente preocupante’ en Bolivia”. En una búsqueda en reverso de la imagen que circula en Facebook, se detectó que e l contenido original fue publicado el pasado 23 de abril, pero con el siguiente titular: "" Han destrozado mi país"": Marcelo Claure habla de una crisis ""extremadamente preocupante"" en bolivia”. Al realizar la revisión de la página web de Unitel se constató que no existe ninguna noticia donde se informe que Marcelo Claure declaró “El socialismo no funcionó en ningún país trae miseria”.  Al contrario, contactado por el equipo de Chequea Bolivia, el editor Web de Unitel Christopher Andre indicó que la imagen “está alterada"". “La declaración de abajo es correcta, la de arriba, dónde se refiere al socialismo, no lo dijo Claure, y no lo publicamos nosotros”, explicó. El contenido circula en las redes sociales en un contexto en el que existe una crisis económica a causa de la escasez de dólares y combustibles. Por esa razón, diferentes productos aumentaron de precio en el mercado. Fuentes: B úsqueda en reverso de la imagen La revisión de la página web de Unitel El editor Web de Unitel Christopher Andre Tags crisis económica Tendencia Política Indeterminada Fecha Publicación Web Mon, 08/26/2024 - 16:16 Log in to post comments",Engañoso,Media
1697,chequeabolivia.bo,https://chequeabolivia.bo/red-uno-no-publico-que-el-presidente-del-bcb-demandara-quienes-osen-cuestionar-al-gobierno-por-la,"Red Uno no publicó que el presidente del BCB “demandará a quienes osen cuestionar al Gobierno por la impresión de billetes”. A pesar de esto, el Banco Central de Bolivia sí presentó una demanda contra Virginio Lema por “difusión de información financiera falsa” Por Pablo Arancibia En Tiktok circula una imagen con el logo de la Red Uno, medio que habría publicado que “el presidente del Banco Central de Bolivia (BCB) demandará judicialmente a quienes osen cuestionar al Gobierno por la impresión de billetes”. ChequeaBolivia verificó que es información engañosa. Tras búsquedas en las redes sociales oficiales ( 1 , 2 , 3 ) de Red Uno, no se encontraron rastros de dicha imagen. En contacto con ChequeaBolivia, la encargada de Redes Sociales Red Uno en Cochabamba, Sharon Potrillo, aseguró que la imagen no fue publicada por el medio. Además observó que intentaron “plagiar” la línea gráfica del canal televisivo. Se hizo una búsqueda en Google y no se encontró que ningún medio de comunicación difundió que el presidente del Banco Central de Bolivia (BCB), Edwin Rojas, demandará judicialmente a “quienes osen cuestionar al gobierno por la impresión de billetes”. El contenido circula ante denuncias en redes sociales que indican que el BCB estaría imprimiendo billetes de manera irregular. Sobre el tema, Rojas mencionó durante una conferencia de prensa del 5 de julio que “en redes sociales y  medios de comunicación se señaló que el BCB estaría imprimiendo billetes de manera irregular”. Él negó esta versión y explicó que se trata de “un proceso rutinario de renovación de una parte del stock del material monetario”. Durante la conferencia Rojas indicó que el BCB presentó una denuncia al Ministerio Público por la comisión del Delito Financiero “Difusión de Información Financiera Falsa”, sin brindar nombres. Días después, se reveló que la denuncia fue hecha contra el activista, Virginio Lema, quien en su cuenta de TikTok afirmó que el Gobierno comenzó a imprimir billetes de forma irregular y que “se viene una inflación galopante”. Lema consideró que la demanda refleja que en el país “no hay libertad de expresión”. “Quieren acallar y que la gente no hable de la inflación, no hable de la falta de dólares, no hable de la impresión de documentos, en este caso de billetes, de papel, imprimir papel sin respaldo económico”, afirmó Lema. ChequeaBolivia asigna la categoría “engañoso” a este contenido debido a la falta de evidencia de que el presidente del BCB haya declarado públicamente que ""demandará judicialmente a quienes osen cuestionar al Gobierno por la impresión de billetes"". Tampoco hay pruebas de que la Red Uno ni ningún otro medio haya publicado tal declaración. A pesar de esto, la entidad sí presentó una demanda contra Lema por compartir “información falsa”. Fuentes: Búsqueda en Google Conferencia de prensa del Banco Central de Bolivia Encargada de Redes Sociales del canal en Cochabamba Red Uno, Sharon Potrillo Red Uno ( 1 , 2 , 3 ) Virginio Lema X oficial del Banco Central de Bolivia ( 1 , 2 ) Tags Banco Central de Bolivia Tendencia Política Indeterminada Fecha Publicación Web Wed, 07/10/2024 - 19:44 Log in to post comments",Engañoso,Media
1698,chequeabolivia.bo,https://chequeabolivia.bo/index%2ephp/es-enganoso-que-diputadosevistas-rechazaron-las-injerencias-de-maduro-y-aplaudieron-milei,"Es engañoso que diputados""evistas""  rechazaron las ""injerencias de Maduro"" y aplaudieron a Milei. Circula un video manipulado de diputados del MAS, quienes en realidad exigieron a los presidentes de Argentina y Venezuela no ""realizar actos de injerencia"" Por Pablo Arancibia En redes sociales ( 1 , 2 ) circula un video de una conferencia donde supuestamente los diputados del MAS afines al expresidiente Evo Morales rechazan injerencias del presidente venezolano Nicolás Maduro y aplauden al presidente argentino Javier Milei. ChequeaBolivia verificó que esta información es engañosa. El video muestra a la diputada, Alina Canaviri quien menciona “exigimos públicamente que el presidente de Venezuela, no se entrometa en asuntos internos propios de nuestro país y no realice actos de injerencia”, junto a un escrito con el siguiente texto: “EVISTAS rechazan declaraciones de Maduro pero aplauden a Milei”. Al revisar el Facebook del medio Radio Compañera, se encontró el video original . En el minuto 2:29 se escucha a la diputada Canaviri; “Exigimos públicamente que los presidentes de Argentina y Venezuela no se entrometan en asuntos internos propios de nuestro país y no realicen actos de injerencia, porque Bolivia es un estado libre, independiente, soberano y democratico”. Por lo que el video fue manipulado omitiendo que también se refirió a Milei. Las declaraciones de Canaviri hicieron referencia a los movimientos irregulares militares suscitados el 26 de junio y a los pronunciamientos de los presidentes de Venezuela y Argentina sobre lo ocurrido. El presidente argentino, Javier Milei publicó una publicación en su pagina oficial de X: “Se conoce el fraude montado en Bolivia y el perfecto idiota, en lugar de aceptar su error me critica por dejar su estupidez a la vista”, refiriendosé al presidente Luis Arce. Por otra parte, en la cuenta oficial de X de la Oficina del Presidente de Argentina, se muestra un comunicado que indica que “repudia la falsa denuncia de golpe de Estado realizada por el gobierno de Bolivia el día miércoles 26 de junio, y confirmada como fraudulenta en el día de la fecha”. A su vez, el presidente venezolano, Nicolás Maduro, a través de su Cancillería, reafirmó que en Bolivia hubo un “intento de Golpe de Estado” la semana pasada, y consideró que la denuncia de Milei es falsa.  “Una narrativa creada por la derecha latinoamericana, que intenta lavarle la cara a los criminales que trataron de derrocar al legítimo Presidente Luis Arce”, asevera la Cancillería de Venezuela sobre el posicionamiento de Milei. Fuentes: Radio Compañera X del presidente argentino, Javier Milei Erbol X de Oficina del Presidente Tags Venezuela Argentina Javier Milei Nicolás Maduro Tendencia Política Indeterminada Fecha Publicación Web Mon, 07/08/2024 - 18:37 Log in to post comments",Engañoso,Media
1699,chequeabolivia.bo,https://chequeabolivia.bo/enganoso-el-excomandante-zuniga-no-dijo-que-arce-lo-traiciono,"Engañoso: El excomandante Zúñiga no dijo que ""Arce lo traicionó"". El editor web de Unitel expresó que esta publicación no fue compartida por su medio. Por Pablo Arancibia En TikTok circula una imagen con logotipos del medio Unitel, y la imagen  del excomandante del ejército boliviano, Juan José Zúñiga, quien habría mencionado que el presidente Luis Arce lo traicionó luego del acuerdo que tenían. ChequeaBolivia verificó que esta información es engañosa. En la imagen se aprecia una supuesta declaración del excomandante Zúñiga, quien presuntamente afirmó: “Arce traiciona, el acuerdo que teníamos, era darle apoyo de un golpe simulado, para subirle su popularidad, ahora temo por mi familia y mi equipo de trabajo” . La imagen habría sido publicada por Unitel. ChequeaBolivia revisó las redes sociales y la página web oficiales del medio Unitel ( 1 , 2 , 3 , 4 , 5 ) y no encontró dicha publicación. Por su parte, el editor web de Unitel, Christopher André, aseguró que el medio no publicó dicha imagen. Por otro lado, la declaración que brindó Zúñiga en el momento de su aprehensión por el movimiento irregular militar sucedido el 26 de junio es la siguiente: “La situación está muy jodida, esta semana va a ser crítica. Entonces es necesario preparar algo para levantar mi popularidad” . Posteriormente, Zúñiga aseguró a los periodistas que se trató de un “autogolpe”. En ningún momento el excomandante declaró textualmente que Luis Arce lo traicionó y que teme por su familia y su equipo de trabajo. También se hizo una búsqueda avanzada en Google y en Youtube de la declaración atribuida a Zúñiga, y no se encontraron rastros de dicha declaración en ningún sitio de noticias. Fuentes: Redes sociales y página web de Unitel ( 1 , 2 , 3 , 4 , 5 ) Página de Facebook de El Deber Búsqueda avanzada en Google Búsqueda avanzada en Youtube Tags Luis Arce Catacora Juan Jose Zúñiga Tendencia Política Indeterminada Fecha Publicación Web Thu, 07/04/2024 - 16:55 Log in to post comments",Engañoso,Media
1700,chequeabolivia.bo,https://chequeabolivia.bo/foto-de-la-encargada-de-negocios-de-eeuu-con-luis-arce-en-el-aniversario-de-chuquisaca-es-enganosa,"Foto de la encargada de Negocios de EE.UU. con Luis Arce en el aniversario de Chuquisaca es engañosa. Las publicaciones omiten que además de la diplomática de EE.UU., también asistieron embajadores de Venezuela, Suecia, Francia y México. Por Lucas Illanes En Facebook, TikTok y un portal web ( 1 , 2 , 3 , 4 , 5 ) se comparte una fotografía que muestra al presidente, Luis Arce, y a la encargada de Negocios de la Embajada de Estados Unidos en Bolivia, Debra Hevia, participando de actos conmemorativos de Chuquisaca. Las publicaciones sugieren que la foto demuestra la “injerencia” de Estados Unidos en el actual Gobierno. ChequeaBolivia constató que las publicaciones son engañosas. Se buscó la imagen en Google y se comprobó que fue tomada en Sucre por el fotógrafo Carlos Rodríguez y publicada en el medio Correo del Sur en el aniversario del departamento de Chuquisaca, el pasado 25 de mayo. En la primera fila se observa a Arce junto al vicepresidente, David Choquehuanca, el Gobernador de Chuquisaca, Damián Condori, y otras autoridades. Filas atrás se encuentra Debra Hevia vestida de rojo. Sin embargo, las publicaciones pasan por alto que Hevia no fue la única diplomática presente en ese acto, también asistieron el embajador de Venezuela, César Trompiz, el embajador de Suecia, Nicolas Weeks , la embajadora de Francia, Hélène Roos y el embajador de México, Eduardo Sosa. Este hecho se puede comprobar revisando una transmisión en vivo en la cuenta de Facebook de Luis Arce en el que aparecen estos diplomáticos entregando ofrendas florales durante el acto conmemorativo. En la foto que se comparte en distintas redes sociales aparecen el embajador de Suecia y México, además de Hevia. A la izquierda la foto publicada por Correo del Sur y a la derecha las capturas de la transmisión en vivo de la página de Facebook de Luis Arce. El equipo de Comunicación de la Embajada de Estados Unidos, respondió a ChequeaBolivia sobre la foto: “Debra Hevia, asistió a los actos protocolares por el aniversario de Chuquisaca, invitada por autoridades departamentales. La Jefa de Misión cumple su misión diplomática como otros miembros del cuerpo diplomático, que también asistieron a estos eventos en Sucre”. Por su parte, el vocero presidencial, Jorge Richter, negó que la fotografía demuestra relaciones entre el Gobierno actual y el Estado norteamericano. “La señora diplomática está allí como cualquier otra persona del cuerpo diplomático”, declaró considerando que el contenido corresponde a la “mala fe política”. Por todo lo explicado antes y de acuerdo con nuestra metodología , ChequeaBolivia categorizó el contenido como engañoso porque las publicaciones muestran una foto real, pero la información fue manipulada para generar desinformación. Fuentes: Correo del Sur Transmisión en vivo disponible en la cuenta oficial de Facebook de Luis Arce Embajada de Estados Unidos en Bolivia Vocero presidencial, Jorge Richter Tags Embajada de Estados Unidos Luis Arce Catacora Debra Hevia Tendencia Política Simpatizantes del MAS Fecha Publicación Web Tue, 05/28/2024 - 15:19 Log in to post comments",Engañoso,Media
1701,chequeabolivia.bo,https://chequeabolivia.bo/circula-un-video-enganoso-sobre-la-cantidad-de-asistentes-al-aniversario-del-mas-en-yapacani,"Circula un video engañoso sobre la cantidad de asistentes al aniversario del MAS en Yapacaní. El video muestra las pruebas de sonido para la celebración del aniversario del MAS, varias horas antes del acto central que tuvo lugar en el estadio de Yapacaní. Por Enid López En TikTok circula un video de la celebración del aniversario del Movimiento Al Socialismo (MAS) en el municipio de Yapacaní, con el siguiente texto: “Ni pagados, ni obligados fracasa convocatoria de Evo Morales”. ChequeaBolivia verifico que se trata de un contenido engañoso. En el audio de fonde del video se escucha: “En escenario, probando el sonido”. En una búsqueda de contenido en la cuenta oficial de Radio Kawsachun Coca (RKC), que transmitió en vivo la celebración del aniversario del MAS en Yapacaní, se corroboró que cerca a las 11:48 horas , del 30 de marzo, se realizó una prueba de sonido de grupos musicales para el evento. En ese horario, se observa que el estadio de Yapacaní está vacío. Sin embargo, cerca a las 14:00, el panorama es diferente porque en otra transmisión en vivo se reporta la llegada de simpatizantes del MAS afín al expresidente, Evo Morales. Casi dos horas y media después, Evo Morales brinda su discurso. El este video se observa que el estadio no está completamiente lleno, pero tampoco existen 500 personas como señala el video engañoso. Contactados por ChequeaBolivia, Radio Televisión Ichilo (RTI) facilitó algunas imágenes del aniversario del MAS donde se observa que el estadio no estaba completamente lleno. La celebración del aniversario del MAS en Yapacaní. Foto: Cortesía de RTI. La celebración del aniversario del MAS en Yapacaní. Foto: Cortesía de RTI. Dos celebraciones por el aniversario del MAS El pasado 28 de marzo, el MAS celebró 29 años de existencia en medio de una profunda división entre afines al expresidente Morales y los afines al presidente del Estado, Luis Arce. Por esa razón se organizaron dos celebraciones. La celebración de los seguidores del “ala evista” se llevó a cabo el 30 de marzo en el municipio de Yapacaní. Los afines a Luis Arce convocaron a una celebración del aniversario del MAS para el 28 de marzo, en la plaza San Francisco, en la ciudad de La Paz. Fuentes: Revisión de las transmisiones en vivo de RKC Tags Evo Morales Movimiento Al Socialismo Tendencia Política No simpatizantes del MAS Fecha Publicación Web Mon, 04/08/2024 - 16:59",Engañoso,Media
1702,chequeabolivia.bo,https://chequeabolivia.bo/evo-morales-no-nacio-en-argentina-aunque-si-asistio-la-escuela-en-ese-pais,"Evo Morales no nació en Argentina, aunque sí asistió a la escuela en ese país. Biógrafos, medios de comunicación y el mismo Morales afirman que nació en Bolivia Por Álvaro Montoya En TikTok circula un video con una captura de pantalla anexada asegurando que el expresidente de Bolivia, Evo Morales, en realidad habría nacido en Argentina, dónde sus padres lo nombraron Juan Domingo Perón por los planes sociales que recibieron y dónde además cursó la primaria. ChequeaBolivia advierte que se trata de información engañosa. Chequea Bolivia comprobó que en la biografía de Evo Morales Ayma, publicada por el Centro de Asuntos Internacionales de Barcelona (CIDOB), figura que el lugar de nacimiento del exmandatario es Isallavi, una comunidad en el departamento de Oruro, Bolivia. Asimismo, el presidente declaró públicamente que su lugar de nacimiento fue Oruro y también lo reportaron de ese modo medios internacionales . Sobre la presunta recepción de planes sociales, la familia de Evo Morales estuvo brevemente en Argentina durante la década de los 60 's, mientras que, según la verificadora Chequeado , los primeros planes sociales aparecieron en 1995. Por la diferencia de años, los padres del expresidente no podrían haber recibido planes ni haber tomado una determinación movilizados por ellos. Lo que sí es cierto es que Morales asistió a la escuela Julio Argentino Cornejo , ubicada en Salta, Argentina. Sin embargo, él y su familia retornaron a Bolivia en 1966, por lo que continuó sus estudios primarios en la localidad de Calavillca . El 2014, cuando aún era presidente de Bolivia, Morales realizó una visita pública a su exescuela en Salta. Entonces la Televisión Pública argentina realizó el videoreportaje al que se le montó una captura para generar la desinformación que circula en TikTok. Fuentes: Centro de Asuntos Internacionales de Barcelona (CIDOB) Televisión Pública Argentina Página de Facebook de Evo Morales Chequeado France 24 La Capital Tags Evo Morales Tendencia Política Indeterminada Fecha Publicación Web Wed, 02/28/2024 - 16:56 Log in to post comments",Engañoso,Media
1703,chequeabolivia.bo,https://chequeabolivia.bo/index%2ephp/morales-no-confeso-una-alianza-con-la-derecha-para-el-bloqueo-de-caminos,"Morales no confesó una alianza con la derecha para el bloqueo de caminos. El expresidente consideró que algunos sectores de la derecha que “defienden la Constitución” promovieron los bloqueos, sin mencionar una “alianza”. Un video que circula en TikTok indica que el expresidente Evo Morales confesó en una entrevista a Radio Kawsachun Coca que “se alió con la derecha para bloquear”. ChequeaBolivia advierte que se trata de contenido engañoso. El video fue manipulado  y en éste Morales da a entender que a las últimas medidas de presión, impulsadas en el país en demanda de la renuncia de los magistrados prorrogados y la convocatoria a elecciones judiciales, se sumaron en las ciudades otros sectores sociales “algunos de la derecha”. ChequeaBolivia revisó las declaraciones emitidas en un programa de Radio Kawsachun Coca el 4 de febrero y constató que se dieron bajo otro contexto. Según Morales el bloqueo de caminos no fue promovido por “los evistas”, sino por un “movimiento nacional” liderado por los campesinos, los interculturales y otros sectores incluso de derecha que “defienden la Constitución”. El ex jefe de Estado realizó estas declaraciones como parte  en medio de una pugna interna del MAS de cara a las elecciones presidenciales de 2025. Fuente: Radio Kawsachun Coca Revisión hemerográfica Tags Evo Morales RKC Tendencia Política Indeterminada Fecha Publicación Web Thu, 02/08/2024 - 17:44 Log in to post comments",Engañoso,Media
1704,chequeabolivia.bo,https://chequeabolivia.bo/index%2ephp/marset-no-acuso-evo-morales-de-pedofilia-y-violacion,"Marset no acusó a Evo Morales de pedofilia y violación. Sebastián Marset afirmó que el ministro de Gobierno, Eduardo del Castillo lo acusó de violador, pedófilo y feminicida, pero no se refirió al expresidente Evo Morales. Walter Vásquez Circula en redes sociales una publicación en la que el narcotraficante uruguayo Sebastián Marset acusa al expresidente Evo Morales de ser un “violador y pedófilo”. ChequeaBolivia advierte que se trata de contenido engañoso. “Eduardo del Castillo me acusó de violador, pedófilo y feminicida. El único violador y pedófilo será su jefe de partido Evo Morales”, cita el texto de la publicación, que tiene como imagen una foto de Marset durante la entrevista que se difundió el 27 de noviembre de 2023 en el Canal 4 de Uruguay. Durante esa entrevista, la periodista de Canal 4 cuestiona al narco uruguayo sobre denuncias que hizo el ministro de Gobierno de Bolivia, Eduardo del Castillo. “Del Castillo llegó a decir que eres violador, pedófilo y feminicida”, comentó. Al respecto, Marset respondió: “Me hizo reír cuando lo escuché decir esas cosas. La verdad me molestó bastante que haya dicho eso y le respondí con un largo mensaje”. El mensaje al que se refiere Marset fue difundido el 14 de agosto de 2023 en la cuenta de Facebook del canal boliviano DTV , en el que el prófugo internacional presuntamente afirma que en su prontuario no figuran esos delitos. En ninguno de estos mensajes se mencionó a Morales. Sobre el expresidente pesan denuncias por estupro, pedofilia y tráfico de sustancias iícitas ( 1 , 2 , 3 ) las cuales fueron impulsadas por el Gobierno de transición, por legisladores de oposición y por activistas de derechos humanos. El caso volvió a reflotar en mayo de este año , cuando una legisladora del partido de Gobierno indicó que se recibirán e investigarán todas las denuncias de violaciones a menores de edad. Fuentes: Redes sociales Canal DTV Revisión hemerográfica Tags Sebastián Marset Fecha Publicación Web Fri, 12/15/2023 - 16:29 Log in to post comments",Engañoso,Media
1705,chequeabolivia.bo,https://chequeabolivia.bo/index%2ephp/circula-un-video-con-informacion-enganosa-sobre-una-alianza-de-arce-con-ucs,"Circula un video con información engañosa sobre una alianza de Arce con UCS. No existe ninguna información oficial que afirme que Luis Arce aceptó la sigla de UCS para ser candidato en las elecciones de 2025. En Tik Tok, circula un video donde se observa al dirigente de la Dirección Nacional del Movimiento Al Socialismo (MAS) Rodolfo Machaca, en una conferencia de prensa, con el siguiente texto que acompaña al video “Pacto de unidad, abandona el MAS, Arce acepta la sigla de Jhony Fernandez  UCS (Unidad Cívica Solidaria), ejecutivo de la Csutcb (Confederación Sindical Única de Trabajadores Campesinos de Bolivia), Lucio Quispe es de USC, ejecutiva de Bartolinas es de Tradepa (Transparencia Democrática Patriótica)”. ChequeaBolivia verificó que se trata de un contenido engañoso. En una búsqueda con palabras clave en Facebook, se constató que el video original es de una conferencia de prensa de dirigentes de la Dirección Nacional del MAS que se dio el 26 de septiembre. En la conferencia, el dirigente, Rodolfo Machaca, aseguró que Lucio Quispe no es militante del MAS, sino que tiene una militancia vigente en la UCS. De la misma forma, denuncia que la ejecutiva de las Bartolinas, Guillermina Kuno es militante de Tradepa. Respecto a la supuesta alianza del presidente del Estado, Luis Arce, con UCS, se hizo una búsqueda en Google con las palabras clave ""arce acepta la sigla de jhonny fernández UCS"", pero no se encontró ningún contenido oficial publicado por los medios de comunicación que indiquen el hecho. En la misma conferencia de prensa del 26 de septiembre, no se mencionó ninguna alianza entre Arce y dicho partido político. En una reunión con periodistas hoy, Arce indicó que se comprometió con sus bases a no referirse a candidaturas para las elecciones de 2025. Fuentes Búsqueda de palabras clave en Facebook Búsqueda de palabras clave en Google Revisión de la conferencia de prensa completa del MAS Tags Luis Arce Catacora Jhonny Fernández Tendencia Política Indeterminada Fecha Publicación Web Thu, 12/14/2023 - 11:24 Log in to post comments",Engañoso,Media
1706,chequeabolivia.bo,https://chequeabolivia.bo/evo-dijo-que-si-la-derecha-gana-sera-culpa-de-arce-y-david-pero-no-que-tiene-miedo-de-ir,"Evo dijo que si la derecha gana será culpa de Arce y David, pero no que tiene miedo de ir a Chonchocoro. Se manipuló una declaración del expresidente Evo Morales en su programa dominical de Radio Kawsachun Coca (RKC). Por Fernanda Torrico En Facebook, circula una imagen con la fotografía de Evo Morales, atribuyéndole la siguiente declaración: “Tengo miedo si la derecha gana las elecciones seguro me van a llevar a Chonchocoro, la culpa será de Lucho y David”. ChequeaBolivia verificó que es un contenido engañoso. En una búsqueda en reverso en Google , se constató que no existe ningún contenido similar que incluya dicha declaración del expresidente. En una búsqueda en la página de Facebook del medio de comunicación Radio Kawsachun Coca (RKC), se verificó que en el programa “Evo Pueblo: Líder de los humildes” emitido el 26 de noviembre, en el minuto 1:10:00, Morales declaró: “Si la derecha gana por culpa de Lucho y David”. El expresidente también recalcó que la derecha ganaría por las divisiones en la bancada y la protección al narcotráfico. Sin embargo, en la entrevista no mencionó que tenía miedo que lo lleven a Chonchocoro. También, se buscó en las redes sociales de Evo Morales ( 1 , 2 ) pero no se encontró ningún contenido similar publicado por Morales. El contenido engañoso circula debido al conflicto interno entre el ala evista y arcista en el Movimiento Al Socialismo (MAS-IPSP). Fuentes: Búsqueda en reversa en Google Cuenta de Facebook y cuenta de X de Evo Morales. Página de Facebook de  Radio Kawsachun Coca. Programa “Evo Pueblo: Líder de los humildes” emitido el 26 de noviembre. Tags Evo Morales Tendencia Política No simpatizantes del MAS Fecha Publicación Web Thu, 12/07/2023 - 16:47 Log in to post comments",Engañoso,Media
1707,chequeabolivia.bo,https://chequeabolivia.bo/luis-arce-si-fue-invitado-la-ceremonia-de-asuncion-de-milei,"Luis Arce sí fue invitado a la ceremonia de asunción de Milei. Los gobiernos de Nicaragua, Venezuela y Cuba fueron excluidos de la ceremonia Por Lucas Illanes En Facebook circula una imagen con el logo de La Nación, periódico argentino que habría publicado el siguiente titular: “Los Gobiernos de Nicaragua, Bolivia, Venezuela y Cuba fueron excluidos de la ceremonia de asunción del presidente electo Javier Milei”. ChequeaBolivia verificó que se trata de una publicación engañosa. Tras la revisión de las redes sociales y página web de La Nación, se constató que este medio no contiene ninguna noticia publicada con el titular de la imagen que se comparte ( 1 , 2 , 3 , 4 ). Además, se observan diferencias entre la línea gráfica de la publicación engañosa y la que suele usar La Nación. Las letras y el estilo de la imagen presentan diferencias, como se ve a continuación: Comparación entre el contenido engañoso y uno original. El presidente de Argentina, Javier Milei, asumirá su cargo el próximo 10 de diciembre tras haber ganado las elecciones, por lo que medios de comunicación confirmaron la asistencia de jefes de estado de otros países para este acto. Sobre el tema, Clarín informó que el equipo de Milei no envió invitaciones a los presidentes de Irán, de Cuba, Venezuela y Nicaragua. Pese a esto, cabe aclarar que el presidente de Bolivia, Luis Arce, sí fue invitado a la posesión de su homónimo argentino. Arce aún no confirmó su asistencia. Según la viceministra de Comunicación, Gabriela Alcón, su presencia depende de su agenda. Fuentes: Revisión a las redes sociales y página web de La Nación ( 1 , 2 , 3 , 4 ) Clarín Correo del Sur Tags Javier Milei Argentina Luis Arce Tendencia Política No simpatizantes del MAS Fecha Publicación Web Tue, 12/05/2023 - 17:07 Log in to post comments",Engañoso,Media
1708,chequeabolivia.bo,https://chequeabolivia.bo/manipulan-un-contenido-de-unitel-para-cambiar-una-declaracion-del-jugador-marcelo-martins,"Manipulan un contenido de Unitel para cambiar una declaración del jugador Marcelo Martins. Para generar el contenido engañoso, se utilizó una imagen publicada por el medio, pero se cambió la declaración atribuida a Martins. Por Zaida Choque En Facebook circula una imagen con la línea gráfica de Unitel y la siguiente declaración atribuida al jugador de la selección boliviana de fútbol, Marcelo Martins: “Siento que si no nos apoyan vamos a perder otra vez”. ChequeaBolivia verificó que es un contenido engañoso. En una revisión de las redes sociales oficiales ( 1 , 2 , 3 ) de Unitel se corroboró que Martins no hizo esas declaraciones a los medios de comunicación. También se buscó información en la página web de Unitel donde no hay un contenido similar. Lo que dijo el jugador es: “No podemos apoyar a dos selecciones, tenemos que estar unidos”. Eliminatorias Sudamericanas La llegada de la selección argentina para disputar la fecha dos de las Eliminatorias Sudamericanas rumbo al Mundial 2026 con la Selección Nacional generó mucha expectativa en los aficionados del fútbol de la ciudad de La Paz. Varios seguidores de la selección argentina se apostaron en las puertas del hotel donde están hospedados, en la ciudad de La Paz. Además, se pintaron murales y se pusieron letreros de bienvenida a los ganadores del Mundial 2022, provocando que la figura de la Selección nacional, Marcelo Martins brindara una conferencia de prensa pidiendo apoyo de los bolivianos para el partido de hoy y sacar adelante el duelo con los campeones del mundo, ya que para el goleador primero está la camiseta de la selección. Fuentes: Redes sociales ( 1 , 2 , 3 ) de Unitel Página web de Unitel Video de Martins conferencia de prensa Publicación original de Unitel Tags Futbol Tendencia Política Indeterminada Fecha Publicación Web Tue, 09/12/2023 - 15:19 Log in to post comments",Engañoso,Media
1709,chequeabolivia.bo,https://chequeabolivia.bo/unitel-no-informo-que-evo-morales-protege-sebastian-marset-en-el-tropico,"Unitel no informó que Evo Morales protege a Sebastián Marset en el trópico. El ministro del Interior de Paraguay, Federico González, dijo que le informaron que el narcotraficante está en Cochabamba, pero no mencionó mayores datos al respecto. En  TikTok circula una imagen con el logo de la Red Unitel, donde se pone el siguiente titular: “Evo estaría protegiendo a Marset en el trópico, según la información que recibió Paraguay e investigan nexo con carga que cayó en Alemania”.  ChequeaBolivia advierte que se trata de información engañosa. En una búsqueda del contenido en la página de Facebook y la página web de Unitel , se constató que no existe ningún contenido publicado con el mismo titular. Sin embargo, el medio publicó un titular similar que dice: “Marset huyó a Cochabamba, según la información que recibió Paraguay e investigan nexo con carga que cayó en Alemania”. En la nota se informa que el ministro del Interior de Paraguay, Federico González, dijo que recibió información desde Bolivia sobre el posible paradero del narcotraficante uruguayo Sebastián Marset y que se sospecha que huyó a Cochabamba tras eludir un operativo realizado en Santa Cruz la tarde del sábado 29 de julio. A lo largo de la nota no se lee información sobre una supuesta protección del expresidente Evo Morales a Sebastián Marset, en el trópico cochabambino. Por su parte, el editor Web de Unitel, Christopher Andre, indicó que se trata de un contenido falso. Sobre el caso de Sebastián Marset La semana anterior, Sebastián Marset, un narcotraficante buscado en Bolivia y también requerido por la justicia de su nativo Uruguay, de Paraguay, Brasil y Estados Unidos huyó del país. Según la Fuerza Especial de Lucha Contra el Narcotráfico (Felcn), Marset estaba viviendo en Santa Cruz desde septiembre de 2022 y se movió con identidades falsas al igual que su esposa. En este sentido, operaba con la identidad brasileña falsa de Luis Paulo Amorím Santos. El ciudadano Sebastián Marset es sindicado por narcotráfico y del asesinato del fiscal Marcelo Pecci. En su país es considerado como uno de los más peligrosos narcotraficantes. Es el líder de la organización denominada Primer Cartel Uruguayo (PCU). Hoy, 02 de agosto, la tarde de este miércoles fue enviado un video a la mesa de redacción de UNITEL en el que Sebastián Marset se pronunció por primera vez y agradece al director de la FELCN por alertarlo para huir. Fuentes: Búsqueda del contenido en la página de Facebook y la página web de Unitel El editor Web de Unitel, Christopher Andre Tags Evo Morales Sebastián Marset Tendencia Política No simpatizantes del MAS Fecha Publicación Web Wed, 08/02/2023 - 18:47 Log in to post comments",Engañoso,Media
1710,chequeabolivia.bo,https://chequeabolivia.bo/barriga-denuncio-por-supuesta-pedofilia-evo-por-un-supuesto-delito-cometido-cuando-era-presidente,"Barriga denunció por supuesta pedofilia a Evo por un supuesto delito cometido cuando era presidente, no durante la pandemia. Evo no tiene una nueva denuncia por cometer pedofilia “en plena pandemia”, como difunde video viral de TikTok Por Lucas Illanes En TikTok se comparte un video en el que se afirma que el expresidente, Evo Morales, tiene una nueva denuncia por supuestamente cometer el delito de estupro “en plena pandemia”. ChequeaBolivia verificó que se trata de un contenido engañoso. El video es un fragmento del sitio Cabildeo Digital sobre una entrevista hecha a la abogada , Paola Barriga, quien presentó una denuncia contra Morales por pedofilia. Durante el video se escucha al conductor, Gonzalo Rivera, preguntar a Barriga si denunció a Morales por pedofilia, a lo que ella responde de la siguiente manera: “Así es, cuando nos encontrábamos en este problema de la pandemia tuvimos el caso de una mamá que llegó hasta la oficina (…) ella refería de que mamás estaban obligadas a llevar a sus hijitas entre 12 a 15 años siempre que existían las reuniones de Evo Morales”. Mediante la revisión de la entrevista completa , se puede constatar que Barriga no anunció que presentó una nueva denuncia. Ella se refiere a que recibió la denuncia por parte de una madre durante pandemia y no menciona que Morales cometió el delito de estupro “en plena pandemia”, como pretende hacer creer el video. Consultada por ChequeaBolivia, Barriga pidió que no se tergiverse la información. “En agosto de 2020 tomé conocimiento de actos de pedofilia y violación perpetrados por Evo Morales, lo cual hice público desde ese momento. Son hechos acontecidos cuando (Morales) era autoridad, no en la pandemia”, explicó la abogada. En 2020 se hicieron públicas al menos 3 denuncias de pedofilia contra Evo Morales, sin embargo no hay registros de medios de comunicación que hayan reportado una nueva denuncia durante el último año. Fuentes: Cabildeo Digital Abogada Paola Barriga Revisión hemerográfica en Google Opinión Tags Evo Morales Paola Barriga Cabildeo Digital Tendencia Política Indeterminada Fecha Publicación Web Fri, 07/14/2023 - 18:24 Log in to post comments",Engañoso,Media
1711,chequeabolivia.bo,https://chequeabolivia.bo/eduardo-del-castillo-figuro-como-exministro-en-wikipedia-antes-de-ser-restituido-por-arce,"Eduardo del Castillo figuró como exministro en Wikipedia antes de ser restituido por Arce. Cualquier usuario puede modificar información en Wikipedia, lo que puede llevar a información errónea, manipulación o actos vandálicos. Por Lucas Illanes En WhatsApp se compartió una captura de la página de Wikipedia donde se informa que Eduardo del Castillo fue ministro de Gobierno desde el 9 de noviembre de 2020 hasta el pasado 27 de junio. Además, se precisa que fue destituido por la Asamblea Legislativa Plurinacional (ALP). ChequeaBolivia verificó que se trata de información engañosa. El pasado 27 de junio, la ALP censuró a del Castillo por el tráfico de vehículos robados en Chile y comercializados ilegalmente en territorio boliviano. Tras una revisión al historial de modificaciones a la página dedicada a del Castillo en Wikipedia se confirmó que este portal web lo registró como exministro por un usuario anónimo , el 28 de junio. Sin embargo, se debe aclarar que si bien el 29 de junio el presidente del Estado, Luis Arce, emitió el Decreto Presidencial 4974, mediante el cual cumple los efectos de la censura legislativa, ese mismo día emitió el Decreto Supremo 4975 restituyéndolo en su cargo. Ese ajuste es el que se encuentra actualmente en la página de Eduardo Del Castillo en Wikipedia . También es necesario explicar que Wikipedia es una “ enciclopedia políglota y editada de manera colaborativa ”, es decir, cualquier usuario puede editar la información que aparece en este portal. El historial de revisiones permite ver cómo varias cuentas cambiaron la información de Del Castillo, algunas a favor y otras en contra, un día después de que los diputados y senadores de la Asamblea Legislativa Plurinacional (ALP) decidieron censurar lo (27 de junio). Este artículo de Maldita.es , una verificadora española aliada de ChequeaBolivia, explica cómo usuarios modifican (o intentan modificar) el contenido de Wikipedia para desprestigiar, crear bromas e incluso para actos vandálicos. Fuentes: Versión de la página de Eduardo del Castillo del 28 de junio disponible en Wikipedia Wikipedia Página web de la Cámara de Diputados Bolivia Tv Maldita.es Tags Wikipedia Eduardo del Castillo Tendencia Política Indeterminada Fecha Publicación Web Mon, 07/03/2023 - 17:08 Log in to post comments",Engañoso,Media
1712,chequeabolivia.bo,https://chequeabolivia.bo/arce-si-dijo-que-hubo-11-anos-de-nefasta-administracion-fue-un-lapsus-en-un-acto-oficial-en-2020,"Arce sí dijo que hubo “11 años de nefasta administración”, fue un lapsus en un acto oficial en 2020. El presidente del Estado, Luis Arce, dijo que hubo “11 años de nefasta administración”, pero en realidad se refería a los 11 meses de gestión de la expresidenta Jeanine Áñez. En TikTok circula un video en el que se observa al presidente del Estado, Luis Arce, afirmando que la administración económica del país fue “nefasta” en los últimos 11 años. La declaración fue brindada durante el 178 aniversario de Beni, en 2020, durante el acto oficial de la Asamblea Legislativa Departamental. ChequeaBolivia verificó que se trata de un contenido engañoso. En el video, Arce indica: “Es un trabajo arduo mancomunado y conjunto con el Gobierno nacional que se compromete a contribuir a colaborar con el departamento del Beni, con los municipios del Beni, con la propia universidad donde están atravesando serios problemas para dar solución a todos estos problemas que se han generado en 11 años de nefasta administración que ha dejado al país más empobrecido que de lo que encontramos el año 2006. Queda el desafío, por lo tanto, y a todas nuestras organizaciones sociales, a nuestras organizaciones del Instrumento político del MAS”. En una parte de su discurso completo , durante ese acto, ChequeaBolivia constató que se trata de un lapsus.  En otras oportunidades, Arce utilizó la misma cifra, pero dijo “11 meses” para referirse al Gobierno de la expresidenta Jeanine Áñez. Entre algunas afirmaciones figura la siguiente: “Se ha endeudado al país en estos últimos 11 meses”. Los medios de comunicación también reportaron el error de Arce, con titulares como el siguiente: “El ‘desliz’ de Arce al hablar de los “11 años de nefasta administración que ha dejado al país más empobrecido” . Fuente: Revisión del discurso completo del presidente del Estado, Luis Arce Reporte de los medios de comunicación. Tags Luis Arce Catacora Tendencia Política No simpatizantes del MAS Fecha Publicación Web Thu, 04/27/2023 - 16:28 Log in to post comments",Engañoso,Media
1713,chequeabolivia.bo,https://chequeabolivia.bo/arce-dijo-que-si-vuelve-la-derecha-estaran-jodidos-pero-no-menciono-que-seria-por-temas-de,"Arce dijo que si vuelve la derecha estarán “jodidos”, pero no mencionó que sería por temas de “corrupción”. En un evento del MAS, el diputado Héctor Arce indicó que si vuelve la derecha estarán acabados, pero no mencionó que los meterían a la cárcel por hechos de corrupción. En Facebook circula una imagen ( 1 , 2 , 3 ) con la línea gráfica del programa Que No Me Pierda (QNMP), de la Red Uno, donde se le atribuye la siguiente declaración al diputado Héctor Arce: “Si la derecha vuelve estamos jodidos nos van a buscar debajo de las piedras y nos van a meter a la cárcel por corrupción hasta hacernos devolver la plata del robo al Fondo Indígena por eso pido unidad hermanos”. ChequeaBolivia verificó que se trata de información engañosa. En una búsqueda en la página de Facebook del programa QNMP, se constató que el medio publicó dos declaraciones textuales del diputado Arce, donde se utiliza la misma fotografía que se observa en el contenido que circula en las redes sociales. En la primera declaración publicada, Arce dice: “Hoy Álvaro García Linera es otra persona que no se define de qué lado está, es una persona tibia”.  La segunda declaración de Arce es: “Noto mucha incoherencia (…) hay que ser consecuentes con el país”. Por su parte, la responsable de Redes Sociales de la Red Uno en Cochabamba, Sharon Portillo, indicó a chequeaBolivia que el contenido que circula en las redes sociales no corresponde a su línea gráfica. “Han tratado de montar, pero no corresponde, no es nuestro”, explicó. Sin embargo, Arce brindó una declaración similar durante un evento de formación de jóvenes, en el municipio de La Asunta en Los Yungas, el pasado 11 de marzo. “Si nosotros retrocedemos, si vuelve la derecha estamos acabados. Si vuelve la derecha, compañeros y compañeras, nos van a perseguir y nos van a buscar aunque debajo de las piedras y cuando nos encuentren vamos a estar jodidos. Eso tiene que estar en nuestra mente, en nuestra conciencia”, manifestó. En el video original donde se observa al diputado tomando la palabra, no menciona que los van a meter a la cárcel por corrupción “hasta hacernos devolver la plata del robo al Fondo Indígena”. Fuentes: Búsqueda en la página de Facebook del programa QNMP La responsable de Redes Sociales de la Red Uno en Cochabamba, Sharon Portillo Búsqueda en Facebook Tags Héctor Arce Tendencia Política No simpatizantes del MAS Fecha Publicación Web Mon, 03/13/2023 - 17:41 Log in to post comments",Engañoso,Media
1714,chequeabolivia.bo,https://chequeabolivia.bo/tergiversan-las-declaraciones-de-la-diputada-del-mas-deisy-choque-tras-pedir-informe-meta,"Tergiversan las declaraciones de la diputada del MAS Deisy Choque tras pedir informe a Meta. Tras la petición de Choque se difunde de manera errada que también anunció movilizaciones, huelgas de hambre y demandas. Por Lucas Illanes Debido la petición de la diputada del MAS, Deisy Choque, de un informe de las cuentas cerradas a Meta, circulan publicaciones ( 1 , 2 , 3 y 4 ) indicado que además ella habría anunciado movilizaciones, huelgas de hambre y demandas. ChequeaBolivia verificó que las imágenes presentan información engañosa. Estas publicaciones circulan desde el pasado 3 de marzo, día antes de que Choque anunció públicamente ante medios de comunicación que pedirá un informe a Meta por la eliminación de una red de cuentas falsas vinculadas al Gobierno y al Movimiento al Socialismo . Después de esto, se compartió una imagen con el siguiente texto: “La diputada del MAS Deisy Choque pide a la cancillería la interpelación contra la empresa Meta de Facebook no descarta movilizaciones contra Meta por anular cuentas de guerreros digitales”. Pero se manipuló la frase, pues las revisiones a los diferentes videos publicados por medios de comunicación ( 5 , 6 , 7 y 8 ) dan cuenta que ella no anunció una “interpelación” ni “movilizaciones contra Meta”. La frase textual de la diputada mencionada en esa ocasión fue la siguiente: “Nosotros a través de la Cancillería vamos a pedir que Meta nos informe caso por caso porque también tenemos conocimiento que han cerrado paginas oficiales (…) Como diputada voy a hacer esa petición de informe que estamos trabajando jurídicamente para ver si es a través la Cancillería o través de quién, pero queremos que Meta nos informe uno por uno cuales han sido las páginas cerradas y por qué”. Otra publicación con la marca del periódico estatal Ahora El Pueblo muestra que Choque se habría declarado en “huelga de hambre”, habría solicitado “una devolución de las cuentas” y “una demanda contra Meta”. Esta información también es falsa debido a que ni las redes sociales ni la página web de este medio contienen evidencias de esta publicación ( 9 , 10 y 11 ). Finalmente, también se revisaron las cuentas de Twitter y Facebook de la diputada y tampoco existen resultados sobre las declaraciones tergiversadas. Fuentes: Declaraciones de la diputada del MAS, Deisy Choque, recabadas de videos publicados por medios de comunicación ( 5 , 6 , 7 y 8 ) Informe de Meta sobre Amenazas Adversas, Cuarto Trimestre de 2022 Revisión a las redes sociales y página web de Ahora El Pueblo ( 9 , 10 y 11 ) Revisión de las cuentas de Twitter y Facebook de Deisy Choque Tags Deisy Choque MAS Meta Tendencia Política Simpatizantes del MAS Fecha Publicación Web Tue, 03/07/2023 - 15:44 Log in to post comments",Engañoso,Media
1715,chequeabolivia.bo,https://chequeabolivia.bo/morales-no-dijo-que-quiere-saber-si-el-presidente-y-los-ministros-respetaran-las-decisiones-del,"Morales no dijo que quiere saber si el presidente y los ministros respetarán las decisiones del trópico. En su declaración original, Morales sostuvo que quisiera saber si el presidente y los ministros van a respetar al MAS. En  la página de Facebook denominada Vanessa Fernández circula una imagen con el logo de la Agencia de Noticias Fides (ANF), donde se brinda la siguiente información: “Evo: Quisiera saber si el presidente y ministros van a respetar las decisiones del trópico no puedo entender eso”. ChequeaBolivia verificó que se trata de un contenido engañoso. En una búsqueda del contenido en la página web y en la cuenta de Facebook de ANF se constató que el medio de comunicación publicó un contenido similar con la siguiente información: “Evo: Quisiera saber si el presidente y ministros van a respetar al MAS” . La jefa de Redacción de ANF, Nancy Vacaflor, informó a ChequeaBolivia que el contenido original que publicó el medio de comunicación no hace referencia a las “decisiones del trópico”. La desinformación circula en las redes sociales luego de que el expresidente Evo Morales y el presidente Luis Arce sostuvieran una reunión, en la ciudad de Cochabamba, el pasado 13 de octubre. Posteriormente, Morales concluyó, a través de un programa de radio, que quisiera “saber si el presidente (Luis Arce), algunos ministros van a respetar al MAS o no van a respetar al MAS, son del MAS o no son del MAS”. FUENTES: Búsqueda del contenido en la página web y en la cuenta de Facebook de ANF La Jefa de Redacción de ANF, Nancy Vacaflor Tags Evo Morales Tendencia Política No simpatizantes del MAS Fecha Publicación Web Wed, 10/19/2022 - 10:41 Log in to post comments",Engañoso,Media
1716,chequeabolivia.bo,https://chequeabolivia.bo/manipulan-una-cita-de-castillo-sobre-evo-morales,"Manipulan una cita de Castillo sobre Evo Morales. En la cita original publicada por Los Tiempos, Castillo no se refiere a Evo Morales acusándolo de pedofilia. En la página de Facebook “ Resistencia Potosina” se comparte una imagen con la línea gráfica de Los Tiempos, donde se le atribuye la siguiente declaración al ministro de Gobierno, Eduardo Castillo: “Nuestro expresidente tiene dos males la pedofilia y el cáncer que es su exgabinete que si no se trata va a ser terminal”. ChequeaBolivia advierte que se trata de un contenido engañoso. Tras una revisión en la página de Facebook y la página Web de Los Tiempos , se constató que el medio de comunicación publicó la siguiente declaración del ministro de Gobierno: “Nuestro expresidente, nuestro compañero, nuestro líder Evo Morales tiene un cáncer que si no se lo trata va a ser terminal, y ese cáncer es su exgabinete”. Consultado sobre este tema, el jefe de Prensa de Los Tiempos, Fernando Avendaño, informó a ChequeaBolivia que se trata de un contenido manipulado que circula en las redes sociales a partir de una publicación que realizó el medio. La desinformación circula en las redes sociales luego de que el pasado 10 de septiembre, Del Castillo arremetiera contra exministros de Evo Morales sin brindar nombres específicos y calificándolos como un cáncer. FUENTE: Revisión en la página de Facebook y la página Web de Los Tiempos Jefe de Prensa de Los Tiempos, Fernando Avendaño Tags Eduardo del Castillo Evo Morales Tendencia Política Indeterminada Fecha Publicación Web Fri, 09/16/2022 - 18:46 Log in to post comments",Engañoso,Media
1717,chequeabolivia.bo,https://chequeabolivia.bo/pagina-siete-no-informo-que-copa-senalo-morales-como-narco,"Página Siete no informó que Copa señaló a Morales como “narco”. En la nota original publicada por Página Siete se evidenció que no se menciona a Evo Morales como “narco”. Por Danny Espinoza En Facebook circula una imagen de la Alcaldesa de El Alto, Eva Copa, con la línea gráfica de Página Siete acompañada del siguiente texto: “Copa sobre cerco a la alcaldía: Detrás de todo está el narco Evo Morales”. ChequeaBolivia advierte que se trata de un contenido engañoso. En una revisión de la cuenta oficial de Facebook de Página Siete se verificó que el medio publicó una nota con el siguiente texto: “Copa sobre cerco a la alcaldía: detrás de todo esto está Evo Morales”.  Pero, en el titular de la nota no menciona “el narco” Evo Morales como se observa en el contenido manipulado. También, se hizo una búsqueda en Google y se evidenció que no hay notas ( 1 y 2 ) que mencionen como narco al expresidente Morales. En una revisión de la imagen se puede observar que la palabra “El narco Evo Morales” tiene diferente tipo de letra y tamaño a la tipografía original de la nota. Una evidencia más de manipulación de la nota. Fuente: Cuenta oficial de Facebook de Página Siete Búsqueda en Google Revisión de la imagen Tags Página Siete Tendencia Política No simpatizantes del MAS Fecha Publicación Web Mon, 06/13/2022 - 18:10 Log in to post comments",Engañoso,Media
1718,chequeabolivia.bo,https://chequeabolivia.bo/index%2ephp/enganoso-manipulan-una-declaracion-del-vicepresidente-choquehuanca,"Engañoso: Manipulan una declaración del vicepresidente Choquehuanca. Los términos “último inca” o “pachakuti” se incluyeron en una declaración original del vicepresidente David Choquehuanca. En la página de Facebook Resistencia Potosina, se comparte una imagen con la línea gráfica del diario Opinión, en la que se atribuye la siguiente declaración al vicepresidente David Choquehuanca: “A 40 días del año nuevo Aymara, Amazónico, quiero pedirles a todos como último inca no comer carme, no tener sexo, no tomar alcohol debemos respetar al Pachakuti”. ChequeaBolivia verificó que se trata de información engañosa. ChequeaBolivia realizó una revisión de la página de Facebook oficial de Opinión y constató que el medio publicó una declaración similar, que indica: “40 días antes, hermanos, no carne; 40 días antes, no trago, ni una gota de alcohol, tenemos que limpiarnos; 40 días antes no sexo, tenemos que prepararnos (…). Hagan la práctica, hermanos, así hacían nuestros abuelos, ustedes saben, hermanos”. La directora del medio, Leslie Lafuente, indicó que se trata de “información distorsionada”. El contenido circula después de que el vicepresidente del Estado, David Choquehuanca, pidió evitar comer carne, beber alcohol y tener sexo 40 días antes del Año Nuevo Aymara, Andino, Amazónico y Chaqueño para limpiar los cuerpos. FUENTES: Una revisión de la página de Facebook oficial de Opinión La directora del medio, Leslie Lafuente Tags Opinión David Choquehuanca Tendencia Política No simpatizantes del MAS Fecha Publicación Web Thu, 06/02/2022 - 19:10 Log in to post comments",Engañoso,Media
1719,chequeabolivia.bo,https://chequeabolivia.bo/los-tiempos-no-publico-que-morales-declaro-que-hay-un-ministro-derechista,"Los Tiempos no publicó que Morales declaró que hay un “ministro derechista”. En una búsqueda en Google y RRSS de Los Tiempos se evidenció que no publicaron una frase indicando que tienen un “ministro derechista” En Facebook se comparte una imagen con la línea gráfica de Los Tiempos, en la que se atribuye la siguiente declaración al líder del MAS, Evo Morales: “No puedo entender habría policías en servicio pasivo que trabajan para la DEA, ahora nos están pisando los talones parece que tenemos ministro derechista”. ChequeaBolivia verificó que se trata de información engañosa. En una búsqueda en las redes sociales oficiales de Los Tiempos ( 1 y 2 ) , se constató que el medio publicó la siguiente declaración: “Por información oficial que tengo, es que algunos policías en servicio pasivo trabajan para la DEA. Están bien organizados, bien armados”, sin referencia al ministro de Gobierno, Eduardo del Castillo. ¿Qué opina de la #FraseDelDía ? pic.twitter.com/SHSbX8oPge — Los Tiempos (@LosTiemposBol) May 29, 2022 Asimismo, el jefe de redacción de Los Tiempos, Fernando Avendaño, aclaró que la nota fue “tergiversada” y que la original fue publicada el domingo 29 de mayo. También, se realizaron búsquedas en Google ( 3 , 4 y 5 ) y se evidenció que ningún medio de comunicación publicó la frase indicando que tiene un “ministro derechista”. El contenido falso tiene la tipografía diferente a la nota original publicada por Los Tiempos y presenta errores de redacción. Fuentes: RRSS de Los Tiempos Fernando Avendaño, jefe de redacción de Los Tiempos Búsqueda en Google Tags Los Tiempos Tendencia Política No simpatizantes del MAS Fecha Publicación Web Tue, 05/31/2022 - 17:47 Log in to post comments",Engañoso,Media
1720,chequeabolivia.bo,https://chequeabolivia.bo/enganoso-exviceministro-bobaryn-no-dijo-que-morales-destruye-todo-lo-que-toca,"Engañoso: Exviceministro Bobaryn no dijo que Morales “destruye” todo lo que toca. Tras búsquedas de Google no se encontró que medios nacionales reportaran una acusación de Freddy Bobaryn contra Evo Morales señalando que todo lo que toca lo destruye. En Facebook circula una imagen del exviceministro de Coordinación Gubernamental, Freddy Bobaryn, acompañada de la siguiente afirmación: “El MAS no es una persona Evo Morales todo lo que toca destruye"". ChequeaBolivia constató que se trata de información engañosa. Aunque la publicación del ex viceministro ya no se encuentra en su cuenta oficial de Facebook , en una búsqueda en Google se encontró que los medios nacionales del país ( 1 , 2 y 3 ) replicaron la declaración de Bobaryn en la que afirmó que: “Hemos demostrado que el MAS-IPSP ¡No es una Persona!”, sin mencionar que el Jefe del MAS, Evo Morales, destruye todo lo que toca. La declaración de Bobaryn publicada en su página de Facebook fue manipulada para generar desinformación. También se realizaron búsquedas en Google , pero ningún medio reportó una supuesta acusación de Bobaryn en contra de Morales señalando que todo lo que toca lo destruye. Fuentes: Revisión hemerográfica Buscador de Google Tags Política Tendencia Política No simpatizantes del MAS Fecha Publicación Web Tue, 05/17/2022 - 15:01 Log in to post comments",Engañoso,Media
1721,chequeabolivia.bo,https://chequeabolivia.bo/pagina-siete-no-informo-que-comunidad-ciudadana-impugna-postulacion-de-cruz-por-ser-afin-al-mas,"Página Siete no informó que Comunidad Ciudadana impugna postulación de Cruz por ser afín al MAS. Página Siete no mencionó que Comunidad Ciudadana impugna la postulación a Defensor del Pueblo de Nadia Cruz por ser afín al MAS. En Facebook circula una imagen de Nadia Cruz con la línea gráfica de Página Siete, con el siguiente texto: “Defensoría del Pueblo: CC impugna la postulación de Nadia Cruz por ser afín al MAS IPSP”. ChequeaBolivia advierte que se trata de un contenido engañoso. En una revisión en la cuenta oficial de Facebook de Página Siete se constató que el medio publicó una nota con el siguiente texto: “Defensoría del Pueblo: CC impugna la postulación de Nadia Cruz” . Pero en la nota no se menciona la razón de esa acción. < El contenido falso circula en redes sociales tras la lista de postulantes habilitados e inhabilitados a la Defensoría del Pueblo . Fuente: Cuenta oficial de Facebook de Página Siete Revisión de redes sociales Tags Página Siete Tendencia Política No simpatizantes del MAS Fecha Publicación Web Tue, 04/12/2022 - 18:55 Log in to post comments",Engañoso,Media
1722,chequeabolivia.bo,https://chequeabolivia.bo/red-uno-no-informo-que-de-la-cruz-llamo-vividor-chupasangre-del-estado-morales,"Red Uno no informó que De La Cruz llamó “vividor chupasangre del Estado” a Morales. En una búsqueda avanzada se constató que el exrepresentante de la Central Obrera Regional (COR) de El Alto, Roberto de la Cruz, no calificó como “vividor chupasangre” al expresidente Evo Morales En Facebook circula una imagen con la línea gráfica de Red Uno en la que se lee el siguiente titular: “Roberto de la Cruz llama vividor chupa sangre del estado a Evo y le recuerda que nunca ha trabajado siempre ha vivido del estado (sic)”. ChequeaBolivia advierte que el contenido es engañoso. Tras una búsqueda avanzada en la página de Red Uno se constató que no hay ninguna publicación con el contenido difundido, pero se verificó que en la página web de El Deber se publicó un artículo con el siguiente titular: “ Roberto de la Cruz llama “vividor del Estado” a Evo y le recuerda que ya percibe un sueldo por ser expresidente ”, pero no llamó “chupasangre” del estado a Evo Morales. También se contactó a la encargada de redes sociales de la Red Uno en Cochabamba, Sharon Portillo, quién aclaró que el contenido no corresponde a ese Canal El contenido falso circula en Facebook tras una decisión del Tribunal Constitucional Plurinacional (TCP) instruyendo pagara a Morales una indemnización económica por su inhabilitación como candidato a senador en 2020 ( 1 , 2 y 3 ). Fuentes: Revisión hemerográfica Sharon Portillo, encargada de redes sociales de Red Uno en Cochabamba Tags Red Uno Tendencia Política No simpatizantes del MAS Fecha Publicación Web Mon, 03/21/2022 - 16:21 Log in to post comments",Engañoso,Media
1723,chequeabolivia.bo,https://chequeabolivia.bo/manipulan-una-declaracion-del-exministro-sanchez-berzain-sobre-evo-morales,"Manipulan una declaración del exministro Sánchez Berzaín sobre Evo Morales. El diario El Deber publicó un contenido en el que el exministro Gonzalo Sánchez Berzaín acusa al expresidente Evo Morales de ser “cabeza del narcoestado en Bolivia”, pero en su declaración no hace referencia a términos como “delincuente” ni “prostituido”. En páginas y grupos de Facebook circula una imagen ( 1, 2 , 3 ) con la línea gráfica de El Deber, en la que se le atribuye la siguiente declaración al exministro Carlos Sánchez Berzaín: “El delincuente Evo Morales es el jefe del narcoestado ha prostituido el aparato judicial y policial”. ChequeaBolivia advierte que se trata de un contenido engañoso. En una búsqueda avanzada del contenido en la página web de El Deber se constató que el medio publicó un artículo con el siguiente titular: “Sánchez Berzaín: “Evo Morales es la cabeza del narcoestado en Bolivia”. Según este contenido, Sánchez Berzaín fue entrevistado en El Deber Radio, donde brindó la siguiente declaración:  “Demostrado está de que Evo Morales es la cabeza del narcoestado en Bolivia y el constructor de esta situación ( caso Dávila ) en complicidad con sus socios, con sus jefes de Cuba, Venezuela y de este sistema castrochavista”. En esta entrevista radial y en el artículo publicado por este medio, no se hace referencia a los términos como “delincuente” ni “prostituido”. También se realizó una búsqueda avanzada en la página de Facebook de El Deber y se constató que publicó: “Evo Morales es la cabeza del narcoestado en Bolivia”. Además, la imagen que circula en las redes sociales fue manipulada. En el contenido engañoso se observan errores de redacción y una tipografía diferente. A la izquierda, el contenido engañoso que circula en Facebook, mientras que a la derecha, se observa la imagen original publicada por El Deber. El contenido engañoso circula en Facebook desde el pasado 18 de marzo. En febrero, el Departamento de Estado de EEUU publicó la imagen del exdirector de la Fuerza Especial de Lucha Contra el Narcotráfico (Felcn), Maximiliano Dávila, a nivel internacional y ofreció cinco millones de dólares por información sobre sus nexos con el narcotráfico. FUENTE: Búsqueda avanzada del contenido en la página web de El Deber B úsqueda avanzada en la página de Facebook de El Deber Revisión hemerográfica Tags Carlos Sanchéz Berzaín Tendencia Política No simpatizantes del MAS Fecha Publicación Web Mon, 03/21/2022 - 12:22 Log in to post comments",Engañoso,Media
1724,chequeabolivia.bo,https://chequeabolivia.bo/evo-morales-comparte-una-foto-de-2018-para-vincular-un-diplomatico-de-eeuu-con-la-posesion-de-anez,"Evo Morales comparte una foto de 2018 para vincular a un diplomático de EE.UU. con la posesión de Áñez. La foto es de 2018, pero Áñez juró como presidenta el 13 de noviembre de 2019. A través de Twitter y Facebook se comparte una fotografía difundida por el expresidente Evo Morales en el que se observa al ex encargado de Negocios de Estados Unidos en Bolivia, Bruce Williamson, en el Hemiciclo del Senado supuestamente durante la toma de posesión de la expresidenta, Jeanine Áñez. ChequeaBolivia advierte que es información es engañosa “ Exigimos a la embajada de EE.UU. confirmar o negar que la foto en la que se observa al exencargado de Negocios, Bruce Williamson y al exviceministro de Gestión Comunicacional del gobierno de facto, Marco Aurelio Julio, fue tomada en la autoproclamación de Añez en el Legislativo (…) Nuevas pruebas y evidencias ratifican la participación de EE.UU en el golpe de Estado”, escribió Morales a través de su cuenta de Twitter para difundir la fotografía. La información es engañosa porque Áñez juró como presidenta el 13 de noviembre de 2019 y la fotografía que circula es de 2018, como se puede evidenciar tras una búsqueda de las palabras “Bruce Williamson Senado” en Google , ocasión en la que distintos medios de comunicación informaron que Williamson presenció un debate en el Senado, a propósito de la modificación del Código Niño Niña Adolescente (CNNA). A su vez, el exviceministro de Gestión Comunicacional , Marco Aurelio Julio , quien aparece en la fotografía , respondió a Morales en Twitter : “aclararle que esa foto es de 13 dic 2018, cuando el Senado aprobó modificaciones al Cód Niño,Niña... y me encuentro tres filas detrás del ex encargado de Negocios EE.UU, @BruceWillianson, a quien nunca conocí personalmente”. ChequeaBolivia encontró que esta fotografía fue publicada por la página de Facebook que suele difundir desinformación “P10j0 Bolivia”, días antes de que lo hiciera Morales. Actualmente esta publicación fue eliminada de esta página , aunque la foto publicada por Morales permanece en Internet. Fuentes: Publicación recabada de la cuenta de Twitter de Evo Morales “ Suben la edad para el trabajo infantil en Bolivia de 10 a 14 años ” y “ EEUU quiere una relación cordial y sin agravios con Bolivia ” por ANF “ Modifican código para evitar que menores de 14 años trabajen ” por Los Tiempos Publicación recabada de la cuenta de Twitter de Marco Aurelio Julio Tags Evo Morales Tendencia Política Simpatizantes del MAS Fecha Publicación Web Wed, 01/12/2022 - 17:58 Log in to post comments",Engañoso,Media
1725,chequeabolivia.bo,https://chequeabolivia.bo/correo-del-sur-no-informo-que-evo-morales-se-siente-satisfecho-por-liberacion-de-zapata,"Correo del Sur no informó que Evo Morales se siente satisfecho por liberación de Zapata. Correo del Sur publicó el 3 de diciembre el titular suspendiendo la marcha a Sucre, pero no el comentario atribuido al expresidente Evo Morales por la liberación de Gabriela Zapata. En Facebook se comparte una imagen que utilizando los logos de Correo del Sur titulada: “El MAS decide postergar marcha a Sucre; la propuesta será debatida en los departamentos”. A continuación, se adjudica al líder del Movimiento Al Socialismo (MAS), Evo Morales, haber expresado su satisfacción por la liberación de su ex pareja sentimental Gabriela Zapata, pedir la suspensión de la marcha a Sucre del MAS y cerrar el caso CAMCE. ChequeaBolivia verificó que se trata de información engañosa. ChequeaBolivia, luego de una revisión hemerográfica, constató que Correo del Sur publicó, el 3 de diciembre, el titular suspendiendo la marcha a Sucre , pero no el comentario atribuido al expresidente Morales por la liberación de Zapata. El contenido manipulado circula en redes sociales tras la liberación de Gabriela Zapata, ex pareja del ex presidente Evo Morales y la suspensión de la marcha del MAS hacia el departamento de Sucre. Fuente: Correo del Sur Tags Correo del Sur Tendencia Política No simpatizantes del MAS Fecha Publicación Web Sun, 12/05/2021 - 16:39 Log in to post comments",Engañoso,Media
1726,chequeabolivia.bo,https://chequeabolivia.bo/amilcar-barral-no-dijo-que-familiares-de-las-victimas-de-sacaba-y-senkata-que-marchan-son-masistas,"Amilcar Barral no dijo que familiares de las victimas de Sacaba y Senkata que marchan son “masistas hipócritas”. La publicación de Amilcar Barral no afirma que marchistas de Senkata y Sacaba son “masistas hipócritas”, “usados por la élite masista”. Por Danny Espinoza En Facebook circula la imagen del ex diputado de oposición Amilcar Barral en la que le adjudica la siguiente frase: “Esta gente que está marchando pidiendo justicia por Sacaba y Senkata, sus familiares recibieron la suma de 100mil Bs. en la gestión de la expresidenta Jeanine Áñez y algunos de los familiares trabajan en los ministerios del actual gobierno (…)”. ChequeaBolivia advierte que se trata de un contenido engañoso. ChequeaBolivia, en una revisión de la página oficial de Facebook de Barral, verificó que el exdiputado no publicó un contenido haciendo referencia a que los familiares marchistas de las víctimas de Senkata y Sacaba son “masistas hipócritas”, “usados por la élite masista”, pero sí afirmó lo siguiente: Asimismo, se contactó a Barral quién aseguró que se trata de un contenido falso y manipulado. Fuentes: Página oficial de Facebook de Amilcar Barral Amilcar Barral Tags Amilcar Barral Tendencia Política No simpatizantes del MAS Fecha Publicación Web Mon, 10/25/2021 - 16:58 Log in to post comments",Engañoso,Media
1727,chequeabolivia.bo,https://chequeabolivia.bo/la-nota-de-unitel-sobre-la-denuncia-en-contra-de-arce-es-de-2020,"La nota de Unitel sobre la denuncia en contra de Arce es de 2020. En octubre de 2020, Melgar realizó una denuncia penal en contra del ahora presidente Luis Arce y su esposa por presunto enriquecimiento ilícito. En WhatsApp se comparte una supuesta nota de la Red Unitel en la que se lee: “Arce es denunciado”. En el antetítulo indica: “Viceministro Guido Melgar”. ChequeaBolivia advierte que se trata de un contenido engañoso. ChequeaBolivia realizó una búsqueda del contenido y constató que la Red Unitel publicó una noticia similar en octubre de 2020, aunque el rótulo dice: “Formalizan denuncia contra Luis Arce”. Otro detalle que se observa es que el viceministro Guido Melgar trabajó en la cartera del Viceministerio de Transparencia en la gestión de la expresidenta Jeanine Áñez, en 2020, y no es viceministro en la actualidad. Por tanto, la captura manipulada que circula en WhatsApp no es reciente y un contenido similar fue publicado por la Red Unitel, pero con rótulos diferentes. En octubre de 2020, Melgar realizó una denuncia penal en contra del ahora presidente Luis Arce y su esposa por presunto enriquecimiento ilícito. FUENTE: Herramientas digitales Revisión del contenido Tags Luis Arce Catacora Tendencia Política Indeterminada Fecha Publicación Web Wed, 10/13/2021 - 13:13 Log in to post comments",Engañoso,Media
1728,chequeabolivia.bo,https://chequeabolivia.bo/jose-luis-camacho-no-afirmo-que-hubo-fraude-y-existio-un-golpe-de-estado-en-2019,"José Luis Camacho no afirmó que hubo fraude y existió un golpe de Estado en 2019. El video manipulado circula en redes sociales luego de la retención de José Luis Camacho en el aeropuerto de Viru Viru. Por Danny Espinoza En Facebook se comparte el video de una entrevista de Red Uno, en la que el padre del gobernador de Santa Cruz, José Luis Camacho, supuestamente afirmó: “No hubo fraude. Lo que hubo fue un golpe de Estado”. ChequeaBolivia advierte que se trata de un contenido engañoso. ChequeaBolivia, constató que el video que se difunde en las redes sociales reproduce un fragmento de una entrevista a José Luis Camacho en el programa Que No Me Pierda de la Red Uno.  En una revisión de la entrevista completa se verificó que en el minuto 8:30 José Luis Camacho sostuvo que: “Se están inventando una cantidad de procesos para poder convencer a una población que a veces esta desinformada de que ha habido un golpe de Estado”. En la entrevista también se puede observar al padre del gobernador cruceño decir que hubo golpe, pero después de este lapsus corrigió su postura asintiendo que sí existió un fraude electoral. El video manipulado empezó a circular en redes sociales luego de la retención de José Luis Camacho en el aeropuerto de Viru Viru por citación de la Fiscalía. Fuentes: Entrevista completa  a José Luis Camacho, en Red Uno Tags Luis Fernando Camacho Tendencia Política Simpatizantes del MAS Fecha Publicación Web Wed, 09/29/2021 - 14:48 Log in to post comments",Engañoso,Media
1729,chequeabolivia.bo,https://chequeabolivia.bo/index%2ephp/medios-extranjeros-no-publicaron-un-articulo-de-expresidentes-iberoamericanos-acusando-arce-por-la,"Medios extranjeros no publicaron un artículo de expresidentes iberoamericanos acusando a Arce por la situación de Áñez. Ninguno de los medios de comunicación publicó un contenido similar. En Facebook circulan las capturas de tres supuestas capturas de noticias de BBC Mundo, El Heraldo y La Nación, todas con un titular similar al siguiente: “Expresidente de Latinoamérica responsabilizan al Gobierno de Arce por lo que le pase a la vida de la expresidente Áñez”. ChequeaBolivia advierte que el contenido es engañoso. ChequeaBolivia realizó una búsqueda del contenido en el portal web de la BBC Mundo , pero no existe ningún contenido similar.  También se realizó una búsqueda del contenido en el portal web de El Heraldo y tampoco existe un contenido similar. El contenido que circula con los logos de La Nación titula: “Expresidentes de Latinoamérica responsabilizan al Gobierno de Arce por lo que le pase a la vida de la expresidente Áñez”, pero no existe un contenido publicado bajo el mismo titular.  Lo que publicó el medio argentino indica: “ Tras el intento de suicidio: Mauricio Macri y otros expresidentes de la región piden por la salud de Jeanine Añez ”. Sin embargo, el pasado 23 de agosto, el expresidente Jorge Tuto Quiroga informó sobre un pronunciamiento de expresidentes iberoamericanos, que solicitan a la Comisión Interamericana de Derechos Humanos (CIDH) que otorgue medidas cautelares y se pronuncien sobre la situación de la expresidenta. Ante el riesgo que corre su salud, su vida, y por la injusta detención preventiva de @JeanineAnez , expresidentes iberoamericanos de @IDEA_Grupo solicitamos a @CIDH y @mbachelet que otorguen medidas cautelares, o actúen y se pronuncien sobre este caso, antes que sea tarde. pic.twitter.com/0QFbRjARZA — Tuto Quiroga (@tutoquiroga) August 23, 2021 FUENTE: Búsqueda del contenido en los portales webs oficiales de BBC Mundo, El Heraldo y La Nación Cuenta oficial de Twitter del expresidente Jorge Tuto Quiroga Tags Discurso del Golpe Jeanine Áñez Jorge 'Tuto' Quiroga Tendencia Política No simpatizantes del MAS Fecha Publicación Web Tue, 08/24/2021 - 18:41 Log in to post comments",Engañoso,Media
1730,chequeabolivia.bo,https://chequeabolivia.bo/la-imagen-de-armas-de-grueso-calibre-no-corresponde-los-envios-de-argentina-en-los-conflictos-de,"La imagen de armas de grueso calibre no corresponde a los envíos de Argentina en los conflictos de 2019. la fotografía que se comparte en la publicación no es reciente, es de 2017. En Facebook se comparte una fotografía de armas de grueso calibre, con una descripción en la que se asegura que corresponde al cargamento que ingresó de Argentina durante los conflictos de 2019. La imagen se comparte en una página de Facebook que tiene el logo de Bolivia Tv y junto a declaraciones del Comandante de la Policía, Jhonny Aguilera. ChequeaBolivia verificó que se trata de un contenido engañoso. ChequeaBolivia realizó una búsqueda en reverso de la imagen y verificó que el contenido fue publicado por medios de comunicación en mayo de 2017, como parte de un reporte en el que se informa sobre tráfico de armas de grueso calibre que pretendían ser trasladadas a Brasil y Paraguay, desde Bolivia. Sin embargo, el Comandante de la Policía, Jhonny Aguilera, brindó una conferencia de prensa el pasado 14 de julio, en la que informó que parte del material enviado desde la Argentina en 2019 se encuentra en los depósitos de la institución, pero no menciona que se trate de armas de grueso calibre ni mostró dicho cargamento. Además, ChequeaBolivia publicó una verificación en la que categorizó como falsa la página de Facebook que utiliza los logos de Bolivia TV. FUENTE: Herramientas digitales de búsqueda en reverso Revisión bibliográfica Tags Discurso del Golpe Tendencia Política Simpatizantes del MAS Fecha Publicación Web Fri, 07/23/2021 - 12:01 Log in to post comments",Engañoso,Media
1731,chequeabolivia.bo,https://chequeabolivia.bo/tuto-quiroga-llamo-mitomano-evo-morales-pero-no-lo-acuso-de-aprovecharse-de-los-indigenas,"“Tuto” Quiroga llamó mitómano a Evo Morales, pero no lo acusó de aprovecharse de los indígenas. Se aumentaron palabras a la publicación original de Quiroga. En Facebook circula una publicación con la imagen del expresidente del Estado, Jorge “Tuto” Quiroga, acompañada de un rótulo atribuyéndole haber afirmado que Evo Morales es un “mitómano” y se aprovecha de los indígenas. ChequeaBolivia advierte que se trata de información engañosa. ChequeaBolivia, mediante una revisión en la cuenta de Twitter de Quiroga, corroboró que la exautoridad respondió a un tuit del expresidente y líder del Movimiento al Socialismo (MAS), Evo Morales, en el que acusó a Quiroga de haberse comunicado con el excomandante de la Fuerza Aérea Boliviana (FAB), Jorge Terceros, durante los conflictos post electorales de octubre-noviembre de 2019, y que actualmente se encuentra detenido preventivamente por el caso “golpe de Estado”. Quiroga en su tuit llamó mitómano a Morales y lo invitó a debatir en la televisión, pero no mencionó que Morales se aprovecha de los indígenas. El mitómano no para: no respetó 21F, no reconoció su auditoría vinculante de OEA y sigue mintiendo. Evo sí reconoce ahora que amenazó a Terceros con hacer arder #Bolivia . Yo NO hablé nunca con Terceros. Evo, basta de tramoyas y venganza, ¿cuándo y en qué canal debatimos? pic.twitter.com/B4L1EHkpMa — Tuto Quiroga (@tutoquiroga) July 8, 2021 FUENTES: Cuenta de Twitter de Jorge “Tuto” Quiroga Revisión en las redes sociales Tags Jorge 'Tuto' Quiroga Tendencia Política No simpatizantes del MAS Fecha Publicación Web Fri, 07/09/2021 - 16:43 Log in to post comments",Engañoso,Media
1732,chequeabolivia.bo,https://chequeabolivia.bo/el-director-del-fbi-no-denuncio-que-murillo-tiene-contacto-directo-con-morales,"El director del FBI no denunció que Murillo tiene contacto directo con Morales. El aludido no se refirió al caso del ex ministro recientemente. En las redes sociales circula una supuesta captura de pantalla con un texto que, en su primera parte, afirma que el Departamento de Justicia de Estados Unidos (EEUU), dio a conocer que el exministro de Gobierno, Arturo Murillo, estuvo involucrado en hechos de corrupción. En la segunda parte, aparece una imagen de una personalidad con la bandera estadounidense de fondo, a la que se le atribuye hacer dicho que: “capturamos a cinco ex funcionarios bolivianos y ciudadanos norteamericanos con descendencia latina (…) Encontramos que Arturo Murillo y allegados tienen contacto directo con el ex presidente boliviano, Evo Morales”. ChequeaBolivia constató que se trata de información engañosa. ChequeaBolivia realizó una revisión hemerográfica y verificó que la primera parte del texto contiene información veraz, pues fue reproducida por distintos medios nacionales e internacionales. Además, el Departamento de Justicia de EEUU emitió un comunicado el pasado miércoles 26 de mayo, ratificando esa información. Pero, la segunda parte de la información es falsa. Por un lado, a través de una búsqueda en reversa de imágenes en Google, se identificó que la personalidad a la que se le atribuye la cita es Christopher Wray, actual director de la Oficina Federal  de Investigaciones (FBI) y, por el otro, tras una revisión en medios nacionales e internacionales, se corroboró que el aludido no realizó la afirmación ni se refirió al tema recientemente. FUENTE Departamento de Justicia de Estados Unidos Revisión en medios nacionales e internacionales Herramienta de búsqueda en reversa de imágenes en Google Tags Arturo Murillo Tendencia Política Indeterminada Fecha Publicación Web Sun, 05/30/2021 - 11:33 Log in to post comments",Engañoso,Media
1733,chequeabolivia.bo,https://chequeabolivia.bo/dirigente-de-las-juventudes-del-mas-critico-dessard-pero-no-lo-acuso-de-ser-un-espia-conspirador,"Dirigente de las juventudes del MAS criticó a Dessard, pero no lo acusó de ser un “espía conspirador”. Chuquimia criticó las acciones de Dessard, pero no realizó las acusaciones que le atribuyen. En Facebook circula una publicación afirmando que el dirigente de las juventudes del MAS en La Paz, Álvaro Chuquimia, acusó al activista francés, Alexis Dessard, de ser un “espía conspirador” por sus tareas de limpieza en el país, y que estaría haciendo quedar mal al gobierno de Luis Arce Catacora. ChequeaBolivia advierte que se trata de información engañosa. ChequeaBolivia, mediante una revisión hemerográfica, constató que Chuquimia criticó la labor de Dessard en un video difundido por la Red Unitel , así como también pidió a las autoridades no descuidar el tema medioambiental. “En estos últimos días se ha visto y hemos visto todos que un visitante extranjero llamado Alexis (Dessard) viene a nuestro país a obligarnos, o a observarnos que nuestro país estaba lleno de basura, a observarnos que nuestro país estaba totalmente sucio, como podemos decir. Y yo me pregunto, cuando yo voy a visitar una casa, yo no tengo ninguna autoridad para observar porque yo soy visitante, yo no soy dueño de la casa”, declaró Chuquimia. No obstante, en el video no se observa al dirigente decir que Dessard es un ""espía conspirador”, ni existen registros de dicha acusación en otros medios de comunicación. FUENTES: Revisión hemerográfica Red Unitel Tags Alexis Dessard Tendencia Política No simpatizantes del MAS Fecha Publicación Web Fri, 05/28/2021 - 16:00 Log in to post comments",Engañoso,Media
1734,chequeabolivia.bo,https://chequeabolivia.bo/eva-copa-no-era-alcaldesa-de-el-alto-cuando-pagina-siete-denuncio-poco-uso-del-wayna-bus,"Eva Copa no era alcaldesa de El Alto cuando Página Siete denunció poco uso del Wayna Bus. La nota de Página Siete es de 2019, cuando Copa aún no era alcaldesa de El Alto. En Facebook circula la captura de una nota de Página Siete indicando que sólo 10 de los 60 Wayna Bus que tiene la ciudad de El Alto funcionan, culpando a la administración de la alcaldesa Eva Copa. ChequeaBolivia constató que se trata de información engañosa. ChequeaBolivia, mediante una revisión hemerográfica, constató que la nota de la captura es de 2019 , cuando Eva Copa aún no era alcaldesa de El Alto, sino Soledad Chapetón. No obstante, la captura utilizada en la publicación señala que sólo 10 de los 60 Wayna Bus funcionaban cumpliendo su ruta, cuando la nota original de Página Siete señala que funcionaban 18 de los 60. Al respecto, ChequeaBolivia se contactó con Juan Carlos Véliz, jefe de Redacción Digital de Página Siete, quién declaró: “Hay una modificación (en la nota) con otras intenciones del dato que dice 10, en todo caso es un montaje que no corresponde a Página Siete”. FUENTES: Juan Carlos Véliz, jefe de Redacción Digital de Página Siete Página Siete Revisión hemerográfica Tendencia Política Simpatizantes del MAS Fecha Publicación Web Fri, 05/14/2021 - 16:09 Log in to post comments",Engañoso,Media
1735,chequeabolivia.bo,https://chequeabolivia.bo/index%2ephp/hay-personas-que-comparten-numero-de-cedula-en-el-padron-biometrico,"Hay personas que comparten número de cédula en el padrón biométrico. Segip diferencia las cédulas de identidad con complementos alfanuméricos. En Facebook circula una publicación indicando que el padrón electoral sería “fraudulento” ya que distintas personas con el mismo número de cédula de identidad estarían habilitadas para votar en las elecciones subnacionales. ChequeaBolivia advierte que se trata de información engañosa. ChequeaBolivia a través de una revisión en la plataforma Yo Participo del Órgano Electoral Plurinacional (OEP) corroboró que algunas de las personas en la lista difundida en las redes sociales comparten un mismo número de cédula de identidad y están habilitadas para emitir su voto en las elecciones subnacionales 2021. ChequeaBolivia contactó al Director Nacional del Servicio de Registro Cívico (SERECI), Diego Tejerina, quien explicó que es un fenómeno común en carnets antiguos porque antes la Policía era la encargada de realizar la carnetización. Problema subsanado con la inserción de códigos alfanuméricos en las cédulas de identidad. “Ese un problema recurrente, por lo que el Segip ha creado un número complemento alfanumérico en aquellos casos que han ido a renovar (la cédula) y en los casos que no han renovado esas personas siguen compartiendo este mismo número de cédula identidad. Lo que nosotros hacemos es tomar la biometría, o sea, cuando uno se empadrona se toman las huellas dactilares, que eso sí o sí es diferente en las personas. Entonces todos estos datos y todos estos nombres, nosotros tenemos la certeza y es verificable, son personas diferentes”. FUENTES OEP Diego Tejerina, Director Nacional del SERECI Tags Elecciones subnacionales 2021 Tendencia Política Indeterminada Fecha Publicación Web Sun, 03/07/2021 - 18:23 Log in to post comments",Engañoso,Media
1736,chequeabolivia.bo,https://chequeabolivia.bo/acusan-pedro-garcia-de-copiar-las-acciones-de-camacho,"Acusan a Pedro García de “copiar” las acciones de Camacho. La imagen manipulada pertenece a un video del candidato Pedro García contando anécdotas con Mario Cronenbold. Por Bolivia Aclara Circula en la red de Facebook una captura de pantalla en la que se observa al candidato del Movimiento Al Socialismo (MAS) para Vicegobernador de Santa Cruz, Pedro García, trepando a un árbol, mientras que en el texto de presentación señala “copia nuevamente a Camacho esta vez tomándose fotos sacando frutas, ya preocupa su obsesión”. Bolivia Aclara verificó que se trata de una publicación engañosa. Bolivia Aclara revisó las redes sociales y encontramos el video original donde se observa a García cosechando mandarinas de un árbol en el patio de su vivienda, mientras narra sus experiencias en la campaña y la amistad que desarrolló con Mario Cronenbold. “En el tiempo de campaña, que he tenido con Mario, he tenido la oportunidad de conocer, no solo al candidato, sino que he tenido la oportunidad de conocer a la persona…”, relata en el video. La alusión de “copiar y obsesionarse” con el candidato a Gobernador, Luis Fernando Camacho, por el frente Creemos, se debe a que en fecha 4 de febrero del presente, subió a su página de Facebook una fotografía donde se le observa sacar frutos en una propiedad privada al momento de explicar los recuerdos de su niñez que le generó visitar los barrios. “¿Quién no compró alguna vez una sodita en bolsita o tuvo su yunta pa' apear frutas? Gracias por creer Barrio San Juan”, destacaba el post FUENTE: Cuenta de Pedro García en Facebook Tags Elecciones subnacionales 2021 Tendencia Política No simpatizantes del MAS Fecha Publicación Web Sat, 03/06/2021 - 18:40 Log in to post comments",Engañoso,Media
1737,chequeabolivia.bo,https://chequeabolivia.bo/bolivision-no-afirmo-que-evo-morales-se-llevo-bs-520-millones,"Bolivisión no afirmó que Evo Morales se llevó Bs 520 millones. Bolivisión no afirmó en una nota que Evo Morales se fugó con 520 millones de bolivianos. En Facebook circula la captura de pantalla de una supuesta noticia del medio Bolivisión en la que se afirma que el ex presidente del Estado, Evo Morales, se llevó 520 millones de bolivianos en su avión privado. ChequeaBolivia advierte que se trata de información engañosa. ChequeaBolivia, tras una revisión de videos en el canal oficial de YouTube de Noticias Bolivisión, constató que en la nota audiovisual “Dudas por supuesto traslado de dinero en aeropuerto”, durante la entrevista al ex mandatario en México se puso incomodo tras la pregunta de un periodista sobre la posible relación sobre el traslado de camiones de valor al aeropuerto. Fuente: Canal oficial de YouTube de Noticias Bolivisión Tags Bolivisión Tendencia Política No simpatizantes del MAS Fecha Publicación Web Thu, 03/04/2021 - 19:04 Log in to post comments",Engañoso,Media
1738,chequeabolivia.bo,https://chequeabolivia.bo/arce-no-menciono-al-imperio-yanqui-en-la-posesion-del-nuevo-ministro-de-salud,"Arce no mencionó al “imperio yanqui” en la posesión del nuevo Ministro de Salud. El presidente Luis Arce nunca hizo referencia al impero Yanqui en dicho discurso. En Facebook circula una imagen del presidente del Estado Plurinacional de Bolivia, Luis Arce Catacora, con el siguiente texto: “Arce dijo que aguantara la pandemia así como aguanto al Gobierno de facto y al imperio Yanqui”. ChequeaBolivia advierte que se trata de información engañosa. ChequeaBolivia, en una revisión al video de la posesión del Nuevo Ministro de Salud, constató que Arce nunca hizo referencia al impero Yanqui en dicho discurso. Lo que sí señaló fue: “Así como nosotros hemos aguantado un gobierno de facto, hemos resistido un gobierno de facto hasta lograr la recuperación de la democracia”. Fuente: Transmisión en vivo del acto de posesión de la nueva autoridad a través de Bolivia Tv Tags Luis Arce Catacora Tendencia Política No simpatizantes del MAS Fecha Publicación Web Thu, 01/21/2021 - 11:54 Log in to post comments",Engañoso,Media
1739,chequeabolivia.bo,https://chequeabolivia.bo/lider-indigena-apunta-choque-y-copa-del-mas-de-ser-complices-del-uso-de-armas-en-sacaba,"Líder indígena apunta a Choque y Copa del MAS de ser cómplices del uso de armas en Sacaba. La noticia es del 2019 y circula como si fuese actual. En las redes sociales circula la captura de pantalla de un titular que afirma: “Líder indígena apunta a Choque y Copa del MAS de ser cómplices del uso de armas en Sacaba”. ChequeaBolivia constató que se trata de información engañosa. ChequeaBolivia realizó una revisión hemerográfica y evidenció que el titular fue publicado por el periódico Los Tiempos el 17 de noviembre del 2019. En la noticia se explica que la líder indígena del Allyu Coconi, Gabina Condori Nina, apuntó a los presidentes de las cámaras de diputados, Sergio Choque, y de senadores, Eva Copa, además de otros asambleístas y militantes del Movimiento al Socialismo (MAS), como los responsables de las muertes en Sacaba, Cochabamba, porque conocían del uso de armas de parte de los movilizados. FUENTE: Los Tiempos Log in to post comments",Engañoso,Media
1740,chequeabolivia.bo,https://chequeabolivia.bo/arce-admite-que-la-administracion-del-mas-desde-11-anos-fue-nefasta,"Arce admite que la administración del MAS desde 11 años fue nefasta. Cometió un lapsus confundiendo la palabra “años” con meses y no mencionó al MAS. En redes sociales circula un video del presidente de Bolivia, Luis Arce Catacora, con el siguiente texto: “Admite que la administración del MAS (Movimiento del Socialismo) fue nefasta durante 11 años”. ChequeaBolivia advierte que es engañoso. El video que circula pertenece al discurso que Arce pronunció en la sesión de honor por el aniversario del departamento de Beni conmemorado el pasado 17 de noviembre y fue transmitido en vivo por el canal estatal Bolivia Tv. Tras una revisión al discurso completo, ChequeaBolivia verificó que Arce cometió un lapsus confundiendo la palabra “años” con meses, como se desprende cuando se escucha la oración completa: “Se han generado en once años de nefasta administración que ha dejado al país más empobrecido de lo que encontramos el año 2006”. Además, el gobierno del expresidente Evo Morales, comenzó el 22 de enero 2006 y terminó el 10 de noviembre 2019, habiendo transcurrido más de 13 años. Fuentes: Transmisión en vivo del canal estatal, Bolivia Tv Revisión hemerográfica Tags Luis Arce Catacora Tendencia Política No simpatizantes del MAS Log in to post comments",Engañoso,Media
1741,chequeabolivia.bo,https://chequeabolivia.bo/arce-catacora-aplicara-impuesto-los-que-tengan-un-patrimonio-igual-o-mayor-500-mil-bolivianos,"Arce Catacora aplicará impuesto a los que tengan un patrimonio igual o mayor a 500 mil bolivianos. Arce Catacora mencionó aplicar un impuesto a la riqueza, pero a los que posean entre 5 y 10 millones de dólares. En las redes sociales circula una captura de una nota del portal eju.tv con una descripción en la que se afirma que el presidente electo en los recientes comicios, Luis Arce Catacora, aplicará un impuesto a los que posean un patrimonio de 500 mil bolivianos o más, incluyendo casas, lotes, automóviles, maquinaria, empresas y otros. ChequeaBolivia constató que se trata de información engañosa. ChequeaBolivia rastreó la publicación original de eju.tv , que consiste en la transcripción de una entrevista que le hicieron a Arce Catacora en la red Gigavisión. Se corroboró que, si bien mencionó un impuesto a las grandes fortunas como una de las medidas a tomar por su gobierno, afirmó también que el monto para aplicar el impuesto está en evaluación, y que oscilará entre los 5 y 10 millones de dólares. FUENTES: Eju.tv Revisión hemerográfica Tags Luis Arce Catacora Tendencia Política No simpatizantes del MAS Log in to post comments",Engañoso,Media
1742,chequeabolivia.bo,https://chequeabolivia.bo/index%2ephp/fotos-muestran-campana-de-vacunacion-animal-en-santa-cruz,"Fotos muestran campaña de vacunación animal en Santa Cruz. Las fotografías que se comparten son de años pasados. A través de Facebook se comparten fotografías de una campaña de vacunación contra la rabia. La publicación está acompañada del siguiente texto: “Comenzó la campaña de vacunación animal en Santa Cruz y el fotógrafo del periódico El Deber, retrató el momento exacto de la inyección”. ChequeaBolivia verificó que el contenido es engañoso. La publicación contiene cuatro imágenes. Mediante una búsqueda en reverso de las primeras tres imágenes, ChequeaBolivia constató que pertenecen al fotógrafo de El Deber Ricardo Montero y fueron publicadas el 26 de agosto del 2019. Sin embargo, se constató que la cuarta imagen no corresponde a la campaña de vacunación actual y fue publicada en 2016 para generar contenido gracioso en redes sociales. La página de Facebook de la Gobernación de Santa Cruz publicó hoy, 28 de septiembre, un video de una conferencia de prensa con el director del Sedes, Marcelo Ríos. Quien informó que en “15 días Santa Cruz va a iniciar una campaña de vacunación en servicio contra la rabia canina y felina. Por lo tanto, a partir de ahora se empieza el proceso de logística para que todos los centros de salud del departamento contengan la más de 250.000 dosis de vacuna contra la rabia”, afirma Ríos en el video . Fuentes: Herramientas digitales de búsqueda Página de Facebook de la Gobernación de Santa Cruz Revisión hemerográfica Tags Santa Cruz Tendencia Política Indeterminada Log in to post comments",Engañoso,Media
1743,chequeabolivia.bo,https://chequeabolivia.bo/en-enganoso-que-evo-morales-se-autodenomino-narcotraficante-y-asesino,"En engañoso que Evo Morales se autodenominó narcotraficante y asesino. El video es real, pero fue publicado en 2016. En las redes sociales circula un video del periodista Carlos Valverde presentando una conferencia de prensa del expresidente Evo Morales, en el que éste se autodenomina como narcotraficante y asesino. ChequeaBolivia constató que se trata de información engañosa. ChequeaBolivia, a través de una revisión hemerográfica constató que el video es real y fue ampliamente difundido en medios de comunicación. Se trata del discurso presidencial N ° 828 de 24 de febrero de 2016, realizado días después del referéndum de ese año que negó la reforma constitucional que permitiría la reelección y el posible cuarto mandato de Morales. En la nota televisiva de la Red Unitel se escucha a Morales decir que él jamás buscó un cargo en la política sindical o nacional, por lo que se sometió siempre a los pedidos de los movimientos sociales, a los que rechazó la primera vez que lo instaron a ser candidato presidencial en 1997. “Después de aceptar retornando de Potosí a Cochabamba me arrepentí y pensé cómo un narcotraficante, un asesino podía ser presidente, en mi mente decía que mis hermanos del campo se hacen la burla de mí y llegando a Cochabamba, al día siguiente renuncié a la candidatura”, declaró Morales. FUENTES: Red Unitel Cambio Revisión hemerográfica Tags Evo Morales Tendencia Política No simpatizantes del MAS Log in to post comments",Engañoso,Media
1744,chequeabolivia.bo,https://chequeabolivia.bo/diego-pary-revelo-que-karen-longaric-retiro-su-candidatura-la-secretaria-general-de-aladi-por-falta,"Diego Pary reveló que Karen Longaric retiró su candidatura a la Secretaría General de Aladi por falta de apoyo de los países miembros. La carta presentada por Longaric establece los puntos de su renuncia. En las redes sociales circula una publicación en la que se afirma que el excanciller de Bolivia, Diego Pary, afirmó que la actual canciller, Karen Longaric, retiró su candidatura a la Secretaría General de Asociación Latinoamericana de la Integración (Aladi) porque no logró ningún apoyo de los países miembros que “no reconocen la candidatura de un gobierno ilegítimo”. ChequeaBolivia constató que se trata de información engañosa. ChequeaBolivia, a través de una revisión hemerográfica confirmó que Pary señaló que la verdadera razón por la que Longaric retiró su candidatura fue que no recibió apoyo internacional. Sin embargo, la canciller boliviana, a través de una carta a Aladi, explica las razones de esa decisión, entre las cuales menciona un “sesgo ideológico” entre algunos países miembros y la “preocupación” por la brecha de género que existe en la región. A continuación se puede leer la carta presentada por Karen Longaric al presidente del Comité de Representantes de Aladi. Nota-N°-004.20-a-las-Repres... by Chequea Bolivia FUENTE: Revisión hemerográfica Tags Karen Longaric Diego Pary Tendencia Política Indeterminada Log in to post comments",Engañoso,Media
1745,chequeabolivia.bo,https://chequeabolivia.bo/juan-carlos-arana-habla-favor-de-luis-arce-catacora,"Juan Carlos Arana habla a favor de Luis Arce Catacora. El video es de 2019 y Arana se refirió a la gestión de Evo Morales. En las redes sociales circula un video del periodista y presentador de televisión Juan Carlos Arana, en el cual afirma que el Movimiento al Socialismo (MAS) brindó estabilidad económica al país durante sus 14 años de gobierno. El video está acompañado de una descripción en la que se asevera que hizo tales declaraciones a favor del candidato a la presidencia por el MAS, Luis Arce Catacora. ChequeaBolivia constató que se trata de información engañosa. ChequeaBolivia, a través de una revisión hemerográfica, constató que el video corresponde a un panel de discusión al que fue invitado Arana el 13 de agosto de 2019, en el programa Sobre la Mesa de Abya Yala Televisión, para comentar el informe presidencial de ese año. En efecto, Arana habló positivamente de la gestión económica del MAS, pero se refirió al expresidente Evo Morales, no a Luis Arce Catacora. FUENTES: Abya Yala Televisión Revisión hemerográfica Tags Luis Arce Catacora Tendencia Política Simpatizantes del MAS Log in to post comments",Engañoso,Media
1746,chequeabolivia.bo,https://chequeabolivia.bo/video-muestra-como-civiles-manejan-armas-de-grueso-calibre,"Video muestra como civiles manejan armas de grueso calibre. El video circuló en redes sociales en octubre de 2019. En Facebook circula un video en el que se observa a un grupo de civiles portando armas de grueso calibre dentro de un vehículo en Bolivia. El siguiente texto acompaña al video: “Denuncian que vehículo con placa 1340 AGH transportaba armas de fuego en Santa Cruz. Sus ocupantes señalan que tratan de no hacer violencia y que este mes es aniversario de Bolivia y afirman estar haciendo patria. En el vídeo se observa a una mujer tratar de ocultar el armamento con su cuerpo”. ChequeaBolivia verificó que se trata de información engañosa. A través de una búsqueda en reverso se constató que el video que circula en redes sociales no es reciente y se difundió en octubre de 2019. En esa misma fecha, medios cruceños confirmaron que las personas dentro del vehículo pertenecían a la Comunidad de Inteligencia, dependiente del Ministerio de Gobierno de entonces. Por tanto, la descripción del video que actualmente se comparte en redes sociales, saca de contexto el video que circuló anteriormente para que parezca que es actual. FUENTE: Herramientas digitales de búsqueda Revisión hemerográfica Tags Gobierno de transición Log in to post comments",Engañoso,Media
1747,chequeabolivia.bo,https://chequeabolivia.bo/murillo-asegura-que-le-fascina-usar-armas-y-que-el-gobierno-no-soltara-el-poder,"Murillo asegura que le fascina usar armas y que el Gobierno no soltará  el poder. Las citas que circulan en  Facebook fueron sacadas de contexto. A través de Facebook circulan fragmentos de un video en el que el periodista Carlos Valverde entrevista al ministro de Gobierno, Arturo Murillo.  Las publicaciones afirman que Murillo habría revelado: “Me fascina usar armas” y que “no soltarán el poder el 6 de septiembre y que habrán muertos”. Chequea Bolivia verificó que la información es engañosa. ChequeaBolivia verificó que las citas que se atribuyen a Murillo fueron sacadas de contexto a partir de una entrevista que se transmitió en vivo ayer 15 de julio por la página oficial de Valverde. A los 25 minutos de transmisión aproximadamente, Valverde preguntó sobre la compra de agentes químicos que fue denunciada por presunto sobreprecio: “¿El vendedor es hijo de una persona tuya conocida?”. Murillo respondió: “El vendedor obviamente es hijo de un conocido mío, de la misma ciudad, somos del mismo lugar. Yo lo conozco, no lo he visto a Lucho hace muchos años, aficionado a las armas él, yo también, aficionado a las armas , me fascinan las armas yo no veo absolutamente ningún problema”. Sobre las declaraciones en relación a las elecciones del 6 de septiembre y que habrán muertos, al minuto 38 del video Valverde preguntó cómo el 21 de junio Jeanine Áñez había promulgado la ley de las elecciones generales. Murillo contestó: “Al promulgar le hemos bajado conflictos (…) Lo importante es lo que va a pasar el 6 de septiembre. ¿Ellos  (refiriéndose al Movimiento al Socialismo) van a aceptar la derrota? No la van a aceptar jamás. Necesitan convulsionar el país, incendiar el país, que hayan muertos en el país y volver por la fuerza al país, porque saben que por las buenas es muy difícil. Les vamos a cerrar todas las puertas porque la democracia no se puede perder…” Fuentes: Página oficial de Facebook, Carlos Valverde Bravo Revisión Hemerográfica Tags Gobierno de transición Tendencia Política Simpatizantes del MAS Log in to post comments",Engañoso,Media
1748,chequeabolivia.bo,https://chequeabolivia.bo/mesa-habla-de-su-alianza-con-juntos-e-invita-otros-partidos-sumarse,"Mesa habla de su alianza con Juntos e invita a otros partidos a sumarse. Los representantes de CC dijeron que están abiertos al diálogo, pero que legalmente ya no se pueden hacer alianzas. En las redes sociales circula un video del candidato a la Presidencia por Comunidad Ciudadana (CC), Carlos Mesa, con una descripción indicando que el candidato habría consumado una alianza con Juntos, que postula a la Presidenta del Estado, e insta a que otros partidos se sumen a la misma. ChequeaBolivia constató que se trata de información engañosa. ChequeaBolivia tras una revisión hemerográfica verificó que el video pertenece a una sección de la entrevista que le hizo el periodista Pedro García a Mesa el pasado 5 de julio, en su programa: Mano a Mano. En la parte final del programa García le preguntó sobre la posibilidad de una alianza política entre CC y otros partidos, a lo que el candidato respondió que “desde el punto de vista legal no se pueden cambiar candidaturas, salvo que exista una renuncia específica de un candidato, pero sí, nosotros estamos abiertos, y además me parece de sentido básico que algunas candidaturas cuyas opciones evidentemente son muy reducidas, deberían considerar con responsabilidad bajarse (de la carrera electoral), pero eso no es una cosa que voy a pedirles yo”. Adicionalmente, el candidato a la vicepresidencia por CC, Gustavo Pedraza, citado por Página Siete , declaró que de “acuerdo con la norma electoral, el tiempo para registrar alianzas ya precluyó, ya ha pasado; en el calendario electoral, desde el punto de vista jurídico, registrar una alianza política ya no se puede porque así la norma lo establece en los hechos concretos”. FUENTES: Mano a Mano - Kandire Noticias Página Siete Tags Carlos Mesa Tendencia Política Simpatizantes del MAS Log in to post comments",Engañoso,Media
1749,chequeabolivia.bo,https://chequeabolivia.bo/camacho-critica-al-gobierno-y-anez-le-responde-en-twitter,"Camacho critica al Gobierno y Áñez le responde en Twitter. La presunta respuesta de Jeanine Áñez que figura en el tuit de Camacho, no se realizó desde la cuenta oficial de la Presidenta. En Facebook circula una captura de un tuit de Luis Fernando Camacho, candidato a la Presidencia por Creemos, en el que denuncia que el Gobierno de Áñez aprovecha “la desesperación de los empresarios afectados por la crisis para ‘arreglar’ sus problemas tributarios a cambio de coima”. Seguidamente se muestra una respuesta de la presidenta Jeanine Áñez donde le pide respeto a su Gobierno. ChequeaBolivia advierte que es engañoso. ChequeaBolivia realizó una revisión de la cuenta oficial de Twitter de Camacho y constató que el candidato sí publicó el siguiente tuit: “Después de robarse el dinero de los respiradores, los del Gobierno se aprovechan de la desesperación de los empresarios afectados por la crisis para “arreglar” sus problemas tributarios a cambio de coima. ¡Basta de enriquecerse con la plata del pueblo!”. Después de robarse el dinero de los respiradores, los del Gobierno se aprovechan de la desesperación de los empresarios afectados por la crisis para “arreglar” sus problemas tributarios a cambio de coima. ¡Basta de enriquecerse con la plata del pueblo! pic.twitter.com/Ke49NVoBuV — Luis Fernando Camacho (@LuisFerCamachoV) May 29, 2020 Sin embargo, la presunta respuesta de Áñez que figura en el tuit de Camacho, no se realizó desde la cuenta oficial de la Presidenta, sino desde una cuenta de twitter que es falsa y se usa para hacer parodia. FUENTE: Revisión de la cuenta de Twitter de Luis Fernando Camacho, candidato a la Presidencia por Creemos Revisión de la cuenta de Twitter de Jeanine Áñez Tags Gobierno de transición Jeanine Áñez Luis Fernando Camacho Tendencia Política Simpatizantes del MAS Log in to post comments",Engañoso,Media
1750,chequeabolivia.bo,https://chequeabolivia.bo/evo-morales-usa-su-helicoptero-para-ir-un-partido-de-futsal,"Evo Morales usa su helicóptero para ir a un partido de futsal. El video que circula en redes sociales forma parte de una entrevista que se realizó al expresidente en abril de 2015. En redes sociales se difunde un video de un minuto aproximadamente, en el que se muestra al expresidente Evo Morales conversando con otra persona sobre un partido de futsal. En el texto del video se indica: “Así es como Evo Morales se conducía para jugar un partido de futbol”.  ChequeaBolivia verificó que la información es engañosa. ChequeaBolivia realizó una búsqueda en Youtube donde constató que el video que circula en redes sociales forma parte de una entrevista que se realizó al expresidente en abril de 2015 para el programa español “Salvados”. La persona que aparece con el exmandatario en el video es el periodista Jordi Évole que para hacer dicha entrevista acompañó a Morales durante una jornada completa de trabajo. El fragmento específico que se utilizó para difundir el audiovisual en redes sociales forma parte de una conversación en la que el exmandatario le cuenta que jugará un partido de futsal tras realizar la entrega de un polideportivo en Saipina, a donde se trasladaban en un helicóptero. FUENTE: Revisión del Canal de YouTube “La Sexta”, de donde forma parte el programa “Salvados” Revisión de la página web “La Sexta” Tags Evo Morales Tendencia Política No simpatizantes del MAS Log in to post comments",Engañoso,Media
1751,chequeabolivia.bo,https://chequeabolivia.bo/bukele-suspende-salarios-diputados-y-magistrados-por-el-coronavirus-y-sus-ministros-deciden-no,"Bukele suspende salarios a diputados y magistrados por el coronavirus y sus ministros deciden no cobrar. Los legisladores salvadoreños siguen recibiendo sus sueldos y los ministros sí los donaron. En Facebook se comparte información del presidente de El Salvador, Nayib Bukele, con el siguiente titular: “Bukele suspende salarios a diputados y magistrados para usarlos para COVID-19, ministros deciden no cobrar”. ChequeaBolivia verificó que la información es engañosa. ChequeaBolivia, a través de una revisión hemerográfica, constató que en una conferencia de prensa, el pasado lunes, Bukele amenazó con cortar los fondos al Órgano Legislativo y al Judicial.  Y en otra, del 20, difundida por la Secretaría de Prensa de El Salvador, Bukele aclaró: “Yo lo que dije, y lo mantengo, es que, si tengo que priorizar entre comprar alimentos o pagar a los diputados, voy a pagar alimentos. Mientras tengamos las dos cosas yo estoy obligado por ley a pagarlas (…) pero si no, toca priorizar”. En tanto, sobre la información de que los ministros de El Salvador pusieron a disposición sus sueldos para ayudar a Bukele en la lucha contra el coronavirus, ChequeaBolvia constató que varias de las autoridades usaron el Twitter para expresar el apoyo al presidente de El Salvador ofreciendo públicamente su salario para hacer frente al COVID -19. FUENTES Revisión hemerográfica Herramientas digitales de Búsqueda Cuenta de Twitter Nayib Bukele Conferencias de prensa de la Secretaría de Prensa de El Salvador Tendencia Política Engañoso Log in to post comments",Engañoso,Media
1752,chequeabolivia.bo,https://chequeabolivia.bo/italia-elimina-230-diputados-y-115-senadores-en-plena-crisis-del-coronavirus,"Italia elimina a 230 diputados y 115 senadores en plena crisis del coronavirus. La medida debe ser aprobada por un referedúm constitucional que aún no tiene fecha . En Facebook circula una imagen reproducida en el país que afirma: ""Italia elimina a 230 diputados y 115 senadores"", como si se tratara de un hecho que surge en plena crisis por el coronavirus. ChequeaBolivia anuncia que esta información es engañosa. ChequeaBolivia, luego de revisar medios italianos, constató que la Cámara de Diputados de Italia ya había aprobado el 8 de octubre de 2019 un proyecto de reforma constitucional, reduciendo el número de diputados de 630 a 400 y de senadores de 315 a 200. Sin embargo, este proyecto debía ser aprobado a través de un referéndum constitucional que se tenía previsto realizar el 29 de marzo 2020 y que postergó por la pandemia del coronavirus. Asimismo, Maldito Bulo de España desmintió casos similares en los que se afirma que ""la crisis del coronavirus rebaja en Italia el número de políticos"" y advirtió que son contenidos que se mueven de manera descontextualizada. Fuentes: Herramientas digitales de búsqueda Revisión hemerográfica Maldito Bulo Tags Italia Tendencia Política Engañoso Log in to post comments",Engañoso,Media
1753,chequeabolivia.bo,https://chequeabolivia.bo/gente-afin-al-mas-destroza-camara-de-desinfeccion,"Gente afín al MAS destroza cámara de desinfección. El Gobierno Autónomo Municipal de Sucre informó que el caso está siendo investigado para identificar recién a los responsables del hecho. En distintos grupos de Facebook circula una imagen en la que se afirma que personas afines al Movimiento Al Socialismo (MAS) destrozaron una cámara de desinfección en la ciudad de Sucre. Chequea Bolivia verificó que la información es engañosa. En una búsqueda en reverso de la imagen, se constató que el hecho ocurrió el viernes 10 de abril en el Mercado Campesino de Sucre. Según la información publicada en la página web del Gobierno Autónomo Municipal de Sucre el caso está siendo investigado para identificar a los responsables del hecho. También se informó que se están tomando medidas de acción para reparar y proteger las cámaras de desinfección. La jefa de Redacción de Correo del Sur, Raykha Flores, informó que la fotografía pertenece a esta casa periodística, pero que la persona que tomó la fotografía no observó que se trate de un destrozo al propósito. Fuentes: Herramientas digitales de búsqueda Página Web del Gobierno Autónomo Municipal de Sucre Jefa de Redacción de Correo del Sur, Raykha Flores Tags Coronavirus en Bolivia Tendencia Política Engañoso Log in to post comments",Engañoso,Media
1754,chequeabolivia.bo,https://chequeabolivia.bo/los-camiones-de-fruta-del-mas-estaban-llenos-de-droga,"Los camiones de fruta del MAS estaban llenos de droga. Los camiones que provenían con fruta y no verduras, desde el trópico hacia Cochabamba llegaron a la ciudad ya el pasado 7 de abril. En redes sociales se comparten imágenes de un camión con verdura que fue hallado con droga junto a un texto que indica: “Tanto era su afán de los masistas de regalar sus frutas, y resulta que estaban llenos de droga”. ChequeaBolivia informa que el contenido es engañoso. En una revisión hemerográfica que realizó ChequeaBolivia constató que los agentes de la Fuerza Especial de Lucha Contra el Narcotráfico (Felcn) descubrieron un camión en el que  transportaban 173,6 kilos de pasta base de cocaína, alcaloide que estaba escondido en medio de un cargamento cebollas, papas y zanahorias. El operativo se ejecutó el miércoles 8 de abril y el camión fue detenido en la avenida G-77 de Santa Cruz. En contacto con medios, el fiscal Roberto Méndez, que está a cargo de las pesquisas, indicó que el procesado solo se limitó a indicar que él venía desde Cochabamba. En tanto, los camiones que provenían con fruta y no verduras, desde el trópico hacia Cochabamba llegaron a la ciudad ya el pasado 7 de abril. Además, en una revisión de las imágenes que realizó ChequeaBolivia, sobre los camiones de fruta que llegaron a Cochabamba se constató que no había uno con características de tipo tráiler. Por otra parte, en la publicación con contenido engañoso incluyen una imagen de frutas con droga al interior que ya fue desmentido por ChequeaBolivia al tratarse de una imagen de Colombia, el 7 de marzo de 2018. FUENTE: Revisión hemerográfica Revisión de videos Tags Coronavirus en Bolivia Tendencia Política Gobierno de transición Log in to post comments",Engañoso,Media
1755,chequeabolivia.bo,https://chequeabolivia.bo/choque-confirma-el-regreso-de-evo-morales-al-pais,"Choque confirma el regreso de Evo Morales al país. La información fue aclarada por el diputado Choque y Radio Líder 97. En las redes sociales circula una publicación en la que el Presidente de la Cámara de Diputados, Sergio Choque, confirma que Evo Morales retornará a Bolivia el 19 de enero para anunciar el binomio por el Movimiento Al Socialismo (MAS). ChequeaBolivia constató que se trata de una publicación engañosa. Radio Líder 97, medio que realizó la publicación original, aclaró a través de sus redes sociales que el diputado no confirmó el regreso de Evo Morales, pero dijo que “Evo tendría que venir para conocer la lista de candidatos”. La autoridad que indicó que los derechos constitucionales del ex mandatario Evo Morales deberán ser respetados en una posible llegada a territorio boliviano. Asimismo, hace unos minutos, el diputado Choque aclaró que presentarán la lista de sus candidatos a Evo Morales el 19 de enero en Argentina. FUENTE: Redes sociales de Radio Líder 97 Tags Evo Morales Log in to post comments",Engañoso,Media
1756,chequeabolivia.bo,https://chequeabolivia.bo/evo-morales-muestra-video-antiguo-para-mostrar-hechos-de-violencia-actuales,"Evo Morales muestra video antiguo para mostrar hechos de violencia actuales. El fragmento del video mencionado pertenece a la marcha conmemorativa de “La matanza del 2 de octubre de 1968 en Tlatelolco México”, que fue colgado en YouTube el 3 de octubre de 2013. En conferencia de prensa en México el pasado 20 de noviembre, el ex presidente Evo Morales Ayma, mostró varios videos para graficar la violencia en los conflictos de la ciudad de El Alto y Cochabamba debido a la crisis que atraviesa el país. Entre ellos mostró un fragmento de un video difundido en 2013. ChequeaBolivia advierte que la información es engañosa. En una revisión que hizo ChequeaBolivia constató que el fragmento del video mencionado pertenece a la marcha conmemorativa de “La matanza del 2 de octubre de 1968 en Tlatelolco México”, que fue colgado en YouTube el 3 de octubre de 2013. Por ello, ChequeaBolvia verificó que esa declaración audiovisual del ex presidente no coincide con los conflictos ocurridos en Bolivia, ya que trata de un video del 2013. FUENTE: Revisión de videos en Youtube Tags Gobierno de transición Log in to post comments",Engañoso,Media
1757,chequeabolivia.bo,https://chequeabolivia.bo/robert-de-niro-llama-dictador-y-asesino-evo-morales,"Robert De Niro llama “dictador y asesino” a Evo Morales. El actor no cuenta con un perfil oficial en Twitter. En las redes sociales se estuvo compartiendo la captura de pantalla de un tuit supuestamente publicado por el reconocido actor de cine Robert De Niro, en el que afirma que “Evo Morales es un dictador y asesino”. ChequeaBolivia constató que la publicación es engañosa. Tras una revisión del perfil que publicó dicha afirmación, se confirmó que se ha difundido dicho tuit, pero no desde la cuenta oficial del actor, ya que éste no la tiene, sino de una cuenta creada por fanáticos de la celebridad, como se explica en el espacio de descripción en su perfil. FUENTE: Revisión de cuenta en Twitter Tags Conflicto en Bolivia Log in to post comments",Engañoso,Media
1758,chequeabolivia.bo,https://chequeabolivia.bo/evo-morales-viaja-la-habana-para-tratarse-un-problema-en-la-garganta,"Evo Morales viaja a La Habana para tratarse un problema en la garganta. Se constató que El País realizó la publicación de una noticia con dicho titular en marzo de 2017. En Facebook y Twitter, el candidato a la Presidencia por Comunidad Ciudadana (CC), Carlos Mesa, compartió una portada del diario El País que titula: Evo Morales viaja a la Habana para tratarse un problema de garganta.  ChequeaBolivia advierte que el contenido es engañoso. En una revisión que hizo ChequeaBolivia de las portadas digitales del diario El País , se constató que el medio realizó la publicación de una noticia con dicho titular en marzo de 2017. Por otra parte, en la publicación realizada por el candidato, no se aclara que la noticia es antigua y tampoco se visualiza en la captura de la portada la fecha de publicación. Por lo mencionado, ChequeaBolivia categoriza la información como engañosa porque se omite la fecha de la publicación de la noticia y en el texto que acompaña a la imagen se hace referencia a que el mandatario viaja en circunstancias en que hay en el país “un sistema de salud en crisis”. FUENTE: Revisión del portal digital de El País Revisión de las cuentas oficiales de Carlos Mesa en Twiiter y Facebook Tags Carlos Mesa Log in to post comments",Engañoso,Media
1759,chequeabolivia.bo,https://chequeabolivia.bo/evo-morales-autorizo-el-desmonte-y-la-quema-del-bosque,"Evo Morales autorizó el desmonte y la quema del bosque. El Decreto Supremo 3973 establece, en su artículo único, la modificación del artículo 5 del Decreto Supremo 26075, vigente desde febrero de 2001. En Facebook se viralizó una imagen del Decreto Supremo 3973 junto a textos que señalan que el presidente Evo Morales autorizó el desmonte y la quema del bosque. ChequeaBolivia advierte que el contenido es engañoso. Al tratarse de un tema delicado y por la polémica que se desató en Facebook, ChequeaBolivia especifica que la imagen que circula en las redes sociales es engañosa porque indica que: “Evo Morales autorizó el desmonte y la quema del bosque; juicio de responsabilidades a Morales y sus Ministros; insensible, irresponsable e ignorante ambiental”, cuando a través del Decreto Supremo 3973 se amplía esa labor que ya estaba establecida por el Decreto Supremo 26075 promulgado en febrero de 2001 por el presidente Hugo Banzer Suárez. Por tanto, la disposición promulgada por el gobierno actual amplía la labor de desmote al departamento del Beni e incluye a las tierras comunitarias. El Decreto Supremo 3973 establece, en su artículo único, la modificación del artículo 5 del Decreto Supremo 26075, vigente desde febrero de 2001, con el siguiente texto: “En los departamentos de Santa Cruz y Beni, se autoriza el desmonte para actividades agropecuarias en tierras privadas y comunitarias, que se enmarque en el Manejo Integral y Sustentable de Bosques y Tierra, conforme a los instrumentos de gestión específicos aprobados por la Autoridad de Fiscalización y Control Social de Bosques y Tierra – ABT, y sus Planes de Uso de Suelo vigentes. En ambos departamentos se permite las quemas controladas de acuerdo a reglamentación vigente, en las áreas clasificadas por el PLUS (Plan de Uso de Suelos) que así lo permitan”. 3973 Decreto Supremo by Chequea Bolivia Uribe on Scribd El artículo reformado del Decreto Supremo 26075 establecía: “En el Departamento de Santa Cruz de la Sierra, se permite el desmonte en tierras privadas sujeto a la aprobación del Plan de Ordenamiento Predial por parte de la Superintendencia Agraria, en conformidad al Artículo 5 del presente Decreto Supremo, y al Plan de Desmonte aprobado por la Superintendencia Forestal. En este departamento, se permiten las quemas de acuerdo al Reglamento Especial de Desmonte y Quemas Controladas, R.M. 131/97 de 9/07/97, en las áreas clasificadas por el PLUS que así lo permitan”. Decreto Supremo 26075 by Chequea Bolivia Uribe on Scribd FUENTE: Gaceta Oficial de Bolivia Tags Evo Morales Log in to post comments",Engañoso,Media
1760,chequeabolivia.bo,https://chequeabolivia.bo/diputada-shirley-franco-es-novia-del-hermano-de-gabriela-zapata,"Diputada Shirley Franco es novia del hermano de Gabriela Zapata. ChequeaBolivia revisó la cuenta de Facebook de la diputada Shirley Franco donde su estado civil muestra que está casada con Franco Moreno Aranciaga. En Facebook, Twitter y WhatsApp se viralizaron imágenes y un video que indican que la diputada y candidata a la Vicepresidencia por Bolivia Dice No, Shirley Franco, es novia de Gabriel Zapata, hermano de Gabriela Zapata. ChequeaBolivia verificó que la información es engañosa. ChequeaBolivia revisó la cuenta de Facebook de la diputada Franco donde su estado civil muestra que está casada con Franco Moreno Aranciaga. En febrero de 2016, Franco aclaró a Erbol que Gabriel Zapata fue “su chico” en la época de la universidad y que la foto en la que aparecen juntos es de 2007 o 2008. ""Shirley está casada con un argentino hace ya tiempo atrás. Todo lo demás, ella lo aclaró oportunamente y es parte de una guerra sucia, lastimosamente iniciada por el mismo Vicepresidente,  en el afán de defender a Evo en su relación con Zapata...Esa foto fue usada por Álvaro García Linera en una conferencia de prensa"", aclaró el encargado de Comunicación de la comisión de Pueblos Indígenas del Senado, Marco Julio. La información engañosa surge después de que la diputada Franco fuera presentada ayer (14 de agosto), como candidata a la Vicepresidencia por Bolivia Dice No. FUENTE: Cuenta de Facebook de la diputada Shirley Franco Reportes de medios de Comunicación El encargado de Comunicación de la comisión de Pueblos Indígenas del Senado, Marco Julio Tags Shirley Franco Log in to post comments",Engañoso,Media
