id_registro,fuente_verificadora,url_origen,texto_crudo,categoria_original,label
1,boliviaverifica.bo,https://boliviaverifica.bo/falso-dockweiler-no-anuncio-alianza-con-jp-velasco/,Falso: Dockweiler no anunció alianza con JP Velasco,Falso,Alta
2,boliviaverifica.bo,https://boliviaverifica.bo/el-deber-no-publico-imagen-que-atribuye-a-otto-ritter-una-declaracion-sobre-angelica-sosa/,El Deber no publicó imagen que atribuye a Otto Ritter una declaración sobre Angélica Sosa,Falso,Alta
3,boliviaverifica.bo,https://boliviaverifica.bo/es-falsa-la-publicacion-con-datos-preliminares-atribuida-a-red-uno-sobre-la-segunda-vuelta-en-chuquisaca/,Es falsa la publicación con “datos preliminares” atribuida a Red Uno sobre la segunda vuelta en Chuquisaca,Falso,Alta
4,boliviaverifica.bo,https://boliviaverifica.bo/falso-imagen-de-mamen-saavedra-y-jp-velasco-fue-generada-con-ia/,Falso: imagen de Mamen Saavedra y JP Velasco fue generada con IA,Falso,Alta
5,boliviaverifica.bo,https://boliviaverifica.bo/esta-no-es-la-cuenta-de-luis-ayllon-candidato-de-gente-nueva-de-chuquisaca/,"Esta no es la cuenta de Luís Ayllón, candidato de Gente Nueva de Chuquisaca",Falso,Alta
6,boliviaverifica.bo,https://boliviaverifica.bo/la-encuesta-que-posiciona-a-oscar-chambi-con-45-en-oruro-es-falsa-y-no-esta-autorizada-por-el-tse/,La encuesta que posiciona a Óscar Chambi con 45% en Oruro es falsa y no está autorizada por el TSE,Falso,Alta
7,boliviaverifica.bo,https://boliviaverifica.bo/encuesta-difundida-en-redes-que-posiciona-a-soruco-en-primer-lugar-es-falsa/,Encuesta difundida en redes que posiciona a Soruco en primer lugar es falsa,Falso,Alta
8,boliviaverifica.bo,https://boliviaverifica.bo/audio-atribuido-al-candidato-luis-ayllon-fue-generado-con-inteligencia-artificial/,Audio atribuido al candidato Luis Ayllón fue generado con inteligencia artificial,Falso,Alta
9,boliviaverifica.bo,https://boliviaverifica.bo/es-falso-que-mamen-saavedra-haya-pedido-votar-por-libre-el-video-fue-alterado-con-ia/,"Es falso que Mamen Saavedra haya pedido votar por Libre, el video fue alterado con IA",Falso,Alta
10,boliviaverifica.bo,https://boliviaverifica.bo/este-audio-de-adrian-oliva-fue-manipulado-con-ia-incluso-el-video-de-unitel/,"Este audio de Adrián Oliva fue manipulado con IA, incluso el video de Unitel",Falso,Alta
11,boliviaverifica.bo,https://boliviaverifica.bo/las-plantas-nucleares-modulares-si-generan-residuos-y-no-pueden-enterrarse-simplemente-como-afirmo-otto-ritter/,"Las plantas nucleares modulares sí generan residuos y no pueden enterrarse simplemente, como afirmó Otto Ritter",Falso,Alta
12,boliviaverifica.bo,https://boliviaverifica.bo/es-falso-el-audio-atribuido-a-juan-carlos-medrano-que-circula-en-redes-tras-el-debate-electoral/,Es falso el audio atribuido a Juan Carlos Medrano que circula en redes tras el debate electoral,Falso,Alta
13,boliviaverifica.bo,https://boliviaverifica.bo/deepfake-audio-atribuido-a-medrano-sobre-un-financiamiento-a-juan-pablo-velasco-es-falso/,Deepfake: Audio atribuido a Medrano sobre un financiamiento a Juan Pablo Velasco es falso,Falso,Alta
14,boliviaverifica.bo,https://boliviaverifica.bo/es-falsa-la-encuesta-que-otorga-60-de-intencion-de-voto-a-tito-eguez-para-la-segunda-vuelta-en-el-beni/,Es falsa la encuesta que otorga 60 % de intención de voto a Tito Égüez para la segunda vuelta en el Beni,Falso,Alta
15,boliviaverifica.bo,https://boliviaverifica.bo/no-hay-evidencia-de-que-luis-revilla-haya-sellado-una-alianza-con-santos-quispe/,No hay evidencia de que Luis Revilla haya sellado una alianza con Santos Quispe,Falso,Alta
16,boliviaverifica.bo,https://boliviaverifica.bo/cristobal-colon-no-fue-el-primero-ni-el-unico-en-afirmar-que-la-tierra-es-redonda-ni-quien-lo-demostro/,"Cristóbal Colón no fue el primero ni el único en afirmar que la Tierra es redonda, ni quien lo demostró",Falso,Alta
17,boliviaverifica.bo,https://boliviaverifica.bo/santa-cruz-es-falso-que-el-tribunal-supremo-electoral-haya-inhabilitado-al-candidato-juan-pablo-velasco/,Santa Cruz: Es falso que el Tribunal Supremo Electoral haya inhabilitado al candidato Juan Pablo Velasco,Falso,Alta
18,boliviaverifica.bo,https://boliviaverifica.bo/juan-pablo-velasco-no-elogio-a-evo-morales-como-aseguran-en-un-video-en-tiktok/,Juan Pablo Velasco no elogió a Evo Morales como aseguran en un video en TikTok,Falso,Alta
19,boliviaverifica.bo,https://boliviaverifica.bo/falso-no-existen-encuestas-de-segunda-vuelta-para-la-gobernacion-de-santa-cruz/,Falso: no existen encuestas de segunda vuelta para la Gobernación de Santa Cruz,Falso,Alta
20,boliviaverifica.bo,https://boliviaverifica.bo/no-gente-nueva-no-estaba-haciendo-campana-politica-sino-de-limpieza/,"No, Gente Nueva no estaba haciendo campaña política, sino de limpieza",Falso,Alta
21,boliviaverifica.bo,https://boliviaverifica.bo/la-paz-imagen-de-reaccion-de-yahuasi-por-determinacion-de-ngp-fue-generada-con-ia/,La Paz: imagen de reacción de Yahuasi por determinación de NGP fue generada con IA,Falso,Alta
22,boliviaverifica.bo,https://boliviaverifica.bo/audio-atribuido-a-jp-velasco-con-terminos-racistas-fue-creado-con-inteligencia-artificial/,Audio atribuido a JP Velasco con términos racistas fue creado con inteligencia artificial,Falso,Alta
23,boliviaverifica.bo,https://boliviaverifica.bo/oruro-votacion-digital-para-segunda-vuelta-no-tiene-validez-legal/,Oruro: votación digital para segunda vuelta no tiene validez legal,Falso,Alta
24,boliviaverifica.bo,https://boliviaverifica.bo/circulan-sin-aval-del-tse-encuestas-sobre-la-segunda-vuelta-electoral-en-facebook/,Circulan sin aval del TSE encuestas sobre la segunda vuelta electoral en Facebook,Falso,Alta
25,boliviaverifica.bo,https://boliviaverifica.bo/sondeos-sin-aval-en-tiktok-usan-el-logo-del-tse-para-desinformar/,Sondeos sin aval en TikTok usan el logo del TSE para desinformar,Falso,Alta
26,boliviaverifica.bo,https://boliviaverifica.bo/esta-encuesta-sobre-la-segunda-vuelta-en-la-paz-no-tiene-autorizacion-del-tse/,Esta encuesta sobre la segunda vuelta en La Paz no tiene autorización del TSE,Falso,Alta
27,boliviaverifica.bo,https://boliviaverifica.bo/luis-ayllon-no-dijo-que-se-debia-pagar-a-los-comunarios-para-ganar-la-segunda-vuelta/,Luis Ayllón no dijo que se debía pagar a los comunarios para ganar la segunda vuelta.,Falso,Alta
28,boliviaverifica.bo,https://boliviaverifica.bo/el-excandidato-del-movimiento-tercer-sistema-mts-pretende-acercarse-a-los-candidatos-que-obtuvieron-mas-votos-y-que-se-habilitaron-para-la-segunda-vuelta-desde-las-cuentas-en-facebook-chasqui-tv/,Segunda vuelta: Patzi no indicó que pretende inhabilitar a Revilla,Falso,Alta
29,boliviaverifica.bo,https://boliviaverifica.bo/es-falso-el-memorandum-que-habla-de-controles-para-evitar-la-fuga-de-leonardo-loza/,Es falso el memorándum que habla de controles para evitar la fuga de Leonardo Loza,Falso,Alta
30,boliviaverifica.bo,https://boliviaverifica.bo/imagen-falsa-difunde-una-declaracion-inexistente-de-leonardo-loza-sobre-edmand-lara/,Imagen falsa difunde una declaración inexistente de Leonardo Loza sobre Edmand Lara,Falso,Alta
31,boliviaverifica.bo,https://boliviaverifica.bo/santa-cruz-el-candidato-juan-carlos-subirana-no-dijo-que-voto-por-orlando-pena/,Santa Cruz: El candidato Juan Carlos Subirana no dijo que votó por Orlando Peña,Falso,Alta
32,boliviaverifica.bo,https://boliviaverifica.bo/tarija-johnny-torres-no-anuncio-su-renuncia-a-la-carrera-electoral/,Tarija: Johnny Torres no anunció su renuncia a la carrera electoral,Falso,Alta
33,boliviaverifica.bo,https://boliviaverifica.bo/carece-de-validez-la-encuesta-sobre-la-alcaldia-de-oruro-difundida-por-la-cuenta-tu-voto-oruro/,Carece de validez la encuesta sobre la Alcaldía de Oruro difundida por la cuenta Tu Voto Oruro,Falso,Alta
34,boliviaverifica.bo,https://boliviaverifica.bo/falso-resultados-de-boca-de-urna-en-la-paz-carecen-de-validez-y-sustento-tecnico/,Falso: resultados de “boca de urna” en La Paz carecen de validez y sustento técnico,Falso,Alta
35,boliviaverifica.bo,https://boliviaverifica.bo/es-falso-que-el-vicepresidente-pidiera-cuidar-el-voto-en-el-exterior/,Es falso que el vicepresidente pidiera cuidar el voto en el exterior,Falso,Alta
36,boliviaverifica.bo,https://boliviaverifica.bo/esta-boca-de-urna-de-candidatos-a-la-gobernacion-del-beni-no-es-valida/,Esta boca de urna de candidatos a la gobernación del Beni no es válida,Falso,Alta
37,boliviaverifica.bo,https://boliviaverifica.bo/la-paz-es-falso-que-el-candidato-jhonny-plata-haya-sido-inhabilitacion-para-las-elecciones-subnacionales/,La Paz: Es falso que el candidato Jhonny Plata haya sido inhabilitación para las elecciones subnacionales,Falso,Alta
38,boliviaverifica.bo,https://boliviaverifica.bo/resultados-de-boca-de-urna-que-favorecen-a-albarracin-no-tienen-aval-del-oep/,Resultados de boca de urna que favorecen a Albarracín no tienen aval del OEP,Falso,Alta
39,boliviaverifica.bo,https://boliviaverifica.bo/el-tse-no-autorizo-la-realizacion-de-estudios-ni-publicacion-de-resultados-a-boca-de-urna/,EL TSE no autorizó la realización de estudios ni publicación de resultados a boca de urna,Falso,Alta
40,boliviaverifica.bo,https://boliviaverifica.bo/es-falso-que-existan-resultados-de-boca-de-urna-para-la-alcaldia-de-la-paz/,Es falso que existan resultados de “boca de urna” para la Alcaldía de La Paz,Falso,Alta
41,boliviaverifica.bo,https://boliviaverifica.bo/unitel-no-publico-estos-resultados-en-boca-de-urna-sobre-candidatos-a-la-gobernacion-de-oruro/,Unitel no publicó estos resultados en boca de urna sobre candidatos a la Gobernación de Oruro,Falso,Alta
42,boliviaverifica.bo,https://boliviaverifica.bo/el-alto-es-falso-que-el-candidato-david-vargas-volvio-a-ser-habilitado/,El Alto: Es falso que el candidato David Vargas volvió a ser habilitado,Falso,Alta
43,boliviaverifica.bo,https://boliviaverifica.bo/imagenes-creadas-con-ia-muestran-falsas-alianzas-de-candidatos-con-eva-copa/,Imagenes creadas con IA muestran falsas alianzas de candidatos con Eva Copa,Falso,Alta
44,boliviaverifica.bo,https://boliviaverifica.bo/tarija-votar-en-casilla-sin-fotografia-en-papeleta-departamental-no-anula-el-voto/,Tarija: votar en casilla sin fotografía en papeleta departamental no anula el voto,Falso,Alta
45,boliviaverifica.bo,https://boliviaverifica.bo/es-falso-el-video-de-sogliano-maltratando-a-un-perro-fue-generado-con-ia/,Es falso el video de Sogliano maltratando a un perro; fue generado con IA,Falso,Alta
46,boliviaverifica.bo,https://boliviaverifica.bo/falso-difunden-frases-inexistentes-de-rodrigo-paz-sobre-luis-revilla/,Falso: Difunden frases inexistentes de Rodrigo Paz sobre Luis Revilla,Falso,Alta
47,boliviaverifica.bo,https://boliviaverifica.bo/es-falso-que-leonardo-loza-haya-sido-inhabilitado-por-violar-el-silencio-electoral/,Es falso que Leonardo Loza haya sido inhabilitado por violar el silencio electoral,Falso,Alta
48,boliviaverifica.bo,https://boliviaverifica.bo/es-falso-que-el-ted-haya-inhabilitado-a-jp-velasco-como-afirma-un-video-en-tiktok/,Es falso que el TED haya inhabilitado a JP Velasco como afirma un video en TikTok,Falso,Alta
49,boliviaverifica.bo,https://boliviaverifica.bo/es-falsa-la-encuesta-sobre-la-gobernacion-de-santa-cruz-atribuida-a-unitel/,Es falsa la encuesta sobre la Gobernación de Santa Cruz atribuida a Unitel,Falso,Alta
50,boliviaverifica.bo,https://boliviaverifica.bo/un-comunicado-falso-atribuido-al-tse-circula-por-whatsapp-y-anuncia-la-inhabilitacion-de-tres-candidatos-en-la-paz/,Un comunicado falso atribuido al TSE circula por WhatsApp y anuncia la inhabilitación de tres candidatos en La Paz,Falso,Alta
51,boliviaverifica.bo,https://boliviaverifica.bo/es-falso-que-dos-vocales-del-ted-oruro-hayan-sido-destituidos-como-afirma-una-publicacion-atribuida-al-diario-la-patria/,"Es falso que dos vocales del TED Oruro hayan sido destituidos, como afirma una publicación atribuida al diario La Patria",Falso,Alta
52,boliviaverifica.bo,https://boliviaverifica.bo/oruro-es-falso-que-la-alianza-jacha-sol-haya-sido-anulada/,Oruro: es falso que la alianza Jach’a-SOL haya sido anulada,Falso,Alta
53,boliviaverifica.bo,https://boliviaverifica.bo/es-falso-que-maria-galindo-se-reunio-con-garcia-linera-para-atacar-a-waldo-albarracin/,Es falso que María Galindo se reunió con García Linera para atacar a Waldo Albarracín,Falso,Alta
54,boliviaverifica.bo,https://boliviaverifica.bo/usan-el-logo-de-unitel-para-difundir-una-declaracion-falsa-de-rodrigo-paz-sobre-luis-revilla/,Usan el logo de Unitel para difundir una declaración falsa de Rodrigo Paz sobre Luis Revilla,Falso,Alta
55,boliviaverifica.bo,https://boliviaverifica.bo/encuesta-electoral-difundida-en-redes-sobre-la-gobernacion-de-la-paz-no-presenta-ficha-tecnica/,Encuesta electoral difundida en redes sobre la Gobernación de La Paz no presenta ficha técnica,Falso,Alta
56,boliviaverifica.bo,https://boliviaverifica.bo/luis-fernando-camacho-no-dijo-que-el-pueblo-cruceno-le-debe-tres-anos-de-gestion/,Luis Fernando Camacho no dijo que el pueblo cruceño le debe tres años de gestión,Falso,Alta
57,boliviaverifica.bo,https://boliviaverifica.bo/carece-de-validez-el-sondeo-final-para-la-alcaldia-de-la-paz-difundido-en-facebook-con-logo-de-las-elecciones-subnacionales-2026/,Carece de validez el “sondeo final” para la Alcaldía de La Paz difundido en Facebook con logo de las elecciones subnacionales 2026,Falso,Alta
58,boliviaverifica.bo,https://boliviaverifica.bo/imagen-viral-atribuye-a-urgente-bo-una-afirmacion-falsa-sobre-luis-revilla/,Imagen viral atribuye a Urgente.bo una afirmación falsa sobre Luis Revilla,Falso,Alta
59,boliviaverifica.bo,https://boliviaverifica.bo/imagenes-de-andres-gomez-y-samuel-doria-medina-son-falsas/,Imágenes de Andrés Gómez y Samuel Doria Medina son falsas,Falso,Alta
60,boliviaverifica.bo,https://boliviaverifica.bo/se-difunde-una-encuesta-falsa-y-sin-respaldo-para-santa-cruz-en-una-cuenta-de-facebook/,Se difunde una encuesta falsa y sin respaldo para Santa Cruz en una cuenta de Facebook,Falso,Alta
61,boliviaverifica.bo,https://boliviaverifica.bo/es-falsa-la-publicacion-que-perfila-a-jhonny-plata-como-ganador-del-debate-y-que-utiliza-logos-de-unitel/,Es falsa la publicación que perfila a Jhonny Plata como ganador del debate y que utiliza logos de Unitel,Falso,Alta
62,boliviaverifica.bo,https://boliviaverifica.bo/es-falso-que-jhonny-plata-participe-por-primera-vez-en-una-contienda-electoral-municipal/,Es falso que Jhonny Plata participe por primera vez en una contienda electoral municipal,Falso,Alta
63,boliviaverifica.bo,https://boliviaverifica.bo/mario-cossio-no-esta-habilitado-para-postular-a-la-gobernacion-de-tarija/,Mario Cossío no está habilitado para postular a la Gobernación de Tarija,Falso,Alta
64,boliviaverifica.bo,https://boliviaverifica.bo/video-viral-usa-fragmentos-de-un-noticiero-de-unitel-para-difundir-informacion-falsa-sobre-vinculos-entre-mamen-saavedra-y-marset/,Video viral usa fragmentos de un noticiero de Unitel para difundir información falsa sobre vínculos entre Mamén Saavedra y Marset,Falso,Alta
65,boliviaverifica.bo,https://boliviaverifica.bo/imagen-usa-el-logo-de-unitel-para-atribuir-una-frase-falsa-a-luis-revilla/,Imagen usa el logo de Unitel para atribuir una frase falsa a Luis Revilla,Falso,Alta
66,boliviaverifica.bo,https://boliviaverifica.bo/es-falso-video-afirma-que-mamen-saavedra-declino-asistir-al-debate-convocado-por-el-tribunal-electoral/,Es falso: video afirma que “Mamén” Saavedra declinó asistir al debate convocado por el Tribunal Electoral,Falso,Alta
67,boliviaverifica.bo,https://boliviaverifica.bo/luciana-campero-no-anuncio-su-renuncia-a-su-candidatura-a-la-alcaldia-de-tarija/,Luciana Campero no anunció su renuncia a su candidatura a la Alcaldía de Tarija,Falso,Alta
68,boliviaverifica.bo,https://boliviaverifica.bo/difunden-una-encuesta-falsa-atribuida-a-unitel-sobre-la-alcaldia-de-la-paz/,Difunden una encuesta falsa atribuida a Unitel sobre la Alcaldía de La Paz,Falso,Alta
69,boliviaverifica.bo,https://boliviaverifica.bo/imagen-manipulada-atribuye-a-luis-revilla-una-declaracion-falsa-sobre-el-50-50/,Imagen manipulada atribuye a Luis Revilla una declaración falsa sobre el 50/50,Falso,Alta
70,boliviaverifica.bo,https://boliviaverifica.bo/usan-el-logo-de-bolivia-verifica-elecciones-para-difundir-una-encuesta-falsa-que-no-tiene-aval-del-oep/,Usan el logo de Bolivia Verifica Elecciones para difundir una encuesta falsa que no tiene aval del OEP,Falso,Alta
71,boliviaverifica.bo,https://boliviaverifica.bo/unitel-no-presento-nuevos-datos-de-encuestas-en-el-eje-central/,Unitel no presentó nuevos datos de encuestas en el eje central,Falso,Alta
72,boliviaverifica.bo,https://boliviaverifica.bo/unitel-no-publico-esta-encuesta-de-intencion-de-voto-para-gobernador-de-beni/,Unitel no publicó esta encuesta de intención de voto para gobernador de Beni,Falso,Alta
73,boliviaverifica.bo,https://boliviaverifica.bo/es-falso-que-unitel-haya-difundido-una-encuesta-electoral-para-la-alcaldia-de-sucre/,Es falso que Unitel haya difundido una encuesta electoral para la Alcaldía de Sucre,Falso,Alta
74,boliviaverifica.bo,https://boliviaverifica.bo/es-falsa-la-encuesta-para-la-alcaldia-de-oruro-que-circula-en-redes-sociales-con-el-logo-de-unitel/,Es falsa la encuesta para la Alcaldía de Oruro que circula en redes sociales con el logo de UNITEL,Falso,Alta
75,boliviaverifica.bo,https://boliviaverifica.bo/es-falsa-la-publicacion-que-atribuye-a-rodrigo-paz-un-condicionamiento-de-votos-para-luis-revilla/,Es falsa la publicación que atribuye a Rodrigo Paz un condicionamiento de votos para Luis Revilla,Falso,Alta
76,boliviaverifica.bo,https://boliviaverifica.bo/desinformacion-en-redes-encuesta-electoral-en-unitel-cumplio-con-requisitos-tecnicos/,Desinformación en redes: encuesta electoral en Unitel cumplió con requisitos técnicos,Falso,Alta
77,boliviaverifica.bo,https://boliviaverifica.bo/esta-encuesta-de-intencion-de-voto-para-la-gobernacion-de-tarija-es-falsa/,Esta encuesta de intención de voto para la Gobernación de Tarija es falsa,Falso,Alta
78,boliviaverifica.bo,https://boliviaverifica.bo/falso-usan-un-video-del-explainer-para-difundir-acusaciones-personales-contra-mamen-saavedra/,Falso: Usan un video del Explainer para difundir acusaciones personales contra Mamen Saavedra,Falso,Alta
79,boliviaverifica.bo,https://boliviaverifica.bo/encuesta-para-gobernacion-de-la-paz-atribuida-a-red-uno-es-falsa/,Encuesta para Gobernación de La Paz atribuida a Red Uno es falsa,Falso,Alta
80,boliviaverifica.bo,https://boliviaverifica.bo/es-falsa-encuesta-que-muestra-a-merlo-y-yahuasi-liderando-intencion-de-voto-en-la-paz/,Es falsa encuesta que muestra a Merlo y Yahuasi liderando intención de voto en La Paz,Falso,Alta
81,boliviaverifica.bo,https://boliviaverifica.bo/fotografia-de-jhonny-fernandez-y-mamen-saavedra-fue-creada-con-la-ia-de-google/,Fotografía de Jhonny Fernández y Mamen Saavedra fue creada con la IA de Google,Falso,Alta
82,boliviaverifica.bo,https://boliviaverifica.bo/tse-no-autorizo-aun-realizar-estudios-de-opinion-en-tarija-esta-encuesta-es-invalida/,TSE no autorizó aún realizar estudios de opinión en Tarija; esta encuesta es inválida,Falso,Alta
83,boliviaverifica.bo,https://boliviaverifica.bo/sucre-cristian-sanabria-no-dijo-que-cerrara-el-albergue-para-mascotas-puka-puka-si-llega-a-la-alcaldia/,Sucre: Cristian Sanabria no dijo que cerrará el albergue para mascotas Puka Puka si llega a la alcaldía,Falso,Alta
84,boliviaverifica.bo,https://boliviaverifica.bo/santa-cruz-alfredo-solares-no-propuso-nuevas-rutas-para-que-micros-lleguen-a-zonas-exclusivas/,Santa Cruz: Alfredo Solares no propuso nuevas rutas para que micros lleguen a zonas exclusivas,Falso,Alta
85,boliviaverifica.bo,https://boliviaverifica.bo/audio-atribuido-a-javier-bellott-en-tiktok-no-es-real-fue-creado-con-ia/,"Audio atribuido a Javier Bellott en TikTok no es real, fue creado con IA",Falso,Alta
86,boliviaverifica.bo,https://boliviaverifica.bo/chuquisaca-es-falso-que-exista-un-distanciamiento-entre-los-candidatos-ayllon-y-tardio/,Chuquisaca: Es falso que exista un distanciamiento entre los candidatos Ayllón y Tardío,Falso,Alta
87,boliviaverifica.bo,https://boliviaverifica.bo/encuesta-que-circula-en-redes-para-la-alcaldia-de-santa-cruz-es-falsa/,Encuesta que circula en redes para la Alcaldía de Santa Cruz es falsa,Falso,Alta
88,boliviaverifica.bo,https://boliviaverifica.bo/atb-no-publico-este-contenido-ni-guarda-relacion-con-su-linea-informativa/,ATB no publicó este contenido ni guarda relación con su línea informativa,Falso,Alta
89,boliviaverifica.bo,https://boliviaverifica.bo/el-oep-no-realizo-ni-difundio-esta-encuesta-de-intencion-de-voto-para-la-alcaldia-de-sucre/,El OEP no realizó ni difundió esta encuesta de intención de voto para la Alcaldía de Sucre,Falso,Alta
90,boliviaverifica.bo,https://boliviaverifica.bo/usan-ia-para-clonar-la-voz-de-pepe-pomacusi-y-atribuirle-ataques-contra-mamen-saavedra/,Usan IA para clonar la voz de Pepe Pomacusi y atribuirle ataques contra Mamen Saavedra,Falso,Alta
91,boliviaverifica.bo,https://boliviaverifica.bo/elecciones-subnacionales-2026-el-tribunal-supremo-electoral-no-inhabilito-a-juan-pablo-velasco/,Elecciones Subnacionales 2026: el Tribunal Supremo Electoral no inhabilitó a Juan Pablo Velasco,Falso,Alta
92,boliviaverifica.bo,https://boliviaverifica.bo/es-falsa-la-encuesta-que-posiciona-a-riony-villarroel-para-la-alcaldia-de-sacaba/,Es falsa la encuesta que posiciona a Riony Villarroel para la Alcaldía de Sacaba,Falso,Alta
93,boliviaverifica.bo,https://boliviaverifica.bo/encuesta-de-databol-sobre-la-gobernacion-de-santa-cruz-circula-sin-respaldo-oficial-ni-ficha-tecnica/,Encuesta de “Databol” sobre la Gobernación de Santa Cruz circula sin respaldo oficial ni ficha técnica,Falso,Alta
94,boliviaverifica.bo,https://boliviaverifica.bo/falso-circula-encuesta-inexistente-sobre-la-intencion-de-voto-en-la-ciudad-la-paz/,Falso: Circula encuesta inexistente sobre la intención de voto en la ciudad La Paz,Falso,Alta
95,boliviaverifica.bo,https://boliviaverifica.bo/video-generado-con-ia-usa-la-imagen-de-brissa-pabon-para-difundir-informacion-falsa/,Video generado con IA usa la imagen de Brissa Pabón para difundir información falsa,Falso,Alta
96,boliviaverifica.bo,https://boliviaverifica.bo/gobernacion-de-la-paz-unitel-no-publico-una-encuesta-que-situa-a-revilla-y-patzi-lideres-en-intencion-de-voto/,Gobernación de La Paz: Unitel no publicó una encuesta que sitúa a Revilla y Patzi líderes en intención de voto,Falso,Alta
97,boliviaverifica.bo,https://boliviaverifica.bo/encuesta-que-muestra-a-mamen-y-solares-liderando-intencion-de-voto-en-santa-cruz-es-falsa/,Encuesta que muestra a Mamen y Solares liderando intención de voto en Santa Cruz es falsa,Falso,Alta
98,boliviaverifica.bo,https://boliviaverifica.bo/red-uno-y-captura-consulting-no-publicaron-ninguna-encuesta-de-intencion-de-voto-para-la-gobernacion-de-santa-cruz-2/,Red Uno y Captura Consulting no publicaron ninguna encuesta de intención de voto para la Gobernación de Santa Cruz,Falso,Alta
99,boliviaverifica.bo,https://boliviaverifica.bo/no-existen-encuestas-oficiales-este-titular-no-le-pertenece-a-el-deber/,No existen encuestas oficiales; este titular no le pertenece a El Deber,Falso,Alta
100,boliviaverifica.bo,https://boliviaverifica.bo/circula-encuesta-falsa-de-la-alcaldia-de-el-alto-no-tiene-ficha-tecnica-ni-aval-del-tse/,"Circula encuesta falsa de la Alcaldía de El Alto, no tiene ficha técnica ni aval del TSE",Falso,Alta
101,boliviaverifica.bo,https://boliviaverifica.bo/usan-ia-para-fabricar-un-video-de-la-candidata-fatima-tardio-con-declaraciones-falsas-sobre-la-usfx/,Usan IA para fabricar un video de la candidata Fátima Tardío con declaraciones falsas sobre la USFX,Falso,Alta
102,boliviaverifica.bo,https://boliviaverifica.bo/cochabamba-encuesta-a-nombre-del-centro-de-proyeccion-de-datos-no-tiene-aval-tecnico/,Cochabamba: encuesta a nombre del Centro de Proyección de Datos no tiene aval técnico,Falso,Alta
103,boliviaverifica.bo,https://boliviaverifica.bo/foto-de-evo-morales-que-se-comparte-como-si-hubiera-reaparecido-es-de-2024/,Foto de Evo Morales que se comparte como si hubiera reaparecido es de 2024,Falso,Alta
104,boliviaverifica.bo,https://boliviaverifica.bo/es-falsa-la-encuesta-de-intencion-de-voto-atribuida-a-datum-internacional-para-la-alcaldia-de-la-paz/,Es falsa la encuesta de intención de voto atribuida a Datum Internacional para la Alcaldía de La Paz,Falso,Alta
105,boliviaverifica.bo,https://boliviaverifica.bo/es-falsa-la-encuesta-sobre-intencion-de-voto-atribuida-a-el-deber-para-la-gobernacion-de-santa-cruz/,Es falsa la encuesta sobre intención de voto atribuida a El Deber para la Gobernación de Santa Cruz,Falso,Alta
106,boliviaverifica.bo,https://boliviaverifica.bo/cochabamba-uif-no-vinculo-al-candidato-javier-bellott-en-la-lista-de-empresarios-ligados-al-banco-fassil/,Cochabamba: UIF no vinculó al candidato Javier Bellott en la lista de empresarios ligados al Banco Fassil,Falso,Alta
107,boliviaverifica.bo,https://boliviaverifica.bo/databol-no-es-una-empresa-autorizada-por-el-tse-para-difundir-encuestas-electorales/,Databol no es una empresa autorizada por el TSE para difundir encuestas electorales,Falso,Alta
108,boliviaverifica.bo,https://boliviaverifica.bo/es-falso-que-harol-lora-sea-candidato-a-concejal-junto-a-oscar-sogliano/,Es falso que Harold Lora sea candidato a concejal junto a Óscar Sogliano,Falso,Alta
109,boliviaverifica.bo,https://boliviaverifica.bo/captura-consulting-no-difundio-encuesta-electoral-para-la-alcaldia-de-el-alto/,Captura Consulting no difundió encuesta electoral para la Alcaldía de El Alto,Falso,Alta
110,boliviaverifica.bo,https://boliviaverifica.bo/encuesta-en-la-que-mendoza-lidera-la-intencion-de-voto-en-la-alcaldia-de-porongo-es-falsa/,Encuesta en la que Mendoza lidera la intención de voto en la alcaldía de Porongo es falsa,Falso,Alta
111,boliviaverifica.bo,https://boliviaverifica.bo/el-gobierno-anuncio-una-reduccion-del-30-del-deficit-fiscal-no-del-gasto-del-estado-como-dijo-doria-medina/,"El Gobierno anunció una reducción del 30% del déficit fiscal, no del gasto del Estado, como dijo Doria Medina",Falso,Alta
112,boliviaverifica.bo,https://boliviaverifica.bo/unitel-no-presento-estos-datos-para-la-alcaldia-de-la-paz-este-contenido-es-falso/,Unitel no presentó estos datos para la Alcaldía de La Paz; este contenido es falso,Falso,Alta
113,boliviaverifica.bo,https://boliviaverifica.bo/102901-2/,El vicepresidente electo no propuso ser socio de TikTok a China,Falso,Alta
114,boliviaverifica.bo,https://boliviaverifica.bo/este-reclamo-de-lara-a-paz-fue-generado-digitalmente/,Este reclamo de Lara a Paz fue generado digitalmente,Falso,Alta
115,boliviaverifica.bo,https://boliviaverifica.bo/es-falso-que-edmand-lara-haya-ido-con-chinelas-a-la-reunion-con-choquehuanca-por-la-transicion-de-gobierno/,Es falso que Edmand Lara haya ido con chinelas a la reunión con Choquehuanca por la transición de gobierno,Falso,Alta
116,boliviaverifica.bo,https://boliviaverifica.bo/rodrigo-paz-no-dijo-que-la-nacionalizacion-de-vehiculos-chutos-sera-solo-para-automoviles-electricos/,Rodrigo Paz no dijo que la nacionalización de vehículos chutos será solo para automóviles eléctricos,Falso,Alta
117,boliviaverifica.bo,https://boliviaverifica.bo/no-existe-un-revocatorio-ni-encuestas-de-tercera-vuelta-para-las-presidenciales-esta-imagen-que-da-por-ganador-a-lara-es-falsa/,No existe un revocatorio ni encuestas de tercera vuelta para las presidenciales; esta imagen que da por ganador a Lara es falsa,Falso,Alta
118,boliviaverifica.bo,https://boliviaverifica.bo/es-falso-que-el-presidente-electo-rodrigo-paz-haya-anunciado-un-bono-para-la-mujer-de-bs-950/,Es falso que el presidente electo Rodrigo Paz haya anunciado un bono para la mujer de Bs 950,Falso,Alta
119,boliviaverifica.bo,https://boliviaverifica.bo/en-este-video-paz-no-se-refiere-a-lara-sino-a-morales-la-grabacion-es-de-2024/,"En este video, Paz no se refiere a Lara, sino a Morales; la grabación es de 2024",Falso,Alta
120,boliviaverifica.bo,https://boliviaverifica.bo/el-gobierno-estadounidense-no-condiciono-ayuda-economica-a-bolivia-a-cambio-del-retorno-de-la-dea/,El gobierno estadounidense no condicionó ayuda económica a Bolivia a cambio del retorno de la DEA,Falso,Alta
121,boliviaverifica.bo,https://boliviaverifica.bo/eva-copa-no-asistio-a-votar-en-el-balotaje-por-motivos-de-salud-no-por-participar-en-una-entrada-folclorica/,"Eva Copa no asistió a votar en el balotaje por motivos de salud, no por participar en una entrada folclórica",Falso,Alta
122,boliviaverifica.bo,https://boliviaverifica.bo/el-presidente-electo-de-bolivia-no-advirtio-con-procesar-por-racismo-y-discriminacion-a-quienes-hagan-memes-sobre-su-proyecto/,El presidente electo de Bolivia no advirtió con procesar por racismo y discriminación a quienes hagan memes sobre su proyecto,Falso,Alta
123,boliviaverifica.bo,https://boliviaverifica.bo/nicolas-maduro-no-felicito-a-rodrigo-paz-por-las-elecciones-en-bolivia/,Nicolás Maduro no felicitó a Rodrigo Paz por las elecciones en Bolivia,Falso,Alta
124,boliviaverifica.bo,https://boliviaverifica.bo/un-video-creado-con-ia-usa-la-imagen-de-rodrigo-paz-para-promocionar-un-proyecto-falso-de-inversion/,Un video creado con IA usa la imagen de Rodrigo Paz para promocionar un proyecto falso de inversión,Falso,Alta
125,boliviaverifica.bo,https://boliviaverifica.bo/no-es-verdad-que-jorge-quiroga-se-fue-a-eeuu-despues-de-la-segunda-vuelta/,No es verdad que Jorge Quiroga se fue a EEUU después de la segunda vuelta,Falso,Alta
126,boliviaverifica.bo,https://boliviaverifica.bo/imagen-que-muestra-a-jorge-quiroga-como-ganador-de-la-segunda-vuelta-fue-alterada/,Imagen que muestra a Jorge Quiroga como ganador de la segunda vuelta fue alterada,Falso,Alta
127,boliviaverifica.bo,https://boliviaverifica.bo/video-de-morales-en-el-que-menciona-que-lara-lo-traiciono-y-pidiendo-voto-nulo-fue-creado-con-ia/,Video de Morales en el que menciona que Lara lo traicionó y pidiendo voto nulo fue creado con IA,Falso,Alta
128,boliviaverifica.bo,https://boliviaverifica.bo/ee-uu-no-anuncio-eliminacion-de-visas-para-bolivianos-si-gana-tuto-quiroga/,EE.UU. no anunció eliminación de visas para bolivianos si gana Tuto Quiroga,Falso,Alta
129,boliviaverifica.bo,https://boliviaverifica.bo/cnn-no-informo-que-bolivia-seria-mas-pobre-que-venezuela-con-paz-y-lara-en-el-gobierno/,CNN no informó que Bolivia sería más pobre que Venezuela con Paz y Lara en el gobierno,Falso,Alta
130,boliviaverifica.bo,https://boliviaverifica.bo/102593-2/,Es falso que organismos internacionales hayan acordado retirar su apoyo a Bolivia si Paz y Lara asumen el poder,Falso,Alta
131,boliviaverifica.bo,https://boliviaverifica.bo/no-el-voto-de-juan-pablo-velasco-no-fue-anulado/,"No, el voto de Juan Pablo Velasco no fue anulado",Falso,Alta
132,boliviaverifica.bo,https://boliviaverifica.bo/unitel-no-anuncio-resultados-preliminares-a-media-jornada/,Unitel no anunció resultados preliminares a media jornada,Falso,Alta
133,boliviaverifica.bo,https://boliviaverifica.bo/la-cob-no-anuncio-conflictos-en-la-ciudad-de-la-paz-si-quiroga-gana-las-elecciones/,La COB no anunció conflictos en la ciudad de La Paz si Quiroga gana las elecciones,Falso,Alta
134,boliviaverifica.bo,https://boliviaverifica.bo/es-falso-que-el-tse-haya-prohibido-ingresar-al-recinto-de-votacion-con-celulares-con-camara/,Es falso que el TSE haya prohibido ingresar al recinto de votación con celulares con cámara,Falso,Alta
135,boliviaverifica.bo,https://boliviaverifica.bo/es-falso-el-video-que-muestra-el-conteo-de-votos-de-japon-en-favor-del-pdc/,Es falso el video que muestra el conteo de votos de Japón en favor del PDC,Falso,Alta
136,boliviaverifica.bo,https://boliviaverifica.bo/esta-publicacion-sobre-el-voto-nulo-no-fue-difundida-por-bolivia-verifica/,Esta publicación sobre el voto nulo no fue difundida por Bolivia Verifica,Falso,Alta
137,boliviaverifica.bo,https://boliviaverifica.bo/circulan-falsas-instrucciones-de-voto-que-buscan-perjudicar-a-los-binomios-en-el-balotaje/,Circulan falsas instrucciones de voto que buscan perjudicar a los binomios en el balotaje,Falso,Alta
138,boliviaverifica.bo,https://boliviaverifica.bo/no-es-cierto-que-el-subsidio-a-los-hidrocarburos-tal-como-rige-hoy-haya-empezado-en-el-gobierno-de-quiroga/,"No es cierto que el subsidio a los hidrocarburos, tal como rige hoy, haya empezado en el gobierno de Quiroga",Falso,Alta
139,boliviaverifica.bo,https://boliviaverifica.bo/evo-morales-no-ordeno-a-sus-bases-votar-por-edmand-lara/,Evo Morales no ordenó a sus bases votar por Edmand Lara,Falso,Alta
140,boliviaverifica.bo,https://boliviaverifica.bo/lara-no-asistio-al-cierre-de-campana-en-la-paz-por-problemas-de-salud-de-su-esposa-no-por-la-altura/,"Lara no asistió al cierre de campaña en La Paz por problemas de salud de su esposa, no por la altura",Falso,Alta
141,boliviaverifica.bo,https://boliviaverifica.bo/declaracion-de-lara-sobre-venezuela-e-impresion-de-billetes-fue-manipulada-con-ia/,Declaración de Lara sobre Venezuela e impresión de billetes fue manipulada con IA,Falso,Alta
142,boliviaverifica.bo,https://boliviaverifica.bo/son-falsos-los-videos-donde-jorge-quiroga-y-yassir-molina-se-expresan-de-manera-discriminatoria/,Son falsos los videos donde Jorge Quiroga y Yassir Molina se expresan de manera discriminatoria,Falso,Alta
143,boliviaverifica.bo,https://boliviaverifica.bo/no-hay-evidencia-de-que-trump-haya-mencionado-que-espera-que-quiroga-gane-las-elecciones/,No hay evidencia de que Trump haya mencionado que espera que Quiroga gane las elecciones,Falso,Alta
144,boliviaverifica.bo,https://boliviaverifica.bo/lara-no-dijo-que-tienen-el-apoyo-del-expresidente-morales-y-que-por-eso-no-invirtieron-millones-en-su-campana/,Lara no dijo que tienen el apoyo del expresidente Morales y que por eso no invirtieron millones en su campaña,Falso,Alta
145,boliviaverifica.bo,https://boliviaverifica.bo/la-directora-del-fmi-no-dijo-que-los-impuestos-subirian-hasta-en-un-50-si-jorge-quiroga-gana-las-elecciones/,La directora del FMI no dijo que los impuestos subirían hasta en un 50% si Jorge Quiroga gana las elecciones,Falso,Alta
146,boliviaverifica.bo,https://boliviaverifica.bo/lara-niega-propuesta-sobre-controlar-las-redes-sociales-pero-rodrigo-paz-se-refirio-al-tema-en-una-entrevista-pasada/,"Lara niega propuesta sobre controlar las redes sociales, pero Rodrigo Paz se refirió al tema en una entrevista pasada",Falso,Alta
147,boliviaverifica.bo,https://boliviaverifica.bo/las-sesiones-de-la-alp-si-se-transmiten-pese-a-lo-dicho-por-edmand-lara/,"Las sesiones de la ALP sí se transmiten, pese a lo dicho por Edmand Lara",Falso,Alta
148,boliviaverifica.bo,https://boliviaverifica.bo/edmand-lara-si-dijo-que-tendra-mas-poder-que-rodrigo-paz-pero-lo-nego-en-el-debate/,"Edmand Lara sí dijo que tendrá más poder que Rodrigo Paz, pero lo negó en el debate",Falso,Alta
149,boliviaverifica.bo,https://boliviaverifica.bo/jorge-quiroga-no-dijo-que-eliminara-los-bonos-sociales/,Jorge Quiroga no dijo que eliminará los bonos sociales,Falso,Alta
150,boliviaverifica.bo,https://boliviaverifica.bo/mauricio-urquidi-fernandez-gerente-de-negocios-del-banco-bisa-no-es-el-suegro-de-rodrigo-paz/,"Mauricio Urquidi Férnandez, gerente de Negocios del Banco Bisa, no es el suegro de Rodrigo Paz",Falso,Alta
151,boliviaverifica.bo,https://boliviaverifica.bo/audio-en-el-que-se-escucha-a-jorge-quiroga-con-junior-arias-fue-generado-con-inteligencia-artificial/,Audio en el que se escucha a Jorge Quiroga con Junior Arias fue generado con inteligencia artificial,Falso,Alta
152,boliviaverifica.bo,https://boliviaverifica.bo/este-comunicado-no-fue-difundido-por-la-federacion-boliviana-de-futbol/,Este comunicado no fue difundido por la Federación Boliviana de Fútbol,Falso,Alta
153,boliviaverifica.bo,https://boliviaverifica.bo/confidencias-del-pueblo-presenta-como-encuesta-un-sondeo-sin-respaldo-tecnico-ni-aval-del-tse/,Confidencias del Pueblo presenta como encuesta un sondeo sin respaldo técnico ni aval del TSE,Falso,Alta
154,boliviaverifica.bo,https://boliviaverifica.bo/cuenta-de-tiktok-difunde-videos-falsos-generados-con-ia-que-imitan-a-jp-velasco/,Cuenta de TikTok difunde videos falsos generados con IA que imitan a JP Velasco,Falso,Alta
155,boliviaverifica.bo,https://boliviaverifica.bo/rodrigo-paz-no-dijo-que-quiere-un-pueblo-ignorante-como-se-difunde-en-una-cuenta-de-tiktok/,Rodrigo Paz no dijo que “quiere un pueblo ignorante” como se difunde en una cuenta de TikTok,Falso,Alta
156,boliviaverifica.bo,https://boliviaverifica.bo/la-distribucion-de-escanos-considerando-los-votos-nulos-y-blancos-no-es-valida/,La distribución de escaños considerando los votos nulos y blancos no es válida,Falso,Alta
157,boliviaverifica.bo,https://boliviaverifica.bo/la-encuesta-de-unitel-no-posiciono-a-rodrigo-paz-en-primer-lugar-con-el-755-de-apoyo/,"La encuesta de Unitel no posicionó a Rodrigo Paz en primer lugar, con el 75,5% de apoyo",Falso,Alta
158,boliviaverifica.bo,https://boliviaverifica.bo/manipulan-una-publicacion-de-el-deber-y-atribuyen-otra-frase-a-jorge-quiroga/,Manipulan una publicación de El Deber y atribuyen otra frase a Jorge Quiroga,Falso,Alta
159,boliviaverifica.bo,https://boliviaverifica.bo/samuel-doria-medina-no-dijo-que-el-pdc-deberia-elegir-otro-candidato-a-vicepresidente/,Samuel Doria Medina no dijo que el PDC debería elegir otro candidato a vicepresidente,Falso,Alta
160,boliviaverifica.bo,https://boliviaverifica.bo/la-encuesta-atribuida-a-neokgb-carece-de-validez/,La encuesta atribuida a Neokgb carece de validez,Falso,Alta
161,boliviaverifica.bo,https://boliviaverifica.bo/difunden-predicciones-de-apuestas-como-si-fueran-encuestas-de-intencion-de-voto/,Difunden predicciones de apuestas como si fueran encuestas de intención de voto,Falso,Alta
162,boliviaverifica.bo,https://boliviaverifica.bo/binomio-de-alianza-libre-no-expreso-su-apoyo-a-edmand-lara/,Binomio de Alianza Libre no expresó su apoyo a Edmand Lara,Falso,Alta
163,boliviaverifica.bo,https://boliviaverifica.bo/jose-gabriel-espinoza-no-promueve-inversiones-por-un-sitio-web/,José Gabriel Espinoza no promueve inversiones por un sitio web,Falso,Alta
164,boliviaverifica.bo,https://boliviaverifica.bo/imagenes-de-una-tienda-vietnamita-se-usan-para-acusar-de-guerra-sucia-a-jorge-quiroga/,Imágenes de una tienda vietnamita se usan para acusar de guerra sucia a Jorge Quiroga,Falso,Alta
165,boliviaverifica.bo,https://boliviaverifica.bo/trump-no-rechazo-reunirse-con-paz-ni-lo-vinculo-con-narcotrafico/,Trump no rechazó reunirse con Paz ni lo vinculó con narcotráfico,Falso,Alta
166,boliviaverifica.bo,https://boliviaverifica.bo/mexico-no-anuncio-una-ruptura-de-relaciones-con-bolivia-pero-si-observo-la-legalizacion-de-los-autos-chutos/,"México no anunció una ruptura de relaciones con Bolivia, pero sí observó la legalización de los autos chutos",Falso,Alta
167,boliviaverifica.bo,https://boliviaverifica.bo/doria-medina-no-dijo-que-con-paz-y-lara-habra-hambruna/,Doria Medina no dijo que con Paz y Lara habrá hambruna,Falso,Alta
168,boliviaverifica.bo,https://boliviaverifica.bo/encuesta-en-whatsapp-que-favorece-a-quiroga-no-fue-avalada-por-el-tse/,Encuesta en WhatsApp que favorece a Quiroga no fue avalada por el TSE,Falso,Alta
169,boliviaverifica.bo,https://boliviaverifica.bo/jorge-quiroga-no-hablo-con-desprecio-del-occidente-del-pais-el-video-esta-manipulado/,"Jorge Quiroga no habló con desprecio del occidente del país, el video está manipulado",Falso,Alta
170,boliviaverifica.bo,https://boliviaverifica.bo/el-tse-no-acuso-a-lara-de-promover-la-guerra-sucia-en-contra-de-quiroga-y-velasco/,El TSE no acusó a Lara de promover la guerra sucia en contra de Quiroga y Velasco,Falso,Alta
171,boliviaverifica.bo,https://boliviaverifica.bo/morales-no-dijo-que-los-periodistas-desinforman-para-promover-el-odio-a-lara/,Morales no dijo que los periodistas desinforman para promover el odio a Lara,Falso,Alta
172,boliviaverifica.bo,https://boliviaverifica.bo/paz-no-pidio-que-se-controle-a-lara-en-las-redes-sociales-el-titular-de-unitel-fue-alterado/,Paz no pidió que se controle a Lara en las redes sociales; el titular de Unitel fue alterado,Falso,Alta
173,boliviaverifica.bo,https://boliviaverifica.bo/el-gobernador-de-tarija-no-pidio-recaudar-bs-2-millones-para-la-campana-de-quiroga/,El gobernador de Tarija no pidió recaudar Bs 2 millones para la campaña de Quiroga,Falso,Alta
174,boliviaverifica.bo,https://boliviaverifica.bo/es-falso-que-el-tse-haya-acusado-a-edmand-lara-y-al-pdc-de-hacer-guerra-sucia/,Es falso que el TSE haya acusado a Edmand Lara y al PDC de hacer “guerra sucia”,Falso,Alta
175,boliviaverifica.bo,https://boliviaverifica.bo/falso-no-existe-rechazo-a-la-segunda-vuelta-del-19-de-octubre/,Falso. No existe rechazo a la segunda vuelta del 19 de octubre,Falso,Alta
176,boliviaverifica.bo,https://boliviaverifica.bo/jorge-quiroga-no-dijo-que-si-llega-al-gobierno-desconocera-a-los-pueblos-originarios/,Jorge Quiroga no dijo que si llega al gobierno desconocerá a los pueblos originarios,Falso,Alta
177,boliviaverifica.bo,https://boliviaverifica.bo/la-imagen-de-una-reunion-entre-alvaro-garcia-linera-y-edmand-lara-no-es-real/,La imagen de una reunión entre Álvaro García Linera y Edmand Lara no es real,Falso,Alta
178,boliviaverifica.bo,https://boliviaverifica.bo/el-gobierno-chileno-no-anuncio-que-rompera-relaciones-diplomaticas-con-bolivia-si-gana-rodrigo-paz/,El gobierno chileno no anunció que romperá relaciones diplomáticas con Bolivia si gana Rodrigo Paz,Falso,Alta
179,boliviaverifica.bo,https://boliviaverifica.bo/juan-pablo-velasco-no-dijo-que-le-incomoda-debatir-en-el-mercado-abasto-el-audio-fue-creado-con-ia/,Juan Pablo Velasco no dijo que le incomoda debatir en el Mercado Abasto; el audio fue creado con IA,Falso,Alta
180,boliviaverifica.bo,https://boliviaverifica.bo/audio-donde-tuto-quiroga-anuncia-fin-de-la-renta-dignidad-fue-creado-con-ia/,Audio donde Tuto Quiroga anuncia fin de la Renta Dignidad fue creado con IA,Falso,Alta
181,boliviaverifica.bo,https://boliviaverifica.bo/es-falso-que-tuto-quiroga-haya-anunciado-gestiones-para-liberar-a-arturo-murillo/,Es falso que Tuto Quiroga haya anunciado gestiones para liberar a Arturo Murillo,Falso,Alta
182,boliviaverifica.bo,https://boliviaverifica.bo/el-video-de-la-proclamacion-de-jaime-dunn-por-el-pdc-en-santa-cruz-es-antiguo/,El video de la proclamación de Jaime Dunn por el PDC en Santa Cruz es antiguo,Falso,Alta
183,boliviaverifica.bo,https://boliviaverifica.bo/es-falso-que-quiroga-haya-invertido-bs-1-millon-den-facebook-para-atacar-a-paz-y-lara/,Es falso que Quiroga haya invertido Bs 1 millón den Facebook para atacar a Paz y Lara,Falso,Alta
184,boliviaverifica.bo,https://boliviaverifica.bo/leonardo-loza-no-confirmo-ninguna-reunion-entre-edman-lara-y-evo-morales/,Leonardo Loza no confirmó ninguna reunión entre Edman Lara y Evo Morales,Falso,Alta
185,boliviaverifica.bo,https://boliviaverifica.bo/encuesta-que-circula-en-tiktok-es-falsa-no-hay-estudios-de-opinion-publicados-para-la-segunda-vuelta/,Encuesta que circula en TikTok es falsa; no hay estudios de opinión publicados para la segunda vuelta,Falso,Alta
186,boliviaverifica.bo,https://boliviaverifica.bo/no-hay-evidencia-de-que-ipsos-ciesmori-haya-hecho-este-estudio-de-intencion-de-voto/,No hay evidencia de que Ipsos Ciesmori haya hecho este estudio de intención de voto,Falso,Alta
187,boliviaverifica.bo,https://boliviaverifica.bo/jorge-quiroga-no-hablo-de-privatizar-ni-de-subir-el-pasaje-del-teleferico/,Jorge Quiroga no habló de privatizar ni de subir el pasaje del teleférico,Falso,Alta
188,boliviaverifica.bo,https://boliviaverifica.bo/es-falso-el-video-que-muestra-a-rodrigo-paz-promoviendo-inversiones-se-trata-de-estafas-financieras/,Es falso el video que muestra a Rodrigo Paz promoviendo inversiones; se trata de estafas financieras,Falso,Alta
189,boliviaverifica.bo,https://boliviaverifica.bo/reynaldo-ezequiel-no-es-diputado-suplente-por-el-pdc/,Reynaldo Ezequiel no es diputado suplente por el PDC,Falso,Alta
190,boliviaverifica.bo,https://boliviaverifica.bo/este-post-que-dice-que-lara-negocio-cargos-con-morales-y-sus-bases-es-falso/,"Este post, que dice que Lara negoció cargos con Morales y sus bases, es falso",Falso,Alta
191,boliviaverifica.bo,https://boliviaverifica.bo/esta-encuesta-publicada-por-atlas-electoral-no-esta-regulada-por-el-tse/,Esta encuesta publicada por Atlas Electoral no está regulada por el TSE,Falso,Alta
192,boliviaverifica.bo,https://boliviaverifica.bo/jorge-quiroga-no-dijo-que-quitara-los-bonos-a-los-adultos-mayores-para-darselo-a-los-jovenes/,Jorge Quiroga no dijo que quitará los bonos a los adultos mayores para dárselo a los jóvenes,Falso,Alta
193,boliviaverifica.bo,https://boliviaverifica.bo/jaime-dunn-no-se-unio-a-la-campana-de-jorge-tuto-quiroga/,Jaime Dunn no se unió a la campaña de Jorge Tuto Quiroga,Falso,Alta
194,boliviaverifica.bo,https://boliviaverifica.bo/alianza-unidad-no-emitio-un-comunicado-en-desacuerdo-con-doria-medina-sobre-su-apoyo-a-paz-y-lara/,Alianza Unidad no emitió un comunicado en desacuerdo con Doria Medina sobre su apoyo a Paz y Lara,Falso,Alta
195,boliviaverifica.bo,https://boliviaverifica.bo/rodrigo-paz-no-menciono-que-cambiara-a-su-candidato-a-vicepresidente/,Rodrigo Paz no mencionó que cambiará a su candidato a vicepresidente,Falso,Alta
196,boliviaverifica.bo,https://boliviaverifica.bo/es-falso-que-rodrigo-paz-este-impedido-de-ser-candidato-por-ser-extranjero-como-sostiene-norma-pierola/,"Es falso que Rodrigo Paz esté impedido de ser candidato por ser extranjero, como sostiene Norma Piérola",Falso,Alta
197,boliviaverifica.bo,https://boliviaverifica.bo/jaime-dunn-no-expreso-su-apoyo-a-rodrigo-paz/,Jaime Dunn no expresó su apoyo a Rodrigo Paz,Falso,Alta
198,boliviaverifica.bo,https://boliviaverifica.bo/morales-usa-cifras-de-abstencion-blancos-y-nulos-para-declarar-una-victoria-con-mas-del-50/,"Morales usa cifras de abstención, blancos y nulos para declarar una victoria con más del 50%",Falso,Alta
199,boliviaverifica.bo,https://boliviaverifica.bo/evo-morales-no-dijo-que-sera-candidato-para-la-alcaldia-de-shinahota/,Evo Morales no dijo que será candidato para la Alcaldía de Shinahota,Falso,Alta
200,boliviaverifica.bo,https://boliviaverifica.bo/video-donde-quiroga-menciona-que-eliminara-la-educacion-y-la-salud-publica-es-un-deepfake/,Video donde Quiroga menciona que eliminará la educación y la salud pública es un deepfake,Falso,Alta
201,boliviaverifica.bo,https://boliviaverifica.bo/no-luis-arce-no-renuncio-a-la-presidencia-de-bolivia/,"No, Luis Arce no renunció a la presidencia de Bolivia",Falso,Alta
202,boliviaverifica.bo,https://boliviaverifica.bo/no-se-quemaron-papeletas-que-favorecen-a-rodriguez-y-del-castillo-este-video-es-una-creacion-audiovisual/,No se quemaron papeletas que favorecen a Rodríguez y Del Castillo; este video es una creación audiovisual,Falso,Alta
203,boliviaverifica.bo,https://boliviaverifica.bo/andronico-rodriguez-no-lidero-resultados-en-boca-de-urna/,Andrónico Rodríguez no lideró resultados en boca de urna,Falso,Alta
204,boliviaverifica.bo,https://boliviaverifica.bo/video-que-asegura-una-segunda-vuelta-entre-jorge-quiroga-y-samuel-doria-medina-es-falso/,Video que asegura una segunda vuelta entre Jorge Quiroga y Samuel Doria Medina es falso,Falso,Alta
205,boliviaverifica.bo,https://boliviaverifica.bo/el-comandante-policial-augusto-russo-no-renuncio-a-su-cargo/,El comandante policial Augusto Russo no renunció a su cargo,Falso,Alta
206,boliviaverifica.bo,https://boliviaverifica.bo/manfred-reyes-villa-no-fue-anunciado-como-ganador-en-encuesta-a-boca-de-urna/,Manfred Reyes Villa no fue anunciado como ganador en encuesta a boca de urna,Falso,Alta
207,boliviaverifica.bo,https://boliviaverifica.bo/es-falso-el-video-que-muestra-un-escrutinio-donde-gana-el-voto-nulo/,Es falso el video que muestra un escrutinio donde gana el voto nulo,Falso,Alta
208,boliviaverifica.bo,https://boliviaverifica.bo/falso-juan-pablo-velasco-si-emitio-su-voto/,"Falso, Juan Pablo Velasco sí emitió su voto",Falso,Alta
209,boliviaverifica.bo,https://boliviaverifica.bo/es-falso-el-audio-en-el-que-jorge-quiroga-habla-de-privatizar-mi-teleferico/,Es falso el audio en el que Jorge Quiroga habla de privatizar Mi Teleférico,Falso,Alta
210,boliviaverifica.bo,https://boliviaverifica.bo/andronico-rodriguez-y-samuel-doria-medina-no-se-reunieron/,Andrónico Rodríguez y Samuel Doria Medina no se reunieron,Falso,Alta
211,boliviaverifica.bo,https://boliviaverifica.bo/es-falso-que-en-tokio-gano-el-voto-nulo/,Es falso que en Tokio ganó el voto nulo,Falso,Alta
212,boliviaverifica.bo,https://boliviaverifica.bo/no-hay-un-sistema-paralelo-al-tse-para-el-conteo-de-votos/,No hay un sistema paralelo al TSE para el conteo de votos,Falso,Alta
213,boliviaverifica.bo,https://boliviaverifica.bo/carlos-mesa-no-hizo-publico-su-apoyo-a-favor-de-algun-candidato-presidencial/,Carlos Mesa no hizo público su apoyo a favor de algún candidato presidencial,Falso,Alta
214,boliviaverifica.bo,https://boliviaverifica.bo/el-tse-no-anuncio-la-habilitacion-de-evo-morales-como-candidato-presidencial/,EL TSE no anunció la habilitación de Evo Morales como candidato presidencial,Falso,Alta
215,boliviaverifica.bo,https://boliviaverifica.bo/este-video-de-boletas-marcadas-a-favor-de-doria-medina-es-falso-el-tse-garantiza-la-seguridad-del-material-electoral/,"Este video de boletas marcadas a favor de Doria Medina es falso, el TSE garantiza la seguridad del material electoral",Falso,Alta
216,boliviaverifica.bo,https://boliviaverifica.bo/101678-2/,Una cuenta de TikTok difunde tres encuestas falsas que promueven el voto nulo,Falso,Alta
217,boliviaverifica.bo,https://boliviaverifica.bo/rodrigo-paz-es-boliviano-nacio-en-espana-pero-por-ascendencia-la-constitucion-le-otorga-este-derecho/,"Rodrigo Paz es boliviano; nació en España, pero por ascendencia, la Constitución le otorga este derecho",Falso,Alta
218,boliviaverifica.bo,https://boliviaverifica.bo/no-es-cierto-que-haya-asientos-electorales-fantasmas-en-el-mapa-de-codificacion-de-las-elecciones-2025/,No es cierto que haya asientos electorales fantasmas en el mapa de codificación de las elecciones 2025,Falso,Alta
219,boliviaverifica.bo,https://boliviaverifica.bo/el-voto-nulo-no-anula-las-elecciones-como-dijo-un-dirigente-de-la-csutcb/,El voto nulo no anula las elecciones como dijo un dirigente de la CSUTCB,Falso,Alta
220,boliviaverifica.bo,https://boliviaverifica.bo/audio-de-leonardo-loza-en-el-que-menciona-un-bloqueo-tras-las-elecciones-fue-generado-con-ia/,Audio de Leonardo Loza en el que menciona un bloqueo tras las elecciones fue generado con IA,Falso,Alta
221,boliviaverifica.bo,https://boliviaverifica.bo/jorge-quiroga-no-cuestiono-los-bonos-y-rentas-ni-advirtio-con-suprimirlos/,Jorge Quiroga no cuestionó los bonos y rentas ni advirtió con suprimirlos,Falso,Alta
222,boliviaverifica.bo,https://boliviaverifica.bo/rodrigo-paz-pereira-no-aparece-primero-en-la-intencion-de-voto-del-estudio-de-spie-consulting/,Rodrigo Paz Pereira no aparece primero en la intención de voto del estudio de Spie Consulting,Falso,Alta
223,boliviaverifica.bo,https://boliviaverifica.bo/el-candidato-presidencial-jorge-tuto-quiroga-no-lleva-mas-de-30-anos-en-el-sector-publico/,El candidato presidencial Jorge Tuto Quiroga no lleva más de 30 años en el sector público,Falso,Alta
224,boliviaverifica.bo,https://boliviaverifica.bo/el-presidente-javier-milei-no-envio-un-mensaje-a-los-bolivianos-a-dias-de-las-elecciones/,El presidente Javier Milei no envió un mensaje a los bolivianos a días de las elecciones,Falso,Alta
225,boliviaverifica.bo,https://boliviaverifica.bo/es-falso-que-la-incidencia-de-la-pobreza-en-bolivia-bordee-el-75-como-afirmo-medrano/,Es falso que la incidencia de la pobreza en Bolivia bordee el 75% como afirmó Medrano,Falso,Alta
226,boliviaverifica.bo,https://boliviaverifica.bo/la-foto-que-muestra-a-jorge-tuto-quiroga-junto-a-jeffrey-epstein-es-un-montaje/,La foto que muestra a Jorge Tuto Quiroga junto a Jeffrey Epstein es un montaje,Falso,Alta
227,boliviaverifica.bo,https://boliviaverifica.bo/encuesta-en-facebook-que-promueve-el-voto-nulo-no-esta-autorizada-ni-regulada-por-el-tse/,Encuesta en Facebook que promueve el voto nulo no esta autorizada ni regulada por el TSE,Falso,Alta
228,boliviaverifica.bo,https://boliviaverifica.bo/elecciones-video-que-alerta-sobre-un-lapicero-que-se-borra-con-fuego-es-de-mexico/,Elecciones: video que alerta sobre un lapicero que se borra con fuego es de México,Falso,Alta
229,boliviaverifica.bo,https://boliviaverifica.bo/doria-medina-y-reyes-villa-dieron-2-datos-incorrectos-sobre-el-litio-chileno-en-el-debate-presidencial-de-unitel/,Doria Medina y Reyes Villa dieron 2 datos incorrectos sobre el litio chileno en el debate presidencial de Unitel,Falso,Alta
230,boliviaverifica.bo,https://boliviaverifica.bo/radio-kawsachun-coca-vuelve-a-difundir-encuestas-falsas/,Radio Kawsachun Coca vuelve a difundir encuestas falsas,Falso,Alta
231,boliviaverifica.bo,https://boliviaverifica.bo/no-hay-evidencia-de-un-acuerdo-para-que-dunn-sea-ministro-de-doria-medina-si-la-alianza-unidad-gana-las-elecciones/,No hay evidencia de un acuerdo para que Dunn sea ministro de Doria Medina si la Alianza Unidad gana las elecciones,Falso,Alta
232,boliviaverifica.bo,https://boliviaverifica.bo/no-es-oficial-encuesta-que-posiciona-a-evo-morales-en-primer-lugar-no-tiene-aval-del-tse/,No es oficial: Encuesta que posiciona a Evo Morales en primer lugar no tiene aval del TSE,Falso,Alta
233,boliviaverifica.bo,https://boliviaverifica.bo/es-falso-que-eva-copa-haya-dicho-que-financia-su-campana-con-sus-ahorros/,Es falso que Eva Copa haya dicho que financia su campaña con sus ahorros,Falso,Alta
234,boliviaverifica.bo,https://boliviaverifica.bo/es-falso-que-se-deba-presentar-el-carnet-digitalizado-para-votar-en-las-elecciones-del-17-de-agosto/,Es falso que se deba presentar el carnet digitalizado para votar en las elecciones del 17 de agosto,Falso,Alta
235,boliviaverifica.bo,https://boliviaverifica.bo/no-hubo-filtracion-de-los-resultados-de-la-segunda-encuesta-de-unitel-jorge-quiroga-no-lidera-la-intencion-de-voto/,No hubo filtración de los resultados de la segunda encuesta de Unitel; Jorge Quiroga no lidera la intención de voto,Falso,Alta
236,boliviaverifica.bo,https://boliviaverifica.bo/desmienten-a-andronico-autoridades-chilenas-niegan-haber-ofrecido-el-puerto-de-tocopilla/,Desmienten a Andrónico: Autoridades chilenas niegan haber ofrecido el puerto de Tocopilla,Falso,Alta
237,boliviaverifica.bo,https://boliviaverifica.bo/la-red-uno-no-le-corto-el-microfono-a-manfred-reyes-villa-por-hablar-de-las-encuestas/,La Red Uno no le cortó el micrófono a Manfred Reyes Villa por hablar de las encuestas,Falso,Alta
238,boliviaverifica.bo,https://boliviaverifica.bo/sondeo-de-desempeno-en-el-debate-presidencial-atribuido-a-red-uno-es-falso/,Sondeo de desempeño en el debate presidencial atribuido a Red Uno es falso,Falso,Alta
239,boliviaverifica.bo,https://boliviaverifica.bo/el-tse-no-anuncio-la-habilitacion-de-jaime-dunn-como-candidato-presidencial/,El TSE no anunció la habilitación de Jaime Dunn como candidato presidencial,Falso,Alta
240,boliviaverifica.bo,https://boliviaverifica.bo/imagen-que-presenta-a-evo-morales-con-un-35-de-preferencia-electoral-no-corresponde-a-ninguna-encuesta-autorizada/,Imagen que presenta a Evo Morales con un 35% de preferencia electoral no corresponde a ninguna encuesta autorizada,Falso,Alta
241,boliviaverifica.bo,https://boliviaverifica.bo/usan-declaraciones-de-hassenteufel-para-fabricar-un-bulo-el-presidente-del-tse-no-dijo-que-doria-medina-pago-por-las-encuestas/,Usan declaraciones de Hassenteufel para fabricar un bulo; el presidente del TSE no dijo que Doria Medina pagó por las encuestas,Falso,Alta
242,boliviaverifica.bo,https://boliviaverifica.bo/manipulan-la-encuesta-de-unitel-para-incluir-a-dunn-pese-a-que-no-esta-habilitado/,Manipulan la encuesta de Unitel para incluir a Dunn pese a que no está habilitado,Falso,Alta
243,boliviaverifica.bo,https://boliviaverifica.bo/jaime-dunn-no-esta-habilitado-como-candidato-a-la-presidencia/,Jaime Dunn no está habilitado como candidato a la presidencia,Falso,Alta
244,boliviaverifica.bo,https://boliviaverifica.bo/luis-arce-no-elogio-el-trabajo-de-samuel-doria-medina/,Luis Arce no elogió el trabajo de Samuel Doria Medina,Falso,Alta
245,boliviaverifica.bo,https://boliviaverifica.bo/audio-en-el-que-samuel-doria-medina-dice-que-le-piden-medio-millon-para-manipular-encuestas-es-falso/,Audio en el que Samuel Doria Medina dice que le piden medio millón para manipular encuestas es falso,Falso,Alta
246,boliviaverifica.bo,https://boliviaverifica.bo/reflota-un-audio-falso-de-2021-sobre-manipulacion-del-sistema-de-computo-del-tse/,Reflota un audio falso de 2021 sobre manipulación del sistema de cómputo del TSE,Falso,Alta
247,boliviaverifica.bo,https://boliviaverifica.bo/felicitacion-de-nayib-bukele-a-jaime-dunn-fue-creada-con-ia/,Felicitación de Nayib Bukele a Jaime Dunn fue creada con IA,Falso,Alta
248,boliviaverifica.bo,https://boliviaverifica.bo/andronico-rodriguez-no-dijo-que-ira-a-una-segunda-vuelta-electoral-con-manfred-reyes-villa/,Andrónico Rodríguez no dijo que irá a una segunda vuelta electoral con Manfred Reyes Villa,Falso,Alta
249,boliviaverifica.bo,https://boliviaverifica.bo/no-este-video-que-denuncia-a-samuel-doria-medina-por-pagar-encuestas-no-le-pertenece-a-univision/,"No, este video que denuncia a Samuel Doria Medina por pagar encuestas no le pertenece a Univisión",Falso,Alta
250,boliviaverifica.bo,https://boliviaverifica.bo/deepfakes-en-la-campana-electoral-videos-falsos-promocionan-a-candidatos/,Deepfakes en la campaña electoral: videos falsos promocionan a candidatos,Falso,Alta
251,boliviaverifica.bo,https://boliviaverifica.bo/encuesta-que-favorece-a-jaime-dunn-no-tiene-ficha-tecnica-ni-aval-del-tse/,Encuesta que favorece a Jaime Dunn no tiene ficha técnica ni aval del TSE,Falso,Alta
252,boliviaverifica.bo,https://boliviaverifica.bo/las-autoridades-electas-no-estan-obligadas-a-renunciar-para-postular-a-las-elecciones/,Las autoridades electas no están obligadas a renunciar para postular a las elecciones,Falso,Alta
253,boliviaverifica.bo,https://boliviaverifica.bo/encuesta-de-el-deber-no-posiciona-a-jaime-dunn-como-primero-en-la-intencion-voto/,Encuesta de El Deber no posiciona a Jaime Dunn como primero en la intención voto,Falso,Alta
254,boliviaverifica.bo,https://boliviaverifica.bo/evo-pueblo-no-figura-en-la-papeleta-oficial-de-las-elecciones-2025/,Evo Pueblo no figura en la papeleta oficial de las elecciones 2025,Falso,Alta
255,boliviaverifica.bo,https://boliviaverifica.bo/evo-morales-no-esta-habilitado-para-las-elecciones-2025-como-se-asegura-en-tiktok/,Evo Morales no está habilitado para las elecciones 2025 como se asegura en TikTok,Falso,Alta
256,boliviaverifica.bo,https://boliviaverifica.bo/sin-acuerdo-formal-evo-morales-aun-no-oficializo-su-candidatura-con-ucs/,Sin acuerdo formal: Evo Morales aún no oficializó su candidatura con UCS,Falso,Alta
257,boliviaverifica.bo,https://boliviaverifica.bo/rubrum-no-realizo-esta-encuesta-que-refiere-un-empate-tecnico-entre-manfred-reyes-villa-y-andronico-rodriguez/,Rubrum no realizó esta encuesta que refiere un “empate técnico” entre Manfred Reyes Villa y Andrónico Rodríguez,Falso,Alta
258,boliviaverifica.bo,https://boliviaverifica.bo/la-exesposa-de-jorge-tuto-quiroga-no-fue-entrevistada-en-un-podcast-mexicano/,La exesposa de Jorge Tuto Quiroga no fue entrevistada en un pódcast mexicano,Falso,Alta
259,boliviaverifica.bo,https://boliviaverifica.bo/el-diputado-gualberto-arispe-difundio-una-portada-falsa-sobre-los-conflictos-en-llallagua/,El diputado Gualberto Arispe difundió una portada falsa sobre los conflictos en Llallagua,Falso,Alta
260,boliviaverifica.bo,https://boliviaverifica.bo/el-comandante-general-de-la-policia-no-renuncio-a-su-cargo/,El Comandante General de la Policía no renunció a su cargo,Falso,Alta
261,boliviaverifica.bo,https://boliviaverifica.bo/radio-mamore-difunde-un-video-antiguo-y-de-otro-pais-como-si-se-tratara-de-bolivia/,Radio Mamoré difunde un video antiguo y de otro país como si se tratara de Bolivia,Falso,Alta
262,boliviaverifica.bo,https://boliviaverifica.bo/rodrigo-paz-y-edman-lara-siguen-en-carrera-electoral-y-el-pdc-va-al-sorteo-de-ubicacion-en-la-papeleta/,Rodrigo Paz y Edman Lara siguen en carrera electoral y el PDC va al sorteo de ubicación en la papeleta,Falso,Alta
263,boliviaverifica.bo,https://boliviaverifica.bo/comando-general-del-ejercito-no-se-pronuncio-en-contra-del-gobierno-de-luis-arce/,Comando General del Ejército no se pronunció en contra del gobierno de Luis Arce,Falso,Alta
264,boliviaverifica.bo,https://boliviaverifica.bo/diputado-hector-arce-no-anuncio-su-participacion-en-una-lucha-armada/,Diputado Héctor Arce no anunció su participación en una lucha armada,Falso,Alta
265,boliviaverifica.bo,https://boliviaverifica.bo/enrique-mamani-niega-haber-amenazado-a-vocales-del-tse-pero-existe-un-video-que-prueba-lo-contrario/,"Enrique Mamani niega haber amenazado a vocales del TSE, pero existe un video que prueba lo contrario",Falso,Alta
266,boliviaverifica.bo,https://boliviaverifica.bo/samuel-doria-medina-no-pago-la-fianza-de-arturo-murillo-ni-fue-investigado-por-lavado-de-dinero/,Samuel Doria Medina no pagó la fianza de Arturo Murillo ni fue investigado por lavado de dinero,Falso,Alta
267,boliviaverifica.bo,https://boliviaverifica.bo/red-uno-no-esta-elaborando-encuestas-mediante-formularios-de-google/,Red Uno no está elaborando encuestas mediante formularios de Google,Falso,Alta
268,boliviaverifica.bo,https://boliviaverifica.bo/resultados-de-intencion-de-voto-presentados-por-infobol-son-falsos/,Resultados de intención de voto presentados por Infobol son falsos,Falso,Alta
269,boliviaverifica.bo,https://boliviaverifica.bo/la-red-uno-no-realiza-encuestas-de-intencion-de-voto-via-whatsapp/,La Red Uno no realiza encuestas de intención de voto vía WhatsApp,Falso,Alta
270,boliviaverifica.bo,https://boliviaverifica.bo/no-es-verdad-que-evo-morales-y-luis-arce-vayan-juntos-como-candidatos-del-mas/,No es verdad que Evo Morales y Luis Arce vayan juntos como candidatos del MAS,Falso,Alta
271,boliviaverifica.bo,https://boliviaverifica.bo/no-hay-anuncio-oficial-de-que-andronico-rodriguez-sea-candidato-por-morena-junto-a-jorge-richter/,No hay anuncio oficial de que Andrónico Rodríguez sea candidato por Morena junto a Jorge Richter,Falso,Alta
272,boliviaverifica.bo,https://boliviaverifica.bo/andronico-rodriguez-no-renuncio-a-su-candidatura-a-la-presidencia-por-la-alianza-popular/,Andrónico Rodríguez no renunció a su candidatura a la presidencia por la Alianza Popular,Falso,Alta
273,boliviaverifica.bo,https://boliviaverifica.bo/la-encuesta-de-intencion-de-voto-difundida-por-cqc-noticias-no-es-oficial-y-no-tiene-ficha-tecnica/,La encuesta de intención de voto difundida por CQC Noticias no es oficial y no tiene ficha técnica,Falso,Alta
274,boliviaverifica.bo,https://boliviaverifica.bo/bolivia-opina-no-esta-entre-las-empresas-registradas-para-realizar-estudios-de-opinion/,Bolivia Opina no está entre las empresas registradas para realizar estudios de opinión,Falso,Alta
275,boliviaverifica.bo,https://boliviaverifica.bo/el-tcp-no-emitio-una-resolucion-que-impide-la-postulacion-de-andronico/,El TCP no emitió una resolución que impide la postulación de Andrónico,Falso,Alta
276,boliviaverifica.bo,https://boliviaverifica.bo/eva-copa-y-jorge-richter-se-mantienen-como-candidatos-por-morena/,Eva Copa y Jorge Richter se mantienen como candidatos por Morena,Falso,Alta
277,boliviaverifica.bo,https://boliviaverifica.bo/luciana-campero-no-renuncio-a-la-alianza-libre/,Luciana Campero no renunció a la alianza Libre,Falso,Alta
278,boliviaverifica.bo,https://boliviaverifica.bo/jorge-richter-no-renuncio-se-mantiene-como-candidato-a-la-vicepresidencia-por-morena/,"Jorge Richter no renunció, se mantiene como candidato a la vicepresidencia por Morena",Falso,Alta
279,boliviaverifica.bo,https://boliviaverifica.bo/captura-consulting-y-red-uno-no-publicaron-esta-encuesta-que-da-como-favorito-a-jorge-quiroga/,Captura Consulting y Red Uno no publicaron esta encuesta que da como favorito a Jorge Quiroga,Falso,Alta
280,boliviaverifica.bo,https://boliviaverifica.bo/el-binomio-morales-alanoca-no-fue-inscrito-en-el-sistema-informatico-de-candidaturas-del-tse/,El binomio Morales – Alanoca no fue inscrito en el sistema informático de candidaturas del TSE,Falso,Alta
281,boliviaverifica.bo,https://boliviaverifica.bo/no-es-verdad-que-36-millones-de-personas-participaron-en-la-marcha-que-respaldaba-la-inscripcion-de-morales-como-candidato/,"No es verdad que 3,6 millones de personas participaron en la marcha que respaldaba la inscripción de Morales como candidato",Falso,Alta
282,boliviaverifica.bo,https://boliviaverifica.bo/andronico-rodriguez-no-fue-inscrito-como-candidato-de-ucs/,Andrónico Rodríguez no fue inscrito como candidato de UCS,Falso,Alta
283,boliviaverifica.bo,https://boliviaverifica.bo/evo-morales-no-declino-su-candidatura-durante-una-conferencia-de-prensa/,Evo Morales no declinó su candidatura durante una conferencia de prensa,Falso,Alta
284,boliviaverifica.bo,https://boliviaverifica.bo/esta-lista-de-candidatos-a-la-asamblea-legislativa-por-parte-de-sumate-no-es-la-oficial/,Esta lista de candidatos a la Asamblea Legislativa por parte de Súmate no es la oficial,Falso,Alta
285,boliviaverifica.bo,https://boliviaverifica.bo/yango-la-app-gerentada-por-el-precandidato-de-libre-no-expulso-del-servicio-a-burger-king-de-doria-medina/,"Yango, la App gerentada por el precandidato de Libre, no expulsó del servicio a Burger King, de Doria Medina",Falso,Alta
286,boliviaverifica.bo,https://boliviaverifica.bo/el-presidente-del-tse-no-se-pronuncio-sobre-la-sentencia-del-tcp-que-ratifica-que-la-reeleccion-indefinida-es-inconstitucional/,El presidente del TSE no se pronunció sobre la sentencia del TCP que ratifica que la reelección indefinida es inconstitucional,Falso,Alta
287,boliviaverifica.bo,https://boliviaverifica.bo/doria-medina-no-anuncio-a-la-tiktoker-layme-como-su-candidata-a-la-vicepresidencia/,Doria Medina no anunció a la tiktoker Layme como su candidata a la vicepresidencia,Falso,Alta
288,boliviaverifica.bo,https://boliviaverifica.bo/andronico-rodriguez-y-su-familia-no-fueron-expulsados-del-tropico-de-cochabamba/,Andrónico Rodríguez y su familia no fueron expulsados del Trópico de Cochabamba,Falso,Alta
289,boliviaverifica.bo,https://boliviaverifica.bo/los-audios-con-los-que-se-acusa-a-la-diputada-veronica-challco-de-cobrar-coimas-fueron-generados-con-inteligencia-artificial/,Los audios con los que se acusa a la diputada Verónica Challco de cobrar coimas fueron generados con inteligencia artificial,Falso,Alta
290,boliviaverifica.bo,https://boliviaverifica.bo/almagro-no-dijo-que-bolivia-enfrentara-duras-sanciones-si-arce-suspende-las-elecciones-para-autoprorrogarse/,Almagro no dijo que Bolivia enfrentará “duras sanciones” si Arce suspende las elecciones “para autoprorrogarse”,Falso,Alta
291,boliviaverifica.bo,https://boliviaverifica.bo/jorge-quiroga-no-busca-a-un-tiktoker-como-su-candidato-a-la-vicepresidencia/,Jorge Quiroga no busca a un tiktoker como su candidato a la vicepresidencia,Falso,Alta
292,boliviaverifica.bo,https://boliviaverifica.bo/doria-medina-no-dijo-que-invitara-al-hijo-de-camacho-para-conformar-su-binomio/,Doria Medina no dijo que invitará al hijo de Camacho para conformar su binomio,Falso,Alta
293,boliviaverifica.bo,https://boliviaverifica.bo/encuesta-presentada-por-atlas-electoral-no-tiene-validez-tecnica-ni-legal/,Encuesta presentada por Atlas Electoral no tiene validez técnica ni legal,Falso,Alta
294,boliviaverifica.bo,https://boliviaverifica.bo/no-es-real-que-en-chapare-y-yapacani-se-elige-un-diputado-con-300-votos/,No es real que en Chapare y Yapacaní se elige un diputado con 300 votos,Falso,Alta
295,boliviaverifica.bo,https://boliviaverifica.bo/el-tse-no-elaboro-ni-difundio-una-encuesta-de-intencion-de-voto-que-favorece-a-jorge-quiroga-2/,El TSE no elaboró ni difundió una encuesta de intención de voto que favorece a Jorge Quiroga,Falso,Alta
296,boliviaverifica.bo,https://boliviaverifica.bo/el-bunker-no-denuncio-que-reyes-villa-uso-bots-desde-la-alcaldia-de-cochabamba-para-manipular-las-primarias-digitales/,El Bunker no denunció que Reyes Villa usó bots desde la Alcaldía de Cochabamba para manipular las “primarias digitales”,Falso,Alta
297,boliviaverifica.bo,https://boliviaverifica.bo/usan-la-imagen-de-jaime-dunn-y-el-deber-para-promocionar-un-sitio-de-inversiones-no-confiable/,Usan la imagen de Jaime Dunn y El Deber para promocionar un sitio de inversiones no confiable,Falso,Alta
298,boliviaverifica.bo,https://boliviaverifica.bo/jhonny-fernandez-no-nombro-a-evo-morales-como-su-candidato-por-ucs/,Jhonny Fernández no nombró a Evo Morales como su candidato por UCS,Falso,Alta
299,boliviaverifica.bo,https://boliviaverifica.bo/el-mnr-no-anuncio-a-evo-morales-como-su-candidato/,El MNR no anunció a Evo Morales como su candidato,Falso,Alta
300,boliviaverifica.bo,https://boliviaverifica.bo/el-gobierno-no-anuncio-la-postergacion-de-las-elecciones-presidenciales-por-una-crisis-social-y-energetica/,El Gobierno no anunció la postergación de las elecciones presidenciales por una “crisis social y energética”,Falso,Alta
301,boliviaverifica.bo,https://boliviaverifica.bo/el-vocal-tahuichi-no-fue-proclamado-ni-juro-como-candidato-a-la-vicepresidencia-por-la-organizacion-evo-pueblo/,El vocal Tahuichi no fue proclamado ni juró como candidato a la vicepresidencia por la organización “Evo Pueblo”,Falso,Alta
302,boliviaverifica.bo,https://boliviaverifica.bo/las-elecciones-generales-no-fueron-postergadas-como-alerto-un-periodista/,"Las elecciones generales no fueron postergadas, como alertó un periodista",Falso,Alta
303,boliviaverifica.bo,https://boliviaverifica.bo/reunion-de-la-organizacion-evo-pueblo-no-determino-que-andronico-sea-el-candidato-a-vicepresidente/,Reunión de la organización Evo Pueblo no determinó que Andrónico sea el candidato a vicepresidente,Falso,Alta
304,boliviaverifica.bo,https://boliviaverifica.bo/luisa-gonzales-no-fue-declarada-como-ganadora-de-las-elecciones-en-ecuador/,Luisa Gonzáles no fue declarada como ganadora de las elecciones en Ecuador,Falso,Alta
305,boliviaverifica.bo,https://boliviaverifica.bo/unitel-no-difundio-este-arte-ni-evo-declaro-que-esta-convencido-de-ganar-con-el-80-de-apoyo-electoral/,Unitel no difundió este arte ni Evo declaró que está convencido de ganar con el 80% de apoyo electoral,Falso,Alta
306,boliviaverifica.bo,https://boliviaverifica.bo/audio-atribuido-a-doria-medina-sobre-coimas-fue-creado-con-inteligencia-artificial/,Audio atribuido a Doria Medina sobre coimas fue creado con inteligencia artificial,Falso,Alta
307,boliviaverifica.bo,https://boliviaverifica.bo/encuesta-de-intencion-de-voto-compartida-por-gary-prado-es-falsa/,Encuesta de intención de voto compartida por Gary Prado es falsa,Falso,Alta
308,boliviaverifica.bo,https://boliviaverifica.bo/este-perfil-en-instagram-no-le-pertenece-al-presidente-del-tse-oscar-hassenteufel/,Este perfil en Instagram no le pertenece al presidente del TSE Oscar Hassenteufel,Falso,Alta
309,boliviaverifica.bo,https://boliviaverifica.bo/renuncia-de-militantes-no-pone-en-riesgo-personeria-del-mas/,Renuncia de militantes no pone en riesgo personería del MAS,Falso,Alta
310,boliviaverifica.bo,https://boliviaverifica.bo/el-vocal-tahuichi-no-declaro-que-la-renuncia-de-militantes-del-mas-es-un-acto-antidemocratico/,El vocal Tahuichi no declaró que la renuncia de militantes del MAS es un acto antidemocrático,Falso,Alta
311,boliviaverifica.bo,https://boliviaverifica.bo/luis-arce-no-anuncio-un-binomio-con-mario-cronenbold-por-el-mas/,Luis Arce no anunció un binomio con Mario Cronenbold por el MAS,Falso,Alta
312,boliviaverifica.bo,https://boliviaverifica.bo/encuesta-que-indica-que-manfred-reyes-villa-lidera-la-intencion-de-corrupcion-es-falsa/,Encuesta que indica que Manfred Reyes Villa lidera la “intención de corrupción” es falsa,Falso,Alta
313,boliviaverifica.bo,https://boliviaverifica.bo/reynaldo-ezequiel-acuso-de-violencia-de-genero-al-hijo-de-manfred-reyes-con-material-manipulado/,Reynaldo Ezequiel acusó de violencia de género al hijo de Manfred Reyes con material manipulado,Falso,Alta
314,boliviaverifica.bo,https://boliviaverifica.bo/manfred-reyes-villa-no-presento-a-carol-ilievski-como-su-binomio-para-las-elecciones-generales/,Manfred Reyes Villa no presentó a Carol Ilievski como su binomio para las elecciones generales,Falso,Alta
315,boliviaverifica.bo,https://boliviaverifica.bo/este-no-es-el-calendario-oficial-de-las-elecciones-presidenciales-la-sala-plena-del-tse-aun-lo-revisa/,Este no es el calendario oficial de las elecciones presidenciales; la Sala Plena del TSE aún lo revisa,Falso,Alta
316,boliviaverifica.bo,https://boliviaverifica.bo/comunicado-que-informa-la-inhabilitacion-de-los-candidatos-martinez-castillo-y-canedo-es-falso/,"Comunicado que informa la inhabilitación de los candidatos Martínez, Castillo y Canedo es falso",Falso,Alta
317,boliviaverifica.bo,https://boliviaverifica.bo/el-tse-no-inhabilito-a-2-candidatos-en-las-ultimas-horas-el-video-donde-el-vocal-tahuichi-habla-al-respecto-fue-creado-con-ia/,El TSE no inhabilitó a 2 candidatos en las últimas horas; el video donde el vocal Tahuichi habla al respecto fue creado con IA,Falso,Alta
318,boliviaverifica.bo,https://boliviaverifica.bo/el-comunicado-del-tse-que-inhabilita-a-un-candidato-a-las-elecciones-judiciales-es-falso/,El comunicado del TSE que inhabilita a un candidato a las elecciones judiciales es falso,Falso,Alta
319,boliviaverifica.bo,https://boliviaverifica.bo/las-elecciones-judiciales-no-se-postergaron-para-el-29-de-diciembre/,Las elecciones judiciales no se postergaron para el 29 de diciembre,Falso,Alta
320,boliviaverifica.bo,https://boliviaverifica.bo/encuestas-ocd-bolivia-no-es-una-cuenta-manejada-por-la-alianza-observacion-ciudadana-de-la-democracia/,“Encuestas OCD Bolivia” no es una cuenta manejada por la alianza Observación Ciudadana de la Democracia,Falso,Alta
321,boliviaverifica.bo,https://boliviaverifica.bo/elecciones-judiciales-esta-encuesta-no-fue-elaborada-por-jubileo-ni-la-ocd/,Elecciones Judiciales: esta encuesta no fue elaborada por Jubileo ni la OCD,Falso,Alta
322,boliviaverifica.bo,https://boliviaverifica.bo/evo-morales-no-acuso-a-andronico-rodriguez-de-ser-traicionero-y-prebendalista/,Evo Morales no acusó a Andrónico Rodríguez de ser traicionero y prebendalista,Falso,Alta
323,boliviaverifica.bo,https://boliviaverifica.bo/fundacion-jubileo-y-ocd-no-realizaron-esta-encuesta-sobre-las-elecciones-judiciales/,Fundación Jubileo y OCD no realizaron esta encuesta sobre las elecciones judiciales,Falso,Alta
324,boliviaverifica.bo,https://boliviaverifica.bo/juan-ramon-quintana-no-dijo-que-andronico-rodriguez-sera-candidato-por-el-movimiento-tercer-sistema/,Juan Ramón Quintana no dijo que Andrónico Rodríguez será candidato por el Movimiento Tercer Sistema,Falso,Alta
325,boliviaverifica.bo,https://boliviaverifica.bo/informate-y-decide-bolivia-no-es-una-cuenta-oficial-del-organo-electoral-plurinacional/,Infórmate y Decide Bolivia no es una cuenta oficial del Órgano Electoral Plurinacional,Falso,Alta
326,boliviaverifica.bo,https://boliviaverifica.bo/este-video-no-prueba-un-fraude-electoral-en-estados-unidos/,Este video no prueba un fraude electoral en Estados Unidos,Falso,Alta
327,boliviaverifica.bo,https://boliviaverifica.bo/elecciones-en-estados-unidos-donald-trump-no-anuncio-que-prohibira-los-videojuegos/,Elecciones en Estados Unidos: Donald Trump no anunció que prohibirá los videojuegos,Falso,Alta
328,boliviaverifica.bo,https://boliviaverifica.bo/el-deber-no-publico-esta-encuesta-sobre-las-elecciones-judiciales/,El Deber no publicó esta encuesta sobre las elecciones judiciales,Falso,Alta
329,boliviaverifica.bo,https://boliviaverifica.bo/cuidado-esta-encuesta-sobre-las-judiciales-no-es-legal-ni-le-pertenece-a-la-iniciativa-tu-voto-cuenta/,¡Cuidado! Esta encuesta sobre las judiciales no es legal ni le pertenece a la iniciativa “Tu voto cuenta”,Falso,Alta
330,boliviaverifica.bo,https://boliviaverifica.bo/tiktok-unitel-beni-bo-no-es-una-cuenta-oficial-del-medio-televisivo/,TikTok: Unitel.beni.bo no es una cuenta oficial del medio televisivo,Falso,Alta
331,boliviaverifica.bo,https://boliviaverifica.bo/esta-frase-sobre-las-ninas-en-el-tropico-no-es-de-evo-morales/,Esta frase sobre las niñas en el Trópico no es de Evo Morales,Falso,Alta
332,boliviaverifica.bo,https://boliviaverifica.bo/jubileo-no-publico-una-encuesta-sobre-las-elecciones-judiciales/,Jubileo no publicó una encuesta sobre las elecciones judiciales,Falso,Alta
333,boliviaverifica.bo,https://boliviaverifica.bo/maria-corina-machado-nunca-dijo-que-la-oposicion-venezolana-solo-obtuvo-4-millones-de-votos/,María Corina Machado nunca dijo que la oposición venezolana solo obtuvo 4 millones de votos,Falso,Alta
334,boliviaverifica.bo,https://boliviaverifica.bo/el-vicepresidente-choquehuanca-no-pidio-que-se-adelanten-las-elecciones/,El vicepresidente Choquehuanca no pidió que se adelanten las elecciones,Falso,Alta
335,boliviaverifica.bo,https://boliviaverifica.bo/esta-encuesta-de-intencion-de-voto-no-fue-realizada-por-la-agencia-colombiana-datexco/,Esta encuesta de intención de voto no fue realizada por la agencia colombiana Datexco,Falso,Alta
336,boliviaverifica.bo,https://boliviaverifica.bo/esta-encuesta-de-intencion-de-voto-no-fue-realizada-por-la-universidad-mayor-de-san-simon/,Esta encuesta de intención de voto no fue realizada por la Universidad Mayor de San Simón,Falso,Alta
337,boliviaverifica.bo,https://boliviaverifica.bo/la-encuesta-difundida-por-tactic-consulting-no-tiene-aval-del-tse/,La encuesta difundida por Tactic Consulting no tiene aval del TSE,Falso,Alta
338,boliviaverifica.bo,https://boliviaverifica.bo/el-empadronamiento-es-solo-hasta-el-30-de-agosto-en-todo-el-territorio-nacional/,El empadronamiento electoral biométrico es solo hasta el 30 de agosto en todo el territorio nacional,Falso,Alta
339,boliviaverifica.bo,https://boliviaverifica.bo/la-empresa-excle-no-fue-contratada-por-el-tse-para-el-empadronamiento-como-denuncio-la-senadora-gallo/,"La empresa ExClé no fue contratada por el TSE para el empadronamiento, como denunció la senadora Gallo",Falso,Alta
340,boliviaverifica.bo,https://boliviaverifica.bo/helicopteros-militares-no-arribaron-a-colombia-tras-elecciones-en-venezuela/,Helicópteros militares no arribaron a Colombia tras elecciones en Venezuela,Falso,Alta
341,boliviaverifica.bo,https://boliviaverifica.bo/telesur-publico-una-grafica-con-resultados-de-las-elecciones-de-venezuela-que-suman-un-total-de-132/,Telesur publicó una gráfica con resultados de las elecciones de Venezuela que suman un total de 132%,Falso,Alta
342,boliviaverifica.bo,https://boliviaverifica.bo/venezuela-son-falsos-los-boletos-aereos-a-ee-uu-a-nombre-del-candidato-presidencial-edmundo-gonzalez-y-su-esposa/,Venezuela: Son falsos los boletos aéreos a EE.UU. a nombre del candidato presidencial Edmundo González y su esposa,Falso,Alta
343,boliviaverifica.bo,https://boliviaverifica.bo/elecciones-en-venezuela-los-electores-no-necesitan-firmar-un-registro-de-participacion-cuando-vayan-a-votar/,Elecciones en Venezuela: Los electores no necesitan firmar un registro de participación cuando vayan a votar,Falso,Alta
344,boliviaverifica.bo,https://boliviaverifica.bo/es-falso-que-maduro-se-haya-retirado-de-las-elecciones-presidenciales-en-venezuela/,Es falso que Maduro se haya retirado de las elecciones presidenciales en Venezuela,Falso,Alta
345,boliviaverifica.bo,https://boliviaverifica.bo/opositor-venezolano-no-dio-un-discurso-que-incentiva-el-voto-por-nicolas-maduro/,Opositor venezolano no dio un discurso que incentiva el voto por Nicolás Maduro,Falso,Alta
346,boliviaverifica.bo,https://boliviaverifica.bo/venezuela-ningun-candidato-fue-anunciado-oficialmente-como-presidente-electo/,Venezuela: ningún candidato fue anunciado oficialmente como presidente electo,Falso,Alta
347,boliviaverifica.bo,https://boliviaverifica.bo/nicolas-maduro-no-reconocio-que-puede-perder-las-elecciones-del-28-de-julio/,Nicolás Maduro no reconoció que puede perder las elecciones del 28 de julio,Falso,Alta
348,boliviaverifica.bo,https://boliviaverifica.bo/esta-credencial-de-la-cia-no-es-del-candidato-venezolano-edmundo-gonzalez/,Esta credencial que usa el nombre de la CIA no es del candidato venezolano Edmundo González,Falso,Alta
349,boliviaverifica.bo,https://boliviaverifica.bo/kaplex-no-fue-proclamado-como-uno-de-los-candidatos-del-mas/,Kapléx no fue proclamado como uno de los candidatos del MAS,Falso,Alta
350,boliviaverifica.bo,https://boliviaverifica.bo/presidenciales-ningun-candidato-fue-proclamado-aun-como-ganador-en-venezuela/,Presidenciales: ningún candidato fue proclamado aún como ganador en Venezuela,Falso,Alta
351,boliviaverifica.bo,https://boliviaverifica.bo/red-uno-no-informo-que-evo-haya-dicho-que-los-taxistas-y-las-bartolinas-lo-estan-obligando-a-ser-candidato-para-las-elecciones/,Red Uno no informó que Evo haya dicho que los taxistas y las bartolinas lo están obligando a ser candidato para las elecciones,Falso,Alta
352,boliviaverifica.bo,https://boliviaverifica.bo/el-alteno-no-informo-que-la-alcaldesa-eva-copa-analiza-postularse-a-las-elecciones-2025/,El Alteño no informó que la alcaldesa Eva Copa analiza postularse a las elecciones 2025,Falso,Alta
353,boliviaverifica.bo,https://boliviaverifica.bo/elecciones-en-mexico-la-participacion-de-la-poblacion-no-fue-del-727/,"Elecciones en México: la participación de la población no fue del 72,7%",Falso,Alta
354,boliviaverifica.bo,https://boliviaverifica.bo/organo-electoral-no-remitio-una-nota-que-avala-la-supervision-del-x-congreso-del-mas-ipsp/,El TSE no remitió una nota que avala la supervisión del X Congreso del MAS-IPSP,Falso,Alta
355,boliviaverifica.bo,https://boliviaverifica.bo/el-youtuber-mrbeast-no-se-postulo-para-las-elecciones-presidenciales-de-estados-unidos/,El youtuber MrBeast no se postuló para las elecciones presidenciales de Estados Unidos,Falso,Alta
356,boliviaverifica.bo,https://boliviaverifica.bo/luis-arce-y-manfred-reyes-villa-no-iniciaron-una-campana-con-miras-a-las-elecciones-de-2025/,Luis Arce y Manfred Reyes Villa no iniciaron una campaña con miras a las elecciones de 2025,Falso,Alta
357,boliviaverifica.bo,https://boliviaverifica.bo/evo-morales-no-acuso-al-senador-andronico-rodriguez-por-promoverse-como-candidato/,Evo Morales no acusó al senador Andrónico Rodríguez por promoverse como candidato,Falso,Alta
358,boliviaverifica.bo,https://boliviaverifica.bo/diputado-cuellar-no-denuncio-que-el-tse-luis-arce-y-evo-morales-urden-un-fraude-electoral-para-2025/,"Diputado Cuéllar no denunció que el TSE, Luis Arce y Evo Morales urden un fraude electoral para 2025",Falso,Alta
359,boliviaverifica.bo,https://boliviaverifica.bo/el-diputado-juan-jose-jauregui-no-dijo-que-tiene-la-orden-de-inviabilizar-las-elecciones-judiciales/,El diputado Juan José Jauregui no dijo que tiene la orden de inviabilizar las elecciones judiciales,Falso,Alta
360,boliviaverifica.bo,https://boliviaverifica.bo/santa-cruz-mario-aguilera-si-fue-electo-vicegobernador-por-voto-directo/,Santa Cruz: Mario Aguilera sí fue electo vicegobernador por voto directo,Falso,Alta
361,boliviaverifica.bo,https://boliviaverifica.bo/evo-morales-y-andronico-rodriguez-no-son-los-candidatos-del-mas-para-los-comicios-de-2025/,Evo Morales y Andrónico Rodríguez no son los candidatos del MAS para los comicios de 2025,Falso,Alta
362,boliviaverifica.bo,https://boliviaverifica.bo/vicente-cuellar-no-dijo-que-hara-dupla-con-evo-morales-para-las-elecciones-2025/,Vicente Cuéllar no dijo que hará dupla con Evo Morales para las elecciones de 2025,Falso,Alta
363,boliviaverifica.bo,https://boliviaverifica.bo/argentina-candidato-sergio-massa-no-declaro-que-conoce-a-los-narcos/,Argentina: candidato Sergio Massa no declaró que conoce a los narcos,Falso,Alta
364,boliviaverifica.bo,https://boliviaverifica.bo/circula-antigua-denuncia-sobre-contratacion-del-tse-de-empresa-vinculada-al-fraude/,Circula antigua denuncia sobre contratación del TSE de empresa vinculada al fraude,Falso,Alta
365,boliviaverifica.bo,https://boliviaverifica.bo/este-video-no-es-de-una-protesta-en-argentina-por-un-supuesto-fraude-electoral/,Este video no es de una protesta en Argentina por un supuesto fraude electoral,Falso,Alta
366,boliviaverifica.bo,https://boliviaverifica.bo/elecciones-en-argentina-aun-no-se-difundieron-los-resultados-del-voto-en-el-exterior/,Elecciones en Argentina: aún no se difundieron los resultados del voto en el exterior,Falso,Alta
367,boliviaverifica.bo,https://boliviaverifica.bo/javier-milei-no-gano-las-elecciones-presidenciales-en-argentina-con-mas-del-50-de-los-votos/,Javier Milei no ganó las elecciones presidenciales en Argentina con más del 50% de los votos,Falso,Alta
368,boliviaverifica.bo,https://boliviaverifica.bo/encuesta-de-diagnosis-no-coloca-a-evo-morales-con-la-mejor-intencion-de-voto/,Encuesta de Diagnosis no coloca a Evo Morales con la mejor intención de voto,Falso,Alta
369,boliviaverifica.bo,https://boliviaverifica.bo/en-bolivia-las-mujeres-no-ejercen-el-derecho-al-voto-desde-1938-como-se-dice-en-un-video/,"En Bolivia, las mujeres no ejercen el derecho al voto desde 1938 como se dice en un video",Falso,Alta
370,boliviaverifica.bo,https://boliviaverifica.bo/la-oea-no-informo-que-hubo-fraude-electoral-en-las-elecciones-de-ecuador/,La OEA no informó que hubo fraude electoral en las elecciones de Ecuador,Falso,Alta
371,boliviaverifica.bo,https://boliviaverifica.bo/lionel-messi-no-sigue-al-candidato-javier-milei-en-instagram/,Lionel Messi no sigue al candidato Javier Milei en Instagram,Falso,Alta
372,boliviaverifica.bo,https://boliviaverifica.bo/argentina-infobae-no-informo-que-lionel-messi-expreso-su-apoyo-al-candidato-presidencial-javier-milei/,Argentina: Infobae no informó que Lionel Messi expresó su apoyo al candidato presidencial Javier Milei,Falso,Alta
373,boliviaverifica.bo,https://boliviaverifica.bo/morales-no-tuiteo-que-no-se-postulara-en-las-elecciones-de-2025/,Morales no tuiteó que no se postulará en las elecciones generales de 2025,Falso,Alta
374,boliviaverifica.bo,https://boliviaverifica.bo/romero-no-dijo-que-morales-confia-en-el-como-su-candidato-a-la-vicepresidencia-en-2025/,Romero no dijo que Morales confía en él como su candidato a la vicepresidencia en 2025,Falso,Alta
375,boliviaverifica.bo,https://boliviaverifica.bo/reynaldo-ezequiel-no-anuncio-que-sera-el-proximo-candidato-a-la-gobernacion-crucena/,Reynaldo Ezequiel no anunció que será el próximo candidato a la Gobernación cruceña,Falso,Alta
376,boliviaverifica.bo,https://boliviaverifica.bo/ni-unitel-ni-red-uno-difundieron-fotocitas-de-calvo-sobre-elecciones-civicas-en-santa-cruz/,Ni Unitel ni Red Uno difundieron fotocitas de Calvo sobre elecciones cívicas en Santa Cruz,Falso,Alta
377,boliviaverifica.bo,https://boliviaverifica.bo/el-candidato-del-mas-si-gano-la-eleccion-municipal-en-la-guardia/,El candidato del MAS sí ganó la elección municipal en La Guardia,Falso,Alta
378,boliviaverifica.bo,https://boliviaverifica.bo/video-del-conflicto-chileno-de-2019-circula-como-actual-tras-recientes-elecciones-en-colombia/,Video del conflicto chileno de 2019 circula como actual tras recientes elecciones en Colombia,Falso,Alta
379,boliviaverifica.bo,https://boliviaverifica.bo/no-es-verdad-que-nadia-cruz-incremento-su-salario-como-senala-este-candidato-a-defensor/,No es verdad que Nadia Cruz incrementó su salario como señala este candidato a defensor,Falso,Alta
380,boliviaverifica.bo,https://boliviaverifica.bo/no-la-att-no-esta-contactando-para-anunciar-premios-por-whatsapp/,"No, la ATT no está contactando para anunciar premios por WhatsApp",Falso,Alta
381,boliviaverifica.bo,https://boliviaverifica.bo/evo-morales-no-tuiteo-felicitaciones-a-eduardo-cortez-candidato-a-rector-de-la-uajms-en-tarija/,"Evo Morales no tuiteó “felicitaciones” a Eduardo Cortez, candidato a rector de la UAJMS en Tarija",Falso,Alta
382,boliviaverifica.bo,https://boliviaverifica.bo/carlos-valverde-dijo-que-no-hubo-fraude-pero-se-refirio-a-las-elecciones-generales-2020-no-a-las-del-2019/,"Carlos Valverde dijo que no hubo fraude pero se refirió a las Elecciones Generales 2020, no a las del 2019",Falso,Alta
383,boliviaverifica.bo,https://boliviaverifica.bo/falso-edgar-villegas-no-salio-a-afirmar-que-nunca-hubo-fraude/,"Falso, Édgar Villegas no salió a afirmar que “nunca hubo fraude”",Falso,Alta
384,boliviaverifica.bo,https://boliviaverifica.bo/rector-de-universidad-de-salamanca-no-nego-informe-sobre-el-caso-fraude-de-2019/,Rector de la Universidad de Salamanca no negó informe sobre el caso “fraude” de 2019,Falso,Alta
385,boliviaverifica.bo,https://boliviaverifica.bo/alteran-publicacion-de-bolivia-verifica-sobre-frase-de-luis-arce/,Alteran publicación de Bolivia Verifica sobre frase de Luis Arce,Falso,Alta
386,boliviaverifica.bo,https://boliviaverifica.bo/carlos-mesa-no-se-refirio-a-keiko-fujimori-y-la-acusacion-de-fraude-en-peru/,Carlos Mesa no se refirió a Keiko Fujimori y la acusación de fraude en Perú,Falso,Alta
387,boliviaverifica.bo,https://boliviaverifica.bo/es-falso-que-el-ministro-de-gobierno-recibio-el-voto-de-confianza-de-la-asamblea-legislativa/,Es falso que el ministro de Gobierno recibió el “voto de confianza” de la Asamblea Legislativa,Falso,Alta
388,boliviaverifica.bo,https://boliviaverifica.bo/el-ingeniero-villegas-no-denuncio-supuesto-fraude-en-las-elecciones-de-peru/,El ingeniero Villegas no denunció supuesto fraude en las elecciones de Perú,Falso,Alta
389,boliviaverifica.bo,https://boliviaverifica.bo/luis-arce-no-ofrecio-el-tri-bono-de-ayuda-durante-su-campana-los-reclamos-en-redes-no-tienen-fundamento/,"Luis Arce no ofreció el “tri bono de ayuda” durante su campaña, los reclamos en redes no tienen fundamento",Falso,Alta
390,boliviaverifica.bo,https://boliviaverifica.bo/la-red-uno-no-publico-que-ivan-arias-y-eva-copa-hayan-realizado-una-alianza/,Red Uno no publicó que Iván Arias y Eva Copa hayan realizado una alianza,Falso,Alta
391,boliviaverifica.bo,https://boliviaverifica.bo/camacho-no-aseguro-que-se-reunira-con-eva-copa-para-las-elecciones-del-2025/,Camacho no aseguró que se reunirá con Eva Copa para las elecciones del 2025,Falso,Alta
392,boliviaverifica.bo,https://boliviaverifica.bo/carlos-valverde-no-menciono-que-tarija-siempre-elige-a-la-misma-lacra/,Carlos Valverde no mencionó que Tarija siempre elige a la misma ‘lacra’,Falso,Alta
393,boliviaverifica.bo,https://boliviaverifica.bo/falso-salvador-romero-no-presento-un-libro-sobre-fraudes-electorales/,"Falso, Salvador Romero no presentó un libro sobre fraudes electorales",Falso,Alta
394,boliviaverifica.bo,https://boliviaverifica.bo/creemos-no-esta-realizando-subasta-de-la-camiseta-de-luis-fernando-camacho/,Creemos no está realizando subasta de la camiseta de Luis Fernando Camacho,Falso,Alta
395,boliviaverifica.bo,https://boliviaverifica.bo/dos-datos-falsos-sobre-los-vocales-del-tse-en-una-transmision-de-facebook/,Dos datos falsos sobre los vocales del TSE en una transmisión de Facebook,Falso,Alta
396,boliviaverifica.bo,https://boliviaverifica.bo/es-falso-que-el-alcalde-electo-de-potosi-dijo-que-evo-morales-no-tiene-pisada-en-su-ciudad/,Es falso que el alcalde electo de Potosí dijo que Evo Morales “no tiene pisada” en su ciudad,Falso,Alta
397,boliviaverifica.bo,https://boliviaverifica.bo/falso-el-mas-no-gano-en-tarija-como-indicaba-una-publicacion-de-alvaro-ruiz/,"Falso, el MAS no ganó en Tarija como indicaba una publicación de Álvaro Ruiz",Falso,Alta
398,boliviaverifica.bo,https://boliviaverifica.bo/falso-en-tarija-no-hubo-resultados-en-boca-de-urna/,Falso: en Tarija no hubo resultados en boca de urna,Falso,Alta
399,boliviaverifica.bo,https://boliviaverifica.bo/no-no-hay-anforas-de-bermejo-instaladas-en-la-provincia-cercado-de-tarija/,"No, no hay ánforas de Bermejo instaladas en la provincia Cercado de Tarija",Falso,Alta
400,boliviaverifica.bo,https://boliviaverifica.bo/el-presidente-luis-arce-no-revelo-que-voto-por-jallalla-la-paz/,El presidente Luis Arce no reveló que votó por Jallalla La Paz,Falso,Alta
401,boliviaverifica.bo,https://boliviaverifica.bo/usan-imagen-de-senadora-del-mas-para-pedir-voto-por-el-mts-en-pando/,Usan imagen de senadora del MAS para pedir voto por el MTS en Pando,Falso,Alta
402,boliviaverifica.bo,https://boliviaverifica.bo/esposa-de-candidato-oscar-montes-no-recibio-la-vacuna-contra-la-covid-19/,Esposa de candidato Oscar Montes no recibió la vacuna contra la Covid-19,Falso,Alta
403,boliviaverifica.bo,https://boliviaverifica.bo/comunicado-falso-el-tse-no-informo-sobre-la-suspension-del-certificado-de-sufragio-en-tramites-post-electorales/,¡Comunicado falso! El TSE no informó sobre la suspensión del certificado de sufragio en trámites post electorales,Falso,Alta
404,boliviaverifica.bo,https://boliviaverifica.bo/unitel-no-difundio-encuestas-para-la-segunda-vuelta-electoral-en-la-paz/,Unitel no difundió ninguna encuesta para la segunda vuelta electoral en La Paz,Falso,Alta
405,boliviaverifica.bo,https://boliviaverifica.bo/alcaldesa-electa-de-cobija-no-pidio-apoyar-al-mas-en-la-segunda-vuelta-electoral/,Alcaldesa electa de Cobija no pidió apoyar al MAS en la segunda vuelta electoral,Falso,Alta
406,boliviaverifica.bo,https://boliviaverifica.bo/la-youtuber-warmi-rosa-no-publico-una-imagen-apoyando-a-franklin-flores/,La youtuber Warmi Rosa no publicó una imagen apoyando a Franklin Flores,Falso,Alta
407,boliviaverifica.bo,https://boliviaverifica.bo/la-universidad-tarijena-no-publico-ninguna-encuesta-electoral/,La Universidad tarijeña no publicó ninguna encuesta electoral,Falso,Alta
408,boliviaverifica.bo,https://boliviaverifica.bo/el-deber-no-publico-que-franklin-flores-posee-tierras-en-ixiamas/,El Deber no publicó que Franklin Flores posee tierras en Ixiamas,Falso,Alta
409,boliviaverifica.bo,https://boliviaverifica.bo/global-politica-y-tu-voto-no-estan-habilitadas-para-elaborar-y-difundir-estudios-de-opinion/,Global Política y Tu Voto no están habilitadas para elaborar y difundir estudios de opinión,Falso,Alta
410,boliviaverifica.bo,https://boliviaverifica.bo/atribuyen-una-falsa-frase-a-periodista-andres-gomez-vela/,Atribuyen una falsa frase a periodista Andrés Gómez Vela,Falso,Alta
411,boliviaverifica.bo,https://boliviaverifica.bo/encuestas-electorales-de-redes-sociales-no-estan-permitidas/,Encuestas electorales de redes sociales no están permitidas,Falso,Alta
412,boliviaverifica.bo,https://boliviaverifica.bo/rafael-quispe-no-poso-en-una-fotografia-junto-a-franklin-flores-y-lidia-patty/,Rafael Quispe no posó en una fotografía junto a Franklin Flores y Lidia Patty,Falso,Alta
413,boliviaverifica.bo,https://boliviaverifica.bo/cadena-digital-sucre-no-es-una-entidad-autorizada-por-el-tse-para-realizar-estudios-de-opinion-en-materia-electoral/,Cadena Digital Sucre no es una entidad autorizada por el TSE para realizar estudios de opinión en materia electoral,Falso,Alta
414,boliviaverifica.bo,https://boliviaverifica.bo/oscar-montes-no-se-escapo-del-debate-electoral-en-tarija/,Oscar Montes no se “escapó” del debate electoral en Tarija,Falso,Alta
415,boliviaverifica.bo,https://boliviaverifica.bo/no-es-verdad-que-franklin-flores-mas-afirmo-que-los-medicos-se-contagian-a-proposito/,No es verdad que Franklin Flores (MAS) afirmó que “los médicos se contagian a propósito”,Falso,Alta
416,boliviaverifica.bo,https://boliviaverifica.bo/unitel-no-presento-encuesta-para-la-segunda-vuelta-en-tarija/,Unitel no presentó encuesta para la segunda vuelta en Tarija,Falso,Alta
417,boliviaverifica.bo,https://boliviaverifica.bo/concejal-electo-de-cochabamba-no-fue-condenado-a-diez-anos-de-prision/,Concejal electo de Cochabamba no fue condenado a diez años de prisión,Falso,Alta
418,boliviaverifica.bo,https://boliviaverifica.bo/imagenes-con-militantes-de-unidos-y-del-mas-en-tarija-no-son-de-un-pacto-entre-ambos/,Imágenes con militantes de Unidos y del MAS en Tarija no son de un “pacto” entre ambos,Falso,Alta
419,boliviaverifica.bo,https://boliviaverifica.bo/unitel-no-difundio-encuestas-para-segunda-vuelta-a-la-gobernacion-de-la-paz/,Unitel no difundió encuestas para segunda vuelta a la Gobernación de La Paz,Falso,Alta
420,boliviaverifica.bo,https://boliviaverifica.bo/falsa-encuesta-de-intencion-de-voto-en-tarija-da-como-ganador-al-candidato-del-mas/,Falsa encuesta de intención de voto en Tarija da como ganador al candidato del MAS,Falso,Alta
421,boliviaverifica.bo,https://boliviaverifica.bo/circula-declaracion-falsa-de-luis-fernando-camacho-a-santos-quispe/,Circula declaración falsa de Luis Fernando Camacho a Santos Quispe,Falso,Alta
422,boliviaverifica.bo,https://boliviaverifica.bo/jallalla-la-paz-no-hizo-alianza-con-somos-pueblo/,Jallalla La Paz no hizo alianza con Somos Pueblo,Falso,Alta
423,boliviaverifica.bo,https://boliviaverifica.bo/rafael-quispe-no-menciono-un-acuerdo-con-santos-quispe-para-la-segunda-vuelta-a-la-gobernacion-de-la-paz/,Rafael Quispe no mencionó un acuerdo con Santos Quispe para la segunda vuelta a la Gobernación de La Paz,Falso,Alta
424,boliviaverifica.bo,https://boliviaverifica.bo/candidato-del-mas-no-insulto-a-dirigente-segundina-flores/,Candidato del MAS no insultó a dirigente Segundina Flores,Falso,Alta
425,boliviaverifica.bo,https://boliviaverifica.bo/franklin-flores-no-critico-al-ciudadano-frances-alexis-dessard/,Franklin Flores no criticó al ciudadano francés Alexis Dessard,Falso,Alta
426,boliviaverifica.bo,https://boliviaverifica.bo/manipulan-titular-de-opinion-para-atribuir-una-declaracion-falsa-a-santos-quispe/,Manipulan titular de Opinión para atribuir una declaración falsa a Santos Quispe,Falso,Alta
427,boliviaverifica.bo,https://boliviaverifica.bo/falso-luis-fernando-camacho-no-menciono-que-financiara-a-santos-quispe/,Falso: Luis Fernando Camacho no mencionó que financiará a Santos Quispe,Falso,Alta
428,boliviaverifica.bo,https://boliviaverifica.bo/la-universidad-de-massachusetts-no-se-pronuncio-sobre-las-elecciones-de-2019-en-bolivia/,La Universidad de Massachusetts no se pronunció sobre las elecciones de 2019 en Bolivia,Falso,Alta
429,boliviaverifica.bo,https://boliviaverifica.bo/falsifican-comunicados-de-jallalla-para-desinformar-a-la-poblacion/,Falsifican comunicados de Jallalla para desinformar a la población sobre supuestas alianzas,Falso,Alta
430,boliviaverifica.bo,https://boliviaverifica.bo/manipulan-imagen-de-la-entrevista-de-evo-morales-en-canal-televisivo-argentino/,Manipulan imagen de la entrevista de Evo Morales en canal televisivo argentino,Falso,Alta
431,boliviaverifica.bo,https://boliviaverifica.bo/circula-falso-mandamiento-de-aprehension-en-contra-del-tata-quispe/,Circula falso mandamiento de aprehensión en contra del “Tata” Quispe,Falso,Alta
432,boliviaverifica.bo,https://boliviaverifica.bo/el-pais-de-tarija-no-publico-que-el-candidato-del-mas-usara-recursos-de-tariquia-para-pagar-bonos/,El País de Tarija no publicó que el candidato del MAS usará recursos de Tariquía para pagar bonos,Falso,Alta
433,boliviaverifica.bo,https://boliviaverifica.bo/el-joven-que-aparece-con-candidatos-del-mas-no-es-funcionario-del-tribunal-electoral/,El joven que aparece con candidatos del MAS no es funcionario del Tribunal Electoral,Falso,Alta
434,boliviaverifica.bo,https://boliviaverifica.bo/no-es-cierto-que-el-padron-crecio-30-en-provincias-para-favorecer-al-mas/,No es cierto que el padrón creció 30% en provincias para favorecer al MAS,Falso,Alta
435,boliviaverifica.bo,https://boliviaverifica.bo/falso-ivan-arias-no-dijo-que-el-acoso-es-algo-normal/,"Falso, Iván Arias no dijo que el acoso “es algo normal”",Falso,Alta
436,boliviaverifica.bo,https://boliviaverifica.bo/el-tribuno-de-argentina-no-titulo-sobre-el-supuesto-voto-gaucho-en-bolivia/,El Tribuno de Argentina no tituló sobre el supuesto “voto gaucho” en Bolivia,Falso,Alta
437,boliviaverifica.bo,https://boliviaverifica.bo/periodico-beniano-no-publico-que-ivan-arias-invito-a-jeanine-anez-a-trabajar-en-la-alcaldia/,Periódico beniano no publicó que Iván Arias invitó a Jeanine Áñez a trabajar en la Alcaldía,Falso,Alta
438,boliviaverifica.bo,https://boliviaverifica.bo/la-union-juvenil-crucenista-no-convoco-a-defender-el-voto-afuera-de-la-feria-expocruz/,La Unión Juvenil Cruceñista no convocó a defender el voto afuera de la feria Expocruz,Falso,Alta
439,boliviaverifica.bo,https://boliviaverifica.bo/nota-sobre-una-supuesta-encuesta-de-unitel-no-paso-por-el-radar-de-bolivia-verifica/,Nota sobre una supuesta encuesta de Unitel no pasó por el radar de Bolivia Verifica,Falso,Alta
440,boliviaverifica.bo,https://boliviaverifica.bo/imagen-de-la-papeleta-de-sufragio-no-es-un-requisito-para-acceder-a-bonos-sociales/,Imagen de la papeleta de sufragio no es un requisito para acceder a bonos sociales,Falso,Alta
441,boliviaverifica.bo,https://boliviaverifica.bo/es-falso-que-focaliza-este-parcializada-con-gary-anez/,Es falso que Focaliza esté parcializada con Gary Añez,Falso,Alta
442,boliviaverifica.bo,https://boliviaverifica.bo/ivan-arias-no-fue-denunciado-por-acoso-en-su-mesa-de-votacion/,Iván Arias no fue denunciado por acoso en su mesa de votación,Falso,Alta
443,boliviaverifica.bo,https://boliviaverifica.bo/tuit-falso-evo-morales-no-publico-que-las-encuestas-son-pagadas-por-el-imperio/,Tuit falso: Evo Morales no publicó que “las encuestas son pagadas por el imperio”,Falso,Alta
444,boliviaverifica.bo,https://boliviaverifica.bo/circula-una-cadena-de-whatsapp-con-informacion-falsa-sobre-resultado-electoral/,Circula una cadena de WhatsApp con información falsa sobre el resultado electoral,Falso,Alta
445,boliviaverifica.bo,https://boliviaverifica.bo/manipulan-portada-de-pagina-siete-con-informacion-sobre-juan-ramon-quintana/,Manipulan portada de Página Siete con información sobre Juan Ramón Quintana,Falso,Alta
446,boliviaverifica.bo,https://boliviaverifica.bo/evo-morales-da-datos-falsos-sobre-resultados-en-boca-de-urna/,Evo Morales da datos falsos sobre resultados en boca de urna,Falso,Alta
447,boliviaverifica.bo,https://boliviaverifica.bo/no-es-cierto-que-la-ocd-detecto-840-mesas-electorales-observadas/,No es cierto que la OCD detectó 840 mesas electorales observadas,Falso,Alta
448,boliviaverifica.bo,https://boliviaverifica.bo/es-falso-que-quienes-no-pudieron-ejercer-su-voto-podran-sufragar-la-siguiente-semana/,"Es falso que quienes no pudieron ejercer su voto, podrán sufragar la siguiente semana",Falso,Alta
449,boliviaverifica.bo,https://boliviaverifica.bo/falso-la-empresa-peruana-de-investigacion-imasen-no-realizo-encuestas-en-bolivia/,"Falso: La empresa peruana de investigación, Imasen, no realizó encuestas en Bolivia",Falso,Alta
450,boliviaverifica.bo,https://boliviaverifica.bo/subnacionales-2021-no-son-las-papeletas-oficiales-sino-las-informativas/,"Subnacionales 2021: No son las papeletas oficiales, sino las informativas",Falso,Alta
451,boliviaverifica.bo,https://boliviaverifica.bo/usan-imagen-de-la-patria-para-publicar-falsos-anuncios-aludidos-a-un-candidato-de-oruro/,Usan imagen de La Patria para publicar falsos anuncios de un candidato en Oruro,Falso,Alta
452,boliviaverifica.bo,https://boliviaverifica.bo/atribuyen-una-publicacion-falsa-a-pagina-siete-sobre-nelson-cox-y-el-supuesto-bono-de-bs-1500/,Atribuyen una publicación falsa a Página Siete sobre Nelson Cox y el supuesto bono de Bs. 1500,Falso,Alta
453,boliviaverifica.bo,https://boliviaverifica.bo/marcelo-medina-candidato-a-la-alcaldia-orurena-no-declino-su-candidatura/,"Marcelo Medina, candidato a la Alcaldía orureña, no declinó su candidatura",Falso,Alta
454,boliviaverifica.bo,https://boliviaverifica.bo/evo-morales-no-tuiteo-que-si-humberto-sanchez-gana-la-gobernacion-tiene-garantizado-un-regalo/,Evo Morales no tuiteó que si Humberto Sánchez gana la Gobernación tiene garantizado un regalo,Falso,Alta
455,boliviaverifica.bo,https://boliviaverifica.bo/cecilia-huanca-desmiente-ser-candidata-a-concejal-y-tener-contacto-virtual-con-ivan-arias/,Cecilia Huanca desmiente ser candidata a concejal y tener contacto virtual con Iván Arias,Falso,Alta
456,boliviaverifica.bo,https://boliviaverifica.bo/las-4-falsedades-para-danar-el-proceso-electoral-que-se-difunden-en-la-plaza-24-de-septiembre/,Las 4 falsedades para dañar el proceso electoral que se difunden en la plaza 24 de Septiembre,Falso,Alta
457,boliviaverifica.bo,https://boliviaverifica.bo/activista-melisa-ibarra-no-publico-agresivo-tweet-contra-las-mujeres/,Activista Melisa Ibarra no publicó agresivo tuit contra las mujeres,Falso,Alta
458,boliviaverifica.bo,https://boliviaverifica.bo/con-un-video-de-puerto-quijarro-aseguran-que-gary-anez-paga-bs-100-a-sus-seguidores/,Con un video de Puerto Quijarro aseguran que Gary Añez paga Bs. 100 a sus seguidores,Falso,Alta
459,boliviaverifica.bo,https://boliviaverifica.bo/es-falso-que-se-eliminaron-los-metadatos-de-las-actas-de-votacion-de-las-elecciones-2020/,Es falso que se eliminaron los metadatos de las actas de votación de las elecciones 2020,Falso,Alta
460,boliviaverifica.bo,https://boliviaverifica.bo/los-recibos-que-indican-que-elio-montes-envio-dinero-a-camacho-y-arias-son-falsos/,Los recibos que indican que Elio Montes envió dinero a Camacho y Arias son falsos,Falso,Alta
461,boliviaverifica.bo,https://boliviaverifica.bo/circula-una-falsa-encuesta-de-intencion-de-voto-para-la-gobernacion-de-santa-cruz/,Circula una falsa encuesta de intención de voto para la Gobernación de Santa Cruz,Falso,Alta
462,boliviaverifica.bo,https://boliviaverifica.bo/jallalla-la-paz-no-anuncio-que-se-retira-de-las-elecciones-en-la-paz/,"Falso, Jallalla no anunció que se retira de las elecciones en La Paz",Falso,Alta
463,boliviaverifica.bo,https://boliviaverifica.bo/no-es-verdad-que-la-gobernacion-de-santa-cruz-no-construyo-ningun-instituto-tecnologico-como-afirmo-adriana-salvatierra/,Es falso que la Gobernación de Santa Cruz no construyó ningún instituto tecnológico,Falso,Alta
464,boliviaverifica.bo,https://boliviaverifica.bo/eva-copa-es-victima-de-una-noticia-falsa-sobre-la-tragedia-suscitada-en-la-upea/,Eva Copa es víctima de una noticia falsa sobre la tragedia suscitada en la UPEA,Falso,Alta
465,boliviaverifica.bo,https://boliviaverifica.bo/jhonny-fernandez-no-aprobo-el-poa-2021-como-aseguro-angelica-sosa-en-el-debate/,Jhonny Fernández no aprobó el POA 2021 como aseguró Angélica Sosa en el debate,Falso,Alta
466,boliviaverifica.bo,https://boliviaverifica.bo/el-hombre-que-acosa-a-una-mujer-en-un-ascensor-no-es-ivan-arias-el-video-es-de-otro-pais/,"El hombre que acosa a una mujer en un ascensor no es Iván Arias, el video es de otro país",Falso,Alta
467,boliviaverifica.bo,https://boliviaverifica.bo/samuel-doria-medina-no-publico-un-tuit-en-apoyo-a-candidatos-de-tarija/,Samuel Doria Medina no publicó un tuit en apoyo a candidatos de Tarija,Falso,Alta
468,boliviaverifica.bo,https://boliviaverifica.bo/zacarias-maquera-no-pidio-que-voten-por-el-mas-porque-le-debe-favores-a-wilma-alanoca/,Zacarías Maquera no pidió que voten por el MAS porque le debe favores a Wilma Alanoca,Falso,Alta
469,boliviaverifica.bo,https://boliviaverifica.bo/evo-morales-no-tuiteo-que-es-una-obligacion-votar-por-nelson-cox/,Evo Morales no tuiteó que es “una obligación” votar por Nelson Cox,Falso,Alta
470,boliviaverifica.bo,https://boliviaverifica.bo/cesar-dockweiler-postergo-el-acto-de-campana-del-2-de-marzo-la-imagen-que-circula-en-redes-es-falsa/,"César Dockweiler postergó el acto de campaña del 2 de marzo, la imagen que circula en redes es falsa",Falso,Alta
471,boliviaverifica.bo,https://boliviaverifica.bo/luis-fernando-camacho-no-dijo-que-pretende-eliminar-los-examenes-escritos-para-los-universitarios/,Luis Fernando Camacho no dijo que pretende eliminar los exámenes escritos para los universitarios,Falso,Alta
472,boliviaverifica.bo,https://boliviaverifica.bo/helicoptero-estatal-no-fue-utilizado-durante-el-cierre-de-campana-del-mas-en-yapacani/,Helicóptero estatal no fue utilizado durante el cierre de campaña del MAS en Yapacaní,Falso,Alta
473,boliviaverifica.bo,https://boliviaverifica.bo/manfred-reyes-villa-no-ha-sido-rehabilitado-como-candidato-para-la-alcaldia-de-cochabamba/,Manfred Reyes Villa no ha sido rehabilitado como candidato para la Alcaldía de Cochabamba,Falso,Alta
474,boliviaverifica.bo,https://boliviaverifica.bo/no-esta-comprobado-que-la-ivermectina-baje-la-carga-viral-del-coronavirus-como-afirma-un-candidato-en-tarija/,"No está comprobado que la ivermectina baje la carga viral del coronavirus, como afirma un candidato en Tarija",Falso,Alta
475,boliviaverifica.bo,https://boliviaverifica.bo/circula-comunicado-falso-sobre-la-alcaldia-pacena/,Circula comunicado falso sobre la Alcaldía paceña,Falso,Alta
476,boliviaverifica.bo,https://boliviaverifica.bo/encuestas-falsas-de-intencion-de-voto-en-cochabamba-benefician-a-nelson-cox/,Encuestas falsas de intención de voto en Cochabamba benefician a Nelson Cox,Falso,Alta
477,boliviaverifica.bo,https://boliviaverifica.bo/encuestas-falsas-de-intencion-de-voto-en-tarija-benefician-a-adrian-oliva/,Encuestas falsas de intención de voto en Tarija benefician a Adrián Oliva,Falso,Alta
478,boliviaverifica.bo,https://boliviaverifica.bo/atribuyen-a-cesar-dockweiler-una-declaracion-falsa-sobre-eva-copa-y-santos-quispe/,Atribuyen a César Dockweiler una declaración falsa sobre Eva Copa y Santos Quispe,Falso,Alta
479,boliviaverifica.bo,https://boliviaverifica.bo/eva-copa-no-dijo-que-si-habla-de-arce-y-el-partido-ambos-se-caen-a-pedazos/,"Eva Copa no dijo que si habla de Arce y el partido, ambos ‘se caen a pedazos’",Falso,Alta
480,boliviaverifica.bo,https://boliviaverifica.bo/bolivia-verifica-no-publico-ninguna-afirmacion-sobre-una-encuesta-en-oruro/,Bolivia Verifica no publicó ninguna afirmación sobre una encuesta en Oruro,Falso,Alta
481,boliviaverifica.bo,https://boliviaverifica.bo/usan-fotos-antiguas-de-las-hijas-del-candidato-tarijeno-oscar-montes-para-desinformar/,Usan fotos antiguas de las hijas del candidato tarijeño Oscar Montes para desinformar,Falso,Alta
482,boliviaverifica.bo,https://boliviaverifica.bo/el-tuit-en-el-que-samuel-doria-medina-brinda-su-apoyo-a-ivan-arias-es-falso/,El tuit en el que Samuel Doria Medina brinda su apoyo a Iván Arias es falso,Falso,Alta
483,boliviaverifica.bo,https://boliviaverifica.bo/encuesta-falsa-muestra-resultados-que-benefician-a-ivan-arias-en-la-paz/,Encuesta falsa muestra resultados que benefician a Iván Arias en La Paz,Falso,Alta
484,boliviaverifica.bo,https://boliviaverifica.bo/circula-falsa-publicacion-sobre-eva-copa-y-una-frase-del-movimiento-pitita/,Circula falsa publicación sobre Eva Copa y una frase del movimiento ‘pitita’,Falso,Alta
485,boliviaverifica.bo,https://boliviaverifica.bo/encuestas-falsas-de-candidatos-a-la-alcaldia-crucena-circulan-por-facebook/,Encuestas falsas de candidatos a la Alcaldía cruceña circulan por Facebook,Falso,Alta
486,boliviaverifica.bo,https://boliviaverifica.bo/difunden-video-de-protestas-en-ecuador-como-si-fuese-una-proclamacion-del-mas/,Difunden video de protestas en Ecuador como si fuese una proclamación del MAS,Falso,Alta
487,boliviaverifica.bo,https://boliviaverifica.bo/encuestas-falsas-de-candidatos-a-la-alcaldia-crucena-favorecen-a-johnny-fernandez/,Encuestas falsas de candidatos a la Alcaldía cruceña favorecen a Johnny Fernández,Falso,Alta
488,boliviaverifica.bo,https://boliviaverifica.bo/difunden-falsas-encuestas-de-intencion-de-voto-en-tarija/,Difunden falsas encuestas de intención de voto en Tarija,Falso,Alta
489,boliviaverifica.bo,https://boliviaverifica.bo/franklin-flores-no-se-refirio-al-recibimiento-que-tuvo-evo-morales-en-el-alto/,Franklin Flores no se refirió al recibimiento que tuvo Evo Morales en El Alto,Falso,Alta
490,boliviaverifica.bo,https://boliviaverifica.bo/las-encuestas-realizadas-a-traves-de-facebook-no-estan-autorizadas-por-el-tse/,Las encuestas realizadas a través de Facebook no están autorizadas por el TSE,Falso,Alta
491,boliviaverifica.bo,https://boliviaverifica.bo/usan-imagen-de-erbol-para-difundir-declaraciones-falsas-de-segundina-flores/,Usan imagen de Erbol para difundir declaraciones falsas de Segundina Flores,Falso,Alta
492,boliviaverifica.bo,https://boliviaverifica.bo/falso-tuit-de-morales-indica-que-si-el-mas-pierde-en-el-alto-no-habra-obras-para-esa-ciudad/,Falso tuit de Morales indica que si el MAS pierde en El Alto no habrá obras para esa ciudad,Falso,Alta
493,boliviaverifica.bo,https://boliviaverifica.bo/es-falso-que-johnny-fernandez-entrega-celulares-como-regalo-de-campana-electoral/,Es falso que Johnny Fernández entrega celulares como regalo de campaña electoral,Falso,Alta
494,boliviaverifica.bo,https://boliviaverifica.bo/circula-una-falsa-encuesta-que-muestra-renida-eleccion-para-alcalde-en-tarija/,Circula una falsa encuesta que muestra reñida elección para alcalde en Tarija,Falso,Alta
495,boliviaverifica.bo,https://boliviaverifica.bo/ivan-arias-no-dijo-que-eliminara-los-telefericos-en-la-paz/,Iván Arias no dijo que eliminará los teleféricos en La Paz,Falso,Alta
496,boliviaverifica.bo,https://boliviaverifica.bo/eva-copa-no-dijo-que-arturo-murillo-es-alteno-ni-lo-defendio/,Eva Copa no dijo que Arturo Murillo es alteño ni lo defendió,Falso,Alta
497,boliviaverifica.bo,https://boliviaverifica.bo/alumbrado-publico-no-coloco-banderas-de-la-campana-de-santa-cruz-para-todos/,Alumbrado público no colocó banderas de la campaña de Santa Cruz para Todos,Falso,Alta
498,boliviaverifica.bo,https://boliviaverifica.bo/focaliza-no-realizo-encuestas-de-intencion-de-voto-para-la-alcaldia-de-potosi/,Focaliza no realizó encuestas de intención de voto para la Alcaldía de Potosí,Falso,Alta
499,boliviaverifica.bo,https://boliviaverifica.bo/manipulan-un-titular-de-anf-para-atribuir-declaraciones-falsas-a-eva-copa/,Manipulan un titular de ANF para atribuir declaraciones falsas a Eva Copa,Falso,Alta
500,boliviaverifica.bo,https://boliviaverifica.bo/cayo-el-techo-del-coliseo-de-arani-pero-no-fue-por-falta-de-pago-a-la-empresa-constructora/,Cayó el techo del coliseo de Arani pero no fue por falta de pago a la empresa constructora,Falso,Alta
501,boliviaverifica.bo,https://boliviaverifica.bo/franklin-flores-no-menciono-nada-sobre-trabajar-con-alcaldes-de-oposicion-si-es-electo-gobernador/,Franklin Flores no mencionó nada sobre trabajar con alcaldes de oposición si es electo gobernador,Falso,Alta
502,boliviaverifica.bo,https://boliviaverifica.bo/falsas-encuestas-de-votacion-para-la-gobernacion-y-alcaldia-crucena-circulan-en-facebook/,Falsas encuestas de votación para la Gobernación y Alcaldía cruceña circulan en Facebook,Falso,Alta
503,boliviaverifica.bo,https://boliviaverifica.bo/realizan-montaje-en-una-portada-de-el-pais-de-espana-para-denunciar-a-candidato-tarijeno/,Realizan montaje en una portada de El País de España para denunciar a candidato tarijeño,Falso,Alta
504,boliviaverifica.bo,https://boliviaverifica.bo/encuesta-falsa-de-candidatos-a-la-alcaldia-cochabambina-favorece-al-mas/,Encuesta falsa de candidatos a la Alcaldía cochabambina favorece al MAS,Falso,Alta
505,boliviaverifica.bo,https://boliviaverifica.bo/falsifican-un-tuit-de-jeanine-anez-para-indicar-que-respalda-a-ivan-arias/,Falsifican un tuit de Jeanine Áñez para indicar que respalda a Iván Arias,Falso,Alta
506,boliviaverifica.bo,https://boliviaverifica.bo/supuesta-encuesta-de-intencion-de-voto-pone-en-primer-lugar-a-cesar-dockweiler/,Supuesta encuesta de intención de voto pone en primer lugar a Cesar Dockweiler,Falso,Alta
507,boliviaverifica.bo,https://boliviaverifica.bo/data-inspiron-supuesta-encuestadora-no-aparece-en-el-listado-de-registro-del-tse/,"“Data inspiron”, supuesta encuestadora no aparece en el listado de registro del TSE",Falso,Alta
508,boliviaverifica.bo,https://boliviaverifica.bo/falsa-encuesta-crucena-posiciona-en-primer-lugar-a-gary-anez/,Encuesta falsa posiciona a Gary Áñez en primer lugar de intención de votos para alcaldía cruceña,Falso,Alta
509,boliviaverifica.bo,https://boliviaverifica.bo/intentan-enganar-a-la-poblacion-sobre-supuesta-cancelacion-del-perroton/,Intentan engañar a la población sobre supuesta cancelación del “Perrotón”,Falso,Alta
510,boliviaverifica.bo,https://boliviaverifica.bo/circula-fotografia-alterada-que-intenta-vincular-a-mario-cronenbold-con-un-candidato-de-creemos/,Circula fotografía alterada que intenta vincular a Mario Cronenbold con un candidato de Creemos,Falso,Alta
511,boliviaverifica.bo,https://boliviaverifica.bo/jeanine-anez-no-dijo-que-reyes-villa-ayudo-a-salir-del-pais-a-lopez-y-a-murillo/,Jeanine Áñez no dijo que Reyes Villa ayudó a salir del país a López y a Murillo,Falso,Alta
512,boliviaverifica.bo,https://boliviaverifica.bo/denuncia-de-cesar-dockweiler-sobre-el-cierre-de-un-centro-de-salud-es-falsa/,Actualizado: Denuncia de César Dockweiler sobre el cierre de un centro de salud es falsa,Falso,Alta
513,boliviaverifica.bo,https://boliviaverifica.bo/encuesta-de-validata-y-opinion-cruzada-sobre-candidatos-de-cochabamba-no-es-oficial/,“Validata” y “Opinión Cruzada” no son reconocidas por el TSE,Falso,Alta
514,boliviaverifica.bo,https://boliviaverifica.bo/luis-revilla-no-afirmo-que-la-continuidad-de-su-gestion-estara-representada-por-ivan-arias/,Luis Revilla no afirmó que “la continuidad de su gestión estará representada por Iván Arias”,Falso,Alta
515,boliviaverifica.bo,https://boliviaverifica.bo/no-carlos-mesa-no-menciono-que-con-su-presencia-se-podria-construir-una-nueva-y-mejorada-santa-cruz/,"No, Carlos Mesa no mencionó que con su presencia se podría construir una “nueva y mejorada Santa Cruz”",Falso,Alta
516,boliviaverifica.bo,https://boliviaverifica.bo/falso-manfred-reyes-villa-no-agradecio-el-apoyo-de-jeanine-anez/,"Falso, Manfred Reyes Villa no agradeció el “apoyo” de Jeanine Áñez",Falso,Alta
517,boliviaverifica.bo,https://boliviaverifica.bo/imagen-sobre-fallas-en-sistema-informatico-del-tse-no-corresponden-a-bolivia/,Imagen sobre fallas en sistema informático del TSE no corresponde a Bolivia,Falso,Alta
518,boliviaverifica.bo,https://boliviaverifica.bo/ivan-arias-no-entro-ebrio-a-entrevista-con-atb/,Iván Arias no entró ebrio a entrevista con ATB,Falso,Alta
519,boliviaverifica.bo,https://boliviaverifica.bo/jeanine-anez-no-felicito-a-ivan-arias-por-ultima-encuesta/,Jeanine Áñez no felicitó a Iván Arias por última encuesta,Falso,Alta
520,boliviaverifica.bo,https://boliviaverifica.bo/ivan-arias-no-mando-a-paralizar-obras-del-tren-metropolitano-cuando-era-ministro-pero-si-hubo-un-retraso/,"Iván Arias no mandó a paralizar obras del tren metropolitano cuando era ministro, pero sí hubo un retraso",Falso,Alta
521,boliviaverifica.bo,https://boliviaverifica.bo/gonzalo-torrez-no-renuncio-a-su-candidatura-a-la-alcaldia-de-tarija/,Gonzalo Torrez no renunció a su candidatura a la Alcaldía de Tarija,Falso,Alta
522,boliviaverifica.bo,https://boliviaverifica.bo/el-deber-no-publico-una-encuesta-que-muestra-a-angelica-sosa-en-primer-lugar/,El Deber no publicó una encuesta que muestra a Angélica Sosa en primer lugar,Falso,Alta
523,boliviaverifica.bo,https://boliviaverifica.bo/difunden-falsas-encuestas-de-intencion-de-voto-de-la-paz-y-santa-cruz-para-beneficiar-a-los-candidatos-del-mas/,Difunden falsas encuestas de intención de voto de La Paz y Santa Cruz para beneficiar a los candidatos del MAS,Falso,Alta
524,boliviaverifica.bo,https://boliviaverifica.bo/unitel-no-presento-encuesta-de-candidatos-a-la-gobernacion-de-tarija/,Unitel no presentó encuesta de candidatos a la Gobernación de Tarija,Falso,Alta
525,boliviaverifica.bo,https://boliviaverifica.bo/cc-desmiente-que-guido-nayar-sea-jefe-de-campana-de-gary-anez/,CC desmiente que Guido Nayar sea jefe de campaña de Gary Añez,Falso,Alta
526,boliviaverifica.bo,https://boliviaverifica.bo/encuestas-no-autorizadas-sobre-las-subnacionales-circulan-en-redes-sociales/,Encuestas no autorizadas sobre las Subnacionales circulan en redes sociales,Falso,Alta
527,boliviaverifica.bo,https://boliviaverifica.bo/presidente-del-senado-no-afirmo-que-las-elecciones-no-se-postergarian-por-ordenes-de-los-cocales-del-tropico/,Presidente del Senado no afirmó que las elecciones no se postergarían por órdenes de los ‘cocales del Trópico’,Falso,Alta
528,boliviaverifica.bo,https://boliviaverifica.bo/publican-fotografia-antigua-de-eva-copa-para-vincularla-con-otras-personas/,Publican fotografía antigua de Eva Copa para vincularla con otras personas,Falso,Alta
529,boliviaverifica.bo,https://boliviaverifica.bo/falso-china-hace-mas-de-35-anos-que-no-construye-carreteras-no-construye-puentes-todo-es-inversion-extranjera/,"Falso: “China hace más de 35 años que no construye carreteras, no construye puentes. Todo es inversión extranjera”",Falso,Alta
530,boliviaverifica.bo,https://boliviaverifica.bo/con-un-video-del-2019-aseguran-que-el-candidato-franklin-flores-no-tiene-apoyo-en-los-yungas/,Con un video del 2019 aseguran que el candidato Franklin Flores no tiene apoyo en los Yungas,Falso,Alta
531,boliviaverifica.bo,https://boliviaverifica.bo/arias-no-hizo-cerrar-negocios-durante-su-campana-como-candidato-el-video-es-antiguo/,"Arias no hizo cerrar negocios durante su campaña como candidato, el video es antiguo",Falso,Alta
532,boliviaverifica.bo,https://boliviaverifica.bo/adriana-salvatierra-no-menciono-devolucion-de-tractores-en-debate-televisivo/,Adriana Salvatierra no mencionó devolución de tractores en debate televisivo,Falso,Alta
533,boliviaverifica.bo,https://boliviaverifica.bo/encuestas-falsas-de-intencion-de-voto-para-la-alcaldia-de-santa-cruz-circulan-en-redes-sociales/,Encuestas falsas de intención de voto para la Alcaldía de Santa Cruz circulan en redes sociales,Falso,Alta
534,boliviaverifica.bo,https://boliviaverifica.bo/crean-una-pagina-falsa-de-facebook-con-el-nombre-de-ciesmori-chuquisaca/,Crean una página falsa de Facebook con el nombre de “Ciesmori Chuquisaca”,Falso,Alta
535,boliviaverifica.bo,https://boliviaverifica.bo/cuidado-un-sitio-web-difunde-informacion-falsa-mediante-facebook/,¡Cuidado! Un sitio web difunde información falsa mediante Facebook,Falso,Alta
536,boliviaverifica.bo,https://boliviaverifica.bo/creemos-desmiente-publicacion-referida-a-camacho-sobre-vacunas-anti-covid-para-candidatos/,“Creemos” desmiente publicación referida a Camacho sobre vacunas anti covid para candidatos,Falso,Alta
537,boliviaverifica.bo,https://boliviaverifica.bo/jallalla-la-paz-desmiente-postulacion-de-chi-en-reemplazo-del-mallku/,“Jallalla La Paz” desmiente postulación de Chi en reemplazo del Mallku,Falso,Alta
538,boliviaverifica.bo,https://boliviaverifica.bo/termometro-de-falsedades-gobierno-candidatos-y-exautoridades-mintieron-sobre-coronavirus/,"Termómetro de falsedades: Gobierno, candidatos y exautoridades mintieron sobre coronavirus",Falso,Alta
539,boliviaverifica.bo,https://boliviaverifica.bo/subnacionales-2021-difunden-una-encuesta-con-resultados-falsos-de-tarija/,Subnacionales 2021: Difunden una encuesta con resultados falsos de Tarija,Falso,Alta
540,boliviaverifica.bo,https://boliviaverifica.bo/falsas-encuestas-de-votacion-para-la-alcaldia-de-trinidad-circulan-en-redes-sociales/,Falsas encuestas de votación para la Alcaldía de Trinidad circulan en redes sociales,Falso,Alta
541,boliviaverifica.bo,https://boliviaverifica.bo/nelson-cox-no-dijo-que-la-gente-de-la-zona-sur-de-cochabamba-es-ignorante/,Nelson Cox no dijo que la gente de la zona sur de Cochabamba es ignorante,Falso,Alta
542,boliviaverifica.bo,https://boliviaverifica.bo/circula-falsa-encuesta-que-da-preferencia-electoral-a-adriana-salvatierra/,Circula falsa encuesta que da preferencia electoral a Adriana Salvatierra,Falso,Alta
543,boliviaverifica.bo,https://boliviaverifica.bo/falso-evo-morales-no-dijo-que-con-muerte-del-mallku-tienen-ganada-la-gobernacion-de-la-paz/,"Falso, Evo Morales no dijo que con muerte del Mallku tienen “ganada” la Gobernación de La Paz",Falso,Alta
544,boliviaverifica.bo,https://boliviaverifica.bo/crean-cuenta-falsa-de-waldo-albarracin-en-twitter/,Crean cuenta falsa de Waldo Albarracín en Twitter,Falso,Alta
545,boliviaverifica.bo,https://boliviaverifica.bo/se-difunde-falsa-encuesta-de-intencion-de-voto-para-la-alcaldia-de-la-paz/,Se difunde falsa encuesta de intención de voto para la Alcaldía de La Paz,Falso,Alta
546,boliviaverifica.bo,https://boliviaverifica.bo/la-paz-bus-no-realizo-campana-por-el-candidato-cesar-dockweiler/,La Paz Bus no realizó campaña por el candidato César Dockweiler,Falso,Alta
547,boliviaverifica.bo,https://boliviaverifica.bo/la-encuesta-que-muestra-como-favorito-a-zacarias-maquera-en-el-alto-es-falsa/,La encuesta que muestra como favorito a Zacarías Maquera en El Alto es falsa,Falso,Alta
548,boliviaverifica.bo,https://boliviaverifica.bo/no-es-verdad-que-hay-que-dejar-de-usar-mascarillas-en-las-calles-como-dice-un-candidato-en-beni/,No es verdad que “hay que dejar de usar mascarillas en las calles” como dice un candidato en Beni,Falso,Alta
549,boliviaverifica.bo,https://boliviaverifica.bo/encuesta-que-favorece-a-eva-copa-no-es-oficial/,Encuesta que favorece a Eva Copa no es oficial,Falso,Alta
550,boliviaverifica.bo,https://boliviaverifica.bo/dos-encuestas-falsas-de-la-paz-y-santa-cruz-circulan-en-las-redes-sociales/,Dos encuestas falsas de La Paz y Santa Cruz circulan en las redes sociales,Falso,Alta
551,boliviaverifica.bo,https://boliviaverifica.bo/falso-yassir-molina-lider-de-la-rjc-no-postula-a-la-alcaldia-de-cochabamba/,"Falso: Yassir Molina, líder de la RJC, no postula a la Alcaldía de Cochabamba",Falso,Alta
552,boliviaverifica.bo,https://boliviaverifica.bo/falsas-declaraciones-atribuidas-el-ministro-del-castillo-y-al-ex-candidato-reynaldo-ezequiel-se-difunden-en-whatsapp/,Falsas declaraciones atribuidas el ministro Del Castillo y al ex candidato Reynaldo Ezequiel se difunden por WhatsApp,Falso,Alta
553,boliviaverifica.bo,https://boliviaverifica.bo/circula-falsa-encuesta-sobre-intencion-de-voto-para-la-gobernacion-de-santa-cruz/,Circula falsa encuesta sobre intención de voto para la gobernación de Santa Cruz,Falso,Alta
554,boliviaverifica.bo,https://boliviaverifica.bo/es-falso-que-el-tse-prepara-un-anuncio-para-suspender-las-elecciones/,Es falso que el TSE prepara un anuncio para suspender las elecciones,Falso,Alta
555,boliviaverifica.bo,https://boliviaverifica.bo/comunidad-ciudadana-no-se-unio-al-mas-para-las-elecciones-subnacionales-en-santa-cruz/,Comunidad Ciudadana no se unió al MAS para las elecciones subnacionales en Santa Cruz,Falso,Alta
556,boliviaverifica.bo,https://boliviaverifica.bo/usan-un-video-del-extranjero-para-culpar-a-felix-patzi-por-el-estado-de-las-carreteras/,Usan un video del extranjero para culpar a Félix Patzi por el estado de las carreteras,Falso,Alta
557,boliviaverifica.bo,https://boliviaverifica.bo/falso-rodriguez-no-dijo-que-si-hay-150-muertos-se-evaluara-la-suspension-de-elecciones/,Falso: Rodríguez no dijo que si hay 150 muertos se evaluará la suspensión de elecciones,Falso,Alta
558,boliviaverifica.bo,https://boliviaverifica.bo/falsa-encuesta-posiciona-en-primer-lugar-a-indecisos-en-santa-cruz-de-la-sierra/,Falsa encuesta posiciona en primer lugar a “indecisos” en Santa Cruz de la Sierra,Falso,Alta
559,boliviaverifica.bo,https://boliviaverifica.bo/eva-copa-no-relego-su-candidatura-a-la-alcaldia-de-el-alto/,Eva Copa no relegó su candidatura a la Alcaldía de El Alto,Falso,Alta
560,boliviaverifica.bo,https://boliviaverifica.bo/circula-falsa-encuesta-de-intencion-de-voto-en-santa-cruz/,Circula falsa encuesta de intención de voto en Santa Cruz,Falso,Alta
561,boliviaverifica.bo,https://boliviaverifica.bo/cesar-dockweiler-no-realizo-campana-en-instalaciones-de-mi-teleferico/,Cesar Dockweiler no realizó campaña en instalaciones de Mi Teleférico,Falso,Alta
562,boliviaverifica.bo,https://boliviaverifica.bo/es-falso-que-evo-se-disculpo-por-causar-conflictos-por-un-supuesto-dedazo/,Es falso que Evo se disculpó por causar conflictos por un supuesto ‘dedazo’,Falso,Alta
563,boliviaverifica.bo,https://boliviaverifica.bo/es-falso-arias-no-dijo-que-concedera-los-buses-pumakatari-a-los-transportistas-si-es-alcalde/,"Es falso, Arias no dijo que concederá los buses PumaKatari a los transportistas si es alcalde",Falso,Alta
564,boliviaverifica.bo,https://boliviaverifica.bo/eva-copa-no-declino-su-candidatura-y-tampoco-decidio-apoyar-al-postulante-del-mas/,Eva Copa no declinó su candidatura y tampoco decidió apoyar al postulante del MAS,Falso,Alta
565,boliviaverifica.bo,https://boliviaverifica.bo/ivan-arias-no-acordo-entregar-los-buses-pumakatari-a-los-transportistas/,Iván Arias no acordó entregar los buses PumaKatari a los transportistas,Falso,Alta
566,boliviaverifica.bo,https://boliviaverifica.bo/pumari-no-confirmo-su-candidatura-para-las-elecciones-subnacionales/,Pumari no confirmó su candidatura para las elecciones subnacionales,Falso,Alta
567,boliviaverifica.bo,https://boliviaverifica.bo/creemos-no-designo-a-mario-cronenbold-como-candidato-a-la-alcaldia-de-warnes/,Creemos no designó a Mario Cronenbold como candidato a la alcaldía de Warnes,Falso,Alta
568,boliviaverifica.bo,https://boliviaverifica.bo/militantes-de-cc-y-creemos-no-se-pelearon-en-santa-cruz/,Militantes de CC y Creemos no se pelearon en Santa Cruz,Falso,Alta
569,boliviaverifica.bo,https://boliviaverifica.bo/circula-encuesta-falsa-de-posibles-candidatos-a-la-alcaldia-crucena/,Circula encuesta falsa de posibles candidatos a la Alcaldía cruceña,Falso,Alta
570,boliviaverifica.bo,https://boliviaverifica.bo/falso-la-zona-norte-de-cochabamba-no-proclamo-a-yassir-molina-como-candidato-a-alcalde/,Falso: La zona norte de Cochabamba no proclamó a Yassir Molina como candidato a alcalde,Falso,Alta
571,boliviaverifica.bo,https://boliviaverifica.bo/evo-morales-no-anuncio-su-candidatura-a-gobernador-de-cochabamba/,Evo Morales no anunció su candidatura a gobernador de Cochabamba,Falso,Alta
572,boliviaverifica.bo,https://boliviaverifica.bo/mario-cronenbold-no-advirtio-con-irse-del-mas-si-procesan-a-murillo-y-anez/,Mario Cronenbold no advirtió con irse del MAS si procesan a Murillo y Áñez,Falso,Alta
573,boliviaverifica.bo,https://boliviaverifica.bo/continuan-las-teorias-de-fraude-electoral-en-estados-unidos/,Continúan las teorías de fraude electoral en Estados Unidos,Falso,Alta
574,boliviaverifica.bo,https://boliviaverifica.bo/no-es-verdad-que-bolivia-fue-victima-de-una-operacion-masiva-contra-la-democracia/,No es verdad que Bolivia fue víctima de una “operación masiva contra la democracia”,Falso,Alta
575,boliviaverifica.bo,https://boliviaverifica.bo/es-falso-que-soros-esta-preso-y-que-admitio-fraude-en-bolivia/,Es falso que Soros está preso y que admitió fraude en Bolivia,Falso,Alta
576,boliviaverifica.bo,https://boliviaverifica.bo/el-mas-aun-no-eligio-a-sus-candidatos-para-las-subnacionales/,El MAS aún no eligió a sus candidatos para las subnacionales,Falso,Alta
577,boliviaverifica.bo,https://boliviaverifica.bo/el-ministerio-de-gobierno-no-contacta-por-whatsapp-para-entregar-canastas-ni-bonos/,El Ministerio de Gobierno no contacta por WhatsApp para entregar canastas ni bonos,Falso,Alta
578,boliviaverifica.bo,https://boliviaverifica.bo/falso-no-se-usaron-las-maquinas-de-smartmatic-en-las-elecciones-en-bolivia/,"Falso, no se usaron las máquinas de Smartmatic en las elecciones en Bolivia",Falso,Alta
579,boliviaverifica.bo,https://boliviaverifica.bo/arce-no-menciono-un-plan-de-reactivacion-economica-que-involucre-a-las-afps/,Arce no mencionó un plan de reactivación económica que involucre a las AFPs,Falso,Alta
580,boliviaverifica.bo,https://boliviaverifica.bo/manipulan-fotografia-usando-la-imagen-del-presidente-del-tribunal-electoral/,Manipulan fotografía usando la imagen del presidente del Tribunal Electoral,Falso,Alta
581,boliviaverifica.bo,https://boliviaverifica.bo/el-mas-no-propuso-impuesto-cero-a-nuevos-emprendimientos/,El MAS no propuso “impuesto cero” a nuevos emprendimientos,Falso,Alta
582,boliviaverifica.bo,https://boliviaverifica.bo/tres-datos-falsos-en-una-cadena-de-whatsapp-sobre-las-elecciones/,Tres datos falsos en una cadena de WhatsApp sobre las elecciones,Falso,Alta
583,boliviaverifica.bo,https://boliviaverifica.bo/no-existe-una-alianza-entre-venceremos-y-soledad-chapeton/,No existe una alianza entre Venceremos y Soledad Chapetón,Falso,Alta
584,boliviaverifica.bo,https://boliviaverifica.bo/falso-el-sistema-informatico-del-tse-no-tiene-ninguna-relacion-con-venezuela/,"Falso, el sistema informático del TSE no tiene ninguna relación con Venezuela",Falso,Alta
585,boliviaverifica.bo,https://boliviaverifica.bo/el-cabildo-de-santa-cruz-del-2-de-noviembre-no-exigia-la-libertad-del-amor-gay/,El Cabildo de Santa Cruz del 2 de noviembre no exigía la libertad del amor gay,Falso,Alta
586,boliviaverifica.bo,https://boliviaverifica.bo/aun-no-se-lanzo-convocatoria-para-elecciones-subnacionales-circula-encuesta-falsa/,"Aún no se lanzó convocatoria para elecciones subnacionales, circula encuesta falsa",Falso,Alta
587,boliviaverifica.bo,https://boliviaverifica.bo/falso-no-hay-ningun-simbolo-bolivariano-en-los-certificados-de-sufragio/,"Falso, no hay ningún símbolo bolivariano en los certificados de sufragio",Falso,Alta
588,boliviaverifica.bo,https://boliviaverifica.bo/es-falso-que-una-diputada-del-mas-revelo-que-entregaron-actas-firmadas-a-los-candidatos/,Es falso que una diputada del MAS reveló que entregaron actas firmadas a los candidatos,Falso,Alta
589,boliviaverifica.bo,https://boliviaverifica.bo/no-es-cierto-que-cuatro-personas-firmaron-las-actas-de-un-municipio-en-potosi/,No es cierto que cuatro personas firmaron las actas de un municipio en Potosí,Falso,Alta
590,boliviaverifica.bo,https://boliviaverifica.bo/la-aduana-no-se-contacta-contigo-a-traves-de-llamadas/,La Aduana no se contacta contigo a través de llamadas,Falso,Alta
591,boliviaverifica.bo,https://boliviaverifica.bo/continua-la-difusion-de-supuestas-actas-electorales-manipuladas/,Continúa la difusión de supuestas actas electorales manipuladas,Falso,Alta
592,boliviaverifica.bo,https://boliviaverifica.bo/falso-no-le-quitaron-votos-a-creemos-para-aumentarlos-al-mas-en-una-mesa-de-warnes/,Falso: No le quitaron votos a Creemos para aumentarlos al MAS en una mesa de Warnes,Falso,Alta
593,boliviaverifica.bo,https://boliviaverifica.bo/voto-en-el-exterior-el-padron-no-se-duplico-y-solo-representa-el-411-del-electorado/,"Voto en el exterior: El padrón no se “duplicó” y solo representa el 4,11% del electorado",Falso,Alta
594,boliviaverifica.bo,https://boliviaverifica.bo/elecciones-generales-circula-un-archivo-de-excel-con-falsos-datos-de-votacion-en-espana/,Elecciones Generales: Circula un archivo de excel con falsos datos de votación en España,Falso,Alta
595,boliviaverifica.bo,https://boliviaverifica.bo/el-comite-civico-de-santa-cruz-no-solicito-la-anulacion-de-las-elecciones-de-2020/,El Comité Cívico de Santa Cruz no solicitó la anulación de las elecciones de 2020,Falso,Alta
596,boliviaverifica.bo,https://boliviaverifica.bo/manipulan-declaracion-de-ministro-ivan-arias-y-la-comparten-en-redes/,Manipulan declaración de ministro Iván Arias y la comparten en redes,Falso,Alta
597,boliviaverifica.bo,https://boliviaverifica.bo/es-falso-que-el-impuesto-a-las-grandes-fortunas-sera-a-partir-de-bs-500-000/,Es falso que el impuesto a las grandes fortunas será a partir de Bs 500.000,Falso,Alta
598,boliviaverifica.bo,https://boliviaverifica.bo/denuncia-falsa-civicos-dicen-que-se-anoto-menos-votos-a-favor-de-creemos-en-una-mesa-pero-no-es-cierto/,Denuncia falsa: Cívicos dicen que se anotó menos votos a favor de Creemos en una mesa pero no es cierto,Falso,Alta
599,boliviaverifica.bo,https://boliviaverifica.bo/alteran-imagen-de-la-oficina-europea-de-lucha-contra-el-fraude-para-publicar-informacion-falsa/,Alteran imagen de la Oficina Europea de Lucha contra el Fraude para publicar información falsa,Falso,Alta
600,boliviaverifica.bo,https://boliviaverifica.bo/luis-arce-no-prometio-un-paquete-de-tres-bonos-sociales/,Luis Arce no prometió un paquete de tres bonos sociales,Falso,Alta
601,boliviaverifica.bo,https://boliviaverifica.bo/falso-luis-almagro-no-pidio-disculpas-a-luis-arce-y-david-choquehuanca/,"Falso, Luis Almagro no pidió disculpas a Luis Arce y David Choquehuanca",Falso,Alta
602,boliviaverifica.bo,https://boliviaverifica.bo/transmision-de-mando-todavia-no-se-ha-definido-quienes-seran-los-invitados-a-la-posesion-de-luis-arce/,Transmisión de mando: todavía no se ha definido quiénes serán los invitados a la posesión de Luis Arce,Falso,Alta
603,boliviaverifica.bo,https://boliviaverifica.bo/es-falso-que-el-gobierno-impidio-que-evo-morales-vote-en-argentina/,Es falso que el gobierno impidió que Evo Morales vote en Argentina,Falso,Alta
604,boliviaverifica.bo,https://boliviaverifica.bo/es-falso-los-servidores-de-la-oep-no-vienen-de-argentina/,"ACTUALIZADA: Es falso, los servidores de la OEP no vienen de Argentina",Falso,Alta
605,boliviaverifica.bo,https://boliviaverifica.bo/denuncian-supuesta-desaparicion-de-actas-en-cochabamba/,Denuncian supuesta desaparición de actas en Cochabamba,Falso,Alta
606,boliviaverifica.bo,https://boliviaverifica.bo/santa-cruz-no-se-reunio-para-celebrar-la-victoria-del-mas/,Santa Cruz no se reunió para celebrar la victoria del MAS,Falso,Alta
607,boliviaverifica.bo,https://boliviaverifica.bo/no-es-verdad-que-la-persona-junto-a-mesa-sea-la-misma-junto-a-evo/,No es verdad que la persona junto a Mesa sea la misma junto a Evo,Falso,Alta
608,boliviaverifica.bo,https://boliviaverifica.bo/falso-utilizan-imagenes-para-afirmar-que-hay-un-fraude-electoral/,Falso: Utilizan imágenes para afirmar que hay un fraude electoral,Falso,Alta
609,boliviaverifica.bo,https://boliviaverifica.bo/es-falso-villegas-no-publico-que-nos-robaron-las-elecciones-ni-anuncio-su-presencia-en-un-programa-de-television/,"Es falso, Villegas no publicó que “nos robaron las elecciones” ni anunció su presencia en un programa de televisión",Falso,Alta
610,boliviaverifica.bo,https://boliviaverifica.bo/hay-publicaciones-falsas-que-usan-el-nombre-de-edgar-villegas-para-denunciar-fraude-electoral/,Hay publicaciones falsas que usan el nombre de Édgar Villegas para denunciar fraude electoral,Falso,Alta
611,boliviaverifica.bo,https://boliviaverifica.bo/circula-un-comunicado-falso-de-la-union-juvenil-crucenista/,Circula un comunicado falso de la Unión Juvenil Cruceñista,Falso,Alta
612,boliviaverifica.bo,https://boliviaverifica.bo/circula-nota-de-bloqueos-en-santa-cruz-de-2019-como-si-fuera-actual/,Circula nota de bloqueos en Santa Cruz de 2019 como si fuera actual,Falso,Alta
613,boliviaverifica.bo,https://boliviaverifica.bo/el-alcalde-de-tarija-no-presento-todavia-su-carta-de-renuncia/,"Alcalde tarijeño sí renunció a su cargo, pero carta que circula en redes es falsa",Falso,Alta
614,boliviaverifica.bo,https://boliviaverifica.bo/tuit-falso-anez-no-afirmo-que-carlos-mesa-gano-la-eleccion/,Tuit falso: Áñez no afirmó que Carlos Mesa ganó la elección,Falso,Alta
615,boliviaverifica.bo,https://boliviaverifica.bo/noticia-falsa-sostiene-que-luis-fernando-camacho-ha-salido-del-pais/,Noticia falsa sostiene que Luis Fernando Camacho ha salido del país,Falso,Alta
616,boliviaverifica.bo,https://boliviaverifica.bo/la-mujer-que-aparece-en-esta-fotografia-no-es-la-ex-esposa-de-camacho/,La mujer que aparece en esta fotografía no es la ex esposa de Camacho,Falso,Alta
617,boliviaverifica.bo,https://boliviaverifica.bo/video-muestra-un-registro-falso-de-votos-en-el-computo-oficial/,Video muestra un registro falso de votos en el cómputo oficial,Falso,Alta
618,boliviaverifica.bo,https://boliviaverifica.bo/luis-fernando-camacho-no-lloro-al-escuchar-el-computo-de-votos-como-indica-este-video/,Luis Fernando Camacho no lloró al escuchar el cómputo de votos como indica este video,Falso,Alta
619,boliviaverifica.bo,https://boliviaverifica.bo/circula-plantilla-falsa-con-el-logo-de-tu-voto-cuenta/,Circula plantilla falsa con el logo de “Tu Voto Cuenta”,Falso,Alta
620,boliviaverifica.bo,https://boliviaverifica.bo/messi-no-uso-una-polera-apoyando-a-camacho/,Messi no usó una polera apoyando a Camacho,Falso,Alta
621,boliviaverifica.bo,https://boliviaverifica.bo/usan-imagen-de-organismos-internacionales-para-mostrar-falsos-resultados-del-exterior/,Usan imagen de organismos internacionales para mostrar falsos resultados del exterior,Falso,Alta
622,boliviaverifica.bo,https://boliviaverifica.bo/difunden-datos-falso-del-supuesto-conteo-de-votos-en-boca-de-urna/,Difunden datos falsos del supuesto conteo de votos en boca de urna,Falso,Alta
623,boliviaverifica.bo,https://boliviaverifica.bo/ni-del-mas-ni-de-cc-no-hubo-una-bolsa-de-papeletas-marcadas-previamente/,"Ni del MAS ni de CC, no hubo una bolsa de “papeletas marcadas previamente”",Falso,Alta
624,boliviaverifica.bo,https://boliviaverifica.bo/falso-carlos-mesa-no-mostro-su-voto-en-la-urna/,"Falso, Carlos Mesa no mostró su voto en la urna",Falso,Alta
625,boliviaverifica.bo,https://boliviaverifica.bo/gustavo-petro-desinforma-sobre-bolivia-publica-un-video-que-no-corresponde-a-la-fecha-y-lo-relaciona-con-amedrentamiento-riesgo-de-fraude/,Gustavo Petro desinforma sobre Bolivia: publica un video que no corresponde a la fecha y lo relaciona con “amedrentamiento y riesgo de fraude”,Falso,Alta
626,boliviaverifica.bo,https://boliviaverifica.bo/salvador-romero-no-se-refirio-a-la-aplicacion-disenada-por-edgar-villegas/,Salvador Romero no se refirió a la aplicación diseñada por Édgar Villegas,Falso,Alta
627,boliviaverifica.bo,https://boliviaverifica.bo/es-falso-luis-arce-catacora-no-mostro-su-voto/,Es falso. Luis Arce Catacora no mostró su voto,Falso,Alta
628,boliviaverifica.bo,https://boliviaverifica.bo/usan-cuenta-falsa-evaliz-morales-para-anunciar-supuesto-retorno-de-morales-y-su-entorno/,Usan cuenta falsa Evaliz Morales para anunciar supuesto retorno de Morales y su entorno,Falso,Alta
629,boliviaverifica.bo,https://boliviaverifica.bo/difunden-datos-falsos-sobre-resultados-del-voto-en-el-exterior/,Difunden datos falsos sobre resultados del voto en el exterior,Falso,Alta
630,boliviaverifica.bo,https://boliviaverifica.bo/rayar-la-cara-de-los-candidatos-en-la-papeleta-de-votacion-anulara-tu-voto/,Marcar fuera de la casilla en la papeleta de votación anulará tu voto,Falso,Alta
631,boliviaverifica.bo,https://boliviaverifica.bo/con-un-video-del-2018-aseguran-que-mesa-pretende-eliminar-los-bonos/,Con un video del 2018 aseguran que Mesa pretende eliminar los bonos,Falso,Alta
632,boliviaverifica.bo,https://boliviaverifica.bo/el-voto-no-vale-si-marco-una-x/,¿El voto no vale si marco una X?,Falso,Alta
633,boliviaverifica.bo,https://boliviaverifica.bo/carlos-mesa-no-renuncio-a-su-candidatura/,Carlos Mesa no renunció a su candidatura,Falso,Alta
634,boliviaverifica.bo,https://boliviaverifica.bo/datos-de-conteo-de-votos-en-japon-y-china-son-falsos/,Datos de conteo de votos en Japón y China son falsos,Falso,Alta
635,boliviaverifica.bo,https://boliviaverifica.bo/segunda-carta-sobre-declinacion-tambien-es-falsa/,Segunda carta sobre declinación…¡También es falsa!,Falso,Alta
636,boliviaverifica.bo,https://boliviaverifica.bo/gobierno-no-se-encarga-de-acreditaciones-de-prensa-en-elecciones/,Gobierno no se encarga de acreditaciones de prensa en elecciones,Falso,Alta
637,boliviaverifica.bo,https://boliviaverifica.bo/carlos-mesa-no-renuncio-a-su-candidatura-ni-se-refirio-a-los-observadores-internacionales/,Carlos Mesa no renunció a su candidatura ni se refirió a los observadores internacionales,Falso,Alta
638,boliviaverifica.bo,https://boliviaverifica.bo/carlos-mesa-no-pidio-a-sus-seguidores-escribir-en-la-franja-azul-evo-nunca-mas/,Carlos Mesa no pidió a sus seguidores escribir en la franja azul ‘Evo nunca más’,Falso,Alta
639,boliviaverifica.bo,https://boliviaverifica.bo/realizan-montaje-a-imagen-de-candidata-tarijena/,Realizan montaje a imagen de candidata tarijeña,Falso,Alta
640,boliviaverifica.bo,https://boliviaverifica.bo/carta-sobre-declinacion-de-camacho-es-falsa/,Carta sobre declinación de Camacho es falsa,Falso,Alta
641,boliviaverifica.bo,https://boliviaverifica.bo/gustavo-petro-da-informacion-falsa-sobre-las-elecciones-en-bolivia/,Gustavo Petro da información falsa sobre las elecciones en Bolivia,Falso,Alta
642,boliviaverifica.bo,https://boliviaverifica.bo/mesa-no-dijo-que-pretende-congelar-el-pago-de-bonos-si-llega-a-la-presidencia/,Mesa no dijo que pretende congelar el pago de bonos si llega a la presidencia,Falso,Alta
643,boliviaverifica.bo,https://boliviaverifica.bo/es-falso-que-camacho-desplaza-a-mesa-al-tercer-lugar/,Es falso que Camacho desplaza a Mesa al tercer lugar,Falso,Alta
644,boliviaverifica.bo,https://boliviaverifica.bo/alianzas-y-partidos-reunidos-en-el-hotel-radisson-falso/,¿Alianzas y partidos reunidos en el Hotel Radisson? ¡Falso!,Falso,Alta
645,boliviaverifica.bo,https://boliviaverifica.bo/no-estados-unidos-no-valida-a-quienes-pueden-ser-observador-en-las-elecciones-de-bolivia/,"No, Estados Unidos no valida a quienes pueden ser observador en las elecciones de Bolivia",Falso,Alta
646,boliviaverifica.bo,https://boliviaverifica.bo/comunicado-falso-sobre-el-sistema-de-conteo-rapido-circula-en-redes/,Comunicado falso sobre el sistema de conteo rápido circula en redes,Falso,Alta
647,boliviaverifica.bo,https://boliviaverifica.bo/carlos-mesa-no-esta-pensando-en-dar-un-ministerio-a-jeanine-anez/,Carlos Mesa no hizo referencia a dar un ministerio a Jeanine Áñez si es presidente,Falso,Alta
648,boliviaverifica.bo,https://boliviaverifica.bo/el-gobierno-no-compro-armamento-por-las-elecciones/,El Gobierno no compró armamento por las elecciones,Falso,Alta
649,boliviaverifica.bo,https://boliviaverifica.bo/dos-mentiras-sobre-el-cierre-de-campana-del-mas-circulan-en-facebook/,Dos mentiras sobre el cierre de campaña del MAS circulan en Facebook,Falso,Alta
650,boliviaverifica.bo,https://boliviaverifica.bo/el-teleferico-no-esta-en-venta-como-indica-una-publicacion-en-facebook/,El teleférico no está en venta como indica una publicación en Facebook,Falso,Alta
651,boliviaverifica.bo,https://boliviaverifica.bo/goni-no-envio-su-apoyo-a-carlos-mesa-ni-pidio-a-bolivia-que-vote-por-el/,Goni no envió su apoyo a Carlos Mesa ni pidió a Bolivia que vote por él,Falso,Alta
652,boliviaverifica.bo,https://boliviaverifica.bo/evaliz-morales-no-dijo-que-volverian-a-tomar-el-poder-para-siempre/,Evaliz Morales no dijo que volverían a tomar el poder “para siempre”,Falso,Alta
653,boliviaverifica.bo,https://boliviaverifica.bo/comunidad-ciudadana-no-ha-considerado-candidatos-para-las-subnacionales/,Comunidad Ciudadana no ha considerado candidatos para las subnacionales,Falso,Alta
654,boliviaverifica.bo,https://boliviaverifica.bo/tuto-quiroga-no-dijo-que-carlos-mesa-es-servil-y-debil/,Tuto Quiroga no dijo que Carlos Mesa es servil y débil,Falso,Alta
655,boliviaverifica.bo,https://boliviaverifica.bo/manchar-la-papeleta-de-votacion-con-la-tinta-de-sufragio-no-anulara-tu-voto/,Manchar la papeleta de votación con la tinta de sufragio no anulará tu voto,Falso,Alta
656,boliviaverifica.bo,https://boliviaverifica.bo/cambio-de-recintos-no-pretende-robar-el-derecho-al-voto-de-los-bolivianos-en-ee-uu/,Cambio de recintos no pretende «robar» el derecho al voto de los bolivianos en EE.UU.,Falso,Alta
657,boliviaverifica.bo,https://boliviaverifica.bo/juan-luis-choque-armijo-no-es-jefe-de-campana-de-pumari/,Juan Luis Choque Armijo no es jefe de campaña de Pumari,Falso,Alta
658,boliviaverifica.bo,https://boliviaverifica.bo/no-son-militares-ni-militantes-de-comunidad-ciudadana-son-jovenes-voluntarios-rescatistas/,"No son militares, ni militantes de Comunidad Ciudadana. Son jóvenes voluntarios rescatistas",Falso,Alta
659,boliviaverifica.bo,https://boliviaverifica.bo/mesa-no-elogio-al-ministro-murillo-ni-menciono-tenerlo-como-autoridad-si-gana-las-elecciones/,Mesa no elogió al ministro Murillo ni mencionó tenerlo como autoridad si gana las elecciones,Falso,Alta
660,boliviaverifica.bo,https://boliviaverifica.bo/simpatizantes-de-tuto-se-molestaron-con-el-pero-no-dieron-su-apoyo-al-mas-como-afirma-este-post/,"Simpatizantes de Tuto se molestaron con él, pero no dieron su apoyo al MAS como afirma este post",Falso,Alta
661,boliviaverifica.bo,https://boliviaverifica.bo/informacion-falsa-sobre-un-hecho-de-transito-de-carlos-mesa-vuelve-a-circular-en-redes-sociales/,Información falsa sobre un hecho de tránsito de Carlos Mesa vuelve a circular en redes sociales,Falso,Alta
662,boliviaverifica.bo,https://boliviaverifica.bo/los-horarios-de-votacion-dependen-del-ultimo-digito-del-carnet-sin-importar-por-quien-votaras/,"Los horarios de votación dependen del último dígito del carnet, sin importar por quién votarás",Falso,Alta
663,boliviaverifica.bo,https://boliviaverifica.bo/no-es-cierto-el-fri-no-le-quito-apoyo-a-carlos-mesa/,"No es cierto, el FRI no le quitó apoyo a Carlos Mesa",Falso,Alta
664,boliviaverifica.bo,https://boliviaverifica.bo/carlos-mesa-y-su-entorno-descartan-que-el-candidato-tenga-problemas-de-salud/,Carlos Mesa y su entorno descartan que el candidato tenga problemas de salud,Falso,Alta
665,boliviaverifica.bo,https://boliviaverifica.bo/waldo-albarracin-no-declaro-que-carlos-mesa-sea-la-continuidad-de-jeanine-anez/,Waldo Albarracín no declaró que Carlos Mesa sea la continuidad de Jeanine Áñez,Falso,Alta
666,boliviaverifica.bo,https://boliviaverifica.bo/crean-un-grupo-en-facebook-con-el-logo-del-tse-para-enganar-al-elector/,Crean un grupo en Facebook con el logo del TSE para engañar al elector,Falso,Alta
667,boliviaverifica.bo,https://boliviaverifica.bo/elecciones-2020-circula-informacion-falsa-sobre-tinta-de-boligrafos-que-se-borran/,Elecciones 2020: Circula información falsa sobre tinta de bolígrafos que se borran,Falso,Alta
668,boliviaverifica.bo,https://boliviaverifica.bo/es-falso-que-hay-grupos-de-extranjeros-ingresando-a-bolivia-para-desestabilizar-el-pais/,Es falso que hay grupos de extranjeros ingresando a Bolivia para desestabilizar el país,Falso,Alta
669,boliviaverifica.bo,https://boliviaverifica.bo/atribuyen-frase-a-oscar-ortiz-sobre-la-supuesta-continuidad-de-arturo-murillo-como-ministro-en-el-proximo-gobierno/,Atribuyen frase a Óscar Ortiz sobre la supuesta continuidad de Arturo Murillo como ministro en el próximo gobierno,Falso,Alta
670,boliviaverifica.bo,https://boliviaverifica.bo/agrupacion-quirquina-no-esta-apoyando-a-ningun-frente-politico/,"Es falso que Quirquiña apoya al MAS, la agrupación no está haciendo campaña por ningún frente político",Falso,Alta
671,boliviaverifica.bo,https://boliviaverifica.bo/circula-informe-falso-sobre-el-estado-salud-de-carlos-mesa/,Circula informe falso sobre el estado salud de Carlos Mesa,Falso,Alta
672,boliviaverifica.bo,https://boliviaverifica.bo/reunion-del-grupo-de-puebla-circula-en-redes-como-si-fuese-el-foro-de-sao-paulo/,Reunión del Grupo de Puebla circula en redes como si fuese el Foro de Sao Paulo,Falso,Alta
673,boliviaverifica.bo,https://boliviaverifica.bo/younn-o-chunoman-no-corre-como-senador-por-el-mas/,‘Younn’ o “Chuñoman” no corre como senador por el MAS,Falso,Alta
674,boliviaverifica.bo,https://boliviaverifica.bo/arce-no-dijo-que-evo-fallo-al-pais-es-un-video-manipulado/,"Arce no dijo que Evo falló al país, es un video manipulado",Falso,Alta
675,boliviaverifica.bo,https://boliviaverifica.bo/tse-no-nego-estatus-de-observador-a-internacional-progresista/,TSE no negó estatus de observador a Internacional Progresista,Falso,Alta
676,boliviaverifica.bo,https://boliviaverifica.bo/segun-luis-arce-la-fabrica-de-urea-genera-perdida-de-mas-de-us-140-millones/,"Según Luis Arce, la fábrica de urea genera pérdida de más de $us 140 millones",Falso,Alta
677,boliviaverifica.bo,https://boliviaverifica.bo/luis-arce-dijo-que-en-varias-gestiones-se-supero-el-10-en-salud/,Luis Arce dijo que en varias gestiones se superó el 10% de inversión en salud,Falso,Alta
678,boliviaverifica.bo,https://boliviaverifica.bo/falso-carlos-mesa-no-gestiona-el-aborto-como-dice-chi/,"Falso: Carlos Mesa no “gestiona” el aborto, como dice Chi",Falso,Alta
679,boliviaverifica.bo,https://boliviaverifica.bo/luis-arce-afirmo-que-no-hubo-fraude-en-las-pasadas-elecciones/,Luis Arce afirmó que no hubo fraude en las pasadas elecciones,Falso,Alta
680,boliviaverifica.bo,https://boliviaverifica.bo/luis-arce-aseguro-que-el-mas-no-hizo-nada-para-perder-su-personeria-juridica/,Luis Arce aseguró que el MAS no hizo nada para perder su personería jurídica,Falso,Alta
681,boliviaverifica.bo,https://boliviaverifica.bo/encuestas-en-redes-sociales-confeccionadas-a-medida-de-todas-las-afinidades-politica/,Encuestas electorales en redes sociales: confeccionadas a medida de todos los candidatos,Falso,Alta
682,boliviaverifica.bo,https://boliviaverifica.bo/luis-larrea-no-anuncio-convulsion-social-el-post-fue-publicado-en-una-cuenta-falsa-de-la-razon/,"Luis Larrea no anunció convulsión social, el post fue publicado en una cuenta falsa de La Razón",Falso,Alta
683,boliviaverifica.bo,https://boliviaverifica.bo/datos-falsos-sobre-mesa-y-arce-son-difundidos-en-redes/,Datos falsos sobre Mesa y Arce son difundidos en redes,Falso,Alta
684,boliviaverifica.bo,https://boliviaverifica.bo/falsifican-documento-de-codeinca-en-chuquisaca/,Falsifican documento de Codeinca en Chuquisaca,Falso,Alta
685,boliviaverifica.bo,https://boliviaverifica.bo/manipulan-resultados-de-encuesta-de-ciesmori-a-favor-de-camacho/,Manipulan resultados de encuesta de Ciesmori a favor de Camacho,Falso,Alta
686,boliviaverifica.bo,https://boliviaverifica.bo/atribuyen-post-falso-sobre-educacion-y-derechos-lgbt-a-candidata-de-comunidad-ciudadana-por-cochabamba/,Atribuyen post falso sobre educación y derechos LGBT a candidata de Comunidad Ciudadana por Cochabamba,Falso,Alta
687,boliviaverifica.bo,https://boliviaverifica.bo/se-anulara-la-personeria-juridica-del-mas-el-5-de-octubre-no-el-tse-lo-descarto/,Murillo no se atribuye la anulación de la personería jurídica del MAS,Falso,Alta
688,boliviaverifica.bo,https://boliviaverifica.bo/melania-torrico-no-es-candidata-del-frente-para-la-victoria/,Melania Torrico no es candidata del Frente Para la Victoria,Falso,Alta
689,boliviaverifica.bo,https://boliviaverifica.bo/falso-supuesto-pedido-de-morales-para-votar-por-arce-o-mesa/,Falso: Supuesto pedido de Morales para votar por Arce o Mesa,Falso,Alta
690,boliviaverifica.bo,https://boliviaverifica.bo/melisa-ibarra-no-pertenece-a-comunidad-ciudadana-ni-es-su-candidata/,Melisa Ibarra no pertenece a Comunidad Ciudadana ni es su candidata,Falso,Alta
691,boliviaverifica.bo,https://boliviaverifica.bo/ningun-venezolano-trabaja-en-el-tribunal-departamental-de-santa-cruz/,Ningún venezolano trabaja en el Tribunal Departamental de Santa Cruz,Falso,Alta
692,boliviaverifica.bo,https://boliviaverifica.bo/son-falsos-ciesmori-no-publico-estos-resultados/,¡Son falsos! Ciesmori no publicó estos resultados,Falso,Alta
693,boliviaverifica.bo,https://boliviaverifica.bo/carlos-mesa-no-dijo-que-evo-es-el-corazon-de-bolivia-es-un-video-manipulado/,"Carlos Mesa no dijo que Evo es el corazón de Bolivia, es un video manipulado",Falso,Alta
694,boliviaverifica.bo,https://boliviaverifica.bo/anez-no-pidio-a-sus-seguidores-votar-por-carlos-mesa/,Áñez no pidió a sus seguidores votar por Carlos Mesa,Falso,Alta
695,boliviaverifica.bo,https://boliviaverifica.bo/ninguna-encuestadora-registrada-ha-emitido-un-estudio-de-opinion-sin-la-alianza-juntos/,Ninguna encuestadora registrada ha emitido un estudio de opinión sin la Alianza Juntos,Falso,Alta
696,boliviaverifica.bo,https://boliviaverifica.bo/camion-de-empresa-publicitaria-es-confundido-con-uno-de-la-alcaldia-de-oruro/,Camión de empresa publicitaria es confundido con uno de la Alcaldía de Oruro,Falso,Alta
697,boliviaverifica.bo,https://boliviaverifica.bo/promueven-falso-estudio-de-opinion-que-perfila-a-luis-arce-y-fernando-camacho/,Promueven falso estudio de opinión que perfila a Luis Arce y Fernando Camacho,Falso,Alta
698,boliviaverifica.bo,https://boliviaverifica.bo/reynaldo-ezequiel-no-pertenece-a-la-alianza-creemos/,Reynaldo Ezequiel no pertenece a la alianza “Creemos”,Falso,Alta
699,boliviaverifica.bo,https://boliviaverifica.bo/esta-carlos-mesa-en-contra-de-las-empresas-estatales/,¿Está Carlos Mesa en contra de las empresas estatales?,Falso,Alta
700,boliviaverifica.bo,https://boliviaverifica.bo/carlos-valverde-no-afirmo-que-arce-esta-asegurando-su-victoria/,Carlos Valverde no afirmó que “Arce está asegurando su victoria”,Falso,Alta
701,boliviaverifica.bo,https://boliviaverifica.bo/paniagua-aclaro-que-su-renuncia-no-tiene-relacion-con-la-distribucion-de-papeletas/,Paniagua aclaró que su renuncia no tiene relación con la distribución de papeletas,Falso,Alta
702,boliviaverifica.bo,https://boliviaverifica.bo/falsa-encuesta-de-datafy-siempre-conectados-se-difunde-en-redes-sociales/,Falsa encuesta de ‘Datafy siempre conectados’ se difunde en redes sociales,Falso,Alta
703,boliviaverifica.bo,https://boliviaverifica.bo/carlos-mesa-no-anuncio-que-renunciara-en-caso-de-ser-elegido-presidente/,Carlos Mesa no anunció que renunciará en caso de ser elegido presidente,Falso,Alta
704,boliviaverifica.bo,https://boliviaverifica.bo/difunden-en-redes-sociales-supuesta-resolucion-de-adepcoca/,Difunden en redes sociales supuesta resolución de Adepcoca,Falso,Alta
705,boliviaverifica.bo,https://boliviaverifica.bo/jeanine-anez-no-sello-ninguna-alianza-con-carlos-mesa/,Jeanine Áñez no selló ninguna alianza con Carlos Mesa,Falso,Alta
706,boliviaverifica.bo,https://boliviaverifica.bo/ted-de-tarija-si-publico-lista-de-jurados-electorales-en-un-medio-escrito/,TED de Tarija sí publicó lista de jurados electorales en un medio escrito,Falso,Alta
707,boliviaverifica.bo,https://boliviaverifica.bo/se-difunde-un-triptico-de-camacho-con-propuestas-falsas-para-las-iglesias/,Se difunde un tríptico de Camacho con propuestas falsas para las iglesias,Falso,Alta
708,boliviaverifica.bo,https://boliviaverifica.bo/circula-un-tuit-atribuido-a-murillo-sobre-un-supuesto-pacto-con-comunidad-ciudadana/,Circula un tuit atribuido a Murillo sobre un supuesto “pacto” con Comunidad Ciudadana,Falso,Alta
709,boliviaverifica.bo,https://boliviaverifica.bo/juan-carlos-arana-no-es-periodista-de-anez-y-mesa-tampoco-dijo-que-no-voten-por-el-mas/,"Juan Carlos Arana no es periodista de Áñez y Mesa, tampoco dijo que no voten por el MAS",Falso,Alta
710,boliviaverifica.bo,https://boliviaverifica.bo/el-contenido-de-mensaje-de-gustavo-pedraza-es-manipulado-en-un-post/,El contenido de mensaje de Gustavo Pedraza es manipulado en un post,Falso,Alta
711,boliviaverifica.bo,https://boliviaverifica.bo/jeanine-no-pidio-seguridad-para-evitar-represalias-a-traves-de-twitter/,Jeanine no pidió “seguridad para evitar represalias” a través de Twitter,Falso,Alta
712,boliviaverifica.bo,https://boliviaverifica.bo/carlos-mesa-no-participo-del-golpe-de-1971-ni-es-dueno-de-pat/,Carlos Mesa no participó del golpe de 1971 ni es dueño de PAT,Falso,Alta
713,boliviaverifica.bo,https://boliviaverifica.bo/dos-encuestas-falsas-circulan-en-redes-en-una-gana-arce-en-primera-vuelta-y-en-la-otra-jeanine-alcanza-al-5-de-la-intencion-de-voto/,"Dos encuestas falsas circulan en redes, en una gana Arce en primera vuelta y en la otra Jeanine alcanza al 5% de la intención de voto",Falso,Alta
714,boliviaverifica.bo,https://boliviaverifica.bo/carlos-valverde-no-pidio-votar-por-carlos-mesa-sin-importar-su-propuesta/,Carlos Valverde no pidió votar por Carlos Mesa sin importar su propuesta,Falso,Alta
715,boliviaverifica.bo,https://boliviaverifica.bo/es-falso-que-a-luis-arce-le-hubieran-echado-agua-en-camiri/,Es falso que a Luis Arce le hubieran echado agua en Camiri,Falso,Alta
716,boliviaverifica.bo,https://boliviaverifica.bo/carlos-mesa-no-propone-suprimir-los-bonos-ni-privatizar-empresas-este-video-esta-manipulado/,"Carlos Mesa no propone suprimir los bonos ni privatizar empresas, este video está manipulado",Falso,Alta
717,boliviaverifica.bo,https://boliviaverifica.bo/debate-de-candidatos-luis-arce-todavia-no-ha-respondido-la-carta-que-le-envio-carlos-mesa/,Debate de candidatos: Luis Arce todavía no ha respondido la carta que le envió Carlos Mesa,Falso,Alta
718,boliviaverifica.bo,https://boliviaverifica.bo/rodriguez-veltze-no-hizo-sobre-comparaciones-entre-el-gobierno-de-mesa-y-el-de-anez/,Rodríguez Veltzé no hizo comparaciones entre el gobierno de Mesa y el de Áñez,Falso,Alta
719,boliviaverifica.bo,https://boliviaverifica.bo/utilizan-fotografia-de-cabildo-en-potosi-y-la-publican-como-si-se-tratara-de-apoyo-a-luis-arce/,Utilizan fotografía de cabildo en Potosí y la publican como si se tratara de apoyo a Luis Arce,Falso,Alta
720,boliviaverifica.bo,https://boliviaverifica.bo/vuelven-a-utilizar-imagenes-de-repatriados-y-esta-vez-las-vinculan-a-la-alianza-juntos/,Vuelven a utilizar imágenes de repatriados y esta vez las vinculan a la alianza Juntos,Falso,Alta
721,boliviaverifica.bo,https://boliviaverifica.bo/falso-ninguna-encuesta-de-intencion-de-voto-pone-en-primer-lugar-a-carlos-mesa-a-nivel-nacional/,Falso: Ninguna encuesta de intención de voto pone en primer lugar a Carlos Mesa a nivel nacional,Falso,Alta
722,boliviaverifica.bo,https://boliviaverifica.bo/en-bolivia-no-hay-ningun-cartel-que-diga-yo-voto-por-el-que-ponga-preso-a-evo-morales/,En Bolivia no hay ningún cartel que diga “Yo voto por el que ponga preso a Evo Morales”,Falso,Alta
723,boliviaverifica.bo,https://boliviaverifica.bo/encuesta-falsa-pone-en-primer-lugar-a-luis-fernando-camacho-con-el-69/,Encuesta falsa pone en primer lugar a Luis Fernando Camacho con el 69%,Falso,Alta
724,boliviaverifica.bo,https://boliviaverifica.bo/es-falso-que-chi-hyun-chung-sea-el-candidato-mas-buscado-de-google-en-bolivia/,Es falso que Chi Hyun Chung sea el candidato más buscado de Google en Bolivia,Falso,Alta
725,boliviaverifica.bo,https://boliviaverifica.bo/dos-encuestas-de-intencion-de-voto-ponen-como-favorito-a-luis-arce-con-mas-del-65-ambas-son-falsas/,"Dos encuestas de intención de voto ponen como favorito a Luis Arce con más del 65%, ambas son falsas",Falso,Alta
726,boliviaverifica.bo,https://boliviaverifica.bo/no-carlos-mesa-no-propone-despenalizar-las-drogas/,"No, Carlos Mesa no propone despenalizar las drogas",Falso,Alta
727,boliviaverifica.bo,https://boliviaverifica.bo/salvador-romero-nunca-fue-propuesto-como-delegado-de-morales/,Salvador Romero nunca fue propuesto como delegado de Morales,Falso,Alta
728,boliviaverifica.bo,https://boliviaverifica.bo/falsa-encuesta-de-intencion-de-voto-circula-en-redes-por-la-proximidad-de-las-elecciones/,Falsa encuesta de intención de voto circula en redes por la proximidad de las elecciones,Falso,Alta
729,boliviaverifica.bo,https://boliviaverifica.bo/arce-catacora-fue-abucheado-en-el-inicio-de-su-campana-electoral/,¿Arce Catacora fue abucheado en el inicio de su campaña electoral?,Falso,Alta
730,boliviaverifica.bo,https://boliviaverifica.bo/vuelven-a-habilitar-pagina-falsa-de-salvador-romero-en-facebook/,Reactivan página falsa de Salvador Romero en Facebook,Falso,Alta
731,boliviaverifica.bo,https://boliviaverifica.bo/un-cartel-sobrepuesto-cambia-el-mensaje-de-una-marcha-de-bolivianos-pidiendo-oracion/,Un cartel sobrepuesto cambia el mensaje de una marcha de bolivianos pidiendo oración,Falso,Alta
732,boliviaverifica.bo,https://boliviaverifica.bo/el-material-electoral-no-sera-trasladado-por-la-policia-y-las-ffaa-sin-control-de-los-jurados/,El material electoral no será trasladado por la Policía y las FFAA sin control del Órgano Electoral,Falso,Alta
733,boliviaverifica.bo,https://boliviaverifica.bo/es-falso-que-el-hijo-de-jeanine-anez-trabaja-en-el-tribunal-supremo-electoral/,Es falso que el hijo de Jeanine Áñez trabaja en el Tribunal Supremo Electoral,Falso,Alta
734,boliviaverifica.bo,https://boliviaverifica.bo/no-marco-pumari-no-abandono-a-fernando-camacho/,"No, Marco Pumari no abandonó a Fernando Camacho",Falso,Alta
735,boliviaverifica.bo,https://boliviaverifica.bo/esposa-de-mario-cossio-no-es-ni-fue-candidata-por-creemos/,Esposa de Mario Cossío no es ni fue candidata por Creemos,Falso,Alta
736,boliviaverifica.bo,https://boliviaverifica.bo/elecciones-unir-de-tarija-aun-no-ha-definido-si-se-aleja-de-juntos/,Elecciones: Unir de Tarija aún no ha definido si se aleja de Juntos,Falso,Alta
737,boliviaverifica.bo,https://boliviaverifica.bo/jeanine-anez-no-dijo-que-dios-la-escogio-y-que-por-eso-mantendra-su-candidatura/,Jeanine Áñez no dijo que Dios la escogió y que por eso mantendrá su candidatura,Falso,Alta
738,boliviaverifica.bo,https://boliviaverifica.bo/el-tse-no-autorizo-a-via-ciencia-para-hacer-el-conteo-rapido-de-votos/,El TSE no autorizó a Vía Ciencia para hacer el conteo rápido de votos,Falso,Alta
739,boliviaverifica.bo,https://boliviaverifica.bo/carlos-mesa-no-propuso-evaluar-el-salario-minimo-si-asume-el-gobierno/,Carlos Mesa no propuso evaluar el salario mínimo si asume el gobierno,Falso,Alta
740,boliviaverifica.bo,https://boliviaverifica.bo/twitter-mesa-no-se-refirio-a-una-posible-crisis-economica-en-bolivia/,Twitter: Mesa no se refirió a una posible crisis económica en Bolivia,Falso,Alta
741,boliviaverifica.bo,https://boliviaverifica.bo/dos-encuestas-falsas-que-benefician-al-mas-se-difunden-en-redes/,Dos encuestas falsas que benefician al MAS se difunden en redes,Falso,Alta
742,boliviaverifica.bo,https://boliviaverifica.bo/carlos-mesa-no-tuiteo-sobre-su-relacion-con-sanchez-de-lozada/,Carlos Mesa no tuiteó sobre su relación con Sánchez de Lozada,Falso,Alta
743,boliviaverifica.bo,https://boliviaverifica.bo/es-falso-andronico-no-dijo-que-el-mas-ve-como-aliado-a-carlos-mesa/,Es falso: Andrónico no dijo que el MAS ve como aliado a Carlos Mesa,Falso,Alta
744,boliviaverifica.bo,https://boliviaverifica.bo/ipsos-no-publico-ninguna-encuesta-de-intencion-de-voto-en-agosto/,IPSOS no publicó ninguna encuesta de intención de voto en agosto,Falso,Alta
745,boliviaverifica.bo,https://boliviaverifica.bo/tuit-en-el-que-carlos-mesa-dice-que-llevara-al-pais-a-una-gran-epoca-es-falso/,Tuit en el que Carlos Mesa dice que llevará al país a “una gran época” es falso,Falso,Alta
746,boliviaverifica.bo,https://boliviaverifica.bo/carlos-mesa-no-dijo-que-es-mejor-pedir-limosna-que-la-supuesta-estabilidad-economica-del-mas/,Carlos Mesa no dijo que es mejor pedir limosna que la supuesta estabilidad económica del MAS,Falso,Alta
747,boliviaverifica.bo,https://boliviaverifica.bo/crearon-una-cuenta-falsa-de-salvador-romero-en-facebook/,Crearon una cuenta falsa de Salvador Romero en Facebook,Falso,Alta
748,boliviaverifica.bo,https://boliviaverifica.bo/tuits-falsos-de-jeanine-anez-ni-culpo-al-mas-por-la-compra-de-pruebas-pcr-ni-pidio-suspender-las-elecciones/,"Tuits falsos de Jeanine Áñez: ni culpó al MAS por la compra de pruebas PCR, ni pidió suspender las elecciones",Falso,Alta
749,boliviaverifica.bo,https://boliviaverifica.bo/arturo-murillo-no-dijo-que-el-mas-obligo-a-jeanine-anez-a-ser-candidata/,Arturo Murillo no dijo que el MAS obligó a Jeanine Áñez a ser candidata,Falso,Alta
750,boliviaverifica.bo,https://boliviaverifica.bo/difunden-interpretacion-errada-sobre-una-declaracion-del-presidente-del-tse/,Difunden interpretación errada sobre una declaración del presidente del TSE,Falso,Alta
751,boliviaverifica.bo,https://boliviaverifica.bo/circula-en-redes-supuesta-ley-para-adelantar-la-fecha-de-elecciones-es-falsa/,Circula en redes: Supuesta ley para adelantar la fecha de elecciones es falsa,Falso,Alta
752,boliviaverifica.bo,https://boliviaverifica.bo/con-un-video-antiguo-denuncian-que-el-gobierno-usa-aviones-de-guerra-contra-los-manifestantes-en-santa-cruz/,Con un video antiguo denuncian que el gobierno usa aviones de guerra contra los manifestantes en Santa Cruz,Falso,Alta
753,boliviaverifica.bo,https://boliviaverifica.bo/imagen-de-2011-de-pedraza-y-almaraz-circula-en-redes-con-otro-contexto/,Imagen de 2011 de Pedraza y Almaraz circula en redes con otro contexto,Falso,Alta
754,boliviaverifica.bo,https://boliviaverifica.bo/circula-tuit-falso-de-anez-sobre-la-suspension-de-elecciones-hasta-el-proximo-ano/,Circula tuit falso de Áñez sobre la suspensión de elecciones hasta el próximo año,Falso,Alta
755,boliviaverifica.bo,https://boliviaverifica.bo/no-las-movilizaciones-de-la-cob-no-pedian-anular-la-personeria-juridica-del-mas/,¡No! Las movilizaciones de la COB no pedían anular la personería jurídica del MAS,Falso,Alta
756,boliviaverifica.bo,https://boliviaverifica.bo/comunidad-ciudadana-no-incluira-el-aborto-legal-ni-el-matrimonio-igualitario-en-su-nueva-propuesta/,Comunidad Ciudadana no incluirá el aborto legal ni el matrimonio igualitario en su nueva propuesta,Falso,Alta
757,boliviaverifica.bo,https://boliviaverifica.bo/es-falso-que-el-tse-esta-obligado-a-consultar-a-la-asamblea-la-nueva-fecha-de-elecciones/,Es falso que el TSE está obligado a consultar a la Asamblea la nueva fecha de elecciones,Falso,Alta
758,boliviaverifica.bo,https://boliviaverifica.bo/las-elecciones-generales-no-fueron-suspendidas-ni-las-fuerzas-armadas-amenazaron-al-tse/,"Las elecciones generales no fueron suspendidas, ni las Fuerzas Armadas amenazaron al TSE",Falso,Alta
759,boliviaverifica.bo,https://boliviaverifica.bo/comparten-falso-tuit-de-anez-sobre-el-pico-de-la-pandemia/,Comparten falso tuit de Áñez sobre el pico de la pandemia,Falso,Alta
760,boliviaverifica.bo,https://boliviaverifica.bo/usan-imagen-de-el-deber-para-atribuir-declaracion-falsa-al-presidente-del-tribunal-electoral/,Usan imagen de El Deber para atribuir declaración falsa al presidente del Tribunal Electoral,Falso,Alta
761,boliviaverifica.bo,https://boliviaverifica.bo/una-vez-mas-el-deber-es-victima-de-las-fake-news/,Una vez más El Deber es víctima de las fake news,Falso,Alta
762,boliviaverifica.bo,https://boliviaverifica.bo/el-deber-no-difundio-ninguna-encuesta-de-intencion-de-voto/,El Deber no difundió ninguna encuesta de intención de voto,Falso,Alta
763,boliviaverifica.bo,https://boliviaverifica.bo/los-jovenes-implicados-en-una-fiesta-en-cuarentena-no-tienen-relacion-con-la-caravana-contra-las-elecciones/,Los jóvenes implicados en una fiesta en cuarentena no tienen relación con la caravana contra las elecciones,Falso,Alta
764,boliviaverifica.bo,https://boliviaverifica.bo/salvador-romero-no-se-pronuncio-aun-sobre-la-posibilidad-de-anular-al-mas/,Salvador Romero no se pronunció aún sobre la posibilidad de anular al MAS,Falso,Alta
765,boliviaverifica.bo,https://boliviaverifica.bo/luis-arce-desmiente-estar-con-covid-19/,Luis Arce desmiente estar con COVID-19,Falso,Alta
766,boliviaverifica.bo,https://boliviaverifica.bo/el-tse-autorizo-las-encuestas-por-telefono-pero-aun-no-se-realizo-ninguna/,El TSE autorizó las encuestas por teléfono pero aún no se realizó ninguna,Falso,Alta
767,boliviaverifica.bo,https://boliviaverifica.bo/no-es-cierto-que-el-sistema-electoral-favorece-a-las-areas-rurales-en-desmedro-del-voto-urbano/,No es cierto que el sistema electoral favorece a las áreas rurales en desmedro del voto urbano,Falso,Alta
768,boliviaverifica.bo,https://boliviaverifica.bo/la-presidente-anez-no-retiro-su-candidatura-ni-anuncio-alianzas/,La presidente Áñez no retiró su candidatura ni anunció alianzas,Falso,Alta
769,boliviaverifica.bo,https://boliviaverifica.bo/circula-captura-de-falso-tweet-atribuido-a-arturo-murillo/,Circula captura de falso tweet atribuido a Arturo Murillo,Falso,Alta
770,boliviaverifica.bo,https://boliviaverifica.bo/no-hay-aun-designacion-de-jurados-electorales-pero-si-una-broma-digital-que-te-sacara-una-sonrisa/,No hay aún designación de jurados electorales pero sí una broma digital que te sacará una sonrisa,Falso,Alta
771,boliviaverifica.bo,https://boliviaverifica.bo/publicacion-de-hijo-de-carlos-palenque-no-es-propaganda-electoral-como-senalan-en-redes-sociales/,Publicación de hijo de Carlos Palenque No es propaganda electoral como señalan en redes sociales,Falso,Alta
772,boliviaverifica.bo,https://boliviaverifica.bo/un-post-difunde-informacion-falsa-sobre-ministro-murillo-y-usa-logo-de-el-deber/,Un post difunde información falsa sobre ministro Murillo y usa logo de El Deber,Falso,Alta
773,boliviaverifica.bo,https://boliviaverifica.bo/falsifican-tuits-de-carlos-mesa-y-jeanine-anez-sobre-supuesta-alianza/,Falsifican tuits de Carlos Mesa y Jeanine Áñez sobre supuesta alianza,Falso,Alta
774,boliviaverifica.bo,https://boliviaverifica.bo/cinco-falsas-encuestas-electorales-en-epoca-de-pandemia/,Cinco falsas encuestas electorales en época de pandemia,Falso,Alta
775,boliviaverifica.bo,https://boliviaverifica.bo/victoria-del-mas-en-primera-vuelta-no-es-una-encuesta-con-rigor-tecnico-y-avalada-por-el-tse/,Victoria del MAS en primera vuelta: no es una encuesta con rigor técnico ni avalada por el TSE,Falso,Alta
776,boliviaverifica.bo,https://boliviaverifica.bo/la-red-uno-no-difundio-esta-encuesta-de-preferencia-electoral/,La Red UNO no difundió esta encuesta de preferencia electoral,Falso,Alta
777,boliviaverifica.bo,https://boliviaverifica.bo/falsa-publicacion-atribuida-a-radio-kawsachun-coca-contiene-informacion-enganosa-sobre-declaracion-de-eva-copa/,Falsa publicación atribuida a Radio Kawsachun Coca contiene información engañosa sobre declaración de Eva Copa,Falso,Alta
778,boliviaverifica.bo,https://boliviaverifica.bo/manipulan-una-foto-extranjera-para-manifestarse-en-contra-de-las-elecciones/,Manipulan una “foto extranjera” para manifestarse en contra de las elecciones,Falso,Alta
779,boliviaverifica.bo,https://boliviaverifica.bo/esta-publicacion-no-es-de-el-deber-y-arce-catacora-no-sugirio-dar-nacionalidad-boliviana-a-venezolanos/,Esta publicación no es de El Deber y Arce Catacora no sugirió dar nacionalidad boliviana a venezolanos,Falso,Alta
780,boliviaverifica.bo,https://boliviaverifica.bo/usan-sello-de-el-deber-para-alterar-mensajes-de-candidato-luis-fernando-camacho/,Usan sello de El Deber para alterar mensajes de candidato Luis Fernando Camacho,Falso,Alta
781,boliviaverifica.bo,https://boliviaverifica.bo/no-hay-encuesta-avalada-que-asegure-la-victoria-del-mas-si-las-elecciones-fueran-este-domingo/,No hay encuesta avalada que asegure la victoria del MAS si las elecciones fueran este domingo,Falso,Alta
782,boliviaverifica.bo,https://boliviaverifica.bo/con-video-sacado-de-contexto-aseguran-que-el-mas-prepara-fraude/,Con video sacado de contexto aseguran que el MAS prepara fraude,Falso,Alta
783,boliviaverifica.bo,https://boliviaverifica.bo/no-hay-encuesta-avalada-que-posicione-a-jeanine-anez-como-favorita-para-las-elecciones/,No hay encuesta avalada que posicione a Jeanine Añez como favorita para las elecciones,Falso,Alta
784,boliviaverifica.bo,https://boliviaverifica.bo/en-facebook-aseguran-que-carlos-mesa-quiere-postergar-las-elecciones-hasta-el-2021/,En Facebook aseguran que Carlos Mesa quiere postergar las elecciones hasta el 2021,Falso,Alta
785,boliviaverifica.bo,https://boliviaverifica.bo/vuelven-a-publicar-encuesta-de-intencion-de-voto-pero-esta-es-falsa/,"Vuelven a publicar encuesta de “intención de voto”, pero esta es falsa",Falso,Alta
786,boliviaverifica.bo,https://boliviaverifica.bo/falso-tuit-de-anez-sobre-las-elecciones-generales/,Falso tuit de Añez sobre las elecciones generales,Falso,Alta
787,boliviaverifica.bo,https://boliviaverifica.bo/el-deber-publico-una-noticia-sobre-tuto-como-candidato-de-cc-a-vicepresidente/,¿El Deber publicó una noticia sobre “Tuto” como candidato de CC a vicepresidente?,Falso,Alta
788,boliviaverifica.bo,https://boliviaverifica.bo/es-cierto-que-la-justa-hablo-de-evo-y-fraude/,¿Es cierto que La Justa habló de Evo y fraude?,Falso,Alta
789,boliviaverifica.bo,https://boliviaverifica.bo/circula-una-imagen-falsa-de-evo-y-sus-candidatos-junto-a-paquetes-de-droga/,Circula una imagen falsa de Evo y sus candidatos junto a paquetes de droga,Falso,Alta
790,boliviaverifica.bo,https://boliviaverifica.bo/el-deber-no-publico-un-titular-sobre-camacho-y-su-renuncia-a-ser-candidato-presidencial/,El Deber no publicó un titular sobre Camacho y su renuncia a ser candidato presidencial,Falso,Alta
791,boliviaverifica.bo,https://boliviaverifica.bo/falso-luis-arce-no-es-candidato-presidencial-por-el-mas/,Falso. Luis Arce no es candidato presidencial por el MAS,Falso,Alta
792,boliviaverifica.bo,https://boliviaverifica.bo/tse-denuncia-cuenta-falsa-de-la-presidenta-maria-eugenia-choque/,TSE denuncia cuenta falsa de la presidenta María Eugenia Choque,Falso,Alta
793,boliviaverifica.bo,https://boliviaverifica.bo/fotografia-de-goni-con-un-cartel-que-dice-yovotomesa-es-falsa/,Fotografía de Goni con un cartel que dice #YoVotoMesa es falsa,Falso,Alta
794,boliviaverifica.bo,https://boliviaverifica.bo/no-el-candidato-chi-hyun-chung-no-denuncio-a-carlos-mesa/,"No, el candidato Chi Hyun Chung no denunció a Carlos Mesa",Falso,Alta
795,boliviaverifica.bo,https://boliviaverifica.bo/ultima-encuesta-sobre-las-elecciones-generales-es-falsa/,Última encuesta sobre las Elecciones Generales es falsa,Falso,Alta
796,boliviaverifica.bo,https://boliviaverifica.bo/no-la-bbc-no-publico-ningun-articulo-sobre-mesa-referente-a-las-elecciones-primarias-en-argentina/,"No, la BBC no publicó ningún artículo sobre Mesa referente a las elecciones primarias en Argentina",Falso,Alta
797,boliviaverifica.bo,https://boliviaverifica.bo/el-video-del-supuesto-fraude-atribuido-al-mas-corresponde-a-mexico/,El video del supuesto intento de fraude atribuido al MAS corresponde a México,Falso,Alta
798,boliviaverifica.bo,https://boliviaverifica.bo/postulacion-de-candidato-de-ucs-para-elecciones-subnacionales/,Postulación de candidato de UCS para elecciones subnacionales.,Falso,Alta
799,boliviaverifica.bo,https://boliviaverifica.bo/falso-renuncia-del-candidato-a-la-vicepresidencia-leopoldo-chui/,Renuncia del candidato a la vicepresidencia Leopoldo Chui,Falso,Alta
800,boliviaverifica.bo,https://boliviaverifica.bo/falsa-encuesta-sobre-intencion-de-voto/,Falsa encuesta sobre intención de voto.,Falso,Alta
1097,chequeabolivia.bo,https://chequeabolivia.bo/encuesta-falsa-posiciona-riony-villarroel-en-primer-lugar-en-la-alcaldia-de-sacaba,Encuesta falsa posiciona a Riony Villarroel en primer lugar en la Alcaldía de Sacaba,Falso,Alta
1098,chequeabolivia.bo,https://chequeabolivia.bo/imagen-falsa-atribuye-al-noticiero-aqui-en-vivo-una-declaracion-de-ruth-nina-agradeciendo-jorge,Imagen falsa atribuye al noticiero “Aquí en Vivo” una declaración de Ruth Nina agradeciendo a Jorge “Tuto” Quiroga,Falso,Alta
1099,chequeabolivia.bo,https://chequeabolivia.bo/unitel-no-publico-que-jorge-tuto-quiroga-gano-el-debate-presidencial,Unitel no publicó que Jorge “Tuto” Quiroga ganó el debate presidencial,Falso,Alta
1100,chequeabolivia.bo,https://chequeabolivia.bo/los-videos-de-marcelo-claure-y-samuel-doria-medina-que-prometen-miles-de-bolivianos-son-falsos,Los videos de Marcelo Claure y Samuel Doria Medina que prometen miles de bolivianos son falsos,Falso,Alta
1101,chequeabolivia.bo,https://chequeabolivia.bo/index%2Ephp/es-falso-que-medio-de-honduras-anuncio-que-jorge-tuto-quiroga-gano-las-elecciones,Es falso que medio de Honduras anunció que Jorge “Tuto” Quiroga ganó las elecciones,Falso,Alta
1102,chequeabolivia.bo,https://chequeabolivia.bo/index%2Ephp/circula-encuesta-falsa-de-empresa-extranjera-poniendo-samuel-doria-medina-como-ganador,Circula encuesta falsa de empresa extranjera poniendo a Samuel Doria Medina como ganador,Falso,Alta
1103,chequeabolivia.bo,https://chequeabolivia.bo/index%2Ephp/encuesta-falsa-de-whatsapp-posiciona-jaime-dunn-como-favorito-para-las-elecciones,Encuesta falsa de WhatsApp posiciona a Jaime Dunn como favorito para las elecciones,Falso,Alta
1104,chequeabolivia.bo,https://chequeabolivia.bo/index%2Ephp/encuesta-que-posiciona-jorge-tuto-quiroga-como-favorito-es-falsa,Encuesta que posiciona a Jorge Tuto Quiroga como favorito es falsa,Falso,Alta
1105,chequeabolivia.bo,https://chequeabolivia.bo/es-falso-que-postergaron-las-elecciones-judiciales-para-el-29-de-diciembre,Es falso que postergaron las Elecciones Judiciales para el 29 de diciembre,Falso,Alta
1106,chequeabolivia.bo,https://chequeabolivia.bo/circula-una-encuesta-falsa-sobre-las-elecciones-judiciales-atribuida-fundacion-jubileo,Circula una encuesta falsa sobre las Elecciones Judiciales atribuida a Fundación Jubileo,Falso,Alta
1107,chequeabolivia.bo,https://chequeabolivia.bo/tuto-quiroga-no-anuncio-su-candidatura-las-proximas-elecciones-tras-conocer-la-victoria-de-velasco,Tuto Quiroga no anunció su candidatura a las próximas elecciones tras conocer la victoria de Velasco,Falso,Alta
1108,chequeabolivia.bo,https://chequeabolivia.bo/esta-encuesta-de-intencion-de-voto-que-da-como-ganadora-maria-rene-soruco-en-tarija-es-falsa,Esta encuesta de intención de voto que da como ganadora a María René Soruco en Tarija es falsa,Falso,Alta
1109,chequeabolivia.bo,https://chequeabolivia.bo/junior-arias-no-informo-que-el-candidato-la-gobernacion-de-beni-declino-su-candidatura-la-segunda,Junior Arias no informó que el candidato a la Gobernación de Beni declinó su candidatura a la segunda vuelta,Falso,Alta
1110,chequeabolivia.bo,https://chequeabolivia.bo/es-falso-que-rodrigo-paz-entrego-dinero-un-candidato-de-beni-para-promover-guerra-sucia,Es falso que Rodrigo Paz entregó dinero a un candidato de Beni para promover guerra sucia,Falso,Alta
1111,chequeabolivia.bo,https://chequeabolivia.bo/es-falso-que-el-tse-prohibio-publicar-unitel-encuesta-de-santa-cruz,Es falso que el TSE prohibió publicar a Unitel encuesta de Santa Cruz,Falso,Alta
1112,chequeabolivia.bo,https://chequeabolivia.bo/se-difunde-una-nomina-falsa-de-candidatos-para-las-elecciones-de-2025,Se difunde una nómina falsa de candidatos para las elecciones de 2025,Falso,Alta
1113,chequeabolivia.bo,https://chequeabolivia.bo/encuesta-en-la-que-ritter-figura-con-65-de-intencion-de-voto-es-falsa,Encuesta en la que Ritter figura con 65% de intención de voto es falsa,Falso,Alta
1114,chequeabolivia.bo,https://chequeabolivia.bo/encuesta-en-la-que-jp-velasco-tiene-65-de-intencion-de-voto-no-fue-publicada-por-ipsos-ciesmori,Encuesta en la que JP Velasco tiene 65% de intención de voto no fue publicada por Ipsos Ciesmori,Falso,Alta
1115,chequeabolivia.bo,https://chequeabolivia.bo/es-falso-que-por-mil-votos-leonardo-loza-no-fue-segunda-vuelta-como-dice-virginio-lema,Es falso que por mil votos Leonardo Loza no fue a segunda vuelta como dice Virginio Lema,Falso,Alta
1116,chequeabolivia.bo,https://chequeabolivia.bo/no-se-detuvo-el-conteo-de-votos-la-gobernacion-de-cochabamba-para-forzar-una-segunda-vuelta-como,No se detuvo el conteo de votos a la Gobernación de Cochabamba para forzar una segunda vuelta como dice “análisis” de Gemini,Falso,Alta
1117,chequeabolivia.bo,https://chequeabolivia.bo/es-falso-que-un-candidato-concejal-de-cochabamba-renuncio-para-ser-sustituido-por-el-hijo-de,Es falso que un candidato a concejal de Cochabamba renunció para ser sustituido por el hijo de Manfred Reyes Villa,Falso,Alta
1118,chequeabolivia.bo,https://chequeabolivia.bo/carlos-mesa-no-debemos-ir-eleccion-en-agosto-debemos-postergarlo-hasta-el-2021,"Carlos Mesa: “No debemos ir a elección en agosto, debemos postergarlo hasta el 2021”",Falso,Alta
1119,chequeabolivia.bo,https://chequeabolivia.bo/paz-zamora-acusa-al-gobierno-de-anez-de-usar-el-coronavirus-para-seguir-en-el-poder-y-pide,Paz Zamora acusa al Gobierno de Áñez de usar el Coronavirus para seguir en el poder y pide elecciones,Falso,Alta
1120,chequeabolivia.bo,https://chequeabolivia.bo/carlos-mesa-trasladara-la-sede-de-gobierno-sucre,Carlos Mesa trasladará la sede de gobierno a Sucre,Falso,Alta
1121,chequeabolivia.bo,https://chequeabolivia.bo/carlos-mesa-planea-vender-recursos-naturales-empresa-chilena,Carlos Mesa planea vender recursos naturales a empresa chilena,Falso,Alta
1122,chequeabolivia.bo,https://chequeabolivia.bo/index%2Ephp/esta-encuesta-que-ubica-waldo-albarracin-como-ganador-de-la-alcaldia-de-la-paz-es-falsa,Esta encuesta que ubica a Waldo Albarracín como ganador de la Alcaldía de La Paz es falsa,Falso,Alta
1123,chequeabolivia.bo,https://chequeabolivia.bo/encuesta-muestra-un-candidato-inexistente-con-mayoria-de-votos-para-la-alcaldia-en-el-alto,Encuesta muestra a un candidato inexistente con mayoría de votos para la alcaldía en El Alto,Falso,Alta
1124,chequeabolivia.bo,https://chequeabolivia.bo/esta-foto-de-eva-copa-y-eliser-roca-juntos-antes-de-las-elecciones-es-falsa,Esta foto de Eva Copa y Eliser Roca juntos antes de las elecciones es falsa,Falso,Alta
1125,chequeabolivia.bo,https://chequeabolivia.bo/index%2Ephp/es-falso-que-el-candidato-jose-sanchez-estaria-ganando-la-eleccion-la-alcaldia-de-cochabamba,Es falso que el candidato José Sánchez estaría ganando la elección a la Alcaldía de Cochabamba,Falso,Alta
1126,chequeabolivia.bo,https://chequeabolivia.bo/es-falsa-la-encuesta-que-posiciona-miguel-roca-como-favorito-por-la-alcaldia-de-la-paz,Es falsa la encuesta que posiciona a Miguel Roca como favorito por la alcaldía de La Paz,Falso,Alta
1127,chequeabolivia.bo,https://chequeabolivia.bo/diputado-del-mas-pide-investigar-personas-que-insulten-evo-morales-en-redes-sociales,Diputado del MAS pide investigar a personas que insulten a Evo Morales en redes sociales,Falso,Alta
1128,chequeabolivia.bo,https://chequeabolivia.bo/manipulacion-en-los-resultados-de-la-encuesta-de-la-fundacion-jubileo-y-umsa,Manipulación en los resultados de la encuesta de la Fundación Jubileo y UMSA,Falso,Alta
1129,chequeabolivia.bo,https://chequeabolivia.bo/red-pat-no-publico-que-luis-revilla-acudio-rodrigo-paz-para-captar-votos,Red PAT no publicó que Luis Revilla acudió a Rodrigo Paz para captar votos,Falso,Alta
1130,chequeabolivia.bo,https://chequeabolivia.bo/es-falso-que-luis-revilla-haya-declarado-que-rodrigo-paz-le-resto-votos,Es falso que Luis Revilla haya declarado que Rodrigo Paz le restó votos,Falso,Alta
1131,chequeabolivia.bo,https://chequeabolivia.bo/es-falso-que-unitel-posicione-iturralte-como-candidato-preferido-en-la-paz-horas-de-las-0,Es falso que Unitel posicione a Iturralte como candidato preferido en La Paz “a horas de las subnacionales”,Falso,Alta
1132,chequeabolivia.bo,https://chequeabolivia.bo/es-falso-que-el-candidato-la-alcaldia-de-la-paz-jhonny-plata-esta-inhabilitado,Es falso que el candidato a la Alcaldía de La Paz Jhonny Plata está inhabilitado,Falso,Alta
1133,chequeabolivia.bo,https://chequeabolivia.bo/el-audio-en-el-que-andres-chino-gomez-denuncia-un-supuesto-fraude-electoral-es-falso,El audio en el que Andrés “Chino” Gomez denuncia un supuesto fraude electoral es falso,Falso,Alta
1134,chequeabolivia.bo,https://chequeabolivia.bo/es-falso-que-leonardo-loza-fue-inhabilitado-como-candidato-la-gobernacion-de-cochabamba,Es falso que Leonardo Loza fue inhabilitado como candidato a la Gobernación de Cochabamba,Falso,Alta
1135,chequeabolivia.bo,https://chequeabolivia.bo/carlos-mesa-pide-prestamo-adelantado-estados-unidos,Carlos Mesa pide préstamo adelantado a Estados Unidos,Falso,Alta
1136,chequeabolivia.bo,https://chequeabolivia.bo/candidata-diputada-plurinominal-por-comunidad-ciudadana-se-expresa-con-insultos-traves-de-las-redes,Candidata a diputada plurinominal por Comunidad Ciudadana se expresa con insultos a través de las redes sociales,Falso,Alta
1137,chequeabolivia.bo,https://chequeabolivia.bo/portal-vota-inteligente-difunde-resultados-de-intencion-de-voto-de-una-encuestadora-que-no-esta,Portal Vota Inteligente difunde resultados de intención de voto de una encuestadora que no está registrada en el Órgano Electoral,Falso,Alta
1138,chequeabolivia.bo,https://chequeabolivia.bo/la-encuesta-que-posiciona-demetrio-villca-como-favorito-la-gobernacion-de-la-paz-es-falsa,La encuesta que posiciona a Demetrio Villca como favorito a la Gobernación de La Paz es falsa,Falso,Alta
1139,chequeabolivia.bo,https://chequeabolivia.bo/por-fin-carlos-mesa-presenta-su-plan-de-gobierno,Por fin Carlos Mesa presenta su plan de gobierno,Falso,Alta
1140,chequeabolivia.bo,https://chequeabolivia.bo/index%2Ephp/es-falso-el-video-que-circula-de-mamen-saavedra-declinando-su-participacion-en-el-debate-del-tse,Es falso el video que circula de Mamen Saavedra declinando su participación en el debate del TSE,Falso,Alta
1141,chequeabolivia.bo,https://chequeabolivia.bo/carlos-mesa-exhorta-ortiz-disculparse-publicamente,Carlos Mesa exhorta a Ortiz a disculparse publicamente,Falso,Alta
1142,chequeabolivia.bo,https://chequeabolivia.bo/ola-de-encuestas-falsas-inunda-las-redes-antes-de-las-elecciones-subnacionales,Ola de encuestas falsas inunda las redes antes de las Elecciones Subnacionales,Falso,Alta
1143,chequeabolivia.bo,https://chequeabolivia.bo/esta-encuesta-de-los-departamentos-de-la-paz-cochabamba-y-santa-cruz-es-falsa,"Esta encuesta de los departamentos de La Paz, Cochabamba y Santa Cruz es falsa",Falso,Alta
1144,chequeabolivia.bo,https://chequeabolivia.bo/amenazas-del-presidente-evo-morales-la-poblacion-por-su-reeleccion,Amenazas del presidente Evo Morales a la población por su reelección,Falso,Alta
1145,chequeabolivia.bo,https://chequeabolivia.bo/oscar-ortiz-se-raya-con-carlos-mesa,Óscar Ortiz se raya con Carlos Mesa,Falso,Alta
1146,chequeabolivia.bo,https://chequeabolivia.bo/unitel-no-publico-una-encuesta-que-situa-mario-galarza-como-favorito-la-alcaldia-de-sipe-sipe,Unitel no publicó una encuesta que sitúa a Mario Galarza como favorito a la Alcaldía de Sipe Sipe,Falso,Alta
1147,chequeabolivia.bo,https://chequeabolivia.bo/es-falsa-la-encuesta-que-muestra-dockweiler-y-rivero-liderando-para-la-alcaldia-de-la-paz,Es falsa la encuesta que muestra a Dockweiler y Rivero liderando para la Alcaldía de La Paz,Falso,Alta
1148,chequeabolivia.bo,https://chequeabolivia.bo/es-falso-que-el-candidato-de-vos-la-alcaldia-de-montero-este-acusado-de-trata-y-trafico-en-paraguay,Es falso que el candidato de VOS a la Alcaldía de Montero esté acusado de trata y tráfico en Paraguay,Falso,Alta
1149,chequeabolivia.bo,https://chequeabolivia.bo/la-encuesta-que-posiciona-david-vargas-con-18-por-ciento-en-la-ciudad-de-el-alto-es-falsa,La encuesta que posiciona a David Vargas con 18 por ciento en la ciudad de El Alto es falsa,Falso,Alta
1150,chequeabolivia.bo,https://chequeabolivia.bo/la-encuesta-que-posiciona-jhonny-plata-como-favorito-la-alcaldia-de-la-paz-es-falsa,La encuesta que posiciona a Jhonny Plata como favorito a la Alcaldía de La Paz es falsa,Falso,Alta
1151,chequeabolivia.bo,https://chequeabolivia.bo/los-tiempos-no-publico-una-encuesta-que-situa-manfred-reyes-villa-con-el-198-para-la-alcaldia-de,"Los Tiempos no público una encuesta que sitúa a Manfred Reyes Villa con el 19,8% para la Alcaldía de Cochabamba",Falso,Alta
1152,chequeabolivia.bo,https://chequeabolivia.bo/unitel-no-publico-una-encuesta-que-situa-luis-santa-cruz-como-favorito-la-alcaldia-de-quillacollo,Unitel no publicó una encuesta que sitúa a Luis Santa Cruz como favorito a la Alcaldía de Quillacollo,Falso,Alta
1153,chequeabolivia.bo,https://chequeabolivia.bo/el-video-que-muestra-evo-morales-brindar-su-apoyo-al-candidato-tahuichi-es-falso,El video que muestra a Evo Morales brindar su apoyo al candidato Tahuichi es falso,Falso,Alta
1154,chequeabolivia.bo,https://chequeabolivia.bo/unitel-no-publico-la-encuesta-que-posiciona-diego-lopez-como-favorito-la-alcaldia-de-warnes,Unitel no publicó la encuesta que posiciona a Diego López como favorito a la Alcaldía de Warnes,Falso,Alta
1155,chequeabolivia.bo,https://chequeabolivia.bo/unitel-no-publico-una-encuesta-que-situa-lizeth-morales-como-favorita-la-alcaldia-de-sacaba,Unitel no publicó una encuesta que sitúa a Lizeth Morales como favorita a la Alcaldía de Sacaba,Falso,Alta
1156,chequeabolivia.bo,https://chequeabolivia.bo/es-falsa-la-encuesta-que-muestra-rene-yahuasi-liderar-votaciones-para-la-gobernacion-de-la-paz,Es falsa la encuesta que muestra a Rene Yahuasi liderar votaciones para la Gobernación de La Paz,Falso,Alta
1157,chequeabolivia.bo,https://chequeabolivia.bo/index%2Ephp/red-uno-no-difundio-la-primera-encuesta-que-posiciona-sanabria-y-auza-como-lideres-en-sucre,Red Uno no difundió la “primera encuesta” que posiciona a Sanabria y Auza como líderes en Sucre,Falso,Alta
1158,chequeabolivia.bo,https://chequeabolivia.bo/index%2Ephp/encuesta-que-muestra-ivan-quispe-como-ganador-de-la-alcaldia-de-oruro-es-falsa,Encuesta que muestra a Iván Quispe como ganador de la Alcaldía de Oruro es falsa,Falso,Alta
1159,chequeabolivia.bo,https://chequeabolivia.bo/index%2Ephp/el-deber-no-publico-una-encuesta-que-posiciona-felix-patzi-como-favorito-la-gobernacion-de-la-paz,El Deber no publicó una encuesta que posiciona a Félix Patzi como favorito a la Gobernación de La Paz,Falso,Alta
1160,chequeabolivia.bo,https://chequeabolivia.bo/esta-encuesta-de-intencion-de-voto-para-la-gobernacion-de-santa-cruz-atribuida-unitel-es-falsa,Esta encuesta de intención de voto para la Gobernación de Santa Cruz atribuida a Unitel es falsa,Falso,Alta
1161,chequeabolivia.bo,https://chequeabolivia.bo/es-falso-que-juan-pablo-velasco-fue-inhabilitado-como-candidato-la-gobernacion-de-santa-cruz,Es falso que Juan Pablo Velasco fue inhabilitado como candidato a la Gobernación de Santa Cruz,Falso,Alta
1162,chequeabolivia.bo,https://chequeabolivia.bo/red-uno-no-publico-una-encuesta-de-intencion-de-voto-que-favorece-juan-pablo-velasco,Red Uno no publicó una encuesta de intención de voto que favorece a Juan Pablo Velasco,Falso,Alta
1163,chequeabolivia.bo,https://chequeabolivia.bo/la-encuesta-que-muestra-jhonny-plata-como-primero-para-la-alcaldia-de-la-paz-es-falsa,La encuesta que muestra a Jhonny Plata como primero para la Alcaldía de La Paz es falsa,Falso,Alta
1164,chequeabolivia.bo,https://chequeabolivia.bo/unitel-no-informo-que-revilla-y-patzi-estan-como-favoritos-en-las-encuestas,Unitel no informó que Revilla y Patzi están como favoritos en las encuestas,Falso,Alta
1165,chequeabolivia.bo,https://chequeabolivia.bo/video-manipulado-usa-imagen-de-brissa-pabon-para-difundir-encuesta-falsa-sobre-alcaldia-de-santa,Video manipulado usa imagen de Brissa Pabón para difundir encuesta falsa sobre Alcaldía de Santa Cruz,Falso,Alta
1166,chequeabolivia.bo,https://chequeabolivia.bo/esta-encuesta-con-dockweiler-como-favorito-para-alcalde-de-la-paz-es-falsa,Esta encuesta con Dockweiler como favorito para alcalde de La Paz es falsa,Falso,Alta
1167,chequeabolivia.bo,https://chequeabolivia.bo/la-encuesta-de-intencion-de-voto-para-la-alcaldia-de-la-paz-atribuida-datum-internacional-es-falsa,La encuesta de intención de voto para la Alcaldía de La Paz atribuida a Datum Internacional es falsa,Falso,Alta
1168,chequeabolivia.bo,https://chequeabolivia.bo/la-encuesta-que-posiciona-como-ganador-jose-carlos-sanchez-en-la-alcaldia-de-cochabamba-es-falsa,La encuesta que posiciona como ganador a José Carlos Sánchez en la Alcaldía de Cochabamba es falsa,Falso,Alta
1169,chequeabolivia.bo,https://chequeabolivia.bo/unitel-no-publico-una-encuesta-que-situa-luis-fernando-camacho-como-favorito-la-gobernacion-de,Unitel no publicó una encuesta que sitúa a Luis Fernando Camacho como favorito a la Gobernación de Santa Cruz,Falso,Alta
1170,chequeabolivia.bo,https://chequeabolivia.bo/esta-encuesta-que-pone-en-primer-lugar-oscar-sogliano-en-la-paz-es-falsa,Esta encuesta que pone en primer lugar a Oscar Sogliano en La Paz es falsa,Falso,Alta
1171,chequeabolivia.bo,https://chequeabolivia.bo/es-falso-que-el-candidato-la-alcaldia-de-la-paz-xavier-iturralde-fue-internado-por-intoxicacion-por,Es falso que el candidato a la Alcaldía de La Paz Xavier Iturralde fue internado por intoxicación por sustancias,Falso,Alta
1172,chequeabolivia.bo,https://chequeabolivia.bo/circulan-encuestas-falsas-de-intencion-de-voto-para-la-alcaldia-y-gobernacion-de-santa-cruz,Circulan encuestas falsas de intención de voto para la Alcaldía y Gobernación de Santa Cruz,Falso,Alta
1173,chequeabolivia.bo,https://chequeabolivia.bo/circulan-encuestas-falsas-de-intencion-de-voto-para-tres-gobernaciones,Circulan encuestas falsas de intención de voto para tres gobernaciones,Falso,Alta
1174,chequeabolivia.bo,https://chequeabolivia.bo/esta-encuesta-en-la-que-el-tata-quispe-aparece-en-primer-lugar-es-falsa,Esta encuesta en la que el ‘Tata’ Quispe aparece en primer lugar es falsa,Falso,Alta
1175,chequeabolivia.bo,https://chequeabolivia.bo/es-falso-que-harold-lora-sea-candidato-concejal-en-la-paz-por-apb-sumate,Es falso que Harold Lora sea candidato a concejal en La Paz por APB Súmate,Falso,Alta
1176,chequeabolivia.bo,https://chequeabolivia.bo/el-candidato-alfredo-solares-no-apoya-el-incremento-del-pasaje-en-santa-cruz,El candidato Alfredo Solares no apoya el incremento del pasaje en Santa Cruz,Falso,Alta
1177,chequeabolivia.bo,https://chequeabolivia.bo/captura-consulting-no-elaboro-una-encuesta-de-intencion-de-voto-para-la-alcaldia-de-el-alto,Captura Consulting no elaboró una encuesta de intención de voto para la Alcaldía de El Alto,Falso,Alta
1178,chequeabolivia.bo,https://chequeabolivia.bo/index%2Ephp/andronico-no-regreso-las-6-federaciones-del-tropico-ni-fue-anunciado-como-candidato-la-gobernacion,Andrónico no regresó a las 6 Federaciones del Trópico ni fue anunciado como candidato a la Gobernación de Cochabamba,Falso,Alta
1179,chequeabolivia.bo,https://chequeabolivia.bo/esta-encuesta-que-da-como-ganador-manfred-reyes-villa-en-las-subnacionales-es-falsa,Esta encuesta que da como ganador a Manfred Reyes Villa en las subnacionales es falsa,Falso,Alta
1180,chequeabolivia.bo,https://chequeabolivia.bo/esta-encuesta-de-intencion-de-voto-para-la-alcaldia-de-santa-cruz-con-mamen-saavedra-liderando-es,Esta encuesta de intención de voto para la alcaldía de Santa Cruz con Mamén Saavedra liderando es falsa,Falso,Alta
1181,chequeabolivia.bo,https://chequeabolivia.bo/es-falso-que-evo-morales-fue-proclamado-como-candidato-gobernador-de-cochabamba,Es falso que Evo Morales fue proclamado como candidato a gobernador de Cochabamba,Falso,Alta
1182,chequeabolivia.bo,https://chequeabolivia.bo/es-falso-que-tuto-quiroga-haya-enviado-un-mensaje-edmand-lara-sobre-una-amistad-con-rodrigo-paz,Es falso que Tuto Quiroga haya enviado un mensaje a Edmand Lara sobre una “amistad” con Rodrigo Paz,Falso,Alta
1183,chequeabolivia.bo,https://chequeabolivia.bo/index%2Ephp/tuto-quiroga-no-dijo-que-el-pueblo-se-levantara-si-se-elimina-la-renta-vitalicia-expresidentes,Tuto Quiroga no dijo que el pueblo se levantará si se elimina la renta vitalicia a expresidentes,Falso,Alta
1184,chequeabolivia.bo,https://chequeabolivia.bo/es-falso-que-unitel-haya-publicado-que-cesar-dockweiler-lidera-con-60-en-encuestas-para-alcalde-de,Es falso que Unitel haya publicado que César Dockweiler lidera con 60% en encuestas para alcalde de La Paz,Falso,Alta
1185,chequeabolivia.bo,https://chequeabolivia.bo/es-falso-que-periodista-de-cnn-denuncio-fraude-electoral-en-bolivia,Es falso que periodista de CNN denunció “fraude electoral” en Bolivia,Falso,Alta
1186,chequeabolivia.bo,https://chequeabolivia.bo/red-uno-no-informo-que-sebastian-marset-emitio-su-voto-en-el-urubo,Red Uno no informó que Sebastián Marset emitió su voto en el Urubó,Falso,Alta
1187,chequeabolivia.bo,https://chequeabolivia.bo/es-falso-que-evo-morales-mostro-su-papeleta-marcada-por-el-pdc,Es falso que Evo Morales mostró su papeleta marcada por el PDC,Falso,Alta
1188,chequeabolivia.bo,https://chequeabolivia.bo/la-encuesta-que-posiciona-rodrigo-paz-en-primer-lugar-con-57-es-falsa,La encuesta que posiciona a Rodrigo Paz en primer lugar con 57% es falsa,Falso,Alta
1189,chequeabolivia.bo,https://chequeabolivia.bo/el-audio-atribuido-rodrigo-paz-donde-dice-que-los-campesinos-masistas-sirven-solo-para-los-votos,El audio atribuido a Rodrigo Paz donde dice que los “campesinos masistas” sirven solo para los votos fue creado con IA,Falso,Alta
1190,chequeabolivia.bo,https://chequeabolivia.bo/es-falso-que-atb-digital-publico-que-el-voto-de-juan-pablo-velasco-fue-anulado,Es falso que ATB Digital publicó que el voto de Juan Pablo Velasco fue anulado,Falso,Alta
1191,chequeabolivia.bo,https://chequeabolivia.bo/estudio-de-opinion-que-da-como-ganador-jorge-tuto-quiroga-en-6-departamentos-es-falso,Estudio de opinión que da como ganador a Jorge Tuto Quiroga en 6 departamentos es falso,Falso,Alta
1192,chequeabolivia.bo,https://chequeabolivia.bo/este-audio-filtrado-de-junior-arias-y-tuto-quiroga-es-falso,Este audio “filtrado” de Junior Arias y Tuto Quiroga es falso,Falso,Alta
1193,chequeabolivia.bo,https://chequeabolivia.bo/es-falso-que-el-deber-publico-que-juan-pablo-velasco-no-pidio-disculpas-por-el-caso-tuits-en-el,Es falso que El Deber publicó que Juan Pablo Velasco no pidió disculpas por el caso tuits en el debate vicepresidencial,Falso,Alta
1194,chequeabolivia.bo,https://chequeabolivia.bo/encuesta-que-da-como-ganador-rodrigo-paz-en-segunda-vuelta-es-falsa,Encuesta que da como ganador a Rodrigo Paz en segunda vuelta es falsa,Falso,Alta
1195,chequeabolivia.bo,https://chequeabolivia.bo/unitel-no-publico-encuesta-con-mas-del-49-por-ciento-de-intencion-de-voto-nulo,Unitel no publicó encuesta con más del 49 por ciento de intención de voto nulo,Falso,Alta
1196,chequeabolivia.bo,https://chequeabolivia.bo/circula-encuesta-falsa-atribuida-unitel-mostrando-rodrigo-paz-ganador-con-755,Circula encuesta falsa atribuida a Unitel mostrando a Rodrigo Paz ganador con 75.5%,Falso,Alta
1197,chequeabolivia.bo,https://chequeabolivia.bo/es-falso-que-jeanine-anez-dijo-que-tuto-quiroga-deberia-estar-en-la-carcel-por-dar-ordenes-las,Es falso que Jeanine Áñez dijo que Tuto Quiroga “debería estar en la cárcel” por dar órdenes a las Fuerzas Armadas,Falso,Alta
1198,chequeabolivia.bo,https://chequeabolivia.bo/unitel-no-publico-que-el-tse-concluyo-que-lara-y-el-pdc-hacen-guerra-sucia,Unitel no publicó que el TSE concluyó que Lara y el PDC hacen “guerra sucia”,Falso,Alta
1199,chequeabolivia.bo,https://chequeabolivia.bo/index%2Ephp/este-video-de-un-hombre-controlando-el-voto-en-el-area-rural-es-de-2019,Este video de un hombre controlando el voto en el área rural es de 2019,Falso,Alta
1200,chequeabolivia.bo,https://chequeabolivia.bo/es-falso-que-una-encuesta-de-unitel-da-como-ganador-rodrigo-paz-en-segunda-vuelta,Es falso que una encuesta de Unitel da como ganador a Rodrigo Paz en segunda vuelta,Falso,Alta
1201,chequeabolivia.bo,https://chequeabolivia.bo/es-falso-que-luis-arce-catacora-renuncio-la-presidencia,Es falso que Luis Arce Catacora renunció a la Presidencia,Falso,Alta
1202,chequeabolivia.bo,https://chequeabolivia.bo/la-encuesta-de-atlas-electoral-que-posiciona-rodrigo-paz-con-416-en-segunda-vuelta-es-falsa,La encuesta de Atlas Electoral que posiciona a Rodrigo Paz con 41.6% en segunda vuelta es falsa,Falso,Alta
1203,chequeabolivia.bo,https://chequeabolivia.bo/es-falso-que-paz-no-puede-ser-candidato-por-haber-nacido-en-espana,Es falso que Paz no puede ser candidato por haber nacido en España,Falso,Alta
1204,chequeabolivia.bo,https://chequeabolivia.bo/es-falso-que-el-padron-electoral-tiene-un-error-que-beneficio-paz-y-lara-con-mas-de-1-millon-de,Es falso que el padrón electoral tiene un error que benefició a Paz y Lara con más de 1 millón de votos,Falso,Alta
1205,chequeabolivia.bo,https://chequeabolivia.bo/estas-anforas-electorales-encontradas-en-obrajes-no-corresponden-las-elecciones-generales-2025,Estas ánforas electorales encontradas en Obrajes no corresponden a las elecciones generales 2025,Falso,Alta
1206,chequeabolivia.bo,https://chequeabolivia.bo/falso-conteo-de-votos-en-facebook-muestra-al-voto-nulo-como-ganador,Falso conteo de votos en Facebook muestra al voto nulo como ganador,Falso,Alta
1207,chequeabolivia.bo,https://chequeabolivia.bo/es-falso-que-habra-segunda-vuelta-entre-tuto-quiroga-y-samuel-doria-medina,Es falso que habrá segunda vuelta entre Tuto Quiroga y Samuel Doria Medina,Falso,Alta
1208,chequeabolivia.bo,https://chequeabolivia.bo/encuesta-de-boca-de-urna-que-circula-en-whatsapp-y-que-pone-jorge-tuto-quiroga-en-whatsapp-es-falsa,Encuesta de boca de urna que circula en WhatsApp y que pone a Jorge “Tuto” Quiroga en WhatsApp es falsa,Falso,Alta
1209,chequeabolivia.bo,https://chequeabolivia.bo/circula-encuesta-en-boca-de-urna-falsa-atribuida-ipsos-ciesmori-con-doria-medina-como-ganador,Circula encuesta en boca de urna falsa atribuida a Ipsos Ciesmori con Doria Medina como ganador,Falso,Alta
1210,chequeabolivia.bo,https://chequeabolivia.bo/es-falso-que-el-centro-de-control-electoral-de-la-alianza-unidad-es-financiado-por-marcelo-claure,Es falso que el centro de control electoral de la Alianza Unidad es financiado por Marcelo Claure,Falso,Alta
1211,chequeabolivia.bo,https://chequeabolivia.bo/la-encuesta-en-boca-de-urna-que-posiciona-manfred-reyes-villa-como-ganador-es-falsa,La encuesta en boca de urna que posiciona a Manfred Reyes Villa como ganador es falsa,Falso,Alta
1212,chequeabolivia.bo,https://chequeabolivia.bo/es-falso-que-juan-pablo-velasco-olvido-su-carnet-de-identidad-y-no-pudo-efectuar-su-voto,Es falso que Juan Pablo Velasco olvidó su carnet de identidad y no pudo efectuar su voto,Falso,Alta
1213,chequeabolivia.bo,https://chequeabolivia.bo/es-falso-que-en-espana-se-haya-impuesto-el-voto-nulo-con-el-80-en-las-elecciones-de-bolivia,Es falso que en España se haya impuesto el voto nulo con el 80% en las elecciones de Bolivia,Falso,Alta
1214,chequeabolivia.bo,https://chequeabolivia.bo/index%2Ephp/la-encuesta-en-boca-de-urna-que-posiciona-samuel-doria-medina-en-primer-lugar-es-falsa,La encuesta en boca de urna que posiciona a Samuel Doria Medina en primer lugar es falsa,Falso,Alta
1215,chequeabolivia.bo,https://chequeabolivia.bo/es-falso-que-la-empresa-smartmatic-este-cargo-de-las-elecciones-presidenciales-en-bolivia-2025,Es falso que la empresa Smartmatic esté a cargo de las elecciones presidenciales en Bolivia 2025,Falso,Alta
1216,chequeabolivia.bo,https://chequeabolivia.bo/falso-encuesta-en-boca-de-urna-que-gano-reyes-villa-es-de-instituciones-extranjeras-y-no,Falso: Encuesta en boca de urna que “ganó” Reyes Villa es de instituciones extranjeras y no autorizadas por el TSE,Falso,Alta
1217,chequeabolivia.bo,https://chequeabolivia.bo/falso-tuto-quiroga-no-dijo-que-eliminaria-la-salud-publica-la-educacion-publica-y-los-bonos-0,"Falso: Tuto Quiroga no dijo que eliminaría la salud pública, la educación pública y los bonos",Falso,Alta
1218,chequeabolivia.bo,https://chequeabolivia.bo/circula-un-video-falso-sobre-la-supuesta-anulacion-de-elecciones-en-bolivia,Circula un video falso sobre la supuesta anulación de elecciones en Bolivia,Falso,Alta
1219,chequeabolivia.bo,https://chequeabolivia.bo/es-falso-que-presentadores-de-bolivision-promueven-el-voto-nulo,Es falso que presentadores de Bolivisión promueven el voto nulo,Falso,Alta
1220,chequeabolivia.bo,https://chequeabolivia.bo/falso-el-voto-nulo-no-gano-en-japon,Falso: el voto nulo no ganó en Japón,Falso,Alta
1221,chequeabolivia.bo,https://chequeabolivia.bo/video-que-muestra-lapiceros-que-se-borran-y-lo-vincula-las-elecciones-en-bolivia-es-de-mexico,Video que muestra lapiceros que se borran y lo vincula a las elecciones en Bolivia es de México,Falso,Alta
1222,chequeabolivia.bo,https://chequeabolivia.bo/audio-que-denuncia-hackeo-al-sistema-de-computo-del-tse-es-del-2021,Audio que denuncia “hackeo” al sistema de cómputo del TSE es del 2021,Falso,Alta
1223,chequeabolivia.bo,https://chequeabolivia.bo/papeletas-marcadas-favor-samuel-doria-medina-no-son-oficiales,Papeletas marcadas a favor Samuel Doria Medina no son oficiales,Falso,Alta
1224,chequeabolivia.bo,https://chequeabolivia.bo/falso-red-uno-no-publico-encuesta-en-la-que-gana-el-voto-nulo-con-mas-del-56-por-ciento,Falso: Red Uno no publicó encuesta en la que gana el voto nulo con más del 56 por ciento,Falso,Alta
1225,chequeabolivia.bo,https://chequeabolivia.bo/esta-imagen-no-muestra-una-delegacion-de-venezuela-que-llego-bolivia-para-un-fraude-electoral,Esta imagen no muestra a una delegación de Venezuela que llegó a Bolivia para un “fraude electoral”,Falso,Alta
1226,chequeabolivia.bo,https://chequeabolivia.bo/es-falso-que-el-presidente-argentino-javier-milei-envio-un-mensaje-los-bolivianos-previo-las,Es falso que el presidente argentino Javier Milei envío un mensaje a los bolivianos previo a las elecciones generales 2025,Falso,Alta
1227,chequeabolivia.bo,https://chequeabolivia.bo/es-falso-que-idea-international-realizo-una-encuesta-que-posiciona-en-primer-lugar-andronico,Es falso que IDEA International realizó una encuesta que posiciona en primer lugar a Andrónico Rodriguez,Falso,Alta
1228,chequeabolivia.bo,https://chequeabolivia.bo/es-falso-que-el-voto-nulo-anule-las-elecciones-como-asegura-el-dirigente-marcelino-flores,Es falso que el voto nulo anule las elecciones como asegura el dirigente Marcelino Flores,Falso,Alta
1229,chequeabolivia.bo,https://chequeabolivia.bo/encuesta-de-bolivia-opina-que-posiciona-tuto-quiroga-vencedor-con-24-es-falsa,Encuesta de “Bolivia Opina” que posiciona a Tuto Quiroga vencedor con 24 % es falsa,Falso,Alta
1230,chequeabolivia.bo,https://chequeabolivia.bo/es-falso-que-encuesta-de-area-rural-de-ipsos-ciesmori-posicione-evo-morales-con-892,"Es falso que encuesta “de área rural” de Ipsos Ciesmori posicione a Evo Morales con 89,2%",Falso,Alta
1231,chequeabolivia.bo,https://chequeabolivia.bo/es-falso-que-la-tercera-encuesta-de-intencion-de-voto-de-unitel-vinculado-que-el-78-de-votos-nulos,Es falso que la tercera encuesta de intención de voto de UNITEL vinculado que el 78% de votos nulos corresponden a Evo Morales,Falso,Alta
1232,chequeabolivia.bo,https://chequeabolivia.bo/el-deber-no-informo-que-camacho-se-distancio-de-doria-medina-por-proponer-el-matrimonio-igualitario,El Deber no informó que Camacho se distanció de Doria Medina por proponer el matrimonio igualitario y la educación LGBTQ+,Falso,Alta
1233,chequeabolivia.bo,https://chequeabolivia.bo/encuesta-que-posiciona-al-voto-nulo-con-el-48-de-intencion-de-voto-no-tiene-validez,Encuesta que posiciona al voto nulo con el 48% de intención de voto no tiene validez,Falso,Alta
1234,chequeabolivia.bo,https://chequeabolivia.bo/index%2Ephp/es-falso-que-cnn-confirmo-que-las-encuestas-de-unitel-y-red-uno-no-son-validas,Es falso que CNN confirmó que las encuestas de Unitel y Red Uno no son válidas,Falso,Alta
1235,chequeabolivia.bo,https://chequeabolivia.bo/encuesta-que-posiciona-evo-morales-como-favorito-con-421-es-falsa,"Encuesta que posiciona a Evo Morales como favorito con 42,1% es falsa",Falso,Alta
1236,chequeabolivia.bo,https://chequeabolivia.bo/es-falso-que-evo-morales-esta-habilitado-para-las-elecciones-generales-2025,Es falso que Evo Morales está habilitado para las elecciones generales 2025,Falso,Alta
1237,chequeabolivia.bo,https://chequeabolivia.bo/video-de-leonardo-loza-anunciando-bloqueos-en-el-pais-al-dia-siguiente-de-las-elecciones-es-falso,Video de Leonardo Loza anunciando bloqueos en el país al día siguiente de las elecciones es falso,Falso,Alta
1238,chequeabolivia.bo,https://chequeabolivia.bo/index%2Ephp/es-falso-que-36-millones-de-venezolanos-fueron-convocados-para-venir-por-las-elecciones-como-alerta,"Es falso que 3.6 millones de venezolanos fueron convocados para venir por las elecciones, como alerta la analista Jimena Costa",Falso,Alta
1239,chequeabolivia.bo,https://chequeabolivia.bo/index%2Ephp/es-falso-que-jaime-dunn-aseguro-que-tuto-quiroga-no-conseguira-su-apoyo-en-base-mentiras,Es falso que Jaime Dunn aseguró que Tuto Quiroga no conseguirá su apoyo “en base a mentiras”,Falso,Alta
1240,chequeabolivia.bo,https://chequeabolivia.bo/es-falso-que-evo-morales-lidera-las-encuestas-como-afirmo-la-diputada-gladys-quispe,"Es falso que Evo Morales lidera las encuestas, como afirmó la diputada Gladys Quispe",Falso,Alta
1241,chequeabolivia.bo,https://chequeabolivia.bo/es-falso-que-cnn-publico-una-encuesta-que-situe-andronico-rodriguez-y-manfred-reyes-villa-en-los,Es falso que CNN publicó una encuesta que sitúe a Andrónico Rodríguez y Manfred Reyes Villa en los primeros lugares,Falso,Alta
1242,chequeabolivia.bo,https://chequeabolivia.bo/red-uno-no-publico-que-eduardo-del-castillo-fue-el-ganador-del-primer-debate-presidencial,Red Uno no publicó que Eduardo del Castillo fue el ganador del primer debate presidencial,Falso,Alta
1243,chequeabolivia.bo,https://chequeabolivia.bo/la-encuesta-de-atlas-electoral-que-posiciona-evo-morales-con-457-es-falsa,"La encuesta de Atlas Electoral que posiciona a Evo Morales con 45,7% es falsa",Falso,Alta
1244,chequeabolivia.bo,https://chequeabolivia.bo/carlos-valverde-no-dijo-que-los-votos-nulos-y-blancos-crecen-al-estar-ausente-evo-morales,Carlos Valverde no dijo que los votos nulos y blancos crecen al estar ausente Evo Morales,Falso,Alta
1245,chequeabolivia.bo,https://chequeabolivia.bo/es-falso-que-la-primera-encuesta-de-unitel-da-como-ganador-rodrigo-paz-con-331,"Es falso que la primera encuesta de Unitel da como ganador a Rodrigo Paz con 33,1%",Falso,Alta
1246,chequeabolivia.bo,https://chequeabolivia.bo/es-falso-que-jorge-tuto-quiroga-este-siendo-investigado-en-estados-unidos-por-financiamiento-ruso,Es falso que Jorge Tuto Quiroga esté siendo investigado en Estados Unidos por financiamiento ruso,Falso,Alta
1247,chequeabolivia.bo,https://chequeabolivia.bo/red-uno-no-publico-nota-afirmando-que-manfred-reyes-villa-dijo-que-su-modelo-economico-es-igual-al,Red Uno no publicó nota afirmando que Manfred Reyes Villa dijo que su modelo económico es igual al de Luis Arce,Falso,Alta
1248,chequeabolivia.bo,https://chequeabolivia.bo/es-falso-que-las-personas-que-no-tengan-el-carnet-nuevo-digitalizado-no-podran-votar-en-las,Es falso que las personas que no tengan el “carnet nuevo digitalizado” no podrán votar en las elecciones,Falso,Alta
1249,chequeabolivia.bo,https://chequeabolivia.bo/esta-encuesta-del-gobierno-que-da-como-ganador-andronico-rodriguez-es-falsa,Esta “encuesta del Gobierno” que da como ganador a Andrónico Rodríguez es falsa,Falso,Alta
1250,chequeabolivia.bo,https://chequeabolivia.bo/index%2Ephp/red-uno-no-considero-como-ganador-del-debate-presidencial-jorge-tuto-quiroga,Red Uno no consideró como ganador del debate presidencial a Jorge “Tuto” Quiroga,Falso,Alta
1251,chequeabolivia.bo,https://chequeabolivia.bo/red-uno-no-realizo-una-encuesta-en-la-que-senalo-del-castillo-como-ganador-del-debate-presidencial,Red Uno no realizó una encuesta en la que señaló a Del Castillo como ‘ganador’ del debate presidencial,Falso,Alta
1252,chequeabolivia.bo,https://chequeabolivia.bo/luis-arce-no-califico-de-gran-economista-y-empresario-samuel-doria-medina,Luis Arce no calificó de “gran economista y empresario” a Samuel Doria Medina,Falso,Alta
1253,chequeabolivia.bo,https://chequeabolivia.bo/jaime-dunn-no-lidera-la-intencion-de-voto-en-la-encuesta-que-difundio-unitel,Jaime Dunn no lidera la intención de voto en la encuesta que difundió Unitel,Falso,Alta
1254,chequeabolivia.bo,https://chequeabolivia.bo/encuesta-que-posiciona-manfred-reyes-villa-como-ganador-para-las-elecciones-es-falsa,Encuesta que posiciona a Manfred Reyes Villa como ganador para las elecciones es falsa,Falso,Alta
1255,chequeabolivia.bo,https://chequeabolivia.bo/index%2Ephp/es-verdad-que-samuel-doria-medina-afirmo-que-priorizara-la-produccion-agropecuaria-por-encima-del,Es verdad que Samuel Doria Medina afirmó que priorizará la producción agropecuaria por encima del medioambiente,Falso,Alta
1256,chequeabolivia.bo,https://chequeabolivia.bo/univision-no-publico-que-la-cia-investiga-samuel-doria-medina-por-pagar-encuestas-con-dinero,Univisión no publicó que la CIA investiga a Samuel Doria Medina por pagar encuestas con dinero “ilícito”,Falso,Alta
1257,chequeabolivia.bo,https://chequeabolivia.bo/el-presidente-del-tse-no-aseguro-que-las-encuestas-son-financiadas-por-samuel-doria-medina,El presidente del TSE no aseguró que las encuestas son financiadas por Samuel Doria Medina,Falso,Alta
1258,chequeabolivia.bo,https://chequeabolivia.bo/index%2Ephp/es-falso-que-evo-morales-es-candidato-confirmado-en-la-papeleta-de-las-elecciones,Es falso que Evo Morales es candidato confirmado en la papeleta de las elecciones,Falso,Alta
1259,chequeabolivia.bo,https://chequeabolivia.bo/encuesta-que-posiciona-jaime-dunn-como-favorito-con-61-por-ciento-es-falsa,Encuesta que posiciona a Jaime Dunn como favorito con 61 por ciento es falsa,Falso,Alta
1260,chequeabolivia.bo,https://chequeabolivia.bo/exesposa-de-tuto-no-denuncio-agresiones-y-racismo-del-candidato-en-podcast-mexicano,Exesposa de Tuto no denunció agresiones y racismo del candidato en podcast mexicano,Falso,Alta
1261,chequeabolivia.bo,https://chequeabolivia.bo/es-falso-que-funcionarios-electos-deben-renunciar-tres-meses-antes-para-postular-en-las-elecciones,Es falso que funcionarios electos deben renunciar tres meses antes para postular en las elecciones,Falso,Alta
1262,chequeabolivia.bo,https://chequeabolivia.bo/falso-manfred-no-es-segundo-en-intencion-de-voto-segun-encuesta-mexicana,Falso: Manfred no es segundo en intención de voto según encuesta mexicana,Falso,Alta
1263,chequeabolivia.bo,https://chequeabolivia.bo/kaplex-no-es-candidato-la-vicepresidencia-junto-andronico,Kapléx no es candidato a la vicepresidencia junto a Andrónico,Falso,Alta
1264,chequeabolivia.bo,https://chequeabolivia.bo/es-falso-que-estos-resultados-sobre-la-encuesta-de-unitel-se-hayan-filtrado,Es falso que estos resultados sobre la encuesta de Unitel se hayan filtrado,Falso,Alta
1265,chequeabolivia.bo,https://chequeabolivia.bo/es-falso-que-jorge-richter-es-el-nuevo-candidato-vicepresidente-de-andronico-rodriguez,Es falso que Jorge Richter es el nuevo candidato a vicepresidente de Andrónico Rodríguez,Falso,Alta
1266,chequeabolivia.bo,https://chequeabolivia.bo/encuesta-que-da-como-favorito-evo-morales-con-35-por-ciento-es-falsa,Encuesta que da como favorito a Evo Morales con 35 por ciento es falsa,Falso,Alta
1267,chequeabolivia.bo,https://chequeabolivia.bo/es-falso-que-sentencia-del-tcp-sobre-la-reeleccion-inhabilita-jorge-tuto-quiroga,"Es falso que sentencia del TCP sobre la reelección inhabilita a Jorge ""Tuto"" Quiroga",Falso,Alta
1268,chequeabolivia.bo,https://chequeabolivia.bo/circula-un-sondeo-de-intencion-de-voto-sobre-las-elecciones-nacionales-en-whatsapp,Circula un sondeo de intención de voto sobre las elecciones nacionales en WhatsApp,Falso,Alta
1269,chequeabolivia.bo,https://chequeabolivia.bo/evo-morales-no-pacto-con-luis-arce-para-ser-candidato-por-el-mas,Evo Morales no pactó con Luis Arce para ser candidato por el MAS,Falso,Alta
1270,chequeabolivia.bo,https://chequeabolivia.bo/circulan-encuestas-falsas-en-whatsapp-atribuidas-la-red-uno,Circulan encuestas falsas en WhatsApp atribuídas a la Red Uno,Falso,Alta
1271,chequeabolivia.bo,https://chequeabolivia.bo/es-falso-que-evo-morales-haya-declinado-su-candidatura,Es falso que Evo Morales haya declinado su candidatura,Falso,Alta
1272,chequeabolivia.bo,https://chequeabolivia.bo/red-uno-no-difundio-encuesta-electoral-que-circula-en-canal-de-whatsapp,Red Uno no difundió encuesta electoral que circula en canal de WhatsApp,Falso,Alta
1273,chequeabolivia.bo,https://chequeabolivia.bo/el-deber-no-publico-que-burger-king-salio-de-la-app-yango-luego-de-que-su-gerente-fuera-anunciado,El Deber no publicó que Burger King salió de la App Yango luego de que su gerente fuera anunciado como candidato de Libre,Falso,Alta
1274,chequeabolivia.bo,https://chequeabolivia.bo/evo-morales-comparte-un-video-antiguo-generando-confusion-sobre-su-participacion-en-la-marcha-para,Evo Morales comparte un video antiguo generando confusión sobre su participación en la marcha para inscribirlo como candidato,Falso,Alta
1275,chequeabolivia.bo,https://chequeabolivia.bo/falso-jefa-de-mision-de-la-embajada-de-eeuu-no-se-reunio-con-gente-que-proclamo-candidato-andronico,Falso: Jefa de Misión de la embajada de EEUU no se reunió con gente que proclamó candidato a Andrónico Rodriguez,Falso,Alta
1276,chequeabolivia.bo,https://chequeabolivia.bo/es-falso-que-el-voto-en-chapare-yapacani-y-otras-areas-alejadas-valga-el-triple-que-el-de-las,"Es falso que el voto en Chapare, Yapacaní y otras áreas alejadas valga el triple que el de las ciudades",Falso,Alta
1277,chequeabolivia.bo,https://chequeabolivia.bo/index%2Ephp/rkc-difunde-encuesta-falsa-que-favorece-evo-morales,RKC difunde encuesta falsa que favorece a Evo Morales,Falso,Alta
1278,chequeabolivia.bo,https://chequeabolivia.bo/el-tse-no-publico-una-encuesta-en-la-que-tuto-es-favorito-las-elecciones-presidenciales-de-agosto,El TSE no publicó una encuesta en la que Tuto es favorito a las elecciones presidenciales de agosto,Falso,Alta
1279,chequeabolivia.bo,https://chequeabolivia.bo/esta-carta-de-jhonny-fernandez-que-nombra-evo-morales-como-candidato-por-ucs-es-falsa,Esta carta de Jhonny Fernández que nombra a Evo Morales como candidato por UCS es falsa,Falso,Alta
1280,chequeabolivia.bo,https://chequeabolivia.bo/tuto-no-dijo-que-buscaria-un-tiktoker-como-candidato-la-vicepresidencia,"Tuto no dijo que buscaría un ""tiktoker"" como candidato a la Vicepresidencia",Falso,Alta
1281,chequeabolivia.bo,https://chequeabolivia.bo/la-encuesta-de-atlas-electoral-que-posiciona-evo-morales-como-favorito-para-las-elecciones-2025-es,La encuesta de Atlas Electoral que posiciona a Evo Morales como favorito para las elecciones 2025 es falsa,Falso,Alta
1282,chequeabolivia.bo,https://chequeabolivia.bo/index%2Ephp/se-reenvia-una-encuesta-falsa-atribuida-la-red-uno-mediante-whatsapp,Se reenvía una encuesta falsa atribuída a la Red Uno mediante WhatsApp,Falso,Alta
1283,chequeabolivia.bo,https://chequeabolivia.bo/encuesta-de-whatsapp-que-favorece-manfred-reyes-villa-es-falsa,Encuesta de WhatsApp que favorece a Manfred Reyes Villa es falsa,Falso,Alta
1284,chequeabolivia.bo,https://chequeabolivia.bo/el-deber-no-publico-que-se-postergaron-las-elecciones-por-una-crisis-social-y-energetica,El Deber no publicó que se postergaron las elecciones por una crisis social y energética,Falso,Alta
1285,chequeabolivia.bo,https://chequeabolivia.bo/es-falso-que-el-tse-anuncio-la-postergacion-de-las-elecciones-nacionales,Es falso que el TSE anunció la postergación de las elecciones nacionales,Falso,Alta
1286,chequeabolivia.bo,https://chequeabolivia.bo/encuesta-atribuida-captura-consulting-que-circula-en-whatsapp-es-falsa,Encuesta atribuida a Captura Consulting que circula en WhatsApp es falsa,Falso,Alta
1287,chequeabolivia.bo,https://chequeabolivia.bo/mesa-no-suspendio-la-elaboracion-de-las-encuestas-para-definir-al-candidato-del-bloque-de-unidad,Mesa no suspendió la elaboración de las encuestas para definir al candidato del Bloque de Unidad,Falso,Alta
1288,chequeabolivia.bo,https://chequeabolivia.bo/ipsos-ciesmori-desmiente-encuesta-en-la-que-evo-lidera-intencion-de-voto,Ipsos CIESMORI desmiente encuesta en la que Evo lidera intención de voto,Falso,Alta
1289,chequeabolivia.bo,https://chequeabolivia.bo/el-fpv-no-perdio-su-sigla-pese-observaciones-su-directiva-y-su-bajo-voto-en-2020,El FPV no perdió su sigla pese a observaciones a su directiva y su bajo voto en 2020,Falso,Alta
1290,chequeabolivia.bo,https://chequeabolivia.bo/esta-cuenta-de-instagram-con-el-nombre-del-presidente-del-tse-es-falsa,Esta cuenta de Instagram con el nombre del presidente del TSE es falsa,Falso,Alta
1291,chequeabolivia.bo,https://chequeabolivia.bo/esta-cuenta-de-facebook-con-el-nombre-del-presidente-del-tse-es-falsa,Esta cuenta de Facebook con el nombre del presidente del TSE es falsa,Falso,Alta
1292,chequeabolivia.bo,https://chequeabolivia.bo/audio-filtrado-de-del-castillo-en-el-que-se-menciona-su-intencion-de-posicionarse-como-candidato-es,"Audio ""filtrado"" de Del Castillo, en el que se menciona su intención de posicionarse como candidato, es falso",Falso,Alta
1293,chequeabolivia.bo,https://chequeabolivia.bo/marcelo-claure-no-publico-un-tuit-sobre-tratos-con-gary-anez,Marcelo Claure no publicó un tuit sobre tratos con Gary Añez,Falso,Alta
1294,chequeabolivia.bo,https://chequeabolivia.bo/es-falso-que-un-fallo-establece-que-andronico-rodriguez-no-podra-ser-candidato-para-las-elecciones,Es falso que un fallo establece que Andrónico Rodríguez no podrá ser candidato para las elecciones nacionales,Falso,Alta
1295,chequeabolivia.bo,https://chequeabolivia.bo/la-sala-plena-del-tse-no-aprobo-trasladar-su-sede-sucre,La Sala Plena del TSE no aprobó trasladar su sede a Sucre,Falso,Alta
1296,chequeabolivia.bo,https://chequeabolivia.bo/audio-de-andronico-rodriguez-afirmando-que-sera-candidato-presidencial-del-mts-es-falso,Audio de Andrónico Rodríguez afirmando que será candidato presidencial del MTS es falso,Falso,Alta
1297,chequeabolivia.bo,https://chequeabolivia.bo/circula-informacion-falsa-sobre-un-calendario-para-las-elecciones-2025,Circula información falsa sobre un calendario para las elecciones 2025,Falso,Alta
1298,chequeabolivia.bo,https://chequeabolivia.bo/es-falso-que-manfred-reyes-villa-presento-carol-ilievski-como-su-binomio-para-las-elecciones,Es falso que Manfred Reyes Villa presentó a Carol Ilievski como su binomio para las elecciones presidenciales,Falso,Alta
1299,chequeabolivia.bo,https://chequeabolivia.bo/es-falso-que-manfred-reyes-villa-retiro-su-candidatura-para-las-elecciones-presidenciales,Es falso que Manfred Reyes Villa retiró su candidatura para las elecciones presidenciales,Falso,Alta
1300,chequeabolivia.bo,https://chequeabolivia.bo/pagina-imita-linea-grafica-del-oep-y-comparte-encuestas-falsas-sobre-las-elecciones-judiciales,Página imita línea gráfica del OEP y comparte encuestas falsas sobre las elecciones judiciales,Falso,Alta
1301,chequeabolivia.bo,https://chequeabolivia.bo/circulan-sondeos-y-encuestas-sobre-preferencia-de-voto-en-las-elecciones-judiciales-que-no-son,Circulan sondeos y encuestas sobre preferencia de voto en las elecciones judiciales que no son válidas,Falso,Alta
1302,chequeabolivia.bo,https://chequeabolivia.bo/circula-encuesta-falsa-sobre-las-elecciones-judiciales,Circula encuesta falsa sobre las elecciones judiciales,Falso,Alta
1303,chequeabolivia.bo,https://chequeabolivia.bo/index%2Ephp/es-falso-que-el-candidato-al-tribunal-agroambiental-edwin-almendras-fue-inhabilitado,Es falso que el candidato al Tribunal Agroambiental Edwin Almendras fue inhabilitado,Falso,Alta
1304,chequeabolivia.bo,https://chequeabolivia.bo/es-falso-que-el-presidente-del-tse-declaro-que-evo-morales-esta-habilitado-para-las-elecciones-de,Es falso que el presidente del TSE declaró que Evo Morales está habilitado para las elecciones de 2025,Falso,Alta
1305,chequeabolivia.bo,https://chequeabolivia.bo/encuestas-ocd-bolivia-es-una-pagina-falsa-y-sus-encuestas-no-estan-autorizadas-por-el-oep,“Encuestas OCD Bolivia” es una página falsa y sus encuestas no están autorizadas por el OEP,Falso,Alta
1306,chequeabolivia.bo,https://chequeabolivia.bo/encuesta-sobre-judiciales-que-da-arellano-como-ganador-es-falsa,Encuesta sobre judiciales que da a Arellano como ganador es falsa,Falso,Alta
1307,chequeabolivia.bo,https://chequeabolivia.bo/es-falso-que-nicolas-maduro-prometio-gasolina-bolivia-si-evo-gana-la-presidencia,Es falso que Nicolás Maduro prometió gasolina a Bolivia si Evo gana a la presidencia,Falso,Alta
1308,chequeabolivia.bo,https://chequeabolivia.bo/audio-filtrado-de-quintana-que-anuncia-andronico-rodriguez-como-candidato-presidencial-fue-creado,Audio “filtrado” de Quintana que anuncia a Andrónico Rodríguez como candidato presidencial fue creado con IA,Falso,Alta
1309,chequeabolivia.bo,https://chequeabolivia.bo/el-expresidente-morales-no-dijo-que-fue-abandonado-por-andronico-rodriguez-ni-lo-acuso-de-prebenda,El expresidente Morales no dijo que fue “abandonado” por Andrónico Rodríguez ni lo acusó de “prebenda”,Falso,Alta
1310,chequeabolivia.bo,https://chequeabolivia.bo/es-falso-que-luis-arce-renuncio-la-presidencia,Es falso que Luis Arce renunció a la presidencia,Falso,Alta
1311,chequeabolivia.bo,https://chequeabolivia.bo/stadistics-bolivia-difunde-encuestas-falsas-que-favorecen-evo-morales,Stadistics Bolivia difunde encuestas falsas que favorecen a Evo Morales,Falso,Alta
1312,chequeabolivia.bo,https://chequeabolivia.bo/david-choquehuanca-no-confronto-luis-arce-pidiendole-adelantar-las-elecciones,David Choquehuanca no confrontó a Luis Arce pidiéndole adelantar las elecciones,Falso,Alta
1313,chequeabolivia.bo,https://chequeabolivia.bo/circula-una-encuesta-de-intencion-de-voto-para-las-elecciones-2025-sin-aval-del-tse,Circula una encuesta de intención de voto para las elecciones 2025 sin aval del TSE,Falso,Alta
1314,chequeabolivia.bo,https://chequeabolivia.bo/circula-una-encuesta-falsa-atribuida-la-umss-que-favorece-manfred-reyes-villa,Circula una encuesta falsa atribuida a la UMSS que favorece a Manfred Reyes Villa,Falso,Alta
1315,chequeabolivia.bo,https://chequeabolivia.bo/circula-una-encuesta-falsa-sobre-intencion-de-voto-para-las-elecciones-2025,Circula una encuesta falsa sobre intención de voto para las elecciones 2025,Falso,Alta
1316,chequeabolivia.bo,https://chequeabolivia.bo/es-falso-que-el-tse-aprobo-la-fiscalizacion-del-congreso-del-mas-en-villa-tunari,Es falso que el TSE aprobó la fiscalización del Congreso del MAS en Villa Tunari,Falso,Alta
1317,chequeabolivia.bo,https://chequeabolivia.bo/luis-arce-no-anuncio-durante-su-mensaje-presidencial-que-el-pasaje-subira-bs-5,Luis Arce no anunció durante su mensaje presidencial que el pasaje subirá a Bs. 5,Falso,Alta
1318,chequeabolivia.bo,https://chequeabolivia.bo/el-influencer-kaplex-no-es-candidato-del-mas-para-las-elecciones-de-2025,El influencer Kapléx no es candidato del MAS para las elecciones de 2025,Falso,Alta
1319,chequeabolivia.bo,https://chequeabolivia.bo/juanita-ancieta-no-dijo-que-si-evo-morales-gana-las-elecciones-comprara-maquina-para-fabricar-dolar,Juanita Ancieta no dijo que si Evo Morales gana las elecciones comprará “máquina para fabricar dólar”,Falso,Alta
1320,chequeabolivia.bo,https://chequeabolivia.bo/index%2ephp/es-falso-que-manfred-confirmo-su-candidatura-presidencial-2025,Es falso que Manfred Reyes Villa confirmó su candidatura para las elecciones del 2025,Falso,Alta
1321,chequeabolivia.bo,https://chequeabolivia.bo/milei-no-se-refirio-al-socialismo-y-las-proximas-elecciones-en-bolivia,Milei no se refirió al socialismo y las próximas elecciones en Bolivia,Falso,Alta
1322,chequeabolivia.bo,https://chequeabolivia.bo/circula-nota-falsa-anunciando-que-el-congreso-del-mas-afin-arce-fue-aprobado-por-el-tse,Circula nota falsa anunciando que el Congreso del MAS afín a Arce fue aprobado por el TSE,Falso,Alta
1323,chequeabolivia.bo,https://chequeabolivia.bo/estas-imagenes-no-muestran-una-alianza-politica-entre-luis-arce-y-manfred-reyes-villa,Estas imágenes no muestran una alianza política entre Luis Arce y Manfred Reyes Villa,Falso,Alta
1324,chequeabolivia.bo,https://chequeabolivia.bo/evo-no-renuncio-su-candidatura-para-cederle-su-lugar-andronico-rodriguez,Evo no renunció a su candidatura para cederle su lugar a Andrónico Rodríguez,Falso,Alta
1325,chequeabolivia.bo,https://chequeabolivia.bo/index%2Ephp/falso-juan-del-granado-no-le-ofrecio-evo-morales-postular-la-presidencia-con-la-sigla-msm,Falso: Juan Del Granado no le ofreció a Evo Morales postular a la presidencia con la sigla MSM,Falso,Alta
1326,chequeabolivia.bo,https://chequeabolivia.bo/el-diputado-evista-hector-arce-no-afirmo-que-morales-pacto-con-anez-y-camacho,El diputado evista Héctor Arce no afirmó que Morales pactó con Añez y Camacho,Falso,Alta
1327,chequeabolivia.bo,https://chequeabolivia.bo/morales-no-renuncio-una-eventual-candidatura-las-presidenciales-de-2025,Morales no renunció a una eventual candidatura a las presidenciales de 2025,Falso,Alta
1328,chequeabolivia.bo,https://chequeabolivia.bo/evo-morales-no-defendio-camacho-para-continuar-como-gobernador-tras-el-fallo-del-tcp,Evo Morales no defendió a Camacho para continuar como Gobernador tras el fallo del TCP,Falso,Alta
1329,chequeabolivia.bo,https://chequeabolivia.bo/martins-no-abrio-la-posibilidad-de-seguir-en-la-seleccion-si-le-ofrecen-mas-dinero,Martins no abrió la posibilidad de seguir en la selección si le ofrecen más dinero,Falso,Alta
1330,chequeabolivia.bo,https://chequeabolivia.bo/cuellar-no-anuncio-un-acuerdo-con-evo-morales-para-ir-juntos-en-las-proximas-elecciones,Cuellar no anunció un acuerdo con Evo Morales para ir juntos en las próximas elecciones,Falso,Alta
1331,chequeabolivia.bo,https://chequeabolivia.bo/marcelo-martins-no-dijo-que-nunca-iba-renunciar-la-seleccion,Marcelo Martins no dijo que nunca iba a renunciar a la selección,Falso,Alta
1332,chequeabolivia.bo,https://chequeabolivia.bo/falso-encuesta-del-celag-no-posiciona-en-primer-lugar-evo-en-intencion-de-voto,Falso: encuesta del Celag no posiciona en primer lugar a Evo en intención de voto,Falso,Alta
1333,chequeabolivia.bo,https://chequeabolivia.bo/index%2Ephp/es-falso-que-una-encuesta-de-diagnosis-posiciona-evo-como-primero-en-intencion-de-votos,Es falso que una encuesta de Diagnosis posiciona a Evo como primero en intención de votos,Falso,Alta
1334,chequeabolivia.bo,https://chequeabolivia.bo/es-falso-que-hector-garibay-dijo-que-la-seleccion-boliviana-no-es-un-buen-ejemplo,Es falso que Héctor Garibay dijo que la selección boliviana no es un buen ejemplo,Falso,Alta
1335,chequeabolivia.bo,https://chequeabolivia.bo/andronico-rodriguez-no-dijo-que-evo-trata-de-opacarlo,"Andrónico Rodríguez no dijo que Evo ""trata de opacarlo""",Falso,Alta
1336,chequeabolivia.bo,https://chequeabolivia.bo/es-falso-que-bolivia-freno-las-exportaciones-de-banano-argentina-tras-las-elecciones-primarias,Es falso que Bolivia frenó las exportaciones de banano a Argentina tras las elecciones primarias,Falso,Alta
1337,chequeabolivia.bo,https://chequeabolivia.bo/es-falso-que-messi-pidio-votar-por-milei-en-las-elecciones-primarias-de-argentina,Es falso que Messi pidió votar por Milei en las elecciones primarias de Argentina,Falso,Alta
1338,chequeabolivia.bo,https://chequeabolivia.bo/falso-diputados-no-citaron-evo-morales-por-casos-de-pedofilia,Falso: Diputados no citaron a Evo Morales por casos de pedofilia,Falso,Alta
1339,chequeabolivia.bo,https://chequeabolivia.bo/es-falso-que-evo-morales-haya-renunciado-su-posible-candidatura-para-2025-por-salud,Es falso que Evo Morales haya renunciado a su posible candidatura para 2025 por salud,Falso,Alta
1340,chequeabolivia.bo,https://chequeabolivia.bo/index%2Ephp/falso-calvo-no-dijo-que-las-elecciones-del-comite-civico-de-santa-cruz-son-un-ejemplo-de-democracia,Falso: Calvo no dijo que las elecciones del Comité Cívico de Santa Cruz son un ejemplo de democracia,Falso,Alta
1341,chequeabolivia.bo,https://chequeabolivia.bo/falso-el-hijo-de-camacho-no-se-declaro-sucesor-de-la-la-presidencia-del-comite-civico-pro-santa,Falso: El hijo de Camacho no se declaró sucesor de la la presidencia del Comité Cívico Pro Santa Cruz,Falso,Alta
1342,chequeabolivia.bo,https://chequeabolivia.bo/la-fiscalia-no-emitio-una-orden-de-aprehension-contra-el-expresidente-tuto-quiroga,La Fiscalía no emitió una orden de aprehensión contra el expresidente Tuto Quiroga,Falso,Alta
1343,chequeabolivia.bo,https://chequeabolivia.bo/index%2Ephp/falso-rkc-no-publico-que-evo-acuso-andronico-rodriguez-de-pactar-con-derechistas,Falso: RKC no publicó que Evo acusó a Andrónico Rodríguez de pactar con “derechistas”,Falso,Alta
1344,chequeabolivia.bo,https://chequeabolivia.bo/falso-evo-no-advirtio-andronico-rodriguez-sobre-el-tratamiento-de-la-ley-del-censo-en-el-senado,Falso: Evo no advirtió a Andrónico Rodríguez sobre el tratamiento de la ley del Censo en el Senado,Falso,Alta
1345,chequeabolivia.bo,https://chequeabolivia.bo/falso-unitel-no-publico-una-declaracion-de-camacho-reprochando-sus-diputados,Falso: Unitel no publicó una declaración de Camacho reprochando a sus diputados,Falso,Alta
1346,chequeabolivia.bo,https://chequeabolivia.bo/es-falso-unitel-no-publico-una-declaracion-de-camacho-advirtiendo-al-alcalde-de-santa-cruz,Es falso: Unitel no publicó una declaración de Camacho advirtiendo al alcalde de Santa Cruz,Falso,Alta
1347,chequeabolivia.bo,https://chequeabolivia.bo/es-falso-unitel-no-informo-que-camacho-es-el-gobernador-mas-flojo,Es falso: Unitel no informó que Camacho es el “gobernador más flojo”,Falso,Alta
1348,chequeabolivia.bo,https://chequeabolivia.bo/es-falso-funcionarios-de-la-gobernacion-no-exigieron-que-camacho-trabaje,Es falso: funcionarios de la Gobernación no exigieron que Camacho trabaje,Falso,Alta
1349,chequeabolivia.bo,https://chequeabolivia.bo/es-falso-vicepresidente-no-califico-de-narcos-diputados-simpatizantes-de-evo-morales,Es falso: Vicepresidente no calificó de “narcos” a diputados simpatizantes de Evo Morales,Falso,Alta
1350,chequeabolivia.bo,https://chequeabolivia.bo/falso-unitel-no-publico-que-camacho-afirmo-que-fue-elegido-gobernador-no-para-hacer-obras,"Falso: Unitel no publicó que Camacho afirmó que fue elegido Gobernador, no para hacer obras",Falso,Alta
1351,chequeabolivia.bo,https://chequeabolivia.bo/el-deber-no-informo-que-camacho-agradecio-trabajadores-de-la-gobernacion-por-colecta-para-su-regalo,El Deber no informó que Camacho agradeció a trabajadores de la Gobernación por colecta para su regalo de bodas,Falso,Alta
1352,chequeabolivia.bo,https://chequeabolivia.bo/es-falso-carlos-mesa-no-nego-reunirse-con-camacho-tras-solicitud-de-anez,Es falso: Carlos Mesa no negó reunirse con Camacho tras solicitud de Áñez,Falso,Alta
1353,chequeabolivia.bo,https://chequeabolivia.bo/es-falso-diputado-cuellar-no-tildo-de-pedofilo-evo-morales,Es falso: Diputado Cuellar no tildó de pedófilo a Evo Morales,Falso,Alta
1354,chequeabolivia.bo,https://chequeabolivia.bo/es-falso-diputado-cuellar-no-afirmo-que-nadie-quiere-evo-y-quintana,Es Falso: Diputado Cuéllar no afirmó que “nadie quiere” a Evo y Quintana,Falso,Alta
1355,chequeabolivia.bo,https://chequeabolivia.bo/el-deber-no-informo-que-tuto-quiroga-condeno-la-invasion-rusa-ucrania,El Deber no informó que Tuto Quiroga condenó la invasión rusa a Ucrania,Falso,Alta
1356,chequeabolivia.bo,https://chequeabolivia.bo/es-falso-que-chi-hyun-chung-propone-eliminar-la-seleccion-boliviana-de-futbol-de-la-conmebol,Es Falso que Chi Hyun Chung propone eliminar a la selección boliviana de fútbol de la Conmebol,Falso,Alta
1357,chequeabolivia.bo,https://chequeabolivia.bo/el-diputado-cuellar-no-se-refirio-arce-sino-los-ministros-cuando-hablo-de-destitucion,El diputado Cuellar no se refirió a Arce sino a los ministros cuando habló de destitución,Falso,Alta
1358,chequeabolivia.bo,https://chequeabolivia.bo/manfred-reyes-villa-no-pidio-paralizar-el-proyecto-del-nuevo-centro-de-convenciones,Manfred Reyes Villa no pidió paralizar el proyecto del nuevo centro de convenciones,Falso,Alta
1359,chequeabolivia.bo,https://chequeabolivia.bo/es-falso-que-periodista-gary-anez-dijo-que-si-sosa-confirma-que-con-items-fantasmas-se-financio,"Es falso que periodista Gary Añez dijo que si Sosa confirma que con “ítems fantasmas” se financió movilización de 2019, “Camacho, Calvo y todos estamos adentro”",Falso,Alta
1360,chequeabolivia.bo,https://chequeabolivia.bo/index%2Ephp/correo-del-sur-no-publico-que-leano-reconocio-que-gano-la-alcaldia-con-fraude,Correo del Sur no publicó que Leaño reconoció que ganó la Alcaldía con fraude,Falso,Alta
1361,chequeabolivia.bo,https://chequeabolivia.bo/el-deber-no-publico-que-baptista-dijo-que-fue-obligada-por-camacho-para-denunciar-irregularidades,El Deber no publicó que Baptista dijo que fue obligada por Camacho para denunciar irregularidades en las elecciones de 2020,Falso,Alta
1362,chequeabolivia.bo,https://chequeabolivia.bo/es-falso-que-camacho-esta-dispuesto-dejar-de-ser-gobernador-si-se-hace-una-auditoria,Es Falso que Camacho está dispuesto a dejar de ser gobernador si se hace una auditoría,Falso,Alta
1363,chequeabolivia.bo,https://chequeabolivia.bo/luis-almagro-no-se-refirio-recientemente-las-elecciones-de-2019-considerandolas-fraudulentas,Luis Almagro no se refirió recientemente a las elecciones de 2019 considerándolas fraudulentas,Falso,Alta
1364,chequeabolivia.bo,https://chequeabolivia.bo/ni-atb-ni-carlos-mesa-afirmaron-que-nina-de-11-anos-debe-dar-luz,Ni ATB ni Carlos Mesa afirmaron que niña de 11 años debe dar a luz,Falso,Alta
1365,chequeabolivia.bo,https://chequeabolivia.bo/es-falso-que-los-tiempos-publico-una-frase-de-wilfredo-chavez-sobre-fraude-electoral,Es Falso que Los Tiempos publicó una frase de Wilfredo Chávez sobre fraude electoral,Falso,Alta
1366,chequeabolivia.bo,https://chequeabolivia.bo/carlos-mesa-no-se-refirio-sobre-la-entrega-del-premio-sajarov,Carlos Mesa no se refirió sobre la entrega del Premio Sájarov,Falso,Alta
1367,chequeabolivia.bo,https://chequeabolivia.bo/unitel-no-publico-que-carlos-mesa-recomienda-quemar-el-proyecto-de-ley-de-ganancias-ilicitas,Unitel no publicó que Carlos Mesa recomienda “quemar” el proyecto de ley de ganancias ilícitas,Falso,Alta
1368,chequeabolivia.bo,https://chequeabolivia.bo/pagina-siete-no-publico-que-tuto-quiroga-pidio-replantear-los-paros,Página Siete no publicó que Tuto Quiroga pidió replantear los paros,Falso,Alta
1369,chequeabolivia.bo,https://chequeabolivia.bo/es-falso-que-carlos-mesa-afirmo-que-si-no-se-apoya-al-paro-no-se-podra-derrocar-al-nuevo-tirano,"Es falso que Carlos Mesa afirmó que si no se apoya al paro, no se podrá “derrocar al nuevo tirano” Luis Arce",Falso,Alta
1370,chequeabolivia.bo,https://chequeabolivia.bo/es-falso-que-encuesta-de-ciesmori-concluye-que-la-mayoria-de-la-poblacion-no-apoya-el-paro-civico,"Es falso que encuesta de Ciesmori concluye que la mayoría de la población no apoya el paro cívico, como lo muestran varias publicaciones",Falso,Alta
1371,chequeabolivia.bo,https://chequeabolivia.bo/no-hay-registros-de-que-camacho-doria-medina-y-manfred-reyes-villa-esten-involucrados-en-el-caso,"No hay registros de que Camacho, Doria Medina y Manfred Reyes Villa estén involucrados en el caso Papeles de Pandora",Falso,Alta
1372,chequeabolivia.bo,https://chequeabolivia.bo/la-razon-no-publico-que-andronico-rodriguez-dijo-que-no-enviara-grupos-masistas-para-atacar-camacho,La Razón no publicó que Andrónico Rodríguez dijo que no enviará grupos masistas para atacar a Camacho,Falso,Alta
1373,chequeabolivia.bo,https://chequeabolivia.bo/es-falso-que-el-deber-publico-que-diputados-anuncian-acusacion-constitucional-contra-luis-arce-por,Es falso que El Deber publicó que diputados anuncian acusación constitucional contra Luis Arce por Papeles de Pandora,Falso,Alta
1374,chequeabolivia.bo,https://chequeabolivia.bo/ejutv-no-informo-que-los-cochabambinos-gritan-trucho-arce-al-presidente-y-vitorean-manfred-reyes,Eju.tv no informó que los cochabambinos gritan “trucho Arce” al Presidente y vitorean a Manfred Reyes Villa,Falso,Alta
1375,chequeabolivia.bo,https://chequeabolivia.bo/correo-del-sur-no-publico-que-leonardo-loza-quiere-ser-candidato-presidencial-en-2025,Correo del Sur no publicó que Leonardo Loza quiere ser candidato presidencial en 2025,Falso,Alta
1376,chequeabolivia.bo,https://chequeabolivia.bo/ejutv-no-publico-una-nota-en-la-que-lidia-patty-denuncio-waldo-albarracin-y-carlos-mesa-por-acoso,Eju.tv no publicó una nota en la que Lidia Patty denunció a Waldo Albarracín y Carlos Mesa por acoso,Falso,Alta
1377,chequeabolivia.bo,https://chequeabolivia.bo/carlos-valverde-no-menciono-que-nunca-hubo-fraude-en-las-elecciones-de-2019,Carlos Valverde no mencionó que nunca hubo fraude en las elecciones de 2019,Falso,Alta
1378,chequeabolivia.bo,https://chequeabolivia.bo/index%2Ephp/erbol-no-publico-un-articulo-en-el-que-eva-copa-califica-de-sinverguenza-evo-morales,Erbol no publicó un artículo en el que Eva Copa califica de “sinvergüenza” a Evo Morales,Falso,Alta
1379,chequeabolivia.bo,https://chequeabolivia.bo/es-falso-que-la-seleccion-boliviana-de-futbol-perdio-el-vuelo-de-regreso,Es falso que la selección boliviana de fútbol perdió el vuelo de regreso,Falso,Alta
1380,chequeabolivia.bo,https://chequeabolivia.bo/eva-copa-no-menciono-que-morales-tiene-que-pedir-perdon-de-rodillas-el-alto,Eva Copa no mencionó que Morales tiene que pedir perdón de rodillas a El Alto,Falso,Alta
1381,chequeabolivia.bo,https://chequeabolivia.bo/carlos-mesa-no-borro-sus-publicaciones-de-twitter-del-2019-y-2020,Carlos Mesa no borró sus publicaciones de Twitter del 2019 y 2020,Falso,Alta
1382,chequeabolivia.bo,https://chequeabolivia.bo/el-dia-no-publico-que-lidia-patty-acuso-carlos-mesa-por-acoso-sexual,El Día no publicó que Lidia Patty acusó a Carlos mesa por acoso sexual,Falso,Alta
1383,chequeabolivia.bo,https://chequeabolivia.bo/el-deber-no-publico-una-nota-en-la-que-villegas-denuncia-fraude-en-las-elecciones-generales-de-peru,El Deber no publicó una nota en la que Villegas denuncia fraude en las elecciones generales de Perú,Falso,Alta
1384,chequeabolivia.bo,https://chequeabolivia.bo/es-falso-que-la-alcaldia-de-la-paz-emitio-nuevas-restricciones-partir-del-pasado-fin-de-semana,Es falso que la Alcaldía de La Paz emitió nuevas restricciones a partir del pasado fin de semana,Falso,Alta
1385,chequeabolivia.bo,https://chequeabolivia.bo/ruben-costas-no-dijo-que-financio-el-paro-del-2019-con-dinero-de-la-gobernacion-en-respuesta,Rubén Costas no dijo que financió el paro del 2019 con dinero de la Gobernación en respuesta a Camacho,Falso,Alta
1386,chequeabolivia.bo,https://chequeabolivia.bo/manipulan-fotografia-al-momento-que-luis-arce-fue-emitir-su-voto,Manipulan fotografía al momento que Luis Arce fue a emitir su voto,Falso,Alta
1387,chequeabolivia.bo,https://chequeabolivia.bo/la-encuesta-atribuida-unitel-que-da-como-ganador-santos-quispe-en-segunda-vuelta-es-falsa,La encuesta atribuida a Unitel que da como ganador a Santos Quispe en segunda vuelta es falsa,Falso,Alta
1388,chequeabolivia.bo,https://chequeabolivia.bo/empresa-no-habilitada-por-el-tse-difunde-encuesta-de-intencion-de-voto-falsa,Empresa no habilitada por el TSE difunde encuesta de intención de voto falsa,Falso,Alta
1389,chequeabolivia.bo,https://chequeabolivia.bo/ni-pagina-siete-ni-jubileo-publicaron-una-encuesta-sobre-la-segunda-vuelta-en-tarija,"Ni Página Siete, ni Jubileo publicaron una encuesta sobre la segunda vuelta en Tarija",Falso,Alta
1390,chequeabolivia.bo,https://chequeabolivia.bo/arce-catacora-no-se-encuentra-delicado-de-salud-y-morales-no-podria-regresar-la-presidencia,Arce Catacora no se encuentra delicado de salud y Morales no podría regresar a la Presidencia,Falso,Alta
1391,chequeabolivia.bo,https://chequeabolivia.bo/es-falso-que-eva-copa-y-jallalla-se-declaren-en-emergencia-en-apoyo-camacho,Es falso que Eva Copa y Jallalla se declaren en emergencia en apoyo a Camacho,Falso,Alta
1392,chequeabolivia.bo,https://chequeabolivia.bo/militantes-de-creemos-no-quemaron-anforas-en-los-municipios-donde-perdia-su-candidato,Militantes de Creemos no quemaron ánforas en los municipios donde perdía su candidato,Falso,Alta
1393,chequeabolivia.bo,https://chequeabolivia.bo/el-tse-no-designa-arbitrariamente-jurados-electorales-de-un-mismo-partido-para-inhabilitar-mesas-de,El TSE no designa arbitrariamente jurados electorales de un mismo partido para inhabilitar mesas de sufragio,Falso,Alta
1394,chequeabolivia.bo,https://chequeabolivia.bo/candidato-marcelo-perez-no-gano-los-resultados-de-boca-de-urna-con-un-475,"Candidato Marcelo Pérez no ganó los resultados de Boca de Urna con un 47,5 %",Falso,Alta
1395,chequeabolivia.bo,https://chequeabolivia.bo/las-personas-en-la-imagen-no-estan-llenando-material-oficial-de-las-elecciones-subnacionales-2021,Las personas en la imagen no están llenando material oficial de las Elecciones Subnacionales 2021,Falso,Alta
1396,chequeabolivia.bo,https://chequeabolivia.bo/el-tse-no-habilito-manfred-reyes-villa-como-senala-un-documento-que-circula-en-redes-sociales,El TSE no habilitó a Manfred Reyes Villa como señala un documento que circula en redes sociales,Falso,Alta
1397,chequeabolivia.bo,https://chequeabolivia.bo/unitel-no-publico-una-posible-habilitacion-del-candidato-manfred-reyes-villa,Unitel no publicó una posible habilitación del candidato Manfred Reyes Villa,Falso,Alta
1398,chequeabolivia.bo,https://chequeabolivia.bo/zacarias-ratuki-maquera-no-rogo-por-votos-para-lograr-un-concejal-en-el-alto,Zacarías “Ratuki” Maquera no rogó por votos para lograr un concejal en El Alto,Falso,Alta
1399,chequeabolivia.bo,https://chequeabolivia.bo/unitel-no-publico-encuesta-en-la-que-ivan-arias-gana-con-925,Unitel no publicó encuesta en la que Iván Arias gana con 92.5%,Falso,Alta
1400,chequeabolivia.bo,https://chequeabolivia.bo/empresas-que-dan-como-favorito-gary-anez-en-una-encuesta-no-estan-habilitadas-por-el-tse,Empresas que dan como favorito a Gary Áñez en una encuesta no están habilitadas por el TSE,Falso,Alta
1401,chequeabolivia.bo,https://chequeabolivia.bo/es-falso-que-todos-los-billetes-nuevos-estan-sin-escudo-como-afirma-carlos-mesa-en-sus-redes,"Es falso que todos los billetes nuevos están “SIN escudo”, como afirma Carlos Mesa en sus redes sociales",Falso,Alta
1402,chequeabolivia.bo,https://chequeabolivia.bo/encuesta-que-da-el-65-por-ciento-de-intencion-de-voto-jhonny-fernandez-es-falsa,Encuesta que da el 65 por ciento de intención de voto a Jhonny Fernández es falsa,Falso,Alta
1403,chequeabolivia.bo,https://chequeabolivia.bo/encuesta-que-posiciona-en-primer-lugar-nelson-cox-es-falsa,Encuesta que posiciona en primer lugar a Nelson Cox es falsa,Falso,Alta
1404,chequeabolivia.bo,https://chequeabolivia.bo/anez-no-felicito-arias-por-el-resultado-de-las-encuestas-de-intencion-de-voto,Áñez no felicitó a Arias por el resultado de las encuestas de intención de voto,Falso,Alta
1405,chequeabolivia.bo,https://chequeabolivia.bo/presunta-encuesta-filtrada-de-unitel-es-falsa,Presunta encuesta filtrada de Unitel es falsa,Falso,Alta
1406,chequeabolivia.bo,https://chequeabolivia.bo/andronico-no-menciono-que-no-le-interesa-si-no-van-votar-las-elecciones-subnacionales-2021,Andrónico no mencionó que no le interesa si no van a votar a las elecciones Subnacionales 2021,Falso,Alta
1407,chequeabolivia.bo,https://chequeabolivia.bo/el-deber-no-publico-que-angelica-sosa-lidera-las-encuestas-para-la-alcaldia-de-santa-cruz,El Deber no publicó que Angélica Sosa lidera las encuestas para la Alcaldía de Santa Cruz,Falso,Alta
1408,chequeabolivia.bo,https://chequeabolivia.bo/la-patria-no-publico-un-comentario-de-tuto-quiroga-sobre-la-hija-de-felipe-quispe,La Patria no publicó un comentario de Tuto Quiroga sobre la hija de Felipe Quispe,Falso,Alta
1409,chequeabolivia.bo,https://chequeabolivia.bo/es-falso-que-la-candidata-concejala-paola-valdenassi-violara-las-restricciones-impuestas-en-la-paz,Es falso que la candidata a concejala Paola Valdenassi violara las restricciones impuestas en La Paz,Falso,Alta
1410,chequeabolivia.bo,https://chequeabolivia.bo/circula-una-encuesta-de-intencion-de-voto-en-santa-cruz-para-las-elecciones-subnacionales-2021-sin,Circula una encuesta de intención de voto en Santa Cruz para las elecciones subnacionales 2021 sin cumplir los requisitos legales,Falso,Alta
1411,chequeabolivia.bo,https://chequeabolivia.bo/circula-una-encuesta-de-intencion-de-voto-en-el-alto-para-las-elecciones-subnacionales-2021-sin,Circula una encuesta de intención de voto en El Alto para las elecciones subnacionales 2021 sin cumplir los requisitos legales,Falso,Alta
1412,chequeabolivia.bo,https://chequeabolivia.bo/empresa-que-difunde-una-encuesta-que-da-como-favorita-adriana-salvatierra-para-la-alcaldia-de-santa,Empresa que difunde una encuesta que da como favorita a Adriana Salvatierra para la Alcaldía de Santa Cruz no está habilitada,Falso,Alta
1413,chequeabolivia.bo,https://chequeabolivia.bo/evo-morales-denuncia-la-habilitacion-de-jorge-morales-como-candidato-la-alcaldia,Evo Morales denuncia la habilitación de Jorge Morales como candidato a la alcaldía,Falso,Alta
1414,chequeabolivia.bo,https://chequeabolivia.bo/abi-no-publico-que-morales-pide-disculpas-sus-seguidores-por-el-dedazo-y-apoyo-en-las-urnas,ABI no publicó que Morales pide disculpas a sus seguidores por el dedazo y apoyo en las urnas,Falso,Alta
1415,chequeabolivia.bo,https://chequeabolivia.bo/es-falso-que-el-deber-haya-publicado-una-nota-de-evo-morales-criticando-eva-copa,Es falso que El Deber haya publicado una nota de Evo Morales criticando a Eva Copa,Falso,Alta
1416,chequeabolivia.bo,https://chequeabolivia.bo/el-tse-no-inhabilito-cesar-dockweiler-como-candidato-la-alcaldia-de-la-paz,El TSE no inhabilitó a César Dockweiler como candidato a la alcaldía de La Paz,Falso,Alta
1417,chequeabolivia.bo,https://chequeabolivia.bo/circulan-encuestas-falsas-de-intencion-de-voto-para-las-elecciones-subnacionales-2021,Circulan encuestas falsas de intención de voto para las Elecciones Subnacionales 2021,Falso,Alta
1418,chequeabolivia.bo,https://chequeabolivia.bo/erbol-no-publico-que-marco-pumari-sera-candidato-por-pan-bol-en-las-subnacionales,Erbol no publicó que Marco Pumari será candidato por PAN-BOL en las subnacionales,Falso,Alta
1419,chequeabolivia.bo,https://chequeabolivia.bo/mario-cronenbold-apunta-candidato-alcalde-con-creemos,Mario Cronenbold apunta candidato a alcalde con CREEMOS,Falso,Alta
1420,chequeabolivia.bo,https://chequeabolivia.bo/evo-morales-anuncia-su-candidatura-la-gobernacion-de-cochabamba,Evo Morales anuncia su candidatura a la Gobernación de Cochabamba,Falso,Alta
1421,chequeabolivia.bo,https://chequeabolivia.bo/biden-cometio-fraude-para-obtener-los-votos-de-pensilvania,Biden cometió fraude para obtener los votos de Pensilvania,Falso,Alta
1422,chequeabolivia.bo,https://chequeabolivia.bo/empresa-dominiun-voting-es-confiscada-por-multiples-irregularidades-en-las-elecciones-generales-de,Empresa “Dominiun Voting” es confiscada por múltiples irregularidades en las elecciones generales de Bolivia,Falso,Alta
1423,chequeabolivia.bo,https://chequeabolivia.bo/vocal-del-tse-denuncia-fraude-en-las-elecciones-generales,Vocal del TSE denuncia fraude en las elecciones generales,Falso,Alta
1424,chequeabolivia.bo,https://chequeabolivia.bo/angelica-sosa-sugiere-crear-un-nuevo-comite-civico-pro-santa-cruz-elegido-por-voto,Angélica Sosa sugiere crear un nuevo Comité Cívico Pro Santa Cruz elegido por voto,Falso,Alta
1425,chequeabolivia.bo,https://chequeabolivia.bo/certificado-de-sufragio-contiene-el-escudo-del-socialismo-bolivariano,Certificado de sufragio contiene el escudo del socialismo bolivariano,Falso,Alta
1426,chequeabolivia.bo,https://chequeabolivia.bo/denuncian-codigos-qr-falsos-de-certificados-de-sufragio,Denuncian codigos QR falsos de certificados de sufragio,Falso,Alta
1427,chequeabolivia.bo,https://chequeabolivia.bo/la-olaf-inicia-investigacion-por-fraude-electoral-en-bolivia,La OLAF inicia investigación por fraude electoral en Bolivia,Falso,Alta
1428,chequeabolivia.bo,https://chequeabolivia.bo/entrambasaguas-denuncia-otro-fraude-de-las-elecciones-del-18-de-octubre,Entrambasaguas denuncia otro fraude de las elecciones del 18 de octubre,Falso,Alta
1429,chequeabolivia.bo,https://chequeabolivia.bo/el-tse-manipula-votos-para-favorecer-al-mas-en-una-mesa-de-warnes,El TSE manipula votos para favorecer al MAS en una mesa de Warnes,Falso,Alta
1430,chequeabolivia.bo,https://chequeabolivia.bo/villegas-nos-robaron-las-elecciones,Villegas: “Nos robaron las elecciones”,Falso,Alta
1431,chequeabolivia.bo,https://chequeabolivia.bo/ingeniero-villegas-denuncia-fraude-electoral,Ingeniero Villegas denuncia fraude electoral,Falso,Alta
1432,chequeabolivia.bo,https://chequeabolivia.bo/circula-un-video-denunciando-un-posible-fraude-en-las-elecciones-generales-2020,Circula un video denunciando un posible fraude en las elecciones generales 2020,Falso,Alta
1433,chequeabolivia.bo,https://chequeabolivia.bo/monitoreo-de-villegas-muestra-carlos-mesa-como-ganador,Monitoreo de Villegas muestra a Carlos Mesa como ganador,Falso,Alta
1434,chequeabolivia.bo,https://chequeabolivia.bo/gobierno-de-anez-impide-que-evo-morales-emita-su-voto,Gobierno de Áñez impide que Evo Morales emita su voto,Falso,Alta
1435,chequeabolivia.bo,https://chequeabolivia.bo/video-muestra-camacho-llorando-tras-conocer-resultados-sobre-las-elecciones,Video muestra a Camacho llorando tras conocer resultados sobre las elecciones,Falso,Alta
1436,chequeabolivia.bo,https://chequeabolivia.bo/circula-imagen-de-resultados-en-boca-de-urna-con-el-logo-de-tu-voto-cuenta,Circula imagen de resultados en boca de urna con el logo de Tu Voto Cuenta,Falso,Alta
1437,chequeabolivia.bo,https://chequeabolivia.bo/unitel-encuestas-boca-de-urna-apuntan-preferencia-por-luis-arce-con-el-436,"Unitel: Encuestas a boca de urna apuntan preferencia por Luis Arce con el 43,6%",Falso,Alta
1438,chequeabolivia.bo,https://chequeabolivia.bo/luis-fernando-camacho-gana-votacion-en-china,Luis Fernando Camacho gana votación en China,Falso,Alta
1439,chequeabolivia.bo,https://chequeabolivia.bo/carlos-mesa-renuncia-su-candidatura,Carlos Mesa renuncia a su candidatura,Falso,Alta
1440,chequeabolivia.bo,https://chequeabolivia.bo/camacho-renuncia-su-candidatura,Camacho renuncia a su candidatura,Falso,Alta
1441,chequeabolivia.bo,https://chequeabolivia.bo/carlos-mesa-pondra-jeanine-anez-como-ministra,Carlos Mesa pondrá a Jeanine Áñez como ministra,Falso,Alta
1442,chequeabolivia.bo,https://chequeabolivia.bo/unitel-mesa-renuncia-su-candidatura-por-la-presidencia,Unitel: Mesa renuncia a su candidatura por la presidencia,Falso,Alta
1443,chequeabolivia.bo,https://chequeabolivia.bo/hay-que-marcar-todas-las-franjas-de-la-papeleta-electoral-para-votar,Hay que marcar todas las franjas de la papeleta electoral para votar,Falso,Alta
1444,chequeabolivia.bo,https://chequeabolivia.bo/encuesta-nivel-nacional-informa-que-camacho-esta-un-punto-de-empatar-al-mas,Encuesta a nivel nacional informa que Camacho está a un punto de empatar al MAS,Falso,Alta
1445,chequeabolivia.bo,https://chequeabolivia.bo/camacho-supera-mesa-en-encuesta-electoral-nivel-nacional,Camacho supera a Mesa en encuesta electoral a nivel nacional,Falso,Alta
1446,chequeabolivia.bo,https://chequeabolivia.bo/carlos-mesa-quiere-regalar-el-litio-los-chilenos,Carlos Mesa quiere regalar el litio a los chilenos,Falso,Alta
1447,chequeabolivia.bo,https://chequeabolivia.bo/pagina-siete-morales-dice-ganar-elecciones-gracias-camacho,Página Siete: Morales dice ganar elecciones gracias a Camacho,Falso,Alta
1448,chequeabolivia.bo,https://chequeabolivia.bo/captura-consulting-muestra-empatados-mesa-y-camacho-en-intencion-de-voto,Captura Consulting muestra empatados a Mesa y Camacho en intención de voto,Falso,Alta
1449,chequeabolivia.bo,https://chequeabolivia.bo/anez-postula-para-la-gobernacion-de-beni-con-comunidad-ciudadana,Áñez postula para la Gobernación de Beni con Comunidad Ciudadana,Falso,Alta
1450,chequeabolivia.bo,https://chequeabolivia.bo/la-mancha-de-tinta-de-una-huella-dactilar-en-la-papeleta-puede-anular-el-voto,La mancha de tinta de una huella dactilar en la papeleta puede anular el voto,Falso,Alta
1451,chequeabolivia.bo,https://chequeabolivia.bo/nueva-encuesta-situa-camacho-como-primero-en-intencion-de-voto,Nueva encuesta sitúa a Camacho como primero en intención de voto,Falso,Alta
1452,chequeabolivia.bo,https://chequeabolivia.bo/reyes-villa-amenaza-camacho-para-que-decline-su-candidatura,Reyes Villa amenaza a Camacho para que decline su candidatura,Falso,Alta
1453,chequeabolivia.bo,https://chequeabolivia.bo/encuesta-posiciona-al-mas-en-primer-lugar-con-67,Encuesta posiciona al MAS en primer lugar con 67%,Falso,Alta
1454,chequeabolivia.bo,https://chequeabolivia.bo/index%2Ephp/la-razon-ultima-encuesta-de-ciesmori-pronostica-victoria-del-mas-en-primera-vuelta,La Razón: Última encuesta de Ciesmori pronostica victoria del MAS en primera vuelta,Falso,Alta
1455,chequeabolivia.bo,https://chequeabolivia.bo/crean-grupo-falso-del-tse,Crean grupo falso del TSE,Falso,Alta
1456,chequeabolivia.bo,https://chequeabolivia.bo/carlos-mesa-hara-alianza-con-mujeres-creando,Carlos Mesa hará alianza con Mujeres Creando,Falso,Alta
1457,chequeabolivia.bo,https://chequeabolivia.bo/carlos-mesa-tiene-principios-de-alzheimer,Carlos Mesa tiene principios de Alzheimer,Falso,Alta
1458,chequeabolivia.bo,https://chequeabolivia.bo/chunoman-es-candidato-senador-por-la-paz,“Chuñoman” es candidato a senador por La Paz,Falso,Alta
1459,chequeabolivia.bo,https://chequeabolivia.bo/tse-niega-estatus-de-observador-internacional-progresista,TSE niega estatus de observador a Internacional Progresista,Falso,Alta
1460,chequeabolivia.bo,https://chequeabolivia.bo/usaid-tiene-oficinas-dentro-del-tse,Usaid tiene oficinas dentro del TSE,Falso,Alta
1461,chequeabolivia.bo,https://chequeabolivia.bo/encuesta-da-el-498-de-preferencia-de-voto-arce-catacora,Encuesta da el 49.8% de preferencia de voto a Arce Catacora,Falso,Alta
1462,chequeabolivia.bo,https://chequeabolivia.bo/el-porcentaje-total-de-la-encuesta-de-ciesmori-es-725,"El porcentaje total de la encuesta de Ciesmori es 72,5 %",Falso,Alta
1463,chequeabolivia.bo,https://chequeabolivia.bo/encuesta-de-ciesmori-posiciona-arce-con-28-y-mesa-con-27,Encuesta de Ciesmori posiciona a Arce con 28% y Mesa con 27%,Falso,Alta
1464,chequeabolivia.bo,https://chequeabolivia.bo/resultado-de-encuesta-posterior-la-renuncia-de-anez-el-mas-gana-con-un-5170,"Resultado de encuesta posterior a la renuncia de Áñez: El MAS gana con un 51,70 %",Falso,Alta
1465,chequeabolivia.bo,https://chequeabolivia.bo/melania-torrico-exfuncionaria-de-gobierno-de-morales-es-candidata-vicepresidencial-junto-chi-hyun,Melania Torrico exfuncionaria de gobierno de Morales es candidata vicepresidencial junto a Chi Hyun Chung,Falso,Alta
1466,chequeabolivia.bo,https://chequeabolivia.bo/carlos-mesa-sobre-arce-el-mas-grande-de-los-bolivianos,Carlos Mesa sobre Arce: “El más grande de los bolivianos”,Falso,Alta
1467,chequeabolivia.bo,https://chequeabolivia.bo/jeanine-anez-pide-apoyar-carlos-mesa-en-twitter,Jeanine Áñez pide apoyar a Carlos Mesa en Twitter,Falso,Alta
1468,chequeabolivia.bo,https://chequeabolivia.bo/nueva-encuesta-situa-camacho-como-segundo-en-intencion-de-voto,Nueva encuesta sitúa a Camacho como segundo en intención de voto,Falso,Alta
1469,chequeabolivia.bo,https://chequeabolivia.bo/circula-encuesta-que-posiciona-al-mas-en-primer-lugar-con-47,Circula encuesta que posiciona al MAS en primer lugar con 47%,Falso,Alta
1470,chequeabolivia.bo,https://chequeabolivia.bo/luis-fernando-camacho-jamas-renunciare-mi-candidatura,Luis Fernando Camacho: “Jamás renunciaré a mi candidatura”,Falso,Alta
1471,chequeabolivia.bo,https://chequeabolivia.bo/carlos-mesa-se-reunio-con-la-cia,Carlos Mesa se reunió con la CIA,Falso,Alta
1472,chequeabolivia.bo,https://chequeabolivia.bo/carlos-mesa-la-privatizacion-es-una-opcion-positiva-para-bolivia,Carlos Mesa: “La privatización es una opción positiva para Bolivia”,Falso,Alta
1473,chequeabolivia.bo,https://chequeabolivia.bo/carlos-mesa-ni-muerto-les-doy-autonomia-los-crucenos,Carlos Mesa: “Ni muerto les doy autonomía a los cruceños”,Falso,Alta
1474,chequeabolivia.bo,https://chequeabolivia.bo/carlos-mesa-dice-que-prefiere-volver-pedir-limosna-que-regrese-el-mas,Carlos Mesa dice que prefiere volver a pedir limosna a que regrese el MAS,Falso,Alta
1475,chequeabolivia.bo,https://chequeabolivia.bo/encuesta-de-intencion-de-voto-le-da-el-triunfo-al-mas-con-67,Encuesta de intención de voto le da el triunfo al MAS con 67%,Falso,Alta
1476,chequeabolivia.bo,https://chequeabolivia.bo/carlos-mesa-admite-que-promovio-el-golpe-de-estado,Carlos Mesa admite que promovió el golpe de Estado,Falso,Alta
1477,chequeabolivia.bo,https://chequeabolivia.bo/ultima-encuesta-nivel-nacional-el-mas-lidera-con-un-483,Última encuesta a nivel nacional: El MAS lidera con un 48.3%,Falso,Alta
1478,chequeabolivia.bo,https://chequeabolivia.bo/carlos-valverde-expresa-su-apoyo-carlos-mesa,Carlos Valverde expresa su apoyo a Carlos Mesa,Falso,Alta
1479,chequeabolivia.bo,https://chequeabolivia.bo/carlos-mesa-propone-privatizar-empresas-y-suprimir-bonos,Carlos Mesa propone privatizar empresas y suprimir bonos,Falso,Alta
1480,chequeabolivia.bo,https://chequeabolivia.bo/circula-encuesta-de-preferencia-electoral-de-la-fundacion-jubileo,Circula encuesta de preferencia electoral de la Fundación Jubileo,Falso,Alta
1481,chequeabolivia.bo,https://chequeabolivia.bo/hijo-de-anez-trabaja-en-el-tse,Hijo de Áñez trabaja en el TSE,Falso,Alta
1482,chequeabolivia.bo,https://chequeabolivia.bo/mas-ipsp-lidera-intencion-de-voto-en-unitel-con-mas-de-50,MAS-IPSP lidera intención de voto en Unitel con más de 50%,Falso,Alta
1483,chequeabolivia.bo,https://chequeabolivia.bo/encuesta-de-ipsos-da-como-ganador-mesa-con-356,"Encuesta de Ipsos da como ganador a Mesa con 35,6%",Falso,Alta
1484,chequeabolivia.bo,https://chequeabolivia.bo/tse-entrega-policia-y-ffaa-el-traslado-de-papeletas-y-resultados-de-votacion-sin-control-civil,TSE entrega a Policía y FFAA el traslado de papeletas y resultados de votación sin control civil,Falso,Alta
1485,chequeabolivia.bo,https://chequeabolivia.bo/unitel-fernando-camacho-lidera-encuesta-electoral-con-un-337,"Unitel: Fernando Camacho lidera encuesta electoral con un 33,7%",Falso,Alta
1486,chequeabolivia.bo,https://chequeabolivia.bo/encuesta-de-intencion-de-voto-muestra-como-favorito-jorge-tuto-quiroga,Encuesta de intención de voto muestra como favorito a Jorge ‘Tuto’ Quiroga,Falso,Alta
1487,chequeabolivia.bo,https://chequeabolivia.bo/los-tiempos-diputada-juana-quispe-afirma-que-evo-puede-tener-cholas-jovencitas,Los Tiempos: Diputada Juana Quispe afirma que “Evo puede tener cholas jovencitas”,Falso,Alta
1488,chequeabolivia.bo,https://chequeabolivia.bo/diputado-franklin-flores-morales-es-inocente-los-padres-consintieron-esa-relacion,"Diputado Franklin Flores: Morales es inocente, los padres consintieron esa relación",Falso,Alta
1489,chequeabolivia.bo,https://chequeabolivia.bo/difunden-imagenes-de-carlos-mesa-junto-persona-presuntamente-menor-de-edad,Difunden imágenes de Carlos Mesa junto a persona presuntamente menor de edad,Falso,Alta
1490,chequeabolivia.bo,https://chequeabolivia.bo/copa-muchos-se-contagiaran-y-moriran-en-el-dia-de-las-elecciones-pero-es-algo-que-mi-partido-esta,"Copa: “Muchos se contagiarán y morirán en el día de las elecciones, pero es algo que mi partido está dispuesto a aceptar”",Falso,Alta
1491,chequeabolivia.bo,https://chequeabolivia.bo/putin-dice-que-elecciones-en-bolivia-deben-ser-el-6-de-septiembre,Putin dice que elecciones en Bolivia deben ser el 6 de septiembre,Falso,Alta
1492,chequeabolivia.bo,https://chequeabolivia.bo/la-paz-fotografia-muestra-presunta-muerte-de-una-persona-como-producto-de-las-protestas-en-el-tse,La Paz: fotografía muestra presunta muerte de una persona como producto de las protestas en el TSE,Falso,Alta
1493,chequeabolivia.bo,https://chequeabolivia.bo/jeanine-anez-hablamos-con-romero-para-suspender-elecciones-definitivamente,Jeanine Áñez: Hablamos con Romero para suspender elecciones definitivamente,Falso,Alta
1494,chequeabolivia.bo,https://chequeabolivia.bo/anez-propone-suspender-elecciones-del-18-de-octubre,Áñez propone suspender elecciones del 18 de octubre,Falso,Alta
1495,chequeabolivia.bo,https://chequeabolivia.bo/carlos-mesa-dice-que-no-pedira-la-anulacion-del-mas-y-debe-decidirse-en-las-urnas,Carlos Mesa dice que no pedirá la anulación del MAS y debe decidirse en las urnas,Falso,Alta
1496,chequeabolivia.bo,https://chequeabolivia.bo/carlos-mesa-felicita-anez-por-pedir-creditos-para-dar-bonos,Carlos Mesa felicita a Áñez por pedir créditos para dar bonos,Falso,Alta
1497,chequeabolivia.bo,https://chequeabolivia.bo/encuesta-de-el-deber-posiciona-al-mas-como-primero-en-encuesta-de-intencion-de-voto,Encuesta de El Deber posiciona al MAS como primero en encuesta de intención de voto,Falso,Alta
1498,chequeabolivia.bo,https://chequeabolivia.bo/carlos-mesa-pide-la-policia-usar-toda-la-fuerza-necesaria-contra-la-cob-y-maestros,Carlos Mesa pide a la policía usar “toda la fuerza necesaria” contra la COB y maestros,Falso,Alta
1499,chequeabolivia.bo,https://chequeabolivia.bo/circula-un-enlace-para-la-consulta-de-jurados-electorales-para-las-elecciones-de-septiembre,Circula un enlace para la consulta de jurados electorales para las elecciones de septiembre,Falso,Alta
1500,chequeabolivia.bo,https://chequeabolivia.bo/primera-encuesta-oficial-informa-que-el-mas-lidera-con-673,"Primera encuesta oficial informa que el MAS lidera con 67,3%",Falso,Alta
1501,chequeabolivia.bo,https://chequeabolivia.bo/nueva-encuesta-favorece-anez-con-un-425,Nueva encuesta favorece a Ánez con un 42.5%,Falso,Alta
1502,chequeabolivia.bo,https://chequeabolivia.bo/bbc-twitter-suspende-cuenta-del-candidato-la-presidencia-del-mas-por-navegar-en-pornografia,"BBC: “Twitter suspende cuenta del candidato a la presidencia del MAS, por navegar en pornografía infantil todas las noches”",Falso,Alta
1503,chequeabolivia.bo,https://chequeabolivia.bo/camacho-he-decidido-poner-mi-candidatura-en-blanco,Camacho: “He decidido poner mi candidatura en blanco”,Falso,Alta
1504,chequeabolivia.bo,https://chequeabolivia.bo/jeanine-anez-dice-que-no-quiere-elecciones,Jeanine Áñez dice que no quiere elecciones,Falso,Alta
1505,chequeabolivia.bo,https://chequeabolivia.bo/encuesta-electoral-da-67-de-preferencia-de-voto-arce-catacora,Encuesta electoral da 67% de preferencia de voto a Arce Catacora,Falso,Alta
1506,chequeabolivia.bo,https://chequeabolivia.bo/circula-una-encuesta-de-gqr-sobre-percepcion-de-la-pandemia-y-las-elecciones-en-bolivia,Circula una encuesta de GQR sobre percepción de la pandemia y las elecciones en Bolivia,Falso,Alta
1507,chequeabolivia.bo,https://chequeabolivia.bo/encuesta-electoral-posiciona-arce-catacora-como-favorito,Encuesta electoral posiciona a Arce Catacora como favorito,Falso,Alta
1508,chequeabolivia.bo,https://chequeabolivia.bo/carlos-mesa-yo-tengo-apellido-pedigri,"Carlos Mesa: “Yo tengo apellido, pedigrí”",Falso,Alta
1509,chequeabolivia.bo,https://chequeabolivia.bo/pagina-siete-andronico-rodriguez-pide-la-ampliacion-de-la-cuarentena-sin-importar-las-elecciones,Página Siete: Andrónico Rodríguez pide la ampliación de la cuarentena sin importar las elecciones,Falso,Alta
1510,chequeabolivia.bo,https://chequeabolivia.bo/anez-se-retira-de-su-candidatura-y-apoya-mesa,Áñez se retira de su candidatura y apoya a Mesa,Falso,Alta
1511,chequeabolivia.bo,https://chequeabolivia.bo/estados-unidos-manejara-las-elecciones-de-bolivia,Estados Unidos manejará las elecciones de Bolivia,Falso,Alta
1512,chequeabolivia.bo,https://chequeabolivia.bo/el-mas-vuelve-encabezar-las-encuestas-de-intencion-de-voto,El MAS vuelve a encabezar las encuestas de intención de voto,Falso,Alta
1513,chequeabolivia.bo,https://chequeabolivia.bo/circula-un-informe-de-intencion-de-voto-realizado-por-mitofsky-mexico,Circula un informe de intención de voto realizado por Mitofsky (México),Falso,Alta
1514,chequeabolivia.bo,https://chequeabolivia.bo/decomisan-documentos-falsificados-que-pretendian-ser-usados-para-proximas-elecciones,Decomisan documentos falsificados que pretendían ser usados para próximas elecciones,Falso,Alta
1515,chequeabolivia.bo,https://chequeabolivia.bo/tata-quispe-dice-que-anez-no-quiere-llamar-elecciones-porque-sabe-que-ganara-el-mas,Tata Quispe dice que Áñez no quiere llamar a elecciones porque sabe que ganará el MAS,Falso,Alta
1516,chequeabolivia.bo,https://chequeabolivia.bo/el-mas-lidera-encuesta-de-intencion-de-voto,El MAS lidera encuesta de intención de voto,Falso,Alta
1517,chequeabolivia.bo,https://chequeabolivia.bo/clonan-cuenta-de-facebook-del-candidato-presidencial-luis-arce,Clonan cuenta de Facebook del candidato presidencial Luis Arce,Falso,Alta
1518,chequeabolivia.bo,https://chequeabolivia.bo/carlos-mesa-presenta-carta-de-renuncia-la-candidatura-presidencial-de-comunidad-ciudadana,Carlos Mesa presenta carta de renuncia a la candidatura presidencial de Comunidad Ciudadana,Falso,Alta
1519,chequeabolivia.bo,https://chequeabolivia.bo/luis-fernando-camacho-anuncio-que-el-mas-ganara-las-elecciones,Luis Fernando Camacho anunció que el MAS ganará las elecciones,Falso,Alta
1520,chequeabolivia.bo,https://chequeabolivia.bo/campesinos-marchan-pidiendo-elecciones-en-plena-cuarentena,Campesinos marchan pidiendo elecciones en plena cuarentena,Falso,Alta
1521,chequeabolivia.bo,https://chequeabolivia.bo/resultados-en-boca-de-urna-nivel-nacional-de-las-elecciones-generales-2020,Resultados en boca de urna a nivel nacional de las Elecciones Generales 2020,Falso,Alta
1522,chequeabolivia.bo,https://chequeabolivia.bo/bbc-jeanine-anez-y-sus-ministros-se-aferran-al-poder-y-rechazan-las-elecciones-democraticas-en,BBC: “Jeanine Áñez y sus ministros se aferran al poder y rechazan las elecciones democráticas en Bolivia”,Falso,Alta
1523,chequeabolivia.bo,https://chequeabolivia.bo/faltan-87-dias-para-las-elecciones-generales,Faltan 87 días para las elecciones generales,Falso,Alta
1524,chequeabolivia.bo,https://chequeabolivia.bo/eva-copa-queremos-elecciones-y-que-la-gente-muera-no-es-nuestro-problema,Eva Copa: Queremos elecciones y que la gente muera no es nuestro problema,Falso,Alta
1525,chequeabolivia.bo,https://chequeabolivia.bo/el-mas-lidera-encuestas-con-62,El MAS lidera encuestas con 62%,Falso,Alta
1526,chequeabolivia.bo,https://chequeabolivia.bo/afp-encuesta-la-posibilidad-de-entregar-60-de-ahorros,AFP encuesta la posibilidad de entregar 60% de ahorros,Falso,Alta
1527,chequeabolivia.bo,https://chequeabolivia.bo/index%2Ephp/tuto-quiroga-si-yo-fuera-presidente-cerraria-el-congreso,Tuto Quiroga: “Si yo fuera presidente cerraría el congreso”,Falso,Alta
1528,chequeabolivia.bo,https://chequeabolivia.bo/en-bolivia-no-hay-coronavirus-y-solo-quieren-suspender-las-elecciones,En Bolivia no hay coronavirus y sólo quieren suspender las elecciones,Falso,Alta
1529,chequeabolivia.bo,https://chequeabolivia.bo/anez-analiza-suspender-las-elecciones-del-3-de-mayo,Áñez analiza suspender las elecciones del 3 de mayo,Falso,Alta
1530,chequeabolivia.bo,https://chequeabolivia.bo/goni-manda-su-apoyo-rotundo-carlos-mesa,Goni manda su apoyo rotundo a Carlos Mesa,Falso,Alta
1531,chequeabolivia.bo,https://chequeabolivia.bo/ciesmori-no-se-acredito-ante-el-tse-para-realizar-estudios-de-opinion,Ciesmori no se acreditó ante el TSE para realizar estudios de opinión,Falso,Alta
1532,chequeabolivia.bo,https://chequeabolivia.bo/unitel-difunde-una-encuesta-de-intencion-de-voto,Unitel difunde una encuesta de intención de voto,Falso,Alta
1533,chequeabolivia.bo,https://chequeabolivia.bo/creemos-difunde-su-propuesta-electoral-2020-2025,Creemos difunde su propuesta electoral 2020 – 2025,Falso,Alta
1534,chequeabolivia.bo,https://chequeabolivia.bo/evo-morales-obsequia-tierras-cambio-de-votos,Evo Morales obsequia tierras a cambio de votos,Falso,Alta
1535,chequeabolivia.bo,https://chequeabolivia.bo/adriana-gil-acompanara-mesa-como-candidata-la-vicepresidencia,Adriana Gil acompañará a Mesa como candidata a la Vicepresidencia,Falso,Alta
1536,chequeabolivia.bo,https://chequeabolivia.bo/evo-morales-propone-boicotear-las-elecciones-para-volver-bolivia,Evo Morales propone boicotear las elecciones para volver a Bolivia,Falso,Alta
1537,chequeabolivia.bo,https://chequeabolivia.bo/camacho-anuncia-que-no-sera-candidato-y-que-trabajara-para-ser-gobernador-de-santa-cruz,Camacho anuncia que no será candidato y que trabajará para ser gobernador de Santa Cruz,Falso,Alta
1538,chequeabolivia.bo,https://chequeabolivia.bo/asi-decidimos-informa-sobre-el-voto-en-el-exterior-por-facebook,Así Decidimos informa sobre el voto en el exterior por Facebook,Falso,Alta
1539,chequeabolivia.bo,https://chequeabolivia.bo/carlos-mesa-provoca-accidente-en-auto-de-buen-gobierno,Carlos Mesa provoca accidente en Auto de Buen Gobierno,Falso,Alta
1540,chequeabolivia.bo,https://chequeabolivia.bo/oscar-ortiz-renuncia-su-candidatura-y-pide-apoyar-carlos-mesa,Óscar Ortiz renuncia a su candidatura y pide apoyar a Carlos Mesa,Falso,Alta
1541,chequeabolivia.bo,https://chequeabolivia.bo/gonzalo-sanchez-de-lozada-da-su-rotundo-apoyo-carlos-mesa,Gonzalo Sánchez de Lozada da su rotundo apoyo a Carlos Mesa,Falso,Alta
1542,chequeabolivia.bo,https://chequeabolivia.bo/evo-dice-que-entregar-la-banda-presidencial-depende-de-los-movimientos-sociales,Evo dice que entregar la banda presidencial depende de los movimientos sociales,Falso,Alta
1543,chequeabolivia.bo,https://chequeabolivia.bo/smartmatic-es-la-empresa-que-contrato-el-gobierno-para-el-recuento-de-urnas,Smartmatic es la empresa que contrató el Gobierno para el recuento de urnas,Falso,Alta
1544,chequeabolivia.bo,https://chequeabolivia.bo/garcia-linera-les-dice-ninos-que-pidan-la-reeleccion-de-evo-morales,García Linera les dice a niños que pidan la reelección de Evo Morales,Falso,Alta
1545,chequeabolivia.bo,https://chequeabolivia.bo/equipo-de-campana-de-cc-confirma-que-carlos-mesa-no-asistira-mas-entrevistas-en-medios,Equipo de campaña de CC confirma que Carlos Mesa no asistirá más a entrevistas en medios,Falso,Alta
1546,chequeabolivia.bo,https://chequeabolivia.bo/evo-morales-renuncia-su-candidatura,Evo Morales renuncia a su candidatura,Falso,Alta
1547,chequeabolivia.bo,https://chequeabolivia.bo/carlos-mesa-hace-declaraciones-en-contra-la-periodista-gabriela-oviedo,Carlos Mesa hace declaraciones en contra la periodista Gabriela Oviedo,Falso,Alta
1548,chequeabolivia.bo,https://chequeabolivia.bo/index%2Ephp/candidato-chi-debemos-eliminar-los-programas-basura-si-me-eligen-empezare-con-calle-7,"Candidato Chi: “Debemos eliminar los programas basura, si me eligen empezaré con Calle 7”",Falso,Alta
1549,chequeabolivia.bo,https://chequeabolivia.bo/encuentran-seguidores-de-carlos-mesa-quemando-en-robore,Encuentran a seguidores de Carlos Mesa quemando en Roboré,Falso,Alta
1550,chequeabolivia.bo,https://chequeabolivia.bo/carlos-mesa-elogia-goni-y-trump-en-red-uno,Carlos Mesa elogia a Goni y a Trump en Red Uno,Falso,Alta
1551,chequeabolivia.bo,https://chequeabolivia.bo/carlos-mesa-bloquea-la-periodista-carla-tejerina-en-twitter,Carlos Mesa bloquea a la periodista Carla Tejerina en Twitter,Falso,Alta
1552,chequeabolivia.bo,https://chequeabolivia.bo/bbc-informa-que-caida-de-macri-desinfla-la-candidatura-de-carlos-mesa,BBC informa que caída de Macri desinfla la candidatura de Carlos Mesa,Falso,Alta
1553,chequeabolivia.bo,https://chequeabolivia.bo/se-prepara-fraude-electoral-en-bolivia,Se prepara fraude electoral en Bolivia,Falso,Alta
1554,chequeabolivia.bo,https://chequeabolivia.bo/encuesta-de-intencion-de-voto-para-las-elecciones-generales-2019,Encuesta de intención de voto para las elecciones generales 2019,Falso,Alta
1555,chequeabolivia.bo,https://chequeabolivia.bo/edwin-rodriguez-es-candidato-diputado-plurinominal-por-comunidad-ciudadana,Edwin Rodríguez es candidato a diputado plurinominal por Comunidad Ciudadana,Falso,Alta
1556,chequeabolivia.bo,https://chequeabolivia.bo/indigenas-en-bolivia-62-entre-senadoras-de-mesa-0,Indígenas en Bolivia 62%; entre senadoras de Mesa 0%,Falso,Alta
1557,chequeabolivia.bo,https://chequeabolivia.bo/carlos-mesa-publica-en-twitter-y-le-da-la-bienvenida-edwin-rodriguez,Carlos Mesa publica en Twitter y le da la bienvenida a Edwin Rodríguez,Falso,Alta
1558,chequeabolivia.bo,https://chequeabolivia.bo/edwin-rodriguez-se-reunio-con-carlos-mesa-antes-de-su-renuncia,Edwin Rodríguez se reunió con Carlos Mesa antes de su renuncia,Falso,Alta
